18.8865 	WARNING 	Monitor specification not found. Creating a temporary one...
18.8958 	WARNING 	User requested fullscreen with size [800 600], but screen is actually [1920, 1080]. Using actual size
20.2184 	WARNING 	Couldn't measure a consistent frame rate!
  - Is your graphics card set to sync to vertical blank?
  - Are you running other processes on your computer?

20.2189 	EXP 	Created window1 = Window(allowGUI=True, allowStencil=False, autoLog=True, backendConf=UNKNOWN, backgroundFit=<method-wrapper '__getattribute__' of attributeSetter object at 0x175a59f90>, backgroundImage=<method-wrapper '__getattribute__' of attributeSetter object at 0x175a59f30>, bitsMode=UNKNOWN, blendMode='avg', bpc=(8, 8, 8), color=array([-1, -1, -1]), colorSpace='rgb', depthBits=8, fullscr=True, gamma=None, gammaErrorPolicy='raise', infoMsg=UNKNOWN, lms=UNKNOWN, monitor=<psychopy.monitors.calibTools.Monitor object at 0x175b19180>, multiSample=False, name='window1', numSamples=2, pos=(1728, -37), screen=1, size=array([3840, 2160]), stencilBits=0, stereo=False, title='PsychoPy', units='height', useFBO=False, useRetina=True, viewOri=0.0, viewPos=None, viewScale=None, waitBlanking=True, winType='pyglet')
20.2190 	EXP 	window1: backgroundImage = None
20.2190 	EXP 	window1: backgroundFit = 'cover'
20.2215 	EXP 	window1: Attempting to measure frame rate of screen (1) ...
20.2215 	EXP 	window1: recordFrameIntervals = False
20.3017 	EXP 	window1: recordFrameIntervals = True
21.1687 	WARNING 	Couldn't measure a consistent frame rate!
  - Is your graphics card set to sync to vertical blank?
  - Are you running other processes on your computer?

21.2055 	EXP 	Created unnamed TextStim = TextStim(__class__=<class 'psychopy.visual.text.TextStim'>, alignHoriz=method-wrapper(...), alignText='center', alignVert=method-wrapper(...), anchorHoriz='center', anchorVert='center', antialias=True, autoDraw=False, autoLog=True, bold=False, color=array([1., 1., 1.]), colorSpace='rgb', contrast=1.0, depth=0, draggable=False, flipHoriz=False, flipVert=False, font='', fontFiles=[], height=0.04, italic=False, languageStyle='LTR', name='unnamed TextStim', opacity=1.0, ori=0.0, pos=array([ 0.  , -0.25]), rgb=UNKNOWN, text='Press the button to continue.', units='height', win=Window(...), wrapWidth=1)
21.2078 	EXP 	Created unnamed TextStim = TextStim(__class__=<class 'psychopy.visual.text.TextStim'>, alignHoriz=method-wrapper(...), alignText='center', alignVert=method-wrapper(...), anchorHoriz='center', anchorVert='center', antialias=True, autoDraw=False, autoLog=True, bold=False, color=array([1., 1., 1.]), colorSpace='rgb', contrast=1.0, depth=0, draggable=False, flipHoriz=False, flipVert=False, font='', fontFiles=[], height=0.08, italic=False, languageStyle='LTR', name='unnamed TextStim', opacity=1.0, ori=0.0, pos=array([0., 0.]), rgb=UNKNOWN, text='+', units='height', win=Window(...), wrapWidth=1)
21.2124 	EXP 	Created unnamed TextStim = TextStim(__class__=<class 'psychopy.visual.text.TextStim'>, alignHoriz=method-wrapper(...), alignText='center', alignVert=method-wrapper(...), anchorHoriz='center', anchorVert='center', antialias=True, autoDraw=False, autoLog=True, bold=False, color=array([1., 1., 1.]), colorSpace='rgb', contrast=1.0, depth=0, draggable=False, flipHoriz=False, flipVert=False, font='', fontFiles=[], height=0.04, italic=False, languageStyle='LTR', name='unnamed TextStim', opacity=1.0, ori=0.0, pos=array([0., 0.]), rgb=UNKNOWN, text=str(...), units='height', win=Window(...), wrapWidth=0.8888888888888888)
21.2183 	EXP 	Created unnamed TextStim = TextStim(__class__=<class 'psychopy.visual.text.TextStim'>, alignHoriz=method-wrapper(...), alignText='center', alignVert=method-wrapper(...), anchorHoriz='center', anchorVert='center', antialias=True, autoDraw=False, autoLog=True, bold=False, color=array([1., 1., 1.]), colorSpace='rgb', contrast=1.0, depth=0, draggable=False, flipHoriz=False, flipVert=False, font='Arial', fontFiles=[], height=0.04, italic=False, languageStyle='LTR', name='unnamed TextStim', opacity=1.0, ori=0.0, pos=array([0. , 0.1]), rgb=UNKNOWN, text='Hello World', units='height', win=Window(...), wrapWidth=0.8888888888888888)
21.2261 	EXP 	Created unnamed TextStim = TextStim(__class__=<class 'psychopy.visual.text.TextStim'>, alignHoriz=method-wrapper(...), alignText='center', alignVert=method-wrapper(...), anchorHoriz='center', anchorVert='center', antialias=True, autoDraw=False, autoLog=True, bold=False, color=array([1., 1., 1.]), colorSpace='rgb', contrast=1.0, depth=0, draggable=False, flipHoriz=False, flipVert=False, font='', fontFiles=[], height=0.04, italic=False, languageStyle='LTR', name='unnamed TextStim', opacity=1.0, ori=0.0, pos=array([0., 0.]), rgb=UNKNOWN, text=str(...), units='height', win=Window(...), wrapWidth=0.8888888888888888)
21.2288 	EXP 	Created unnamed TextStim = TextStim(__class__=<class 'psychopy.visual.text.TextStim'>, alignHoriz=method-wrapper(...), alignText='center', alignVert=method-wrapper(...), anchorHoriz='center', anchorVert='center', antialias=True, autoDraw=False, autoLog=True, bold=False, color=array([1., 1., 1.]), colorSpace='rgb', contrast=1.0, depth=0, draggable=False, flipHoriz=False, flipVert=False, font='', fontFiles=[], height=0.04, italic=False, languageStyle='LTR', name='unnamed TextStim', opacity=1.0, ori=0.0, pos=array([0., 0.]), rgb=UNKNOWN, text='The task will begin momentarily. Get ready...', units='height', win=Window(...), wrapWidth=1)
21.2309 	EXP 	Created unnamed TextStim = TextStim(__class__=<class 'psychopy.visual.text.TextStim'>, alignHoriz=method-wrapper(...), alignText='center', alignVert=method-wrapper(...), anchorHoriz='center', anchorVert='center', antialias=True, autoDraw=False, autoLog=True, bold=False, color=array([1., 1., 1.]), colorSpace='rgb', contrast=1.0, depth=0, draggable=False, flipHoriz=False, flipVert=False, font='', fontFiles=[], height=0.04, italic=False, languageStyle='LTR', name='unnamed TextStim', opacity=1.0, ori=0.0, pos=array([0., 0.]), rgb=UNKNOWN, text=str(...), units='height', win=Window(...), wrapWidth=0.8888888888888888)
21.2480 	EXP 	Created unnamed ImageStim = ImageStim(__class__=<class 'psychopy.visual.image.ImageStim'>, anchor=('center', 'center'), autoLog=True, color=array([1., 1., 1.]), colorSpace='rgb', contrast=1.0, depth=0, draggable=False, flipHoriz=False, flipVert=False, image='../stimuli/reward_low.png', interpolate=False, mask=None, maskParams=None, name='unnamed ImageStim', opacity=1, ori=0.0, pos=array([0., 0.]), size=array([0.3, 0.3]), texRes=128, units='height', win=Window(...))
21.2532 	EXP 	Created unnamed ImageStim = ImageStim(__class__=<class 'psychopy.visual.image.ImageStim'>, anchor=('center', 'center'), autoLog=True, color=array([1., 1., 1.]), colorSpace='rgb', contrast=1.0, depth=0, draggable=False, flipHoriz=False, flipVert=False, image='../stimuli/reward_high.png', interpolate=False, mask=None, maskParams=None, name='unnamed ImageStim', opacity=1, ori=0.0, pos=array([0., 0.]), size=array([0.3, 0.3]), texRes=128, units='height', win=Window(...))
21.2580 	EXP 	Created unnamed ImageStim = ImageStim(__class__=<class 'psychopy.visual.image.ImageStim'>, anchor=('center', 'center'), autoLog=True, color=array([1., 1., 1.]), colorSpace='rgb', contrast=1.0, depth=0, draggable=False, flipHoriz=False, flipVert=False, image='../stimuli/reward_neut.png', interpolate=False, mask=None, maskParams=None, name='unnamed ImageStim', opacity=1, ori=0.0, pos=array([0., 0.]), size=array([0.3, 0.3]), texRes=128, units='height', win=Window(...))
21.2628 	EXP 	Created unnamed ImageStim = ImageStim(__class__=<class 'psychopy.visual.image.ImageStim'>, anchor=('center', 'center'), autoLog=True, color=array([1., 1., 1.]), colorSpace='rgb', contrast=1.0, depth=0, draggable=False, flipHoriz=False, flipVert=False, image='../stimuli/loss_low.png', interpolate=False, mask=None, maskParams=None, name='unnamed ImageStim', opacity=1, ori=0.0, pos=array([0., 0.]), size=array([0.3, 0.3]), texRes=128, units='height', win=Window(...))
21.2674 	EXP 	Created unnamed ImageStim = ImageStim(__class__=<class 'psychopy.visual.image.ImageStim'>, anchor=('center', 'center'), autoLog=True, color=array([1., 1., 1.]), colorSpace='rgb', contrast=1.0, depth=0, draggable=False, flipHoriz=False, flipVert=False, image='../stimuli/loss_high.png', interpolate=False, mask=None, maskParams=None, name='unnamed ImageStim', opacity=1, ori=0.0, pos=array([0., 0.]), size=array([0.3, 0.3]), texRes=128, units='height', win=Window(...))
21.2718 	EXP 	Created unnamed ImageStim = ImageStim(__class__=<class 'psychopy.visual.image.ImageStim'>, anchor=('center', 'center'), autoLog=True, color=array([1., 1., 1.]), colorSpace='rgb', contrast=1.0, depth=0, draggable=False, flipHoriz=False, flipVert=False, image='../stimuli/loss_neut.png', interpolate=False, mask=None, maskParams=None, name='unnamed ImageStim', opacity=1, ori=0.0, pos=array([0., 0.]), size=array([0.3, 0.3]), texRes=128, units='height', win=Window(...))
21.2740 	EXP 	Created unnamed Polygon = Polygon(__class__=<class 'psychopy.visual.polygon.Polygon'>, anchor=('center', 'center'), autoDraw=False, autoLog=True, closeShape=True, color=method-wrapper(...), colorSpace='rgb', contrast=None, depth=0, draggable=False, fillColor=array([1, 1, 1]), fillColorSpace='rgb', fillRGB=array([1, 1, 1]), interpolate=True, lineColor=array([1., 1., 1.]), lineColorSpace='rgb', lineRGB=array([1, 1, 1]), lineWidth=1.5, name='unnamed Polygon', opacity=1, ori=0.0, pos=array([0., 0.]), size=array([1., 1.]), units='height', vertices=ndarray(...), win=Window(...))
21.2769 	EXP 	Created trial_feedback = TextStim(__class__=<class 'psychopy.visual.text.TextStim'>, alignHoriz=method-wrapper(...), alignText='center', alignVert=method-wrapper(...), anchorHoriz='center', anchorVert='center', antialias=True, autoDraw=False, autoLog=True, bold=False, color=array([1., 1., 1.]), colorSpace='rgb', contrast=1.0, depth=0, draggable=False, flipHoriz=False, flipVert=False, font='Arial', fontFiles=[], height=0.09, italic=False, languageStyle='LTR', name='trial_feedback', opacity=1, ori=0, pos=array([0., 0.]), rgb=UNKNOWN, text='Trial:', units='height', win=Window(...), wrapWidth=1)
21.2792 	EXP 	Created exp_feedback = TextStim(__class__=<class 'psychopy.visual.text.TextStim'>, alignHoriz=method-wrapper(...), alignText='center', alignVert=method-wrapper(...), anchorHoriz='center', anchorVert='center', antialias=True, autoDraw=False, autoLog=True, bold=False, color=array([1., 1., 1.]), colorSpace='rgb', contrast=1.0, depth=0, draggable=False, flipHoriz=False, flipVert=False, font='Arial', fontFiles=[], height=0.09, italic=False, languageStyle='LTR', name='exp_feedback', opacity=1, ori=0, pos=array([ 0.    , -0.0625]), rgb=UNKNOWN, text='Total:', units='height', win=Window(...), wrapWidth=1)
21.2827 	EXP 	Created unnamed TextStim = TextStim(__class__=<class 'psychopy.visual.text.TextStim'>, alignHoriz=method-wrapper(...), alignText='center', alignVert=method-wrapper(...), anchorHoriz='center', anchorVert='center', antialias=True, autoDraw=False, autoLog=True, bold=False, color=array([1., 1., 1.]), colorSpace='rgb', contrast=1.0, depth=0, draggable=False, flipHoriz=False, flipVert=False, font='', fontFiles=[], height=0.04, italic=False, languageStyle='LTR', name='unnamed TextStim', opacity=1.0, ori=0.0, pos=array([0., 0.]), rgb=UNKNOWN, text=str(...), units='height', win=Window(...), wrapWidth=1)
21.2839 	EXP 	Created unnamed TextStim = TextStim(__class__=<class 'psychopy.visual.text.TextStim'>, alignHoriz=method-wrapper(...), alignText='center', alignVert=method-wrapper(...), anchorHoriz='center', anchorVert='center', antialias=True, autoDraw=False, autoLog=True, bold=False, color=array([1., 1., 1.]), colorSpace='rgb', contrast=1.0, depth=0, draggable=False, flipHoriz=False, flipVert=False, font='', fontFiles=[], height=0.04, italic=False, languageStyle='LTR', name='unnamed TextStim', opacity=1.0, ori=0.0, pos=array([0., 0.]), rgb=UNKNOWN, text='Get ready', units='height', win=Window(...), wrapWidth=1)
21.2856 	EXP 	Created unnamed TextStim = TextStim(__class__=<class 'psychopy.visual.text.TextStim'>, alignHoriz=method-wrapper(...), alignText='center', alignVert=method-wrapper(...), anchorHoriz='center', anchorVert='center', antialias=True, autoDraw=False, autoLog=True, bold=False, color=array([1., 1., 1.]), colorSpace='rgb', contrast=1.0, depth=0, draggable=False, flipHoriz=False, flipVert=False, font='', fontFiles=[], height=0.04, italic=False, languageStyle='LTR', name='unnamed TextStim', opacity=1.0, ori=0.0, pos=array([0., 0.]), rgb=UNKNOWN, text='Please wait\n\n', units='height', win=Window(...), wrapWidth=1)
21.3462 	WARNING 	t of last frame was 177.59ms (=1/5)
31.3809 	WARNING 	t of last frame was 28.90ms (=1/34)
31.3809 	EXP 	unnamed TextStim: height = 0.04
31.3809 	EXP 	unnamed TextStim: height = 0.04
31.3809 	EXP 	unnamed TextStim: height = 0.04
31.3809 	EXP 	unnamed TextStim: text = 'Welcome!'
32.6222 	DATA 	Keypress: 1
32.6357 	WARNING 	t of last frame was 1254.84ms (=1/0)
32.6357 	EXP 	unnamed TextStim: height = 0.04
32.6357 	EXP 	unnamed TextStim: height = 0.04
32.6357 	EXP 	unnamed TextStim: height = 0.04
32.6357 	EXP 	unnamed TextStim: text = 'First you will see a cross in the middle of the screen, like this:\n\n+\n\nThis means you should focus on the screen and get ready to play. '
35.3484 	DATA 	Keypress: 1
35.3858 	EXP 	Created unnamed Polygon = Polygon(__class__=<class 'psychopy.visual.polygon.Polygon'>, anchor=('center', 'center'), autoDraw=False, autoLog=True, closeShape=True, color=method-wrapper(...), colorSpace='rgb', contrast=None, depth=0, draggable=False, fillColor=array([1, 1, 1]), fillColorSpace='rgb', fillRGB=array([1, 1, 1]), interpolate=True, lineColor=array([1., 1., 1.]), lineColorSpace='rgb', lineRGB=array([1, 1, 1]), lineWidth=1.5, name='unnamed Polygon', opacity=1, ori=0.0, pos=array([0. , 0.1]), size=array([1., 1.]), units='height', vertices=ndarray(...), win=Window(...))
35.4124 	WARNING 	t of last frame was 2776.71ms (=1/0)
35.4124 	EXP 	unnamed TextStim: height = 0.04
35.4124 	EXP 	unnamed TextStim: height = 0.04
35.4124 	EXP 	unnamed TextStim: height = 0.04
35.4124 	EXP 	unnamed TextStim: text = 'Next, a small solid WHITE TRIANGLE will appear on the screen:\n\n \n\n \n\n \n\nPress the button as fast as you can when you see the solid white triangle. '
37.0918 	DATA 	Keypress: 1
37.1079 	WARNING 	Multiple dropped frames have occurred - I'll stop bothering you about them!
37.1079 	EXP 	unnamed TextStim: height = 0.04
37.1079 	EXP 	unnamed TextStim: height = 0.04
37.1079 	EXP 	unnamed TextStim: height = 0.04
37.1079 	EXP 	unnamed TextStim: text = 'Any Questions?\n\nPlease ask them now.'
37.5341 	DATA 	Keypress: 1
37.8567 	DATA 	Keypress: 1
38.5431 	DATA 	Keypress: return
43.5651 	EXP 	unnamed Polygon: autoDraw = True
43.5651 	EXP 	unnamed Polygon: autoDraw = True
43.5846 	EXP 	unnamed Polygon: autoDraw = True
43.6014 	EXP 	unnamed Polygon: autoDraw = True
43.6116 	EXP 	unnamed Polygon: autoDraw = True
43.6197 	EXP 	unnamed Polygon: autoDraw = True
43.6352 	EXP 	unnamed Polygon: autoDraw = True
43.6393 	EXP 	unnamed Polygon: autoDraw = True
43.6518 	EXP 	unnamed Polygon: autoDraw = True
43.6552 	EXP 	unnamed Polygon: autoDraw = True
43.6683 	EXP 	unnamed Polygon: autoDraw = True
43.6717 	EXP 	unnamed Polygon: autoDraw = True
43.6848 	EXP 	unnamed Polygon: autoDraw = True
43.6886 	EXP 	unnamed Polygon: autoDraw = True
43.7018 	EXP 	unnamed Polygon: autoDraw = True
43.7057 	EXP 	unnamed Polygon: autoDraw = True
43.7184 	EXP 	unnamed Polygon: autoDraw = True
43.7221 	EXP 	unnamed Polygon: autoDraw = True
43.7353 	EXP 	unnamed Polygon: autoDraw = True
43.7394 	EXP 	unnamed Polygon: autoDraw = True
43.7519 	EXP 	unnamed Polygon: autoDraw = True
43.7544 	EXP 	unnamed Polygon: autoDraw = True
43.7686 	EXP 	unnamed Polygon: autoDraw = True
43.7723 	EXP 	unnamed Polygon: autoDraw = True
43.7854 	EXP 	unnamed Polygon: autoDraw = True
43.7899 	EXP 	unnamed Polygon: autoDraw = True
43.8019 	EXP 	unnamed Polygon: autoDraw = True
43.8052 	EXP 	unnamed Polygon: autoDraw = True
43.8186 	EXP 	unnamed Polygon: autoDraw = True
43.8223 	EXP 	unnamed Polygon: autoDraw = True
43.8352 	EXP 	unnamed Polygon: autoDraw = True
43.8391 	EXP 	unnamed Polygon: autoDraw = True
43.8521 	EXP 	unnamed Polygon: autoDraw = True
43.8561 	EXP 	unnamed Polygon: autoDraw = True
43.8686 	EXP 	unnamed Polygon: autoDraw = True
43.8713 	DATA 	Keypress: 1
43.8760 	EXP 	unnamed Polygon: autoDraw = True
43.8852 	EXP 	unnamed Polygon: autoDraw = True
43.8880 	EXP 	unnamed Polygon: autoDraw = True
43.9018 	EXP 	unnamed Polygon: autoDraw = True
43.9047 	EXP 	unnamed Polygon: autoDraw = True
43.9186 	EXP 	unnamed Polygon: autoDraw = True
43.9225 	EXP 	unnamed Polygon: autoDraw = True
43.9352 	EXP 	unnamed Polygon: autoDraw = True
43.9385 	EXP 	unnamed Polygon: autoDraw = True
43.9519 	EXP 	unnamed Polygon: autoDraw = True
43.9574 	EXP 	unnamed Polygon: autoDraw = True
43.9685 	EXP 	unnamed Polygon: autoDraw = True
43.9716 	EXP 	unnamed Polygon: autoDraw = True
43.9854 	EXP 	unnamed Polygon: autoDraw = True
43.9899 	EXP 	unnamed Polygon: autoDraw = True
44.0020 	EXP 	unnamed Polygon: autoDraw = True
44.0048 	EXP 	unnamed Polygon: autoDraw = True
44.0186 	EXP 	unnamed Polygon: autoDraw = True
44.0220 	EXP 	unnamed Polygon: autoDraw = True
44.0352 	EXP 	unnamed Polygon: autoDraw = True
44.0389 	EXP 	unnamed Polygon: autoDraw = True
44.0520 	EXP 	unnamed Polygon: autoDraw = True
44.0641 	EXP 	unnamed Polygon: autoDraw = False
51.7885 	EXP 	unnamed Polygon: autoDraw = True
51.7885 	EXP 	unnamed Polygon: autoDraw = True
51.8011 	EXP 	unnamed Polygon: autoDraw = True
51.8047 	EXP 	unnamed Polygon: autoDraw = True
51.8186 	EXP 	unnamed Polygon: autoDraw = True
51.8216 	EXP 	unnamed Polygon: autoDraw = True
51.8347 	EXP 	unnamed Polygon: autoDraw = True
51.8378 	EXP 	unnamed Polygon: autoDraw = True
51.8522 	EXP 	unnamed Polygon: autoDraw = True
51.8549 	EXP 	unnamed Polygon: autoDraw = True
51.8685 	EXP 	unnamed Polygon: autoDraw = True
51.8714 	EXP 	unnamed Polygon: autoDraw = True
51.8851 	EXP 	unnamed Polygon: autoDraw = True
51.8878 	EXP 	unnamed Polygon: autoDraw = True
51.9016 	EXP 	unnamed Polygon: autoDraw = True
51.9045 	EXP 	unnamed Polygon: autoDraw = True
51.9184 	EXP 	unnamed Polygon: autoDraw = True
51.9209 	EXP 	unnamed Polygon: autoDraw = True
51.9363 	EXP 	unnamed Polygon: autoDraw = True
51.9530 	EXP 	unnamed Polygon: autoDraw = True
51.9691 	EXP 	unnamed Polygon: autoDraw = True
51.9736 	EXP 	unnamed Polygon: autoDraw = True
51.9856 	EXP 	unnamed Polygon: autoDraw = True
51.9897 	EXP 	unnamed Polygon: autoDraw = True
52.0025 	EXP 	unnamed Polygon: autoDraw = True
52.0067 	EXP 	unnamed Polygon: autoDraw = True
52.0188 	EXP 	unnamed Polygon: autoDraw = True
52.0220 	EXP 	unnamed Polygon: autoDraw = True
52.0354 	EXP 	unnamed Polygon: autoDraw = True
52.0392 	EXP 	unnamed Polygon: autoDraw = True
52.0520 	EXP 	unnamed Polygon: autoDraw = True
52.0557 	EXP 	unnamed Polygon: autoDraw = True
52.0688 	EXP 	unnamed Polygon: autoDraw = True
52.0726 	EXP 	unnamed Polygon: autoDraw = True
52.0854 	EXP 	unnamed Polygon: autoDraw = True
52.0886 	EXP 	unnamed Polygon: autoDraw = True
52.1024 	EXP 	unnamed Polygon: autoDraw = True
52.1052 	DATA 	Keypress: 1
52.1106 	EXP 	unnamed Polygon: autoDraw = True
52.1186 	EXP 	unnamed Polygon: autoDraw = True
52.1222 	EXP 	unnamed Polygon: autoDraw = True
52.1353 	EXP 	unnamed Polygon: autoDraw = True
52.1384 	EXP 	unnamed Polygon: autoDraw = True
52.1519 	EXP 	unnamed Polygon: autoDraw = True
52.1554 	EXP 	unnamed Polygon: autoDraw = True
52.1687 	EXP 	unnamed Polygon: autoDraw = True
52.1738 	EXP 	unnamed Polygon: autoDraw = True
52.1853 	EXP 	unnamed Polygon: autoDraw = True
52.1883 	EXP 	unnamed Polygon: autoDraw = True
52.2021 	EXP 	unnamed Polygon: autoDraw = True
52.2062 	EXP 	unnamed Polygon: autoDraw = True
52.2186 	EXP 	unnamed Polygon: autoDraw = True
52.2218 	EXP 	unnamed Polygon: autoDraw = True
52.2351 	EXP 	unnamed Polygon: autoDraw = True
52.2388 	EXP 	unnamed Polygon: autoDraw = True
52.2520 	EXP 	unnamed Polygon: autoDraw = True
52.2561 	EXP 	unnamed Polygon: autoDraw = True
52.2686 	EXP 	unnamed Polygon: autoDraw = True
52.2723 	EXP 	unnamed Polygon: autoDraw = True
52.2852 	EXP 	unnamed Polygon: autoDraw = False
59.9951 	EXP 	unnamed Polygon: autoDraw = True
59.9951 	EXP 	unnamed Polygon: autoDraw = True
60.0018 	EXP 	unnamed Polygon: autoDraw = True
60.0044 	EXP 	unnamed Polygon: autoDraw = True
60.0184 	EXP 	unnamed Polygon: autoDraw = True
60.0211 	EXP 	unnamed Polygon: autoDraw = True
60.0351 	EXP 	unnamed Polygon: autoDraw = True
60.0378 	EXP 	unnamed Polygon: autoDraw = True
60.0517 	EXP 	unnamed Polygon: autoDraw = True
60.0542 	EXP 	unnamed Polygon: autoDraw = True
60.0683 	EXP 	unnamed Polygon: autoDraw = True
60.0711 	EXP 	unnamed Polygon: autoDraw = True
60.0851 	EXP 	unnamed Polygon: autoDraw = True
60.0877 	EXP 	unnamed Polygon: autoDraw = True
60.1017 	EXP 	unnamed Polygon: autoDraw = True
60.1043 	EXP 	unnamed Polygon: autoDraw = True
60.1188 	EXP 	unnamed Polygon: autoDraw = True
60.1229 	EXP 	unnamed Polygon: autoDraw = True
60.1357 	EXP 	unnamed Polygon: autoDraw = True
60.1387 	EXP 	unnamed Polygon: autoDraw = True
60.1521 	EXP 	unnamed Polygon: autoDraw = True
60.1565 	EXP 	unnamed Polygon: autoDraw = True
60.1691 	EXP 	unnamed Polygon: autoDraw = True
60.1734 	EXP 	unnamed Polygon: autoDraw = True
60.1853 	EXP 	unnamed Polygon: autoDraw = True
60.1880 	EXP 	unnamed Polygon: autoDraw = True
60.2018 	EXP 	unnamed Polygon: autoDraw = True
60.2060 	EXP 	unnamed Polygon: autoDraw = True
60.2193 	EXP 	unnamed Polygon: autoDraw = True
60.2220 	EXP 	unnamed Polygon: autoDraw = True
60.2351 	EXP 	unnamed Polygon: autoDraw = True
60.2382 	EXP 	unnamed Polygon: autoDraw = True
60.2522 	EXP 	unnamed Polygon: autoDraw = True
60.2562 	EXP 	unnamed Polygon: autoDraw = True
60.2688 	EXP 	unnamed Polygon: autoDraw = True
60.2725 	EXP 	unnamed Polygon: autoDraw = True
60.2856 	EXP 	unnamed Polygon: autoDraw = True
60.2899 	EXP 	unnamed Polygon: autoDraw = True
60.3024 	EXP 	unnamed Polygon: autoDraw = True
60.3046 	EXP 	unnamed Polygon: autoDraw = True
60.3193 	EXP 	unnamed Polygon: autoDraw = True
60.3238 	DATA 	Keypress: 1
60.3269 	EXP 	unnamed Polygon: autoDraw = True
60.3352 	EXP 	unnamed Polygon: autoDraw = True
60.3378 	EXP 	unnamed Polygon: autoDraw = True
60.3518 	EXP 	unnamed Polygon: autoDraw = True
60.3542 	EXP 	unnamed Polygon: autoDraw = True
60.3684 	EXP 	unnamed Polygon: autoDraw = True
60.3714 	EXP 	unnamed Polygon: autoDraw = True
60.3855 	EXP 	unnamed Polygon: autoDraw = True
60.3909 	EXP 	unnamed Polygon: autoDraw = True
60.4019 	EXP 	unnamed Polygon: autoDraw = True
60.4045 	EXP 	unnamed Polygon: autoDraw = True
60.4188 	EXP 	unnamed Polygon: autoDraw = True
60.4228 	EXP 	unnamed Polygon: autoDraw = True
60.4356 	EXP 	unnamed Polygon: autoDraw = True
60.4397 	EXP 	unnamed Polygon: autoDraw = True
60.4523 	EXP 	unnamed Polygon: autoDraw = True
60.4606 	EXP 	unnamed Polygon: autoDraw = False
68.4865 	DATA 	Keypress: 1
69.7390 	DATA 	Keypress: 1
70.7592 	DATA 	Keypress: rshift
70.7872 	DATA 	Keypress: return
71.1043 	DATA 	Keypress: return
71.4709 	DATA 	Keypress: return
78.5181 	EXP 	unnamed TextStim: height = 0.04
78.5181 	EXP 	unnamed TextStim: height = 0.04
78.5181 	EXP 	unnamed TextStim: height = 0.04
78.5181 	EXP 	unnamed TextStim: text = 'Instructions...\n\nYour goal is to make as much money as possible.\n\nRemember:\nWIN CIRCLES = win money\nLOSE SQUARES = lose money\n\nQUICKLY press the button with your pointer finger when you see the solid white triangle.\n\nYou will get feedback on whether you pressed the button in time and if you won or lost money.'
80.1702 	DATA 	Keypress: 1
80.1724 	EXP 	Created unnamed TextStim = TextStim(__class__=<class 'psychopy.visual.text.TextStim'>, alignHoriz=method-wrapper(...), alignText='center', alignVert=method-wrapper(...), anchorHoriz='center', anchorVert='center', antialias=True, autoDraw=False, autoLog=True, bold=False, color=array([1., 1., 1.]), colorSpace='rgb', contrast=1.0, depth=0, draggable=False, flipHoriz=False, flipVert=False, font='', fontFiles=[], height=0.08, italic=False, languageStyle='LTR', name='unnamed TextStim', opacity=1.0, ori=0.0, pos=array([-0.65,  0.15]), rgb=UNKNOWN, text='+', units='height', win=Window(...), wrapWidth=1)
80.1787 	EXP 	Created unnamed ImageStim = ImageStim(__class__=<class 'psychopy.visual.image.ImageStim'>, anchor=('center', 'center'), autoLog=True, color=array([1., 1., 1.]), colorSpace='rgb', contrast=1.0, depth=0, draggable=False, flipHoriz=False, flipVert=False, image='../stimuli/reward_high.png', interpolate=False, mask=None, maskParams=None, name='unnamed ImageStim', opacity=1, ori=0.0, pos=array([-0.35,  0.15]), size=array([0.2, 0.2]), texRes=128, units='height', win=Window(...))
80.1797 	EXP 	Created unnamed TextStim = TextStim(__class__=<class 'psychopy.visual.text.TextStim'>, alignHoriz=method-wrapper(...), alignText='center', alignVert=method-wrapper(...), anchorHoriz='center', anchorVert='center', antialias=True, autoDraw=False, autoLog=True, bold=False, color=array([1., 1., 1.]), colorSpace='rgb', contrast=1.0, depth=0, draggable=False, flipHoriz=False, flipVert=False, font='', fontFiles=[], height=0.08, italic=False, languageStyle='LTR', name='unnamed TextStim', opacity=1.0, ori=0.0, pos=array([-0.15,  0.15]), rgb=UNKNOWN, text='+', units='height', win=Window(...), wrapWidth=1)
80.1804 	EXP 	Created unnamed Polygon = Polygon(__class__=<class 'psychopy.visual.polygon.Polygon'>, anchor=('center', 'center'), autoDraw=False, autoLog=True, closeShape=True, color=method-wrapper(...), colorSpace='rgb', contrast=None, depth=0, draggable=False, fillColor=array([1, 1, 1]), fillColorSpace='rgb', fillRGB=array([1, 1, 1]), interpolate=True, lineColor=array([1., 1., 1.]), lineColorSpace='rgb', lineRGB=array([1, 1, 1]), lineWidth=1.5, name='unnamed Polygon', opacity=1, ori=0.0, pos=array([0.15, 0.15]), size=array([1., 1.]), units='height', vertices=ndarray(...), win=Window(...))
80.1812 	EXP 	Created unnamed TextStim = TextStim(__class__=<class 'psychopy.visual.text.TextStim'>, alignHoriz=method-wrapper(...), alignText='center', alignVert=method-wrapper(...), anchorHoriz='center', anchorVert='center', antialias=True, autoDraw=False, autoLog=True, bold=False, color=array([1., 1., 1.]), colorSpace='rgb', contrast=1.0, depth=0, draggable=False, flipHoriz=False, flipVert=False, font='', fontFiles=[], height=0.08, italic=False, languageStyle='LTR', name='unnamed TextStim', opacity=1.0, ori=0.0, pos=array([0.35, 0.15]), rgb=UNKNOWN, text='+', units='height', win=Window(...), wrapWidth=1)
80.1838 	EXP 	Created unnamed TextStim = TextStim(__class__=<class 'psychopy.visual.text.TextStim'>, alignHoriz=method-wrapper(...), alignText='center', alignVert=method-wrapper(...), anchorHoriz='center', anchorVert='center', antialias=True, autoDraw=False, autoLog=True, bold=False, color=array([1., 1., 1.]), colorSpace='rgb', contrast=1.0, depth=0, draggable=False, flipHoriz=False, flipVert=False, font='', fontFiles=[], height=0.08, italic=False, languageStyle='LTR', name='unnamed TextStim', opacity=1.0, ori=0.0, pos=array([0.65, 0.15]), rgb=UNKNOWN, text='Hit!\n+$5.00', units='height', win=Window(...), wrapWidth=1)
80.1839 	WARNING 	TextStim.alignHoriz is deprecated. Use alignText and anchorHoriz attributes instead
80.1862 	EXP 	Created unnamed TextStim = TextStim(__class__=<class 'psychopy.visual.text.TextStim'>, alignHoriz='center', alignText='center', alignVert=method-wrapper(...), anchorHoriz='center', anchorVert='center', antialias=True, autoDraw=False, autoLog=True, bold=False, color=array([1., 1., 1.]), colorSpace='rgb', contrast=1.0, depth=0, draggable=False, flipHoriz=False, flipVert=False, font='', fontFiles=[], height=0.04, italic=False, languageStyle='LTR', name='unnamed TextStim', opacity=1.0, ori=0.0, pos=array([-0.65, -0.15]), rgb=UNKNOWN, text='Pay attention', units='height', win=Window(...), wrapWidth=0.1)
80.1863 	WARNING 	TextStim.alignHoriz is deprecated. Use alignText and anchorHoriz attributes instead
80.1886 	EXP 	Created unnamed TextStim = TextStim(__class__=<class 'psychopy.visual.text.TextStim'>, alignHoriz='center', alignText='center', alignVert=method-wrapper(...), anchorHoriz='center', anchorVert='center', antialias=True, autoDraw=False, autoLog=True, bold=False, color=array([1., 1., 1.]), colorSpace='rgb', contrast=1.0, depth=0, draggable=False, flipHoriz=False, flipVert=False, font='', fontFiles=[], height=0.04, italic=False, languageStyle='LTR', name='unnamed TextStim', opacity=1.0, ori=0.0, pos=array([-0.35, -0.15]), rgb=UNKNOWN, text="Cue: don't respond yet", units='height', win=Window(...), wrapWidth=0.1)
80.1887 	WARNING 	TextStim.alignHoriz is deprecated. Use alignText and anchorHoriz attributes instead
80.1898 	EXP 	Created unnamed TextStim = TextStim(__class__=<class 'psychopy.visual.text.TextStim'>, alignHoriz='center', alignText='center', alignVert=method-wrapper(...), anchorHoriz='center', anchorVert='center', antialias=True, autoDraw=False, autoLog=True, bold=False, color=array([1., 1., 1.]), colorSpace='rgb', contrast=1.0, depth=0, draggable=False, flipHoriz=False, flipVert=False, font='', fontFiles=[], height=0.04, italic=False, languageStyle='LTR', name='unnamed TextStim', opacity=1.0, ori=0.0, pos=array([-0.15, -0.15]), rgb=UNKNOWN, text='Pay attention', units='height', win=Window(...), wrapWidth=0.1)
80.1899 	WARNING 	TextStim.alignHoriz is deprecated. Use alignText and anchorHoriz attributes instead
80.1920 	EXP 	Created unnamed TextStim = TextStim(__class__=<class 'psychopy.visual.text.TextStim'>, alignHoriz='center', alignText='center', alignVert=method-wrapper(...), anchorHoriz='center', anchorVert='center', antialias=True, autoDraw=False, autoLog=True, bold=False, color=array([1., 1., 1.]), colorSpace='rgb', contrast=1.0, depth=0, draggable=False, flipHoriz=False, flipVert=False, font='', fontFiles=[], height=0.04, italic=False, languageStyle='LTR', name='unnamed TextStim', opacity=1.0, ori=0.0, pos=array([ 0.15, -0.15]), rgb=UNKNOWN, text='Respond when solid triangle is on screen', units='height', win=Window(...), wrapWidth=0.1)
80.1921 	WARNING 	TextStim.alignHoriz is deprecated. Use alignText and anchorHoriz attributes instead
80.1932 	EXP 	Created unnamed TextStim = TextStim(__class__=<class 'psychopy.visual.text.TextStim'>, alignHoriz='center', alignText='center', alignVert=method-wrapper(...), anchorHoriz='center', anchorVert='center', antialias=True, autoDraw=False, autoLog=True, bold=False, color=array([1., 1., 1.]), colorSpace='rgb', contrast=1.0, depth=0, draggable=False, flipHoriz=False, flipVert=False, font='', fontFiles=[], height=0.04, italic=False, languageStyle='LTR', name='unnamed TextStim', opacity=1.0, ori=0.0, pos=array([ 0.35, -0.15]), rgb=UNKNOWN, text='Pay attention', units='height', win=Window(...), wrapWidth=0.1)
80.1933 	WARNING 	TextStim.alignHoriz is deprecated. Use alignText and anchorHoriz attributes instead
80.1945 	EXP 	Created unnamed TextStim = TextStim(__class__=<class 'psychopy.visual.text.TextStim'>, alignHoriz='center', alignText='center', alignVert=method-wrapper(...), anchorHoriz='center', anchorVert='center', antialias=True, autoDraw=False, autoLog=True, bold=False, color=array([1., 1., 1.]), colorSpace='rgb', contrast=1.0, depth=0, draggable=False, flipHoriz=False, flipVert=False, font='', fontFiles=[], height=0.04, italic=False, languageStyle='LTR', name='unnamed TextStim', opacity=1.0, ori=0.0, pos=array([ 0.65, -0.15]), rgb=UNKNOWN, text='Feedback', units='height', win=Window(...), wrapWidth=0.1)
82.0299 	DATA 	Keypress: 1
82.7982 	DATA 	Keypress: 1
83.6663 	DATA 	Keypress: return
84.6871 	DATA 	Keypress: space
85.1759 	DATA 	Keypress: return
86.3449 	DATA 	Keypress: equal
95.8383 	EXP 	unnamed Polygon: autoDraw = True
95.8383 	EXP 	unnamed Polygon: autoDraw = True
95.8537 	EXP 	unnamed Polygon: autoDraw = True
95.8685 	EXP 	unnamed Polygon: autoDraw = True
95.8717 	EXP 	unnamed Polygon: autoDraw = True
95.8851 	EXP 	unnamed Polygon: autoDraw = True
95.8875 	EXP 	unnamed Polygon: autoDraw = True
95.9021 	EXP 	unnamed Polygon: autoDraw = True
95.9050 	EXP 	unnamed Polygon: autoDraw = True
95.9188 	EXP 	unnamed Polygon: autoDraw = True
95.9219 	EXP 	unnamed Polygon: autoDraw = True
95.9352 	EXP 	unnamed Polygon: autoDraw = True
95.9381 	EXP 	unnamed Polygon: autoDraw = True
95.9520 	EXP 	unnamed Polygon: autoDraw = True
95.9556 	EXP 	unnamed Polygon: autoDraw = True
95.9685 	EXP 	unnamed Polygon: autoDraw = True
95.9723 	EXP 	unnamed Polygon: autoDraw = True
95.9852 	EXP 	unnamed Polygon: autoDraw = True
95.9886 	EXP 	unnamed Polygon: autoDraw = True
96.0019 	EXP 	unnamed Polygon: autoDraw = True
96.0049 	EXP 	unnamed Polygon: autoDraw = True
96.0186 	EXP 	unnamed Polygon: autoDraw = True
96.0218 	EXP 	unnamed Polygon: autoDraw = True
96.0352 	EXP 	unnamed Polygon: autoDraw = True
96.0380 	EXP 	unnamed Polygon: autoDraw = True
96.0519 	EXP 	unnamed Polygon: autoDraw = True
96.0549 	EXP 	unnamed Polygon: autoDraw = True
96.0685 	EXP 	unnamed Polygon: autoDraw = True
96.0718 	EXP 	unnamed Polygon: autoDraw = True
96.0853 	EXP 	unnamed Polygon: autoDraw = True
96.0888 	EXP 	unnamed Polygon: autoDraw = True
96.1019 	EXP 	unnamed Polygon: autoDraw = True
96.1052 	EXP 	unnamed Polygon: autoDraw = True
96.1188 	EXP 	unnamed Polygon: autoDraw = True
96.1222 	EXP 	unnamed Polygon: autoDraw = True
96.1315 	DATA 	Keypress: 1
96.1527 	EXP 	unnamed Polygon: autoDraw = False
97.3699 	EXP 	trial_feedback: height = 0.09
97.3699 	EXP 	trial_feedback: height = 0.09
97.3699 	EXP 	trial_feedback: height = 0.09
97.3699 	EXP 	trial_feedback: text = 'Miss!\n$0.00'
97.3699 	EXP 	trial_feedback: autoDraw = True
99.3554 	EXP 	trial_feedback: autoDraw = False
99.3687 	EXP 	trial_feedback: autoDraw = False
99.3687 	EXP 	exp_feedback: autoDraw = False
109.8836 	EXP 	unnamed Polygon: autoDraw = True
109.8836 	EXP 	unnamed Polygon: autoDraw = True
109.8883 	EXP 	unnamed Polygon: autoDraw = True
109.9019 	EXP 	unnamed Polygon: autoDraw = True
109.9048 	EXP 	unnamed Polygon: autoDraw = True
109.9193 	EXP 	unnamed Polygon: autoDraw = True
109.9213 	EXP 	unnamed Polygon: autoDraw = True
109.9359 	EXP 	unnamed Polygon: autoDraw = True
109.9392 	EXP 	unnamed Polygon: autoDraw = True
109.9521 	EXP 	unnamed Polygon: autoDraw = True
109.9561 	DATA 	Keypress: 1
109.9599 	EXP 	unnamed Polygon: autoDraw = True
109.9685 	EXP 	unnamed Polygon: autoDraw = True
109.9711 	EXP 	unnamed Polygon: autoDraw = True
109.9853 	EXP 	unnamed Polygon: autoDraw = True
109.9886 	EXP 	unnamed Polygon: autoDraw = True
110.0022 	EXP 	unnamed Polygon: autoDraw = True
110.0061 	EXP 	unnamed Polygon: autoDraw = True
110.0186 	EXP 	unnamed Polygon: autoDraw = True
110.0229 	EXP 	unnamed Polygon: autoDraw = True
110.0354 	EXP 	unnamed Polygon: autoDraw = True
110.0401 	EXP 	unnamed Polygon: autoDraw = True
110.0520 	EXP 	unnamed Polygon: autoDraw = True
110.0553 	EXP 	unnamed Polygon: autoDraw = True
110.0686 	EXP 	unnamed Polygon: autoDraw = True
110.0720 	EXP 	unnamed Polygon: autoDraw = True
110.0855 	EXP 	unnamed Polygon: autoDraw = True
110.0890 	EXP 	unnamed Polygon: autoDraw = True
110.1019 	EXP 	unnamed Polygon: autoDraw = True
110.1047 	EXP 	unnamed Polygon: autoDraw = True
110.1187 	EXP 	unnamed Polygon: autoDraw = True
110.1222 	EXP 	unnamed Polygon: autoDraw = True
110.1353 	EXP 	unnamed Polygon: autoDraw = True
110.1394 	EXP 	unnamed Polygon: autoDraw = True
110.1522 	EXP 	unnamed Polygon: autoDraw = True
110.1553 	EXP 	unnamed Polygon: autoDraw = True
110.1686 	EXP 	unnamed Polygon: autoDraw = True
110.1721 	EXP 	unnamed Polygon: autoDraw = True
110.1853 	EXP 	unnamed Polygon: autoDraw = True
110.1891 	EXP 	unnamed Polygon: autoDraw = True
110.2019 	EXP 	unnamed Polygon: autoDraw = False
111.6470 	EXP 	trial_feedback: height = 0.09
111.6470 	EXP 	trial_feedback: height = 0.09
111.6470 	EXP 	trial_feedback: height = 0.09
111.6470 	EXP 	trial_feedback: text = 'Hit!\n$0.00'
111.6470 	EXP 	trial_feedback: autoDraw = True
113.6385 	EXP 	trial_feedback: autoDraw = False
113.6519 	EXP 	trial_feedback: autoDraw = False
113.6519 	EXP 	exp_feedback: autoDraw = False
121.8170 	EXP 	unnamed Polygon: autoDraw = True
121.8170 	EXP 	unnamed Polygon: autoDraw = True
121.8217 	EXP 	unnamed Polygon: autoDraw = True
121.8352 	EXP 	unnamed Polygon: autoDraw = True
121.8375 	EXP 	unnamed Polygon: autoDraw = True
121.8519 	EXP 	unnamed Polygon: autoDraw = True
121.8547 	EXP 	unnamed Polygon: autoDraw = True
121.8689 	EXP 	unnamed Polygon: autoDraw = True
121.8720 	EXP 	unnamed Polygon: autoDraw = True
121.8853 	EXP 	unnamed Polygon: autoDraw = True
121.8905 	EXP 	unnamed Polygon: autoDraw = True
121.9019 	EXP 	unnamed Polygon: autoDraw = True
121.9047 	EXP 	unnamed Polygon: autoDraw = True
121.9185 	EXP 	unnamed Polygon: autoDraw = True
121.9212 	EXP 	unnamed Polygon: autoDraw = True
121.9354 	EXP 	unnamed Polygon: autoDraw = True
121.9383 	EXP 	unnamed Polygon: autoDraw = True
121.9521 	EXP 	unnamed Polygon: autoDraw = True
121.9558 	EXP 	unnamed Polygon: autoDraw = True
121.9687 	EXP 	unnamed Polygon: autoDraw = True
121.9723 	EXP 	unnamed Polygon: autoDraw = True
121.9855 	EXP 	unnamed Polygon: autoDraw = True
121.9896 	EXP 	unnamed Polygon: autoDraw = True
122.0021 	EXP 	unnamed Polygon: autoDraw = True
122.0056 	EXP 	unnamed Polygon: autoDraw = True
122.0187 	EXP 	unnamed Polygon: autoDraw = True
122.0223 	EXP 	unnamed Polygon: autoDraw = True
122.0354 	EXP 	unnamed Polygon: autoDraw = True
122.0397 	EXP 	unnamed Polygon: autoDraw = True
122.0520 	EXP 	unnamed Polygon: autoDraw = True
122.0559 	EXP 	unnamed Polygon: autoDraw = True
122.0687 	EXP 	unnamed Polygon: autoDraw = True
122.0722 	EXP 	unnamed Polygon: autoDraw = True
122.0852 	EXP 	unnamed Polygon: autoDraw = True
122.0890 	EXP 	unnamed Polygon: autoDraw = True
122.1020 	EXP 	unnamed Polygon: autoDraw = True
122.1098 	EXP 	unnamed Polygon: autoDraw = False
122.1415 	DATA 	Keypress: 1
123.6643 	EXP 	trial_feedback: height = 0.09
123.6643 	EXP 	trial_feedback: height = 0.09
123.6643 	EXP 	trial_feedback: height = 0.09
123.6643 	EXP 	trial_feedback: text = 'Miss!\n-$0.00'
123.6643 	EXP 	trial_feedback: autoDraw = True
125.6551 	EXP 	trial_feedback: autoDraw = False
125.6687 	EXP 	trial_feedback: autoDraw = False
125.6687 	EXP 	exp_feedback: autoDraw = False
131.6225 	DATA 	Keypress: 1
131.9022 	EXP 	unnamed Polygon: autoDraw = True
131.9022 	EXP 	unnamed Polygon: autoDraw = True
131.9046 	EXP 	unnamed Polygon: autoDraw = True
131.9185 	EXP 	unnamed Polygon: autoDraw = True
131.9214 	EXP 	unnamed Polygon: autoDraw = True
131.9346 	EXP 	unnamed Polygon: autoDraw = True
131.9382 	EXP 	unnamed Polygon: autoDraw = True
131.9518 	EXP 	unnamed Polygon: autoDraw = True
131.9545 	EXP 	unnamed Polygon: autoDraw = True
131.9679 	EXP 	unnamed Polygon: autoDraw = True
131.9711 	EXP 	unnamed Polygon: autoDraw = True
131.9852 	EXP 	unnamed Polygon: autoDraw = True
131.9889 	EXP 	unnamed Polygon: autoDraw = True
132.0028 	EXP 	unnamed Polygon: autoDraw = True
132.0075 	EXP 	unnamed Polygon: autoDraw = True
132.0191 	EXP 	unnamed Polygon: autoDraw = True
132.0226 	EXP 	unnamed Polygon: autoDraw = True
132.0348 	EXP 	unnamed Polygon: autoDraw = True
132.0383 	EXP 	unnamed Polygon: autoDraw = True
132.0525 	EXP 	unnamed Polygon: autoDraw = True
132.0557 	EXP 	unnamed Polygon: autoDraw = True
132.0682 	EXP 	unnamed Polygon: autoDraw = True
132.0710 	EXP 	unnamed Polygon: autoDraw = True
132.0728 	DATA 	Keypress: 1
132.0852 	EXP 	unnamed Polygon: autoDraw = True
132.0875 	EXP 	unnamed Polygon: autoDraw = True
132.1019 	EXP 	unnamed Polygon: autoDraw = True
132.1042 	EXP 	unnamed Polygon: autoDraw = True
132.1185 	EXP 	unnamed Polygon: autoDraw = True
132.1217 	EXP 	unnamed Polygon: autoDraw = True
132.1362 	EXP 	unnamed Polygon: autoDraw = True
132.1526 	EXP 	unnamed Polygon: autoDraw = True
132.1564 	EXP 	unnamed Polygon: autoDraw = True
132.1689 	EXP 	unnamed Polygon: autoDraw = True
132.1736 	EXP 	unnamed Polygon: autoDraw = True
132.1853 	EXP 	unnamed Polygon: autoDraw = True
132.1879 	EXP 	unnamed Polygon: autoDraw = True
132.2023 	EXP 	unnamed Polygon: autoDraw = True
132.2065 	EXP 	unnamed Polygon: autoDraw = True
132.2186 	EXP 	unnamed Polygon: autoDraw = False
133.8473 	EXP 	trial_feedback: height = 0.09
133.8473 	EXP 	trial_feedback: height = 0.09
133.8473 	EXP 	trial_feedback: height = 0.09
133.8473 	EXP 	trial_feedback: text = 'Miss!\n-$5.00'
133.8473 	EXP 	trial_feedback: autoDraw = True
135.8354 	EXP 	trial_feedback: autoDraw = False
135.8400 	EXP 	trial_feedback: autoDraw = False
135.8400 	EXP 	exp_feedback: autoDraw = False
142.0217 	EXP 	unnamed Polygon: autoDraw = True
142.0217 	EXP 	unnamed Polygon: autoDraw = True
142.0354 	EXP 	unnamed Polygon: autoDraw = True
142.0387 	EXP 	unnamed Polygon: autoDraw = True
142.0518 	EXP 	unnamed Polygon: autoDraw = True
142.0545 	EXP 	unnamed Polygon: autoDraw = True
142.0685 	EXP 	unnamed Polygon: autoDraw = True
142.0711 	EXP 	unnamed Polygon: autoDraw = True
142.0852 	EXP 	unnamed Polygon: autoDraw = True
142.0885 	EXP 	unnamed Polygon: autoDraw = True
142.1012 	EXP 	unnamed Polygon: autoDraw = True
142.1044 	EXP 	unnamed Polygon: autoDraw = True
142.1250 	EXP 	unnamed Polygon: autoDraw = True
142.1346 	EXP 	unnamed Polygon: autoDraw = True
142.1377 	EXP 	unnamed Polygon: autoDraw = True
142.1518 	EXP 	unnamed Polygon: autoDraw = True
142.1545 	EXP 	unnamed Polygon: autoDraw = True
142.1685 	EXP 	unnamed Polygon: autoDraw = True
142.1713 	EXP 	unnamed Polygon: autoDraw = True
142.1852 	EXP 	unnamed Polygon: autoDraw = True
142.1878 	EXP 	unnamed Polygon: autoDraw = True
142.2019 	EXP 	unnamed Polygon: autoDraw = True
142.2049 	EXP 	unnamed Polygon: autoDraw = True
142.2185 	EXP 	unnamed Polygon: autoDraw = True
142.2210 	EXP 	unnamed Polygon: autoDraw = True
142.2358 	EXP 	unnamed Polygon: autoDraw = True
142.2399 	EXP 	unnamed Polygon: autoDraw = True
142.2523 	EXP 	unnamed Polygon: autoDraw = True
142.2564 	EXP 	unnamed Polygon: autoDraw = True
142.2695 	EXP 	unnamed Polygon: autoDraw = True
142.2735 	EXP 	unnamed Polygon: autoDraw = True
142.2858 	EXP 	unnamed Polygon: autoDraw = True
142.2897 	EXP 	unnamed Polygon: autoDraw = True
142.3027 	EXP 	unnamed Polygon: autoDraw = True
142.3069 	EXP 	unnamed Polygon: autoDraw = True
142.3187 	EXP 	unnamed Polygon: autoDraw = True
142.3241 	EXP 	unnamed Polygon: autoDraw = False
142.3260 	DATA 	Keypress: 1
143.8458 	EXP 	trial_feedback: height = 0.09
143.8458 	EXP 	trial_feedback: height = 0.09
143.8458 	EXP 	trial_feedback: height = 0.09
143.8458 	EXP 	trial_feedback: text = 'Miss!\n-$0.00'
143.8458 	EXP 	trial_feedback: autoDraw = True
145.8352 	EXP 	trial_feedback: autoDraw = False
145.8520 	EXP 	trial_feedback: autoDraw = False
145.8520 	EXP 	exp_feedback: autoDraw = False
152.2126 	EXP 	unnamed Polygon: autoDraw = True
152.2126 	EXP 	unnamed Polygon: autoDraw = True
152.2184 	EXP 	unnamed Polygon: autoDraw = True
152.2207 	EXP 	unnamed Polygon: autoDraw = True
152.2347 	EXP 	unnamed Polygon: autoDraw = True
152.2371 	EXP 	unnamed Polygon: autoDraw = True
152.2517 	EXP 	unnamed Polygon: autoDraw = True
152.2539 	EXP 	unnamed Polygon: autoDraw = True
152.2686 	EXP 	unnamed Polygon: autoDraw = True
152.2710 	EXP 	unnamed Polygon: autoDraw = True
152.2852 	EXP 	unnamed Polygon: autoDraw = True
152.2876 	EXP 	unnamed Polygon: autoDraw = True
152.3020 	EXP 	unnamed Polygon: autoDraw = True
152.3065 	EXP 	unnamed Polygon: autoDraw = True
152.3185 	EXP 	unnamed Polygon: autoDraw = True
152.3208 	EXP 	unnamed Polygon: autoDraw = True
152.3354 	EXP 	unnamed Polygon: autoDraw = True
152.3376 	EXP 	unnamed Polygon: autoDraw = True
152.3528 	EXP 	unnamed Polygon: autoDraw = True
152.3734 	EXP 	unnamed Polygon: autoDraw = True
152.3872 	EXP 	unnamed Polygon: autoDraw = True
152.4027 	EXP 	unnamed Polygon: autoDraw = True
152.4068 	EXP 	unnamed Polygon: autoDraw = True
152.4197 	EXP 	unnamed Polygon: autoDraw = True
152.4366 	EXP 	unnamed Polygon: autoDraw = True
152.4518 	EXP 	unnamed Polygon: autoDraw = True
152.4559 	EXP 	unnamed Polygon: autoDraw = True
152.4694 	EXP 	unnamed Polygon: autoDraw = True
152.4731 	EXP 	unnamed Polygon: autoDraw = True
152.4853 	EXP 	unnamed Polygon: autoDraw = True
152.4873 	EXP 	unnamed Polygon: autoDraw = True
152.5023 	EXP 	unnamed Polygon: autoDraw = True
152.5097 	EXP 	unnamed Polygon: autoDraw = False
152.5122 	DATA 	Keypress: 1
153.8744 	EXP 	trial_feedback: height = 0.09
153.8744 	EXP 	trial_feedback: height = 0.09
153.8744 	EXP 	trial_feedback: height = 0.09
153.8744 	EXP 	trial_feedback: text = 'Miss!\n$0.00'
153.8744 	EXP 	trial_feedback: autoDraw = True
155.8733 	EXP 	trial_feedback: autoDraw = False
155.8733 	EXP 	exp_feedback: autoDraw = False
165.9430 	DATA 	Keypress: 1
166.0668 	EXP 	unnamed Polygon: autoDraw = True
166.0668 	EXP 	unnamed Polygon: autoDraw = True
166.0711 	EXP 	unnamed Polygon: autoDraw = True
166.0852 	EXP 	unnamed Polygon: autoDraw = True
166.0880 	EXP 	unnamed Polygon: autoDraw = True
166.1019 	EXP 	unnamed Polygon: autoDraw = True
166.1045 	EXP 	unnamed Polygon: autoDraw = True
166.1197 	EXP 	unnamed Polygon: autoDraw = True
166.1363 	EXP 	unnamed Polygon: autoDraw = True
166.1524 	EXP 	unnamed Polygon: autoDraw = True
166.1558 	EXP 	unnamed Polygon: autoDraw = True
166.1687 	EXP 	unnamed Polygon: autoDraw = True
166.1716 	EXP 	unnamed Polygon: autoDraw = True
166.1853 	EXP 	unnamed Polygon: autoDraw = True
166.1882 	EXP 	unnamed Polygon: autoDraw = True
166.2020 	EXP 	unnamed Polygon: autoDraw = True
166.2059 	EXP 	unnamed Polygon: autoDraw = True
166.2189 	EXP 	unnamed Polygon: autoDraw = True
166.2220 	EXP 	unnamed Polygon: autoDraw = True
166.2355 	EXP 	unnamed Polygon: autoDraw = True
166.2399 	EXP 	unnamed Polygon: autoDraw = True
166.2521 	EXP 	unnamed Polygon: autoDraw = True
166.2559 	EXP 	unnamed Polygon: autoDraw = True
166.2689 	EXP 	unnamed Polygon: autoDraw = True
166.2727 	EXP 	unnamed Polygon: autoDraw = True
166.2855 	EXP 	unnamed Polygon: autoDraw = True
166.2900 	EXP 	unnamed Polygon: autoDraw = True
166.3025 	EXP 	unnamed Polygon: autoDraw = True
166.3067 	EXP 	unnamed Polygon: autoDraw = True
166.3188 	EXP 	unnamed Polygon: autoDraw = True
166.3220 	EXP 	unnamed Polygon: autoDraw = True
166.3356 	EXP 	unnamed Polygon: autoDraw = True
166.3398 	EXP 	unnamed Polygon: autoDraw = True
166.3523 	EXP 	unnamed Polygon: autoDraw = True
166.3562 	DATA 	Keypress: 1
166.3609 	EXP 	unnamed Polygon: autoDraw = True
166.3688 	EXP 	unnamed Polygon: autoDraw = True
166.3720 	EXP 	unnamed Polygon: autoDraw = True
166.3856 	EXP 	unnamed Polygon: autoDraw = False
167.9224 	EXP 	trial_feedback: text = 'Miss!\n$0.00'
167.9224 	EXP 	trial_feedback: autoDraw = True
169.9223 	EXP 	trial_feedback: autoDraw = False
169.9353 	EXP 	trial_feedback: autoDraw = False
169.9353 	EXP 	exp_feedback: autoDraw = False
178.3645 	EXP 	unnamed Polygon: autoDraw = True
178.3645 	EXP 	unnamed Polygon: autoDraw = True
178.3664 	DATA 	Keypress: 1
178.3713 	EXP 	unnamed Polygon: autoDraw = True
178.3854 	EXP 	unnamed Polygon: autoDraw = True
178.3877 	EXP 	unnamed Polygon: autoDraw = True
178.4019 	EXP 	unnamed Polygon: autoDraw = True
178.4044 	EXP 	unnamed Polygon: autoDraw = True
178.4186 	EXP 	unnamed Polygon: autoDraw = True
178.4210 	EXP 	unnamed Polygon: autoDraw = True
178.4357 	EXP 	unnamed Polygon: autoDraw = True
178.4378 	EXP 	unnamed Polygon: autoDraw = True
178.4529 	EXP 	unnamed Polygon: autoDraw = True
178.4696 	EXP 	unnamed Polygon: autoDraw = True
178.4857 	EXP 	unnamed Polygon: autoDraw = True
178.4916 	EXP 	unnamed Polygon: autoDraw = True
178.5022 	EXP 	unnamed Polygon: autoDraw = True
178.5055 	EXP 	unnamed Polygon: autoDraw = True
178.5189 	EXP 	unnamed Polygon: autoDraw = True
178.5224 	EXP 	unnamed Polygon: autoDraw = True
178.5355 	EXP 	unnamed Polygon: autoDraw = True
178.5383 	EXP 	unnamed Polygon: autoDraw = True
178.5524 	EXP 	unnamed Polygon: autoDraw = True
178.5556 	EXP 	unnamed Polygon: autoDraw = True
178.5688 	EXP 	unnamed Polygon: autoDraw = True
178.5726 	EXP 	unnamed Polygon: autoDraw = True
178.5856 	EXP 	unnamed Polygon: autoDraw = True
178.5895 	EXP 	unnamed Polygon: autoDraw = True
178.6022 	EXP 	unnamed Polygon: autoDraw = True
178.6060 	EXP 	unnamed Polygon: autoDraw = True
178.6189 	EXP 	unnamed Polygon: autoDraw = True
178.6229 	EXP 	unnamed Polygon: autoDraw = True
178.6349 	EXP 	unnamed Polygon: autoDraw = True
178.6390 	EXP 	unnamed Polygon: autoDraw = True
178.6520 	EXP 	unnamed Polygon: autoDraw = False
180.2801 	EXP 	trial_feedback: height = 0.09
180.2801 	EXP 	trial_feedback: height = 0.09
180.2801 	EXP 	trial_feedback: height = 0.09
180.2801 	EXP 	trial_feedback: text = 'Hit!\n$0.00'
180.2801 	EXP 	trial_feedback: autoDraw = True
182.2738 	EXP 	trial_feedback: autoDraw = False
182.2738 	EXP 	exp_feedback: autoDraw = False
192.5626 	EXP 	unnamed Polygon: autoDraw = True
192.5626 	EXP 	unnamed Polygon: autoDraw = True
192.5687 	EXP 	unnamed Polygon: autoDraw = True
192.5712 	EXP 	unnamed Polygon: autoDraw = True
192.5853 	EXP 	unnamed Polygon: autoDraw = True
192.5895 	EXP 	unnamed Polygon: autoDraw = True
192.6032 	EXP 	unnamed Polygon: autoDraw = True
192.6199 	EXP 	unnamed Polygon: autoDraw = True
192.6358 	EXP 	unnamed Polygon: autoDraw = True
192.6401 	EXP 	unnamed Polygon: autoDraw = True
192.6522 	EXP 	unnamed Polygon: autoDraw = True
192.6561 	EXP 	unnamed Polygon: autoDraw = True
192.6690 	EXP 	unnamed Polygon: autoDraw = True
192.6731 	EXP 	unnamed Polygon: autoDraw = True
192.6860 	EXP 	unnamed Polygon: autoDraw = True
192.6896 	EXP 	unnamed Polygon: autoDraw = True
192.7023 	EXP 	unnamed Polygon: autoDraw = True
192.7056 	EXP 	unnamed Polygon: autoDraw = True
192.7192 	EXP 	unnamed Polygon: autoDraw = True
192.7229 	EXP 	unnamed Polygon: autoDraw = True
192.7357 	EXP 	unnamed Polygon: autoDraw = True
192.7396 	EXP 	unnamed Polygon: autoDraw = True
192.7523 	EXP 	unnamed Polygon: autoDraw = True
192.7559 	EXP 	unnamed Polygon: autoDraw = True
192.7690 	EXP 	unnamed Polygon: autoDraw = True
192.7732 	EXP 	unnamed Polygon: autoDraw = True
192.7855 	EXP 	unnamed Polygon: autoDraw = True
192.7894 	EXP 	unnamed Polygon: autoDraw = True
192.8022 	EXP 	unnamed Polygon: autoDraw = True
192.8067 	EXP 	unnamed Polygon: autoDraw = True
192.8190 	EXP 	unnamed Polygon: autoDraw = True
192.8233 	EXP 	unnamed Polygon: autoDraw = True
192.8356 	EXP 	unnamed Polygon: autoDraw = True
192.8399 	EXP 	unnamed Polygon: autoDraw = True
192.8522 	EXP 	unnamed Polygon: autoDraw = True
192.8565 	EXP 	unnamed Polygon: autoDraw = True
192.8688 	EXP 	unnamed Polygon: autoDraw = True
192.8731 	DATA 	Keypress: 1
192.8783 	EXP 	unnamed Polygon: autoDraw = True
192.8884 	EXP 	unnamed Polygon: autoDraw = False
194.3235 	EXP 	trial_feedback: text = 'Hit!\n$0.00'
194.3235 	EXP 	trial_feedback: autoDraw = True
196.3255 	EXP 	trial_feedback: autoDraw = False
196.3354 	EXP 	trial_feedback: autoDraw = False
196.3354 	EXP 	exp_feedback: autoDraw = False
206.6574 	EXP 	unnamed Polygon: autoDraw = True
206.6574 	EXP 	unnamed Polygon: autoDraw = True
206.6682 	EXP 	unnamed Polygon: autoDraw = True
206.6705 	EXP 	unnamed Polygon: autoDraw = True
206.6853 	EXP 	unnamed Polygon: autoDraw = True
206.6883 	EXP 	unnamed Polygon: autoDraw = True
206.7019 	EXP 	unnamed Polygon: autoDraw = True
206.7047 	EXP 	unnamed Polygon: autoDraw = True
206.7185 	EXP 	unnamed Polygon: autoDraw = True
206.7210 	EXP 	unnamed Polygon: autoDraw = True
206.7352 	EXP 	unnamed Polygon: autoDraw = True
206.7376 	EXP 	unnamed Polygon: autoDraw = True
206.7530 	EXP 	unnamed Polygon: autoDraw = True
206.7695 	EXP 	unnamed Polygon: autoDraw = True
206.7864 	EXP 	unnamed Polygon: autoDraw = True
206.8025 	EXP 	unnamed Polygon: autoDraw = True
206.8065 	EXP 	unnamed Polygon: autoDraw = True
206.8189 	EXP 	unnamed Polygon: autoDraw = True
206.8223 	EXP 	unnamed Polygon: autoDraw = True
206.8355 	EXP 	unnamed Polygon: autoDraw = True
206.8386 	EXP 	unnamed Polygon: autoDraw = True
206.8521 	EXP 	unnamed Polygon: autoDraw = True
206.8561 	EXP 	unnamed Polygon: autoDraw = True
206.8689 	EXP 	unnamed Polygon: autoDraw = True
206.8723 	EXP 	unnamed Polygon: autoDraw = True
206.8855 	EXP 	unnamed Polygon: autoDraw = True
206.8893 	EXP 	unnamed Polygon: autoDraw = True
206.9022 	EXP 	unnamed Polygon: autoDraw = True
206.9063 	EXP 	unnamed Polygon: autoDraw = True
206.9188 	EXP 	unnamed Polygon: autoDraw = True
206.9227 	EXP 	unnamed Polygon: autoDraw = True
206.9358 	EXP 	unnamed Polygon: autoDraw = True
206.9402 	EXP 	unnamed Polygon: autoDraw = True
206.9525 	EXP 	unnamed Polygon: autoDraw = True
206.9562 	DATA 	Keypress: 1
206.9615 	EXP 	unnamed Polygon: autoDraw = True
206.9688 	EXP 	unnamed Polygon: autoDraw = True
206.9716 	EXP 	unnamed Polygon: autoDraw = True
206.9854 	EXP 	unnamed Polygon: autoDraw = True
206.9929 	EXP 	unnamed Polygon: autoDraw = False
208.4354 	EXP 	trial_feedback: text = 'Hit!\n$0.00'
208.4354 	EXP 	trial_feedback: autoDraw = True
210.4218 	EXP 	trial_feedback: autoDraw = False
210.4395 	EXP 	trial_feedback: autoDraw = False
210.4395 	EXP 	exp_feedback: autoDraw = False
216.6837 	EXP 	unnamed Polygon: autoDraw = True
216.6837 	EXP 	unnamed Polygon: autoDraw = True
216.6881 	EXP 	unnamed Polygon: autoDraw = True
216.7019 	EXP 	unnamed Polygon: autoDraw = True
216.7057 	EXP 	unnamed Polygon: autoDraw = True
216.7191 	EXP 	unnamed Polygon: autoDraw = True
216.7217 	EXP 	unnamed Polygon: autoDraw = True
216.7363 	EXP 	unnamed Polygon: autoDraw = True
216.7529 	EXP 	unnamed Polygon: autoDraw = True
216.7691 	EXP 	unnamed Polygon: autoDraw = True
216.7732 	EXP 	unnamed Polygon: autoDraw = True
216.7855 	EXP 	unnamed Polygon: autoDraw = True
216.7889 	EXP 	unnamed Polygon: autoDraw = True
216.8021 	EXP 	unnamed Polygon: autoDraw = True
216.8052 	EXP 	unnamed Polygon: autoDraw = True
216.8186 	EXP 	unnamed Polygon: autoDraw = True
216.8216 	EXP 	unnamed Polygon: autoDraw = True
216.8354 	EXP 	unnamed Polygon: autoDraw = True
216.8386 	EXP 	unnamed Polygon: autoDraw = True
216.8520 	EXP 	unnamed Polygon: autoDraw = True
216.8558 	EXP 	unnamed Polygon: autoDraw = True
216.8689 	EXP 	unnamed Polygon: autoDraw = True
216.8732 	EXP 	unnamed Polygon: autoDraw = True
216.8852 	EXP 	unnamed Polygon: autoDraw = True
216.8883 	EXP 	unnamed Polygon: autoDraw = True
216.9021 	EXP 	unnamed Polygon: autoDraw = True
216.9057 	EXP 	unnamed Polygon: autoDraw = True
216.9187 	EXP 	unnamed Polygon: autoDraw = True
216.9223 	EXP 	unnamed Polygon: autoDraw = True
216.9353 	EXP 	unnamed Polygon: autoDraw = True
216.9384 	EXP 	unnamed Polygon: autoDraw = True
216.9524 	EXP 	unnamed Polygon: autoDraw = True
216.9562 	EXP 	unnamed Polygon: autoDraw = True
216.9688 	EXP 	unnamed Polygon: autoDraw = True
216.9729 	EXP 	unnamed Polygon: autoDraw = True
216.9854 	EXP 	unnamed Polygon: autoDraw = True
216.9893 	DATA 	Keypress: 1
216.9944 	EXP 	unnamed Polygon: autoDraw = True
217.0020 	EXP 	unnamed Polygon: autoDraw = True
217.0046 	EXP 	unnamed Polygon: autoDraw = True
217.0186 	EXP 	unnamed Polygon: autoDraw = True
217.0261 	EXP 	unnamed Polygon: autoDraw = False
218.5309 	EXP 	trial_feedback: height = 0.09
218.5309 	EXP 	trial_feedback: height = 0.09
218.5309 	EXP 	trial_feedback: height = 0.09
218.5309 	EXP 	trial_feedback: text = 'Hit!\n+$1.50'
218.5309 	EXP 	trial_feedback: autoDraw = True
220.5234 	EXP 	trial_feedback: autoDraw = False
220.5234 	EXP 	exp_feedback: autoDraw = False
230.6620 	EXP 	unnamed Polygon: autoDraw = True
230.6620 	EXP 	unnamed Polygon: autoDraw = True
230.6688 	EXP 	unnamed Polygon: autoDraw = True
230.6710 	EXP 	unnamed Polygon: autoDraw = True
230.6852 	EXP 	unnamed Polygon: autoDraw = True
230.6876 	EXP 	unnamed Polygon: autoDraw = True
230.7019 	EXP 	unnamed Polygon: autoDraw = True
230.7042 	EXP 	unnamed Polygon: autoDraw = True
230.7185 	EXP 	unnamed Polygon: autoDraw = True
230.7209 	EXP 	unnamed Polygon: autoDraw = True
230.7366 	EXP 	unnamed Polygon: autoDraw = True
230.7529 	EXP 	unnamed Polygon: autoDraw = True
230.7693 	EXP 	unnamed Polygon: autoDraw = True
230.7862 	EXP 	unnamed Polygon: autoDraw = True
230.8030 	EXP 	unnamed Polygon: autoDraw = True
230.8195 	EXP 	unnamed Polygon: autoDraw = True
230.8362 	EXP 	unnamed Polygon: autoDraw = True
230.8525 	EXP 	unnamed Polygon: autoDraw = True
230.8570 	EXP 	unnamed Polygon: autoDraw = True
230.8688 	EXP 	unnamed Polygon: autoDraw = True
230.8724 	EXP 	unnamed Polygon: autoDraw = True
230.8856 	EXP 	unnamed Polygon: autoDraw = True
230.8913 	EXP 	unnamed Polygon: autoDraw = True
230.9022 	EXP 	unnamed Polygon: autoDraw = True
230.9060 	EXP 	unnamed Polygon: autoDraw = True
230.9188 	EXP 	unnamed Polygon: autoDraw = True
230.9227 	EXP 	unnamed Polygon: autoDraw = True
230.9358 	EXP 	unnamed Polygon: autoDraw = True
230.9397 	DATA 	Keypress: 1
230.9452 	EXP 	unnamed Polygon: autoDraw = True
230.9520 	EXP 	unnamed Polygon: autoDraw = True
230.9551 	EXP 	unnamed Polygon: autoDraw = True
230.9689 	EXP 	unnamed Polygon: autoDraw = True
230.9743 	EXP 	unnamed Polygon: autoDraw = True
230.9857 	EXP 	unnamed Polygon: autoDraw = True
230.9919 	EXP 	unnamed Polygon: autoDraw = False
232.6280 	EXP 	trial_feedback: height = 0.09
232.6280 	EXP 	trial_feedback: height = 0.09
232.6280 	EXP 	trial_feedback: height = 0.09
232.6280 	EXP 	trial_feedback: text = 'Hit!\n$0.00'
232.6280 	EXP 	trial_feedback: autoDraw = True
234.6230 	EXP 	trial_feedback: autoDraw = False
234.6230 	EXP 	exp_feedback: autoDraw = False
242.7777 	EXP 	unnamed Polygon: autoDraw = True
242.7777 	EXP 	unnamed Polygon: autoDraw = True
242.7856 	EXP 	unnamed Polygon: autoDraw = True
242.7882 	EXP 	unnamed Polygon: autoDraw = True
242.8021 	EXP 	unnamed Polygon: autoDraw = True
242.8043 	EXP 	unnamed Polygon: autoDraw = True
242.8199 	EXP 	unnamed Polygon: autoDraw = True
242.8366 	EXP 	unnamed Polygon: autoDraw = True
242.8530 	EXP 	unnamed Polygon: autoDraw = True
242.8691 	EXP 	unnamed Polygon: autoDraw = True
242.8733 	EXP 	unnamed Polygon: autoDraw = True
242.8859 	EXP 	unnamed Polygon: autoDraw = True
242.8907 	EXP 	unnamed Polygon: autoDraw = True
242.9023 	EXP 	unnamed Polygon: autoDraw = True
242.9060 	EXP 	unnamed Polygon: autoDraw = True
242.9189 	EXP 	unnamed Polygon: autoDraw = True
242.9228 	EXP 	unnamed Polygon: autoDraw = True
242.9356 	EXP 	unnamed Polygon: autoDraw = True
242.9393 	EXP 	unnamed Polygon: autoDraw = True
242.9533 	EXP 	unnamed Polygon: autoDraw = True
242.9692 	EXP 	unnamed Polygon: autoDraw = True
242.9727 	EXP 	unnamed Polygon: autoDraw = True
242.9853 	EXP 	unnamed Polygon: autoDraw = True
242.9880 	EXP 	unnamed Polygon: autoDraw = True
243.0020 	EXP 	unnamed Polygon: autoDraw = True
243.0049 	EXP 	unnamed Polygon: autoDraw = True
243.0188 	EXP 	unnamed Polygon: autoDraw = True
243.0226 	EXP 	unnamed Polygon: autoDraw = True
243.0353 	EXP 	unnamed Polygon: autoDraw = True
243.0388 	EXP 	unnamed Polygon: autoDraw = True
243.0521 	EXP 	unnamed Polygon: autoDraw = True
243.0561 	EXP 	unnamed Polygon: autoDraw = True
243.0687 	EXP 	unnamed Polygon: autoDraw = True
243.0720 	EXP 	unnamed Polygon: autoDraw = True
243.0853 	EXP 	unnamed Polygon: autoDraw = True
243.0887 	EXP 	unnamed Polygon: autoDraw = True
243.1021 	EXP 	unnamed Polygon: autoDraw = True
243.1059 	EXP 	unnamed Polygon: autoDraw = True
243.1188 	EXP 	unnamed Polygon: autoDraw = True
243.1267 	DATA 	Keypress: 1
243.1312 	EXP 	unnamed Polygon: autoDraw = False
244.6413 	EXP 	trial_feedback: height = 0.09
244.6413 	EXP 	trial_feedback: height = 0.09
244.6413 	EXP 	trial_feedback: height = 0.09
244.6413 	EXP 	trial_feedback: text = 'Miss!\n-$5.00'
244.6413 	EXP 	trial_feedback: autoDraw = True
246.6388 	EXP 	trial_feedback: autoDraw = False
246.6521 	EXP 	trial_feedback: autoDraw = False
246.6521 	EXP 	exp_feedback: autoDraw = False
254.8506 	EXP 	unnamed Polygon: autoDraw = True
254.8506 	EXP 	unnamed Polygon: autoDraw = True
254.8547 	EXP 	unnamed Polygon: autoDraw = True
254.8687 	EXP 	unnamed Polygon: autoDraw = True
254.8718 	EXP 	unnamed Polygon: autoDraw = True
254.8865 	EXP 	unnamed Polygon: autoDraw = True
254.9031 	EXP 	unnamed Polygon: autoDraw = True
254.9193 	EXP 	unnamed Polygon: autoDraw = True
254.9231 	EXP 	unnamed Polygon: autoDraw = True
254.9355 	EXP 	unnamed Polygon: autoDraw = True
254.9382 	EXP 	unnamed Polygon: autoDraw = True
254.9521 	EXP 	unnamed Polygon: autoDraw = True
254.9554 	EXP 	unnamed Polygon: autoDraw = True
254.9687 	EXP 	unnamed Polygon: autoDraw = True
254.9720 	EXP 	unnamed Polygon: autoDraw = True
254.9855 	EXP 	unnamed Polygon: autoDraw = True
254.9893 	EXP 	unnamed Polygon: autoDraw = True
255.0020 	EXP 	unnamed Polygon: autoDraw = True
255.0048 	EXP 	unnamed Polygon: autoDraw = True
255.0190 	EXP 	unnamed Polygon: autoDraw = True
255.0229 	EXP 	unnamed Polygon: autoDraw = True
255.0359 	EXP 	unnamed Polygon: autoDraw = True
255.0396 	EXP 	unnamed Polygon: autoDraw = True
255.0520 	EXP 	unnamed Polygon: autoDraw = True
255.0580 	EXP 	unnamed Polygon: autoDraw = True
255.0685 	EXP 	unnamed Polygon: autoDraw = True
255.0705 	EXP 	unnamed Polygon: autoDraw = True
255.0852 	EXP 	unnamed Polygon: autoDraw = True
255.0873 	EXP 	unnamed Polygon: autoDraw = True
255.1025 	EXP 	unnamed Polygon: autoDraw = True
255.1060 	EXP 	unnamed Polygon: autoDraw = True
255.1187 	EXP 	unnamed Polygon: autoDraw = True
255.1212 	EXP 	unnamed Polygon: autoDraw = True
255.1353 	EXP 	unnamed Polygon: autoDraw = True
255.1382 	DATA 	Keypress: 1
255.1433 	EXP 	unnamed Polygon: autoDraw = True
255.1519 	EXP 	unnamed Polygon: autoDraw = True
255.1551 	EXP 	unnamed Polygon: autoDraw = True
255.1688 	EXP 	unnamed Polygon: autoDraw = True
255.1717 	EXP 	unnamed Polygon: autoDraw = True
255.1856 	EXP 	unnamed Polygon: autoDraw = True
255.1906 	EXP 	unnamed Polygon: autoDraw = True
255.2020 	EXP 	unnamed Polygon: autoDraw = True
255.2050 	EXP 	unnamed Polygon: autoDraw = True
255.2188 	EXP 	unnamed Polygon: autoDraw = True
255.2266 	EXP 	unnamed Polygon: autoDraw = False
256.7785 	EXP 	trial_feedback: height = 0.09
256.7785 	EXP 	trial_feedback: height = 0.09
256.7785 	EXP 	trial_feedback: height = 0.09
256.7785 	EXP 	trial_feedback: text = 'Hit!\n$0.00'
256.7785 	EXP 	trial_feedback: autoDraw = True
258.7732 	EXP 	trial_feedback: autoDraw = False
258.7732 	EXP 	exp_feedback: autoDraw = False
268.9218 	EXP 	unnamed Polygon: autoDraw = True
268.9218 	EXP 	unnamed Polygon: autoDraw = True
268.9353 	EXP 	unnamed Polygon: autoDraw = True
268.9384 	EXP 	unnamed Polygon: autoDraw = True
268.9520 	EXP 	unnamed Polygon: autoDraw = True
268.9563 	EXP 	unnamed Polygon: autoDraw = True
268.9692 	EXP 	unnamed Polygon: autoDraw = True
268.9716 	EXP 	unnamed Polygon: autoDraw = True
268.9853 	EXP 	unnamed Polygon: autoDraw = True
268.9879 	EXP 	unnamed Polygon: autoDraw = True
269.0031 	EXP 	unnamed Polygon: autoDraw = True
269.0196 	EXP 	unnamed Polygon: autoDraw = True
269.0357 	EXP 	unnamed Polygon: autoDraw = True
269.0394 	EXP 	unnamed Polygon: autoDraw = True
269.0519 	EXP 	unnamed Polygon: autoDraw = True
269.0547 	EXP 	unnamed Polygon: autoDraw = True
269.0687 	EXP 	unnamed Polygon: autoDraw = True
269.0716 	EXP 	unnamed Polygon: autoDraw = True
269.0857 	EXP 	unnamed Polygon: autoDraw = True
269.0901 	EXP 	unnamed Polygon: autoDraw = True
269.1022 	EXP 	unnamed Polygon: autoDraw = True
269.1058 	EXP 	unnamed Polygon: autoDraw = True
269.1188 	EXP 	unnamed Polygon: autoDraw = True
269.1228 	EXP 	unnamed Polygon: autoDraw = True
269.1354 	EXP 	unnamed Polygon: autoDraw = True
269.1389 	EXP 	unnamed Polygon: autoDraw = True
269.1520 	EXP 	unnamed Polygon: autoDraw = True
269.1552 	EXP 	unnamed Polygon: autoDraw = True
269.1687 	EXP 	unnamed Polygon: autoDraw = True
269.1717 	EXP 	unnamed Polygon: autoDraw = True
269.1854 	EXP 	unnamed Polygon: autoDraw = True
269.1893 	EXP 	unnamed Polygon: autoDraw = True
269.2020 	EXP 	unnamed Polygon: autoDraw = True
269.2052 	EXP 	unnamed Polygon: autoDraw = True
269.2187 	EXP 	unnamed Polygon: autoDraw = False
269.2387 	DATA 	Keypress: 1
270.7943 	EXP 	trial_feedback: height = 0.09
270.7943 	EXP 	trial_feedback: height = 0.09
270.7943 	EXP 	trial_feedback: height = 0.09
270.7943 	EXP 	trial_feedback: text = 'Miss!\n-$1.50'
270.7943 	EXP 	trial_feedback: autoDraw = True
272.7904 	EXP 	trial_feedback: autoDraw = False
272.7904 	EXP 	exp_feedback: autoDraw = False
278.9837 	EXP 	unnamed Polygon: autoDraw = True
278.9837 	EXP 	unnamed Polygon: autoDraw = True
278.9881 	EXP 	unnamed Polygon: autoDraw = True
279.0020 	EXP 	unnamed Polygon: autoDraw = True
279.0050 	EXP 	unnamed Polygon: autoDraw = True
279.0186 	EXP 	unnamed Polygon: autoDraw = True
279.0210 	EXP 	unnamed Polygon: autoDraw = True
279.0353 	EXP 	unnamed Polygon: autoDraw = True
279.0377 	EXP 	unnamed Polygon: autoDraw = True
279.0527 	EXP 	unnamed Polygon: autoDraw = True
279.0566 	EXP 	unnamed Polygon: autoDraw = True
279.0700 	EXP 	unnamed Polygon: autoDraw = True
279.0857 	EXP 	unnamed Polygon: autoDraw = True
279.0896 	EXP 	unnamed Polygon: autoDraw = True
279.1021 	EXP 	unnamed Polygon: autoDraw = True
279.1047 	EXP 	unnamed Polygon: autoDraw = True
279.1181 	EXP 	unnamed Polygon: autoDraw = True
279.1211 	EXP 	unnamed Polygon: autoDraw = True
279.1354 	EXP 	unnamed Polygon: autoDraw = True
279.1388 	EXP 	unnamed Polygon: autoDraw = True
279.1520 	EXP 	unnamed Polygon: autoDraw = True
279.1573 	EXP 	unnamed Polygon: autoDraw = True
279.1687 	EXP 	unnamed Polygon: autoDraw = True
279.1726 	EXP 	unnamed Polygon: autoDraw = True
279.1854 	EXP 	unnamed Polygon: autoDraw = True
279.1883 	EXP 	unnamed Polygon: autoDraw = True
279.2020 	EXP 	unnamed Polygon: autoDraw = True
279.2055 	EXP 	unnamed Polygon: autoDraw = True
279.2187 	EXP 	unnamed Polygon: autoDraw = True
279.2223 	EXP 	unnamed Polygon: autoDraw = True
279.2355 	EXP 	unnamed Polygon: autoDraw = True
279.2395 	EXP 	unnamed Polygon: autoDraw = True
279.2521 	EXP 	unnamed Polygon: autoDraw = True
279.2561 	EXP 	unnamed Polygon: autoDraw = True
279.2690 	EXP 	unnamed Polygon: autoDraw = True
279.2732 	EXP 	unnamed Polygon: autoDraw = True
279.2855 	EXP 	unnamed Polygon: autoDraw = True
279.2894 	EXP 	unnamed Polygon: autoDraw = True
279.3022 	EXP 	unnamed Polygon: autoDraw = True
279.3060 	EXP 	unnamed Polygon: autoDraw = True
279.3191 	EXP 	unnamed Polygon: autoDraw = True
279.3269 	DATA 	Keypress: 1
279.3316 	EXP 	unnamed Polygon: autoDraw = False
280.8122 	EXP 	trial_feedback: height = 0.09
280.8122 	EXP 	trial_feedback: height = 0.09
280.8122 	EXP 	trial_feedback: height = 0.09
280.8122 	EXP 	trial_feedback: text = 'Miss!\n-$0.00'
280.8122 	EXP 	trial_feedback: autoDraw = True
282.8056 	EXP 	trial_feedback: autoDraw = False
282.8188 	EXP 	trial_feedback: autoDraw = False
282.8188 	EXP 	exp_feedback: autoDraw = False
289.1020 	EXP 	unnamed Polygon: autoDraw = True
289.1020 	EXP 	unnamed Polygon: autoDraw = True
289.1047 	EXP 	unnamed Polygon: autoDraw = True
289.1187 	EXP 	unnamed Polygon: autoDraw = True
289.1216 	EXP 	unnamed Polygon: autoDraw = True
289.1353 	EXP 	unnamed Polygon: autoDraw = True
289.1375 	EXP 	unnamed Polygon: autoDraw = True
289.1519 	EXP 	unnamed Polygon: autoDraw = True
289.1544 	EXP 	unnamed Polygon: autoDraw = True
289.1687 	EXP 	unnamed Polygon: autoDraw = True
289.1717 	EXP 	unnamed Polygon: autoDraw = True
289.1853 	EXP 	unnamed Polygon: autoDraw = True
289.1883 	EXP 	unnamed Polygon: autoDraw = True
289.2022 	EXP 	unnamed Polygon: autoDraw = True
289.2060 	EXP 	unnamed Polygon: autoDraw = True
289.2188 	EXP 	unnamed Polygon: autoDraw = True
289.2226 	EXP 	unnamed Polygon: autoDraw = True
289.2354 	EXP 	unnamed Polygon: autoDraw = True
289.2387 	EXP 	unnamed Polygon: autoDraw = True
289.2522 	EXP 	unnamed Polygon: autoDraw = True
289.2557 	EXP 	unnamed Polygon: autoDraw = True
289.2688 	EXP 	unnamed Polygon: autoDraw = True
289.2723 	EXP 	unnamed Polygon: autoDraw = True
289.2855 	EXP 	unnamed Polygon: autoDraw = True
289.2896 	EXP 	unnamed Polygon: autoDraw = True
289.3025 	EXP 	unnamed Polygon: autoDraw = True
289.3070 	EXP 	unnamed Polygon: autoDraw = True
289.3189 	EXP 	unnamed Polygon: autoDraw = True
289.3222 	EXP 	unnamed Polygon: autoDraw = True
289.3355 	EXP 	unnamed Polygon: autoDraw = True
289.3394 	EXP 	unnamed Polygon: autoDraw = True
289.3521 	EXP 	unnamed Polygon: autoDraw = True
289.3554 	EXP 	unnamed Polygon: autoDraw = True
289.3687 	EXP 	unnamed Polygon: autoDraw = True
289.3716 	EXP 	unnamed Polygon: autoDraw = True
289.3857 	EXP 	unnamed Polygon: autoDraw = True
289.3899 	EXP 	unnamed Polygon: autoDraw = True
289.4022 	EXP 	unnamed Polygon: autoDraw = True
289.4066 	EXP 	unnamed Polygon: autoDraw = True
289.4188 	EXP 	unnamed Polygon: autoDraw = False
289.4385 	DATA 	Keypress: 1
290.8353 	EXP 	trial_feedback: height = 0.09
290.8353 	EXP 	trial_feedback: height = 0.09
290.8353 	EXP 	trial_feedback: height = 0.09
290.8353 	EXP 	trial_feedback: text = 'Miss!\n-$1.50'
290.8353 	EXP 	trial_feedback: autoDraw = True
292.8222 	EXP 	trial_feedback: autoDraw = False
292.8355 	EXP 	trial_feedback: autoDraw = False
292.8355 	EXP 	exp_feedback: autoDraw = False
303.0006 	EXP 	unnamed Polygon: autoDraw = True
303.0006 	EXP 	unnamed Polygon: autoDraw = True
303.0039 	EXP 	unnamed Polygon: autoDraw = True
303.0181 	EXP 	unnamed Polygon: autoDraw = True
303.0204 	EXP 	unnamed Polygon: autoDraw = True
303.0348 	EXP 	unnamed Polygon: autoDraw = True
303.0384 	EXP 	unnamed Polygon: autoDraw = True
303.0517 	EXP 	unnamed Polygon: autoDraw = True
303.0543 	EXP 	unnamed Polygon: autoDraw = True
303.0682 	EXP 	unnamed Polygon: autoDraw = True
303.0708 	EXP 	unnamed Polygon: autoDraw = True
303.0859 	EXP 	unnamed Polygon: autoDraw = True
303.1020 	EXP 	unnamed Polygon: autoDraw = True
303.1053 	EXP 	unnamed Polygon: autoDraw = True
303.1187 	EXP 	unnamed Polygon: autoDraw = True
303.1221 	EXP 	unnamed Polygon: autoDraw = True
303.1353 	EXP 	unnamed Polygon: autoDraw = True
303.1388 	EXP 	unnamed Polygon: autoDraw = True
303.1522 	EXP 	unnamed Polygon: autoDraw = True
303.1554 	EXP 	unnamed Polygon: autoDraw = True
303.1688 	EXP 	unnamed Polygon: autoDraw = True
303.1723 	EXP 	unnamed Polygon: autoDraw = True
303.1857 	EXP 	unnamed Polygon: autoDraw = True
303.1890 	EXP 	unnamed Polygon: autoDraw = True
303.2023 	EXP 	unnamed Polygon: autoDraw = True
303.2060 	EXP 	unnamed Polygon: autoDraw = True
303.2189 	EXP 	unnamed Polygon: autoDraw = True
303.2224 	EXP 	unnamed Polygon: autoDraw = True
303.2355 	EXP 	unnamed Polygon: autoDraw = True
303.2394 	EXP 	unnamed Polygon: autoDraw = True
303.2521 	EXP 	unnamed Polygon: autoDraw = True
303.2554 	EXP 	unnamed Polygon: autoDraw = True
303.2684 	EXP 	unnamed Polygon: autoDraw = True
303.2724 	EXP 	unnamed Polygon: autoDraw = True
303.2854 	EXP 	unnamed Polygon: autoDraw = True
303.2896 	EXP 	unnamed Polygon: autoDraw = True
303.3019 	EXP 	unnamed Polygon: autoDraw = True
303.3060 	DATA 	Keypress: 1
303.3112 	EXP 	unnamed Polygon: autoDraw = True
303.3188 	EXP 	unnamed Polygon: autoDraw = True
303.3263 	EXP 	unnamed Polygon: autoDraw = False
304.9112 	EXP 	trial_feedback: height = 0.09
304.9112 	EXP 	trial_feedback: height = 0.09
304.9112 	EXP 	trial_feedback: height = 0.09
304.9112 	EXP 	trial_feedback: text = 'Hit!\n+$1.50'
304.9112 	EXP 	trial_feedback: autoDraw = True
306.9016 	EXP 	trial_feedback: autoDraw = False
306.9187 	EXP 	trial_feedback: autoDraw = False
306.9187 	EXP 	exp_feedback: autoDraw = False
315.1019 	EXP 	unnamed Polygon: autoDraw = True
315.1019 	EXP 	unnamed Polygon: autoDraw = True
315.1050 	EXP 	unnamed Polygon: autoDraw = True
315.1186 	EXP 	unnamed Polygon: autoDraw = True
315.1212 	EXP 	unnamed Polygon: autoDraw = True
315.1353 	EXP 	unnamed Polygon: autoDraw = True
315.1376 	EXP 	unnamed Polygon: autoDraw = True
315.1520 	EXP 	unnamed Polygon: autoDraw = True
315.1543 	EXP 	unnamed Polygon: autoDraw = True
315.1700 	EXP 	unnamed Polygon: autoDraw = True
315.1858 	EXP 	unnamed Polygon: autoDraw = True
315.1881 	EXP 	unnamed Polygon: autoDraw = True
315.2029 	EXP 	unnamed Polygon: autoDraw = True
315.2198 	EXP 	unnamed Polygon: autoDraw = True
315.2359 	EXP 	unnamed Polygon: autoDraw = True
315.2402 	EXP 	unnamed Polygon: autoDraw = True
315.2522 	EXP 	unnamed Polygon: autoDraw = True
315.2553 	EXP 	unnamed Polygon: autoDraw = True
315.2689 	EXP 	unnamed Polygon: autoDraw = True
315.2725 	EXP 	unnamed Polygon: autoDraw = True
315.2855 	EXP 	unnamed Polygon: autoDraw = True
315.2889 	EXP 	unnamed Polygon: autoDraw = True
315.3021 	EXP 	unnamed Polygon: autoDraw = True
315.3051 	EXP 	unnamed Polygon: autoDraw = True
315.3187 	EXP 	unnamed Polygon: autoDraw = True
315.3221 	EXP 	unnamed Polygon: autoDraw = True
315.3355 	EXP 	unnamed Polygon: autoDraw = True
315.3383 	EXP 	unnamed Polygon: autoDraw = True
315.3521 	EXP 	unnamed Polygon: autoDraw = True
315.3550 	EXP 	unnamed Polygon: autoDraw = True
315.3688 	EXP 	unnamed Polygon: autoDraw = True
315.3720 	EXP 	unnamed Polygon: autoDraw = True
315.3857 	EXP 	unnamed Polygon: autoDraw = True
315.3894 	EXP 	unnamed Polygon: autoDraw = True
315.4022 	EXP 	unnamed Polygon: autoDraw = True
315.4058 	DATA 	Keypress: 1
315.4109 	EXP 	unnamed Polygon: autoDraw = True
315.4190 	EXP 	unnamed Polygon: autoDraw = True
315.4224 	EXP 	unnamed Polygon: autoDraw = True
315.4353 	EXP 	unnamed Polygon: autoDraw = True
315.4390 	EXP 	unnamed Polygon: autoDraw = True
315.4521 	EXP 	unnamed Polygon: autoDraw = True
315.4623 	EXP 	unnamed Polygon: autoDraw = False
316.9943 	EXP 	trial_feedback: height = 0.09
316.9943 	EXP 	trial_feedback: height = 0.09
316.9943 	EXP 	trial_feedback: height = 0.09
316.9943 	EXP 	trial_feedback: text = 'Hit!\n$0.00'
316.9943 	EXP 	trial_feedback: autoDraw = True
318.9887 	EXP 	trial_feedback: autoDraw = False
319.0024 	EXP 	trial_feedback: autoDraw = False
319.0024 	EXP 	exp_feedback: autoDraw = False
325.2217 	EXP 	unnamed Polygon: autoDraw = True
325.2217 	EXP 	unnamed Polygon: autoDraw = True
325.2354 	EXP 	unnamed Polygon: autoDraw = True
325.2379 	EXP 	unnamed Polygon: autoDraw = True
325.2520 	EXP 	unnamed Polygon: autoDraw = True
325.2545 	EXP 	unnamed Polygon: autoDraw = True
325.2687 	EXP 	unnamed Polygon: autoDraw = True
325.2712 	EXP 	unnamed Polygon: autoDraw = True
325.2860 	EXP 	unnamed Polygon: autoDraw = True
325.2882 	EXP 	unnamed Polygon: autoDraw = True
325.3022 	EXP 	unnamed Polygon: autoDraw = True
325.3058 	EXP 	unnamed Polygon: autoDraw = True
325.3196 	EXP 	unnamed Polygon: autoDraw = True
325.3365 	EXP 	unnamed Polygon: autoDraw = True
325.3528 	EXP 	unnamed Polygon: autoDraw = True
325.3566 	EXP 	unnamed Polygon: autoDraw = True
325.3687 	EXP 	unnamed Polygon: autoDraw = True
325.3715 	EXP 	unnamed Polygon: autoDraw = True
325.3856 	EXP 	unnamed Polygon: autoDraw = True
325.3884 	EXP 	unnamed Polygon: autoDraw = True
325.4022 	EXP 	unnamed Polygon: autoDraw = True
325.4053 	EXP 	unnamed Polygon: autoDraw = True
325.4188 	EXP 	unnamed Polygon: autoDraw = True
325.4227 	EXP 	unnamed Polygon: autoDraw = True
325.4356 	EXP 	unnamed Polygon: autoDraw = True
325.4393 	EXP 	unnamed Polygon: autoDraw = True
325.4523 	EXP 	unnamed Polygon: autoDraw = True
325.4565 	EXP 	unnamed Polygon: autoDraw = True
325.4688 	EXP 	unnamed Polygon: autoDraw = True
325.4717 	EXP 	unnamed Polygon: autoDraw = True
325.4854 	EXP 	unnamed Polygon: autoDraw = True
325.4881 	EXP 	unnamed Polygon: autoDraw = True
325.5023 	EXP 	unnamed Polygon: autoDraw = True
325.5053 	EXP 	unnamed Polygon: autoDraw = True
325.5189 	EXP 	unnamed Polygon: autoDraw = True
325.5227 	DATA 	Keypress: 1
325.5270 	EXP 	unnamed Polygon: autoDraw = True
325.5355 	EXP 	unnamed Polygon: autoDraw = True
325.5387 	EXP 	unnamed Polygon: autoDraw = True
325.5521 	EXP 	unnamed Polygon: autoDraw = True
325.5590 	EXP 	unnamed Polygon: autoDraw = False
327.0629 	EXP 	trial_feedback: height = 0.09
327.0629 	EXP 	trial_feedback: height = 0.09
327.0629 	EXP 	trial_feedback: height = 0.09
327.0629 	EXP 	trial_feedback: text = 'Hit!\n+$1.50'
327.0629 	EXP 	trial_feedback: autoDraw = True
329.0524 	EXP 	trial_feedback: autoDraw = False
329.0572 	EXP 	trial_feedback: autoDraw = False
329.0572 	EXP 	exp_feedback: autoDraw = False
337.2558 	DATA 	Keypress: 1
337.5553 	EXP 	unnamed Polygon: autoDraw = True
337.5553 	EXP 	unnamed Polygon: autoDraw = True
337.5687 	EXP 	unnamed Polygon: autoDraw = True
337.5712 	EXP 	unnamed Polygon: autoDraw = True
337.5853 	EXP 	unnamed Polygon: autoDraw = True
337.5883 	EXP 	unnamed Polygon: autoDraw = True
337.6029 	EXP 	unnamed Polygon: autoDraw = True
337.6049 	EXP 	unnamed Polygon: autoDraw = True
337.6197 	EXP 	unnamed Polygon: autoDraw = True
337.6361 	EXP 	unnamed Polygon: autoDraw = True
337.6400 	EXP 	unnamed Polygon: autoDraw = True
337.6521 	EXP 	unnamed Polygon: autoDraw = True
337.6556 	EXP 	unnamed Polygon: autoDraw = True
337.6688 	EXP 	unnamed Polygon: autoDraw = True
337.6721 	DATA 	Keypress: 1
337.6766 	EXP 	unnamed Polygon: autoDraw = True
337.6856 	EXP 	unnamed Polygon: autoDraw = True
337.6894 	EXP 	unnamed Polygon: autoDraw = True
337.7024 	EXP 	unnamed Polygon: autoDraw = True
337.7062 	EXP 	unnamed Polygon: autoDraw = True
337.7189 	EXP 	unnamed Polygon: autoDraw = True
337.7216 	EXP 	unnamed Polygon: autoDraw = True
337.7355 	EXP 	unnamed Polygon: autoDraw = True
337.7389 	EXP 	unnamed Polygon: autoDraw = True
337.7521 	EXP 	unnamed Polygon: autoDraw = True
337.7552 	EXP 	unnamed Polygon: autoDraw = True
337.7688 	EXP 	unnamed Polygon: autoDraw = True
337.7714 	EXP 	unnamed Polygon: autoDraw = True
337.7855 	EXP 	unnamed Polygon: autoDraw = True
337.7882 	EXP 	unnamed Polygon: autoDraw = True
337.8022 	EXP 	unnamed Polygon: autoDraw = True
337.8074 	EXP 	unnamed Polygon: autoDraw = True
337.8189 	EXP 	unnamed Polygon: autoDraw = True
337.8222 	EXP 	unnamed Polygon: autoDraw = True
337.8353 	EXP 	unnamed Polygon: autoDraw = True
337.8399 	EXP 	unnamed Polygon: autoDraw = True
337.8522 	EXP 	unnamed Polygon: autoDraw = True
337.8557 	EXP 	unnamed Polygon: autoDraw = True
337.8686 	EXP 	unnamed Polygon: autoDraw = True
337.8719 	EXP 	unnamed Polygon: autoDraw = True
337.8857 	EXP 	unnamed Polygon: autoDraw = True
337.8901 	EXP 	unnamed Polygon: autoDraw = True
337.9018 	EXP 	unnamed Polygon: autoDraw = True
337.9050 	EXP 	unnamed Polygon: autoDraw = True
337.9189 	EXP 	unnamed Polygon: autoDraw = True
337.9226 	EXP 	unnamed Polygon: autoDraw = True
337.9359 	EXP 	unnamed Polygon: autoDraw = True
337.9397 	EXP 	unnamed Polygon: autoDraw = True
337.9521 	EXP 	unnamed Polygon: autoDraw = False
339.3688 	EXP 	trial_feedback: height = 0.09
339.3688 	EXP 	trial_feedback: height = 0.09
339.3688 	EXP 	trial_feedback: height = 0.09
339.3688 	EXP 	trial_feedback: text = 'Miss!\n-$5.00'
339.3688 	EXP 	trial_feedback: autoDraw = True
341.3560 	EXP 	trial_feedback: autoDraw = False
341.3681 	EXP 	trial_feedback: autoDraw = False
341.3681 	EXP 	exp_feedback: autoDraw = False
347.4767 	EXP 	unnamed Polygon: autoDraw = True
347.4767 	EXP 	unnamed Polygon: autoDraw = True
347.4855 	EXP 	unnamed Polygon: autoDraw = True
347.4882 	EXP 	unnamed Polygon: autoDraw = True
347.5021 	EXP 	unnamed Polygon: autoDraw = True
347.5049 	EXP 	unnamed Polygon: autoDraw = True
347.5187 	EXP 	unnamed Polygon: autoDraw = True
347.5216 	EXP 	unnamed Polygon: autoDraw = True
347.5354 	EXP 	unnamed Polygon: autoDraw = True
347.5379 	EXP 	unnamed Polygon: autoDraw = True
347.5520 	EXP 	unnamed Polygon: autoDraw = True
347.5550 	EXP 	unnamed Polygon: autoDraw = True
347.5688 	EXP 	unnamed Polygon: autoDraw = True
347.5713 	EXP 	unnamed Polygon: autoDraw = True
347.5862 	EXP 	unnamed Polygon: autoDraw = True
347.6024 	EXP 	unnamed Polygon: autoDraw = True
347.6056 	EXP 	unnamed Polygon: autoDraw = True
347.6188 	EXP 	unnamed Polygon: autoDraw = True
347.6216 	EXP 	unnamed Polygon: autoDraw = True
347.6354 	EXP 	unnamed Polygon: autoDraw = True
347.6380 	EXP 	unnamed Polygon: autoDraw = True
347.6521 	EXP 	unnamed Polygon: autoDraw = True
347.6549 	EXP 	unnamed Polygon: autoDraw = True
347.6688 	EXP 	unnamed Polygon: autoDraw = True
347.6727 	EXP 	unnamed Polygon: autoDraw = True
347.6855 	EXP 	unnamed Polygon: autoDraw = True
347.6893 	EXP 	unnamed Polygon: autoDraw = True
347.7027 	EXP 	unnamed Polygon: autoDraw = True
347.7066 	EXP 	unnamed Polygon: autoDraw = True
347.7192 	EXP 	unnamed Polygon: autoDraw = True
347.7226 	EXP 	unnamed Polygon: autoDraw = True
347.7354 	EXP 	unnamed Polygon: autoDraw = True
347.7382 	EXP 	unnamed Polygon: autoDraw = True
347.7523 	EXP 	unnamed Polygon: autoDraw = True
347.7560 	EXP 	unnamed Polygon: autoDraw = True
347.7688 	EXP 	unnamed Polygon: autoDraw = True
347.7728 	EXP 	unnamed Polygon: autoDraw = True
347.7854 	EXP 	unnamed Polygon: autoDraw = True
347.7885 	EXP 	unnamed Polygon: autoDraw = True
347.8023 	EXP 	unnamed Polygon: autoDraw = True
347.8056 	EXP 	unnamed Polygon: autoDraw = True
347.8189 	EXP 	unnamed Polygon: autoDraw = True
347.8229 	EXP 	unnamed Polygon: autoDraw = True
347.8356 	EXP 	unnamed Polygon: autoDraw = True
347.8395 	EXP 	unnamed Polygon: autoDraw = True
347.8433 	DATA 	Keypress: 1
347.8521 	EXP 	unnamed Polygon: autoDraw = True
347.8546 	EXP 	unnamed Polygon: autoDraw = True
347.8687 	EXP 	unnamed Polygon: autoDraw = True
347.8713 	EXP 	unnamed Polygon: autoDraw = True
347.8855 	EXP 	unnamed Polygon: autoDraw = True
347.8949 	EXP 	unnamed Polygon: autoDraw = False
349.4625 	EXP 	trial_feedback: height = 0.09
349.4625 	EXP 	trial_feedback: height = 0.09
349.4625 	EXP 	trial_feedback: height = 0.09
349.4625 	EXP 	trial_feedback: text = 'Hit!\n$0.00'
349.4625 	EXP 	trial_feedback: autoDraw = True
351.4552 	EXP 	trial_feedback: autoDraw = False
351.4689 	EXP 	trial_feedback: autoDraw = False
351.4689 	EXP 	exp_feedback: autoDraw = False
359.5338 	EXP 	unnamed Polygon: autoDraw = True
359.5338 	EXP 	unnamed Polygon: autoDraw = True
359.5381 	EXP 	unnamed Polygon: autoDraw = True
359.5522 	EXP 	unnamed Polygon: autoDraw = True
359.5560 	EXP 	unnamed Polygon: autoDraw = True
359.5692 	EXP 	unnamed Polygon: autoDraw = True
359.5726 	EXP 	unnamed Polygon: autoDraw = True
359.5855 	EXP 	unnamed Polygon: autoDraw = True
359.5882 	EXP 	unnamed Polygon: autoDraw = True
359.6021 	EXP 	unnamed Polygon: autoDraw = True
359.6052 	EXP 	unnamed Polygon: autoDraw = True
359.6190 	EXP 	unnamed Polygon: autoDraw = True
359.6233 	EXP 	unnamed Polygon: autoDraw = True
359.6356 	EXP 	unnamed Polygon: autoDraw = True
359.6397 	EXP 	unnamed Polygon: autoDraw = True
359.6522 	EXP 	unnamed Polygon: autoDraw = True
359.6554 	EXP 	unnamed Polygon: autoDraw = True
359.6688 	EXP 	unnamed Polygon: autoDraw = True
359.6727 	EXP 	unnamed Polygon: autoDraw = True
359.6855 	EXP 	unnamed Polygon: autoDraw = True
359.6889 	EXP 	unnamed Polygon: autoDraw = True
359.7023 	EXP 	unnamed Polygon: autoDraw = True
359.7064 	EXP 	unnamed Polygon: autoDraw = True
359.7192 	EXP 	unnamed Polygon: autoDraw = True
359.7237 	EXP 	unnamed Polygon: autoDraw = True
359.7358 	EXP 	unnamed Polygon: autoDraw = True
359.7403 	EXP 	unnamed Polygon: autoDraw = True
359.7527 	EXP 	unnamed Polygon: autoDraw = True
359.7572 	EXP 	unnamed Polygon: autoDraw = True
359.7692 	EXP 	unnamed Polygon: autoDraw = True
359.7733 	EXP 	unnamed Polygon: autoDraw = True
359.7856 	EXP 	unnamed Polygon: autoDraw = True
359.7896 	EXP 	unnamed Polygon: autoDraw = True
359.8017 	EXP 	unnamed Polygon: autoDraw = True
359.8055 	EXP 	unnamed Polygon: autoDraw = True
359.8191 	EXP 	unnamed Polygon: autoDraw = True
359.8235 	EXP 	unnamed Polygon: autoDraw = True
359.8350 	EXP 	unnamed Polygon: autoDraw = True
359.8391 	EXP 	unnamed Polygon: autoDraw = True
359.8517 	EXP 	unnamed Polygon: autoDraw = False
359.8542 	DATA 	Keypress: 1
361.4783 	EXP 	trial_feedback: height = 0.09
361.4783 	EXP 	trial_feedback: height = 0.09
361.4783 	EXP 	trial_feedback: height = 0.09
361.4783 	EXP 	trial_feedback: text = 'Miss!\n$0.00'
361.4783 	EXP 	trial_feedback: autoDraw = True
363.4744 	EXP 	trial_feedback: autoDraw = False
363.4744 	EXP 	exp_feedback: autoDraw = False
369.5006 	EXP 	unnamed Polygon: autoDraw = True
369.5006 	EXP 	unnamed Polygon: autoDraw = True
369.5039 	EXP 	unnamed Polygon: autoDraw = True
369.5188 	EXP 	unnamed Polygon: autoDraw = True
369.5214 	EXP 	unnamed Polygon: autoDraw = True
369.5354 	EXP 	unnamed Polygon: autoDraw = True
369.5379 	EXP 	unnamed Polygon: autoDraw = True
369.5532 	EXP 	unnamed Polygon: autoDraw = True
369.5698 	EXP 	unnamed Polygon: autoDraw = True
369.5860 	EXP 	unnamed Polygon: autoDraw = True
369.5900 	EXP 	unnamed Polygon: autoDraw = True
369.6021 	EXP 	unnamed Polygon: autoDraw = True
369.6058 	EXP 	unnamed Polygon: autoDraw = True
369.6189 	EXP 	unnamed Polygon: autoDraw = True
369.6213 	EXP 	unnamed Polygon: autoDraw = True
369.6355 	EXP 	unnamed Polygon: autoDraw = True
369.6380 	EXP 	unnamed Polygon: autoDraw = True
369.6521 	EXP 	unnamed Polygon: autoDraw = True
369.6550 	EXP 	unnamed Polygon: autoDraw = True
369.6688 	EXP 	unnamed Polygon: autoDraw = True
369.6718 	EXP 	unnamed Polygon: autoDraw = True
369.6854 	EXP 	unnamed Polygon: autoDraw = True
369.6885 	EXP 	unnamed Polygon: autoDraw = True
369.7018 	EXP 	unnamed Polygon: autoDraw = True
369.7052 	EXP 	unnamed Polygon: autoDraw = True
369.7189 	EXP 	unnamed Polygon: autoDraw = True
369.7220 	EXP 	unnamed Polygon: autoDraw = True
369.7353 	EXP 	unnamed Polygon: autoDraw = True
369.7387 	EXP 	unnamed Polygon: autoDraw = True
369.7523 	EXP 	unnamed Polygon: autoDraw = True
369.7555 	EXP 	unnamed Polygon: autoDraw = True
369.7687 	EXP 	unnamed Polygon: autoDraw = True
369.7720 	EXP 	unnamed Polygon: autoDraw = True
369.7857 	EXP 	unnamed Polygon: autoDraw = True
369.7889 	EXP 	unnamed Polygon: autoDraw = True
369.8020 	EXP 	unnamed Polygon: autoDraw = True
369.8057 	DATA 	Keypress: 1
369.8109 	EXP 	unnamed Polygon: autoDraw = True
369.8190 	EXP 	unnamed Polygon: autoDraw = True
369.8218 	EXP 	unnamed Polygon: autoDraw = True
369.8356 	EXP 	unnamed Polygon: autoDraw = True
369.8433 	EXP 	unnamed Polygon: autoDraw = False
371.5459 	EXP 	trial_feedback: height = 0.09
371.5459 	EXP 	trial_feedback: height = 0.09
371.5459 	EXP 	trial_feedback: height = 0.09
371.5459 	EXP 	trial_feedback: text = 'Hit!\n$0.00'
371.5459 	EXP 	trial_feedback: autoDraw = True
373.5361 	EXP 	trial_feedback: autoDraw = False
373.5409 	EXP 	trial_feedback: autoDraw = False
373.5409 	EXP 	exp_feedback: autoDraw = False
379.6172 	EXP 	unnamed Polygon: autoDraw = True
379.6172 	EXP 	unnamed Polygon: autoDraw = True
379.6219 	EXP 	unnamed Polygon: autoDraw = True
379.6355 	EXP 	unnamed Polygon: autoDraw = True
379.6383 	EXP 	unnamed Polygon: autoDraw = True
379.6524 	EXP 	unnamed Polygon: autoDraw = True
379.6559 	EXP 	unnamed Polygon: autoDraw = True
379.6691 	EXP 	unnamed Polygon: autoDraw = True
379.6726 	EXP 	unnamed Polygon: autoDraw = True
379.6855 	EXP 	unnamed Polygon: autoDraw = True
379.6882 	EXP 	unnamed Polygon: autoDraw = True
379.7021 	EXP 	unnamed Polygon: autoDraw = True
379.7050 	EXP 	unnamed Polygon: autoDraw = True
379.7190 	EXP 	unnamed Polygon: autoDraw = True
379.7230 	EXP 	unnamed Polygon: autoDraw = True
379.7356 	EXP 	unnamed Polygon: autoDraw = True
379.7389 	EXP 	unnamed Polygon: autoDraw = True
379.7522 	EXP 	unnamed Polygon: autoDraw = True
379.7555 	EXP 	unnamed Polygon: autoDraw = True
379.7688 	EXP 	unnamed Polygon: autoDraw = True
379.7726 	EXP 	unnamed Polygon: autoDraw = True
379.7855 	EXP 	unnamed Polygon: autoDraw = True
379.7885 	EXP 	unnamed Polygon: autoDraw = True
379.8017 	EXP 	unnamed Polygon: autoDraw = True
379.8049 	EXP 	unnamed Polygon: autoDraw = True
379.8192 	EXP 	unnamed Polygon: autoDraw = True
379.8232 	EXP 	unnamed Polygon: autoDraw = True
379.8351 	EXP 	unnamed Polygon: autoDraw = True
379.8386 	EXP 	unnamed Polygon: autoDraw = True
379.8524 	EXP 	unnamed Polygon: autoDraw = True
379.8566 	EXP 	unnamed Polygon: autoDraw = True
379.8687 	EXP 	unnamed Polygon: autoDraw = True
379.8719 	EXP 	unnamed Polygon: autoDraw = True
379.8858 	EXP 	unnamed Polygon: autoDraw = True
379.8904 	EXP 	unnamed Polygon: autoDraw = True
379.9026 	EXP 	unnamed Polygon: autoDraw = True
379.9074 	EXP 	unnamed Polygon: autoDraw = True
379.9190 	EXP 	unnamed Polygon: autoDraw = True
379.9228 	DATA 	Keypress: 1
379.9278 	EXP 	unnamed Polygon: autoDraw = True
379.9356 	EXP 	unnamed Polygon: autoDraw = True
379.9382 	EXP 	unnamed Polygon: autoDraw = True
379.9522 	EXP 	unnamed Polygon: autoDraw = True
379.9595 	EXP 	unnamed Polygon: autoDraw = False
381.6231 	EXP 	trial_feedback: text = 'Hit!\n$0.00'
381.6231 	EXP 	trial_feedback: autoDraw = True
383.6229 	EXP 	trial_feedback: autoDraw = False
383.6357 	EXP 	trial_feedback: autoDraw = False
383.6357 	EXP 	exp_feedback: autoDraw = False
391.9549 	DATA 	Keypress: 1
392.0386 	EXP 	unnamed Polygon: autoDraw = True
392.0386 	EXP 	unnamed Polygon: autoDraw = True
392.0521 	EXP 	unnamed Polygon: autoDraw = True
392.0546 	EXP 	unnamed Polygon: autoDraw = True
392.0688 	EXP 	unnamed Polygon: autoDraw = True
392.0714 	EXP 	unnamed Polygon: autoDraw = True
392.0857 	EXP 	unnamed Polygon: autoDraw = True
392.0891 	EXP 	unnamed Polygon: autoDraw = True
392.1023 	EXP 	unnamed Polygon: autoDraw = True
392.1054 	EXP 	unnamed Polygon: autoDraw = True
392.1189 	EXP 	unnamed Polygon: autoDraw = True
392.1215 	EXP 	unnamed Polygon: autoDraw = True
392.1355 	EXP 	unnamed Polygon: autoDraw = True
392.1391 	EXP 	unnamed Polygon: autoDraw = True
392.1523 	EXP 	unnamed Polygon: autoDraw = True
392.1562 	EXP 	unnamed Polygon: autoDraw = True
392.1688 	EXP 	unnamed Polygon: autoDraw = True
392.1721 	EXP 	unnamed Polygon: autoDraw = True
392.1856 	EXP 	unnamed Polygon: autoDraw = True
392.1896 	EXP 	unnamed Polygon: autoDraw = True
392.2023 	EXP 	unnamed Polygon: autoDraw = True
392.2055 	EXP 	unnamed Polygon: autoDraw = True
392.2192 	EXP 	unnamed Polygon: autoDraw = True
392.2236 	EXP 	unnamed Polygon: autoDraw = True
392.2356 	EXP 	unnamed Polygon: autoDraw = True
392.2389 	EXP 	unnamed Polygon: autoDraw = True
392.2523 	EXP 	unnamed Polygon: autoDraw = True
392.2555 	EXP 	unnamed Polygon: autoDraw = True
392.2689 	EXP 	unnamed Polygon: autoDraw = True
392.2725 	EXP 	unnamed Polygon: autoDraw = True
392.2855 	EXP 	unnamed Polygon: autoDraw = True
392.2882 	EXP 	unnamed Polygon: autoDraw = True
392.3023 	EXP 	unnamed Polygon: autoDraw = True
392.3056 	EXP 	unnamed Polygon: autoDraw = True
392.3190 	EXP 	unnamed Polygon: autoDraw = True
392.3224 	EXP 	unnamed Polygon: autoDraw = True
392.3356 	EXP 	unnamed Polygon: autoDraw = True
392.3392 	EXP 	unnamed Polygon: autoDraw = True
392.3522 	EXP 	unnamed Polygon: autoDraw = True
392.3557 	DATA 	Keypress: 1
392.3598 	EXP 	unnamed Polygon: autoDraw = True
392.3688 	EXP 	unnamed Polygon: autoDraw = True
392.3714 	EXP 	unnamed Polygon: autoDraw = True
392.3857 	EXP 	unnamed Polygon: autoDraw = True
392.3893 	EXP 	unnamed Polygon: autoDraw = True
392.4025 	EXP 	unnamed Polygon: autoDraw = True
392.4108 	EXP 	unnamed Polygon: autoDraw = False
393.7132 	EXP 	trial_feedback: height = 0.09
393.7132 	EXP 	trial_feedback: height = 0.09
393.7132 	EXP 	trial_feedback: height = 0.09
393.7132 	EXP 	trial_feedback: text = 'Miss!\n-$0.00'
393.7132 	EXP 	trial_feedback: autoDraw = True
395.7054 	EXP 	trial_feedback: autoDraw = False
395.7191 	EXP 	trial_feedback: autoDraw = False
395.7191 	EXP 	exp_feedback: autoDraw = False
401.7677 	EXP 	unnamed Polygon: autoDraw = True
401.7677 	EXP 	unnamed Polygon: autoDraw = True
401.7714 	EXP 	unnamed Polygon: autoDraw = True
401.7854 	EXP 	unnamed Polygon: autoDraw = True
401.7886 	EXP 	unnamed Polygon: autoDraw = True
401.8022 	EXP 	unnamed Polygon: autoDraw = True
401.8053 	EXP 	unnamed Polygon: autoDraw = True
401.8188 	EXP 	unnamed Polygon: autoDraw = True
401.8219 	EXP 	unnamed Polygon: autoDraw = True
401.8354 	EXP 	unnamed Polygon: autoDraw = True
401.8377 	EXP 	unnamed Polygon: autoDraw = True
401.8522 	EXP 	unnamed Polygon: autoDraw = True
401.8545 	EXP 	unnamed Polygon: autoDraw = True
401.8688 	EXP 	unnamed Polygon: autoDraw = True
401.8712 	EXP 	unnamed Polygon: autoDraw = True
401.8854 	EXP 	unnamed Polygon: autoDraw = True
401.8880 	EXP 	unnamed Polygon: autoDraw = True
401.9025 	EXP 	unnamed Polygon: autoDraw = True
401.9061 	EXP 	unnamed Polygon: autoDraw = True
401.9189 	EXP 	unnamed Polygon: autoDraw = True
401.9218 	EXP 	unnamed Polygon: autoDraw = True
401.9356 	EXP 	unnamed Polygon: autoDraw = True
401.9389 	EXP 	unnamed Polygon: autoDraw = True
401.9521 	EXP 	unnamed Polygon: autoDraw = True
401.9546 	EXP 	unnamed Polygon: autoDraw = True
401.9689 	EXP 	unnamed Polygon: autoDraw = True
401.9715 	EXP 	unnamed Polygon: autoDraw = True
401.9853 	EXP 	unnamed Polygon: autoDraw = True
401.9886 	EXP 	unnamed Polygon: autoDraw = True
402.0021 	EXP 	unnamed Polygon: autoDraw = True
402.0056 	EXP 	unnamed Polygon: autoDraw = True
402.0189 	EXP 	unnamed Polygon: autoDraw = True
402.0222 	EXP 	unnamed Polygon: autoDraw = True
402.0356 	EXP 	unnamed Polygon: autoDraw = True
402.0393 	EXP 	unnamed Polygon: autoDraw = True
402.0524 	EXP 	unnamed Polygon: autoDraw = True
402.0562 	EXP 	unnamed Polygon: autoDraw = True
402.0688 	EXP 	unnamed Polygon: autoDraw = True
402.0722 	EXP 	unnamed Polygon: autoDraw = True
402.0856 	EXP 	unnamed Polygon: autoDraw = True
402.0891 	EXP 	unnamed Polygon: autoDraw = True
402.1023 	EXP 	unnamed Polygon: autoDraw = True
402.1100 	EXP 	unnamed Polygon: autoDraw = False
402.1888 	DATA 	Keypress: 1
403.7281 	EXP 	trial_feedback: height = 0.09
403.7281 	EXP 	trial_feedback: height = 0.09
403.7281 	EXP 	trial_feedback: height = 0.09
403.7281 	EXP 	trial_feedback: text = 'Miss!\n$0.00'
403.7281 	EXP 	trial_feedback: autoDraw = True
405.7232 	EXP 	trial_feedback: autoDraw = False
405.7232 	EXP 	exp_feedback: autoDraw = False
416.0503 	EXP 	unnamed Polygon: autoDraw = True
416.0503 	EXP 	unnamed Polygon: autoDraw = True
416.0563 	EXP 	unnamed Polygon: autoDraw = True
416.0689 	EXP 	unnamed Polygon: autoDraw = True
416.0714 	EXP 	unnamed Polygon: autoDraw = True
416.0854 	EXP 	unnamed Polygon: autoDraw = True
416.0884 	EXP 	unnamed Polygon: autoDraw = True
416.1021 	EXP 	unnamed Polygon: autoDraw = True
416.1054 	EXP 	unnamed Polygon: autoDraw = True
416.1188 	EXP 	unnamed Polygon: autoDraw = True
416.1215 	EXP 	unnamed Polygon: autoDraw = True
416.1356 	EXP 	unnamed Polygon: autoDraw = True
416.1383 	EXP 	unnamed Polygon: autoDraw = True
416.1522 	EXP 	unnamed Polygon: autoDraw = True
416.1550 	EXP 	unnamed Polygon: autoDraw = True
416.1688 	EXP 	unnamed Polygon: autoDraw = True
416.1722 	EXP 	unnamed Polygon: autoDraw = True
416.1856 	EXP 	unnamed Polygon: autoDraw = True
416.1885 	EXP 	unnamed Polygon: autoDraw = True
416.2025 	EXP 	unnamed Polygon: autoDraw = True
416.2064 	EXP 	unnamed Polygon: autoDraw = True
416.2191 	EXP 	unnamed Polygon: autoDraw = True
416.2231 	EXP 	unnamed Polygon: autoDraw = True
416.2356 	EXP 	unnamed Polygon: autoDraw = True
416.2394 	EXP 	unnamed Polygon: autoDraw = True
416.2524 	EXP 	unnamed Polygon: autoDraw = True
416.2560 	EXP 	unnamed Polygon: autoDraw = True
416.2690 	EXP 	unnamed Polygon: autoDraw = True
416.2729 	EXP 	unnamed Polygon: autoDraw = True
416.2856 	EXP 	unnamed Polygon: autoDraw = True
416.2889 	EXP 	unnamed Polygon: autoDraw = True
416.3022 	EXP 	unnamed Polygon: autoDraw = True
416.3055 	EXP 	unnamed Polygon: autoDraw = True
416.3188 	EXP 	unnamed Polygon: autoDraw = True
416.3220 	EXP 	unnamed Polygon: autoDraw = True
416.3356 	EXP 	unnamed Polygon: autoDraw = True
416.3399 	EXP 	unnamed Polygon: autoDraw = True
416.3524 	EXP 	unnamed Polygon: autoDraw = True
416.3557 	DATA 	Keypress: 1
416.3600 	EXP 	unnamed Polygon: autoDraw = True
416.3690 	EXP 	unnamed Polygon: autoDraw = True
416.3718 	EXP 	unnamed Polygon: autoDraw = True
416.3858 	EXP 	unnamed Polygon: autoDraw = True
416.3932 	EXP 	unnamed Polygon: autoDraw = False
417.7856 	EXP 	trial_feedback: height = 0.09
417.7856 	EXP 	trial_feedback: height = 0.09
417.7856 	EXP 	trial_feedback: height = 0.09
417.7856 	EXP 	trial_feedback: text = 'Hit!\n+$5.00'
417.7856 	EXP 	trial_feedback: autoDraw = True
419.7724 	EXP 	trial_feedback: autoDraw = False
419.7856 	EXP 	trial_feedback: autoDraw = False
419.7856 	EXP 	exp_feedback: autoDraw = False
428.1722 	EXP 	unnamed Polygon: autoDraw = True
428.1722 	EXP 	unnamed Polygon: autoDraw = True
428.1856 	EXP 	unnamed Polygon: autoDraw = True
428.1881 	EXP 	unnamed Polygon: autoDraw = True
428.2022 	EXP 	unnamed Polygon: autoDraw = True
428.2046 	EXP 	unnamed Polygon: autoDraw = True
428.2190 	EXP 	unnamed Polygon: autoDraw = True
428.2233 	EXP 	unnamed Polygon: autoDraw = True
428.2356 	EXP 	unnamed Polygon: autoDraw = True
428.2381 	EXP 	unnamed Polygon: autoDraw = True
428.2528 	EXP 	unnamed Polygon: autoDraw = True
428.2563 	EXP 	unnamed Polygon: autoDraw = True
428.2688 	EXP 	unnamed Polygon: autoDraw = True
428.2720 	EXP 	unnamed Polygon: autoDraw = True
428.2855 	EXP 	unnamed Polygon: autoDraw = True
428.2887 	EXP 	unnamed Polygon: autoDraw = True
428.3021 	EXP 	unnamed Polygon: autoDraw = True
428.3049 	EXP 	unnamed Polygon: autoDraw = True
428.3190 	EXP 	unnamed Polygon: autoDraw = True
428.3229 	EXP 	unnamed Polygon: autoDraw = True
428.3356 	EXP 	unnamed Polygon: autoDraw = True
428.3388 	EXP 	unnamed Polygon: autoDraw = True
428.3522 	EXP 	unnamed Polygon: autoDraw = True
428.3555 	EXP 	unnamed Polygon: autoDraw = True
428.3690 	EXP 	unnamed Polygon: autoDraw = True
428.3730 	EXP 	unnamed Polygon: autoDraw = True
428.3856 	EXP 	unnamed Polygon: autoDraw = True
428.3890 	EXP 	unnamed Polygon: autoDraw = True
428.4022 	EXP 	unnamed Polygon: autoDraw = True
428.4060 	EXP 	unnamed Polygon: autoDraw = True
428.4189 	EXP 	unnamed Polygon: autoDraw = True
428.4224 	EXP 	unnamed Polygon: autoDraw = True
428.4356 	EXP 	unnamed Polygon: autoDraw = True
428.4389 	EXP 	unnamed Polygon: autoDraw = True
428.4534 	EXP 	unnamed Polygon: autoDraw = True
428.4570 	EXP 	unnamed Polygon: autoDraw = True
428.4689 	EXP 	unnamed Polygon: autoDraw = True
428.4717 	EXP 	unnamed Polygon: autoDraw = True
428.4856 	EXP 	unnamed Polygon: autoDraw = True
428.4899 	EXP 	unnamed Polygon: autoDraw = True
428.5024 	EXP 	unnamed Polygon: autoDraw = True
428.5059 	DATA 	Keypress: 1
428.5110 	EXP 	unnamed Polygon: autoDraw = True
428.5186 	EXP 	unnamed Polygon: autoDraw = True
428.5255 	EXP 	unnamed Polygon: autoDraw = False
429.8358 	EXP 	trial_feedback: height = 0.09
429.8358 	EXP 	trial_feedback: height = 0.09
429.8358 	EXP 	trial_feedback: height = 0.09
429.8358 	EXP 	trial_feedback: text = 'Hit!\n$0.00'
429.8358 	EXP 	trial_feedback: autoDraw = True
431.8216 	EXP 	trial_feedback: autoDraw = False
431.8398 	EXP 	trial_feedback: autoDraw = False
431.8398 	EXP 	exp_feedback: autoDraw = False
438.2841 	EXP 	unnamed Polygon: autoDraw = True
438.2841 	EXP 	unnamed Polygon: autoDraw = True
438.2884 	EXP 	unnamed Polygon: autoDraw = True
438.3022 	EXP 	unnamed Polygon: autoDraw = True
438.3054 	EXP 	unnamed Polygon: autoDraw = True
438.3188 	EXP 	unnamed Polygon: autoDraw = True
438.3212 	EXP 	unnamed Polygon: autoDraw = True
438.3357 	EXP 	unnamed Polygon: autoDraw = True
438.3387 	EXP 	unnamed Polygon: autoDraw = True
438.3522 	EXP 	unnamed Polygon: autoDraw = True
438.3554 	EXP 	unnamed Polygon: autoDraw = True
438.3689 	EXP 	unnamed Polygon: autoDraw = True
438.3717 	EXP 	unnamed Polygon: autoDraw = True
438.3857 	EXP 	unnamed Polygon: autoDraw = True
438.3892 	EXP 	unnamed Polygon: autoDraw = True
438.4023 	EXP 	unnamed Polygon: autoDraw = True
438.4059 	EXP 	unnamed Polygon: autoDraw = True
438.4189 	EXP 	unnamed Polygon: autoDraw = True
438.4218 	EXP 	unnamed Polygon: autoDraw = True
438.4356 	EXP 	unnamed Polygon: autoDraw = True
438.4393 	EXP 	unnamed Polygon: autoDraw = True
438.4525 	EXP 	unnamed Polygon: autoDraw = True
438.4568 	EXP 	unnamed Polygon: autoDraw = True
438.4689 	EXP 	unnamed Polygon: autoDraw = True
438.4719 	EXP 	unnamed Polygon: autoDraw = True
438.4857 	EXP 	unnamed Polygon: autoDraw = True
438.4891 	EXP 	unnamed Polygon: autoDraw = True
438.5023 	EXP 	unnamed Polygon: autoDraw = True
438.5058 	EXP 	unnamed Polygon: autoDraw = True
438.5191 	EXP 	unnamed Polygon: autoDraw = True
438.5227 	EXP 	unnamed Polygon: autoDraw = True
438.5357 	EXP 	unnamed Polygon: autoDraw = True
438.5394 	EXP 	unnamed Polygon: autoDraw = True
438.5523 	EXP 	unnamed Polygon: autoDraw = True
438.5565 	EXP 	unnamed Polygon: autoDraw = True
438.5689 	EXP 	unnamed Polygon: autoDraw = True
438.5727 	EXP 	unnamed Polygon: autoDraw = True
438.5856 	EXP 	unnamed Polygon: autoDraw = True
438.5891 	EXP 	unnamed Polygon: autoDraw = True
438.6025 	EXP 	unnamed Polygon: autoDraw = True
438.6067 	EXP 	unnamed Polygon: autoDraw = True
438.6190 	EXP 	unnamed Polygon: autoDraw = True
438.6231 	EXP 	unnamed Polygon: autoDraw = True
438.6267 	DATA 	Keypress: 1
438.6356 	EXP 	unnamed Polygon: autoDraw = True
438.6426 	EXP 	unnamed Polygon: autoDraw = False
439.8974 	EXP 	trial_feedback: height = 0.09
439.8974 	EXP 	trial_feedback: height = 0.09
439.8974 	EXP 	trial_feedback: height = 0.09
439.8974 	EXP 	trial_feedback: text = 'Hit!\n+$5.00'
439.8974 	EXP 	trial_feedback: autoDraw = True
441.8887 	EXP 	trial_feedback: autoDraw = False
441.9024 	EXP 	trial_feedback: autoDraw = False
441.9024 	EXP 	exp_feedback: autoDraw = False
452.3507 	EXP 	unnamed Polygon: autoDraw = True
452.3507 	EXP 	unnamed Polygon: autoDraw = True
452.3562 	EXP 	unnamed Polygon: autoDraw = True
452.3689 	EXP 	unnamed Polygon: autoDraw = True
452.3713 	EXP 	unnamed Polygon: autoDraw = True
452.3855 	EXP 	unnamed Polygon: autoDraw = True
452.3880 	EXP 	unnamed Polygon: autoDraw = True
452.4025 	EXP 	unnamed Polygon: autoDraw = True
452.4062 	EXP 	unnamed Polygon: autoDraw = True
452.4189 	EXP 	unnamed Polygon: autoDraw = True
452.4220 	EXP 	unnamed Polygon: autoDraw = True
452.4355 	EXP 	unnamed Polygon: autoDraw = True
452.4382 	EXP 	unnamed Polygon: autoDraw = True
452.4523 	EXP 	unnamed Polygon: autoDraw = True
452.4553 	EXP 	unnamed Polygon: autoDraw = True
452.4587 	DATA 	Keypress: 1
452.4690 	EXP 	unnamed Polygon: autoDraw = True
452.4717 	EXP 	unnamed Polygon: autoDraw = True
452.4856 	EXP 	unnamed Polygon: autoDraw = True
452.4885 	EXP 	unnamed Polygon: autoDraw = True
452.5022 	EXP 	unnamed Polygon: autoDraw = True
452.5051 	EXP 	unnamed Polygon: autoDraw = True
452.5190 	EXP 	unnamed Polygon: autoDraw = True
452.5236 	EXP 	unnamed Polygon: autoDraw = True
452.5356 	EXP 	unnamed Polygon: autoDraw = True
452.5396 	EXP 	unnamed Polygon: autoDraw = True
452.5525 	EXP 	unnamed Polygon: autoDraw = True
452.5600 	EXP 	unnamed Polygon: autoDraw = True
452.5689 	EXP 	unnamed Polygon: autoDraw = True
452.5715 	EXP 	unnamed Polygon: autoDraw = True
452.5855 	EXP 	unnamed Polygon: autoDraw = True
452.5881 	EXP 	unnamed Polygon: autoDraw = True
452.6023 	EXP 	unnamed Polygon: autoDraw = True
452.6050 	EXP 	unnamed Polygon: autoDraw = True
452.6191 	EXP 	unnamed Polygon: autoDraw = True
452.6229 	EXP 	unnamed Polygon: autoDraw = True
452.6357 	EXP 	unnamed Polygon: autoDraw = True
452.6396 	EXP 	unnamed Polygon: autoDraw = True
452.6524 	EXP 	unnamed Polygon: autoDraw = True
452.6562 	EXP 	unnamed Polygon: autoDraw = True
452.6690 	EXP 	unnamed Polygon: autoDraw = True
452.6724 	EXP 	unnamed Polygon: autoDraw = True
452.6858 	EXP 	unnamed Polygon: autoDraw = True
452.6942 	EXP 	unnamed Polygon: autoDraw = False
454.1560 	EXP 	trial_feedback: text = 'Hit!\n+$5.00'
454.1560 	EXP 	trial_feedback: autoDraw = True
456.1560 	EXP 	trial_feedback: autoDraw = False
456.1686 	EXP 	trial_feedback: autoDraw = False
456.1686 	EXP 	exp_feedback: autoDraw = False
466.4173 	EXP 	unnamed Polygon: autoDraw = True
466.4173 	EXP 	unnamed Polygon: autoDraw = True
466.4219 	EXP 	unnamed Polygon: autoDraw = True
466.4355 	EXP 	unnamed Polygon: autoDraw = True
466.4381 	EXP 	unnamed Polygon: autoDraw = True
466.4522 	EXP 	unnamed Polygon: autoDraw = True
466.4547 	EXP 	unnamed Polygon: autoDraw = True
466.4689 	EXP 	unnamed Polygon: autoDraw = True
466.4717 	EXP 	unnamed Polygon: autoDraw = True
466.4857 	EXP 	unnamed Polygon: autoDraw = True
466.4892 	EXP 	unnamed Polygon: autoDraw = True
466.5023 	EXP 	unnamed Polygon: autoDraw = True
466.5049 	EXP 	unnamed Polygon: autoDraw = True
466.5189 	EXP 	unnamed Polygon: autoDraw = True
466.5222 	EXP 	unnamed Polygon: autoDraw = True
466.5355 	EXP 	unnamed Polygon: autoDraw = True
466.5384 	EXP 	unnamed Polygon: autoDraw = True
466.5524 	EXP 	unnamed Polygon: autoDraw = True
466.5559 	EXP 	unnamed Polygon: autoDraw = True
466.5690 	EXP 	unnamed Polygon: autoDraw = True
466.5727 	EXP 	unnamed Polygon: autoDraw = True
466.5856 	EXP 	unnamed Polygon: autoDraw = True
466.5889 	EXP 	unnamed Polygon: autoDraw = True
466.6023 	EXP 	unnamed Polygon: autoDraw = True
466.6059 	EXP 	unnamed Polygon: autoDraw = True
466.6194 	EXP 	unnamed Polygon: autoDraw = True
466.6266 	EXP 	unnamed Polygon: autoDraw = True
466.6357 	EXP 	unnamed Polygon: autoDraw = True
466.6385 	EXP 	unnamed Polygon: autoDraw = True
466.6522 	EXP 	unnamed Polygon: autoDraw = True
466.6558 	EXP 	unnamed Polygon: autoDraw = True
466.6689 	EXP 	unnamed Polygon: autoDraw = True
466.6723 	EXP 	unnamed Polygon: autoDraw = True
466.6858 	EXP 	unnamed Polygon: autoDraw = True
466.6899 	DATA 	Keypress: 1
466.6947 	EXP 	unnamed Polygon: autoDraw = True
466.7023 	EXP 	unnamed Polygon: autoDraw = True
466.7051 	EXP 	unnamed Polygon: autoDraw = True
466.7189 	EXP 	unnamed Polygon: autoDraw = True
466.7217 	EXP 	unnamed Polygon: autoDraw = True
466.7358 	EXP 	unnamed Polygon: autoDraw = False
468.2441 	EXP 	trial_feedback: height = 0.09
468.2441 	EXP 	trial_feedback: height = 0.09
468.2441 	EXP 	trial_feedback: height = 0.09
468.2441 	EXP 	trial_feedback: text = 'Hit!\n$0.00'
468.2441 	EXP 	trial_feedback: autoDraw = True
470.2401 	EXP 	trial_feedback: autoDraw = False
470.2401 	EXP 	exp_feedback: autoDraw = False
480.3220 	EXP 	unnamed Polygon: autoDraw = True
480.3220 	EXP 	unnamed Polygon: autoDraw = True
480.3355 	EXP 	unnamed Polygon: autoDraw = True
480.3380 	EXP 	unnamed Polygon: autoDraw = True
480.3522 	EXP 	unnamed Polygon: autoDraw = True
480.3547 	EXP 	unnamed Polygon: autoDraw = True
480.3689 	EXP 	unnamed Polygon: autoDraw = True
480.3713 	EXP 	unnamed Polygon: autoDraw = True
480.3855 	EXP 	unnamed Polygon: autoDraw = True
480.3879 	EXP 	unnamed Polygon: autoDraw = True
480.4023 	EXP 	unnamed Polygon: autoDraw = True
480.4059 	EXP 	unnamed Polygon: autoDraw = True
480.4193 	EXP 	unnamed Polygon: autoDraw = True
480.4265 	EXP 	unnamed Polygon: autoDraw = True
480.4356 	EXP 	unnamed Polygon: autoDraw = True
480.4381 	EXP 	unnamed Polygon: autoDraw = True
480.4522 	EXP 	unnamed Polygon: autoDraw = True
480.4545 	EXP 	unnamed Polygon: autoDraw = True
480.4690 	EXP 	unnamed Polygon: autoDraw = True
480.4725 	EXP 	unnamed Polygon: autoDraw = True
480.4858 	EXP 	unnamed Polygon: autoDraw = True
480.4896 	EXP 	unnamed Polygon: autoDraw = True
480.5022 	EXP 	unnamed Polygon: autoDraw = True
480.5051 	EXP 	unnamed Polygon: autoDraw = True
480.5190 	EXP 	unnamed Polygon: autoDraw = True
480.5218 	EXP 	unnamed Polygon: autoDraw = True
480.5357 	EXP 	unnamed Polygon: autoDraw = True
480.5397 	EXP 	unnamed Polygon: autoDraw = True
480.5522 	EXP 	unnamed Polygon: autoDraw = True
480.5551 	EXP 	unnamed Polygon: autoDraw = True
480.5689 	EXP 	unnamed Polygon: autoDraw = True
480.5720 	EXP 	unnamed Polygon: autoDraw = True
480.5857 	EXP 	unnamed Polygon: autoDraw = True
480.5889 	EXP 	unnamed Polygon: autoDraw = True
480.6023 	EXP 	unnamed Polygon: autoDraw = True
480.6062 	EXP 	unnamed Polygon: autoDraw = True
480.6189 	EXP 	unnamed Polygon: autoDraw = True
480.6223 	EXP 	unnamed Polygon: autoDraw = True
480.6358 	EXP 	unnamed Polygon: autoDraw = True
480.6393 	EXP 	unnamed Polygon: autoDraw = True
480.6526 	EXP 	unnamed Polygon: autoDraw = True
480.6565 	DATA 	Keypress: 1
480.6616 	EXP 	unnamed Polygon: autoDraw = True
480.6689 	EXP 	unnamed Polygon: autoDraw = True
480.6717 	EXP 	unnamed Polygon: autoDraw = True
480.6856 	EXP 	unnamed Polygon: autoDraw = True
480.6931 	EXP 	unnamed Polygon: autoDraw = False
482.3191 	EXP 	trial_feedback: text = 'Hit!\n$0.00'
482.3191 	EXP 	trial_feedback: autoDraw = True
484.3057 	EXP 	trial_feedback: autoDraw = False
484.3236 	EXP 	trial_feedback: autoDraw = False
484.3236 	EXP 	exp_feedback: autoDraw = False
492.6355 	EXP 	unnamed Polygon: autoDraw = True
492.6355 	EXP 	unnamed Polygon: autoDraw = True
492.6385 	EXP 	unnamed Polygon: autoDraw = True
492.6523 	EXP 	unnamed Polygon: autoDraw = True
492.6547 	EXP 	unnamed Polygon: autoDraw = True
492.6689 	EXP 	unnamed Polygon: autoDraw = True
492.6714 	EXP 	unnamed Polygon: autoDraw = True
492.6855 	EXP 	unnamed Polygon: autoDraw = True
492.6878 	EXP 	unnamed Polygon: autoDraw = True
492.7022 	EXP 	unnamed Polygon: autoDraw = True
492.7050 	EXP 	unnamed Polygon: autoDraw = True
492.7189 	EXP 	unnamed Polygon: autoDraw = True
492.7218 	EXP 	unnamed Polygon: autoDraw = True
492.7356 	EXP 	unnamed Polygon: autoDraw = True
492.7381 	EXP 	unnamed Polygon: autoDraw = True
492.7532 	EXP 	unnamed Polygon: autoDraw = True
492.7567 	EXP 	unnamed Polygon: autoDraw = True
492.7690 	EXP 	unnamed Polygon: autoDraw = True
492.7718 	EXP 	unnamed Polygon: autoDraw = True
492.7857 	EXP 	unnamed Polygon: autoDraw = True
492.7896 	EXP 	unnamed Polygon: autoDraw = True
492.8023 	EXP 	unnamed Polygon: autoDraw = True
492.8052 	EXP 	unnamed Polygon: autoDraw = True
492.8191 	EXP 	unnamed Polygon: autoDraw = True
492.8229 	EXP 	unnamed Polygon: autoDraw = True
492.8357 	EXP 	unnamed Polygon: autoDraw = True
492.8389 	EXP 	unnamed Polygon: autoDraw = True
492.8524 	EXP 	unnamed Polygon: autoDraw = True
492.8563 	EXP 	unnamed Polygon: autoDraw = True
492.8690 	EXP 	unnamed Polygon: autoDraw = True
492.8720 	EXP 	unnamed Polygon: autoDraw = True
492.8858 	EXP 	unnamed Polygon: autoDraw = True
492.8895 	EXP 	unnamed Polygon: autoDraw = True
492.9022 	EXP 	unnamed Polygon: autoDraw = True
492.9056 	EXP 	unnamed Polygon: autoDraw = True
492.9193 	EXP 	unnamed Polygon: autoDraw = True
492.9233 	EXP 	unnamed Polygon: autoDraw = True
492.9361 	EXP 	unnamed Polygon: autoDraw = True
492.9402 	EXP 	unnamed Polygon: autoDraw = True
492.9436 	DATA 	Keypress: 1
492.9525 	EXP 	unnamed Polygon: autoDraw = True
492.9556 	EXP 	unnamed Polygon: autoDraw = True
492.9691 	EXP 	unnamed Polygon: autoDraw = True
492.9720 	EXP 	unnamed Polygon: autoDraw = True
492.9857 	EXP 	unnamed Polygon: autoDraw = True
492.9895 	EXP 	unnamed Polygon: autoDraw = True
493.0025 	EXP 	unnamed Polygon: autoDraw = True
493.0053 	EXP 	unnamed Polygon: autoDraw = True
493.0191 	EXP 	unnamed Polygon: autoDraw = True
493.0227 	EXP 	unnamed Polygon: autoDraw = True
493.0357 	EXP 	unnamed Polygon: autoDraw = True
493.0396 	EXP 	unnamed Polygon: autoDraw = True
493.0522 	EXP 	unnamed Polygon: autoDraw = True
493.0562 	EXP 	unnamed Polygon: autoDraw = True
493.0692 	EXP 	unnamed Polygon: autoDraw = True
493.0780 	EXP 	unnamed Polygon: autoDraw = False
494.5062 	EXP 	trial_feedback: text = 'Hit!\n$0.00'
494.5062 	EXP 	trial_feedback: autoDraw = True
496.5058 	EXP 	trial_feedback: autoDraw = False
496.5186 	EXP 	trial_feedback: autoDraw = False
496.5186 	EXP 	exp_feedback: autoDraw = False
504.7673 	EXP 	unnamed Polygon: autoDraw = True
504.7673 	EXP 	unnamed Polygon: autoDraw = True
504.7729 	EXP 	unnamed Polygon: autoDraw = True
504.7856 	EXP 	unnamed Polygon: autoDraw = True
504.7884 	EXP 	unnamed Polygon: autoDraw = True
504.8026 	EXP 	unnamed Polygon: autoDraw = True
504.8064 	EXP 	unnamed Polygon: autoDraw = True
504.8194 	EXP 	unnamed Polygon: autoDraw = True
504.8232 	EXP 	unnamed Polygon: autoDraw = True
504.8361 	EXP 	unnamed Polygon: autoDraw = True
504.8396 	EXP 	unnamed Polygon: autoDraw = True
504.8527 	EXP 	unnamed Polygon: autoDraw = True
504.8568 	EXP 	unnamed Polygon: autoDraw = True
504.8693 	EXP 	unnamed Polygon: autoDraw = True
504.8731 	EXP 	unnamed Polygon: autoDraw = True
504.8863 	EXP 	unnamed Polygon: autoDraw = True
504.8897 	EXP 	unnamed Polygon: autoDraw = True
504.9021 	EXP 	unnamed Polygon: autoDraw = True
504.9054 	EXP 	unnamed Polygon: autoDraw = True
504.9194 	EXP 	unnamed Polygon: autoDraw = True
504.9217 	EXP 	unnamed Polygon: autoDraw = True
504.9358 	EXP 	unnamed Polygon: autoDraw = True
504.9387 	EXP 	unnamed Polygon: autoDraw = True
504.9530 	EXP 	unnamed Polygon: autoDraw = True
504.9550 	EXP 	unnamed Polygon: autoDraw = True
504.9695 	EXP 	unnamed Polygon: autoDraw = True
504.9736 	EXP 	unnamed Polygon: autoDraw = True
504.9865 	EXP 	unnamed Polygon: autoDraw = True
504.9906 	EXP 	unnamed Polygon: autoDraw = True
505.0029 	EXP 	unnamed Polygon: autoDraw = True
505.0062 	EXP 	unnamed Polygon: autoDraw = True
505.0189 	EXP 	unnamed Polygon: autoDraw = True
505.0216 	EXP 	unnamed Polygon: autoDraw = True
505.0355 	EXP 	unnamed Polygon: autoDraw = True
505.0379 	EXP 	unnamed Polygon: autoDraw = True
505.0526 	EXP 	unnamed Polygon: autoDraw = True
505.0580 	EXP 	unnamed Polygon: autoDraw = False
505.1229 	DATA 	Keypress: 1
506.5596 	EXP 	trial_feedback: height = 0.09
506.5596 	EXP 	trial_feedback: height = 0.09
506.5596 	EXP 	trial_feedback: height = 0.09
506.5596 	EXP 	trial_feedback: text = 'Miss!\n$0.00'
506.5596 	EXP 	trial_feedback: autoDraw = True
508.5568 	EXP 	trial_feedback: autoDraw = False
508.5568 	EXP 	exp_feedback: autoDraw = False
517.0065 	DATA 	Keypress: 1
517.0723 	EXP 	unnamed Polygon: autoDraw = True
517.0723 	EXP 	unnamed Polygon: autoDraw = True
517.0855 	EXP 	unnamed Polygon: autoDraw = True
517.0880 	EXP 	unnamed Polygon: autoDraw = True
517.1015 	EXP 	unnamed Polygon: autoDraw = True
517.1035 	EXP 	unnamed Polygon: autoDraw = True
517.1186 	EXP 	unnamed Polygon: autoDraw = True
517.1221 	EXP 	unnamed Polygon: autoDraw = True
517.1356 	EXP 	unnamed Polygon: autoDraw = True
517.1392 	EXP 	unnamed Polygon: autoDraw = True
517.1517 	EXP 	unnamed Polygon: autoDraw = True
517.1550 	EXP 	unnamed Polygon: autoDraw = True
517.1691 	EXP 	unnamed Polygon: autoDraw = True
517.1724 	EXP 	unnamed Polygon: autoDraw = True
517.1853 	EXP 	unnamed Polygon: autoDraw = True
517.1886 	EXP 	unnamed Polygon: autoDraw = True
517.2023 	EXP 	unnamed Polygon: autoDraw = True
517.2058 	EXP 	unnamed Polygon: autoDraw = True
517.2190 	EXP 	unnamed Polygon: autoDraw = True
517.2232 	EXP 	unnamed Polygon: autoDraw = True
517.2359 	EXP 	unnamed Polygon: autoDraw = True
517.2404 	EXP 	unnamed Polygon: autoDraw = True
517.2523 	EXP 	unnamed Polygon: autoDraw = True
517.2562 	EXP 	unnamed Polygon: autoDraw = True
517.2693 	EXP 	unnamed Polygon: autoDraw = True
517.2735 	EXP 	unnamed Polygon: autoDraw = True
517.2860 	EXP 	unnamed Polygon: autoDraw = True
517.2897 	EXP 	unnamed Polygon: autoDraw = True
517.3025 	EXP 	unnamed Polygon: autoDraw = True
517.3066 	EXP 	unnamed Polygon: autoDraw = True
517.3192 	EXP 	unnamed Polygon: autoDraw = True
517.3230 	EXP 	unnamed Polygon: autoDraw = True
517.3358 	EXP 	unnamed Polygon: autoDraw = True
517.3392 	EXP 	unnamed Polygon: autoDraw = True
517.3525 	EXP 	unnamed Polygon: autoDraw = True
517.3564 	EXP 	unnamed Polygon: autoDraw = True
517.3692 	EXP 	unnamed Polygon: autoDraw = True
517.3719 	DATA 	Keypress: 1
517.3771 	EXP 	unnamed Polygon: autoDraw = True
517.3852 	EXP 	unnamed Polygon: autoDraw = False
518.6062 	EXP 	trial_feedback: text = 'Miss!\n$0.00'
518.6062 	EXP 	trial_feedback: autoDraw = True
520.6068 	EXP 	trial_feedback: autoDraw = False
520.6068 	EXP 	exp_feedback: autoDraw = False
526.6840 	EXP 	unnamed Polygon: autoDraw = True
526.6840 	EXP 	unnamed Polygon: autoDraw = True
526.6882 	EXP 	unnamed Polygon: autoDraw = True
526.7022 	EXP 	unnamed Polygon: autoDraw = True
526.7049 	EXP 	unnamed Polygon: autoDraw = True
526.7190 	EXP 	unnamed Polygon: autoDraw = True
526.7214 	EXP 	unnamed Polygon: autoDraw = True
526.7356 	EXP 	unnamed Polygon: autoDraw = True
526.7393 	EXP 	unnamed Polygon: autoDraw = True
526.7527 	EXP 	unnamed Polygon: autoDraw = True
526.7565 	EXP 	unnamed Polygon: autoDraw = True
526.7694 	EXP 	unnamed Polygon: autoDraw = True
526.7724 	EXP 	unnamed Polygon: autoDraw = True
526.7857 	EXP 	unnamed Polygon: autoDraw = True
526.7896 	EXP 	unnamed Polygon: autoDraw = True
526.8024 	EXP 	unnamed Polygon: autoDraw = True
526.8061 	EXP 	unnamed Polygon: autoDraw = True
526.8190 	EXP 	unnamed Polygon: autoDraw = True
526.8217 	EXP 	unnamed Polygon: autoDraw = True
526.8356 	EXP 	unnamed Polygon: autoDraw = True
526.8383 	EXP 	unnamed Polygon: autoDraw = True
526.8523 	EXP 	unnamed Polygon: autoDraw = True
526.8558 	EXP 	unnamed Polygon: autoDraw = True
526.8689 	EXP 	unnamed Polygon: autoDraw = True
526.8718 	EXP 	unnamed Polygon: autoDraw = True
526.8856 	EXP 	unnamed Polygon: autoDraw = True
526.8893 	EXP 	unnamed Polygon: autoDraw = True
526.9024 	EXP 	unnamed Polygon: autoDraw = True
526.9061 	EXP 	unnamed Polygon: autoDraw = True
526.9209 	EXP 	unnamed Polygon: autoDraw = True
526.9359 	EXP 	unnamed Polygon: autoDraw = True
526.9400 	EXP 	unnamed Polygon: autoDraw = True
526.9524 	EXP 	unnamed Polygon: autoDraw = True
526.9559 	EXP 	unnamed Polygon: autoDraw = True
526.9689 	EXP 	unnamed Polygon: autoDraw = True
526.9721 	EXP 	unnamed Polygon: autoDraw = True
526.9858 	EXP 	unnamed Polygon: autoDraw = True
526.9903 	EXP 	unnamed Polygon: autoDraw = True
527.0025 	EXP 	unnamed Polygon: autoDraw = True
527.0061 	DATA 	Keypress: 1
527.0105 	EXP 	unnamed Polygon: autoDraw = True
527.0189 	EXP 	unnamed Polygon: autoDraw = True
527.0215 	EXP 	unnamed Polygon: autoDraw = True
527.0353 	EXP 	unnamed Polygon: autoDraw = True
527.0425 	EXP 	unnamed Polygon: autoDraw = False
528.6857 	EXP 	trial_feedback: height = 0.09
528.6857 	EXP 	trial_feedback: height = 0.09
528.6857 	EXP 	trial_feedback: height = 0.09
528.6857 	EXP 	trial_feedback: text = 'Hit!\n+$1.50'
528.6857 	EXP 	trial_feedback: autoDraw = True
530.6725 	EXP 	trial_feedback: autoDraw = False
530.6884 	EXP 	trial_feedback: autoDraw = False
530.6884 	EXP 	exp_feedback: autoDraw = False
538.9078 	EXP 	unnamed Polygon: autoDraw = True
538.9078 	EXP 	unnamed Polygon: autoDraw = True
538.9192 	EXP 	unnamed Polygon: autoDraw = True
538.9219 	EXP 	unnamed Polygon: autoDraw = True
538.9358 	EXP 	unnamed Polygon: autoDraw = True
538.9385 	EXP 	unnamed Polygon: autoDraw = True
538.9532 	EXP 	unnamed Polygon: autoDraw = True
538.9697 	EXP 	unnamed Polygon: autoDraw = True
538.9863 	EXP 	unnamed Polygon: autoDraw = True
538.9904 	EXP 	unnamed Polygon: autoDraw = True
539.0024 	EXP 	unnamed Polygon: autoDraw = True
539.0060 	EXP 	unnamed Polygon: autoDraw = True
539.0191 	EXP 	unnamed Polygon: autoDraw = True
539.0227 	EXP 	unnamed Polygon: autoDraw = True
539.0359 	EXP 	unnamed Polygon: autoDraw = True
539.0398 	EXP 	unnamed Polygon: autoDraw = True
539.0525 	EXP 	unnamed Polygon: autoDraw = True
539.0564 	EXP 	unnamed Polygon: autoDraw = True
539.0691 	EXP 	unnamed Polygon: autoDraw = True
539.0728 	EXP 	unnamed Polygon: autoDraw = True
539.0857 	EXP 	unnamed Polygon: autoDraw = True
539.0892 	EXP 	unnamed Polygon: autoDraw = True
539.1019 	EXP 	unnamed Polygon: autoDraw = True
539.1048 	EXP 	unnamed Polygon: autoDraw = True
539.1192 	EXP 	unnamed Polygon: autoDraw = True
539.1225 	EXP 	unnamed Polygon: autoDraw = True
539.1354 	EXP 	unnamed Polygon: autoDraw = True
539.1394 	EXP 	unnamed Polygon: autoDraw = True
539.1526 	EXP 	unnamed Polygon: autoDraw = True
539.1562 	EXP 	unnamed Polygon: autoDraw = True
539.1691 	EXP 	unnamed Polygon: autoDraw = True
539.1733 	EXP 	unnamed Polygon: autoDraw = True
539.1861 	EXP 	unnamed Polygon: autoDraw = True
539.1903 	EXP 	unnamed Polygon: autoDraw = True
539.2021 	EXP 	unnamed Polygon: autoDraw = True
539.2059 	EXP 	unnamed Polygon: autoDraw = True
539.2193 	EXP 	unnamed Polygon: autoDraw = True
539.2234 	EXP 	unnamed Polygon: autoDraw = True
539.2359 	EXP 	unnamed Polygon: autoDraw = True
539.2436 	DATA 	Keypress: 1
539.2482 	EXP 	unnamed Polygon: autoDraw = False
540.7126 	EXP 	trial_feedback: height = 0.09
540.7126 	EXP 	trial_feedback: height = 0.09
540.7126 	EXP 	trial_feedback: height = 0.09
540.7126 	EXP 	trial_feedback: text = 'Miss!\n$0.00'
540.7126 	EXP 	trial_feedback: autoDraw = True
542.7056 	EXP 	trial_feedback: autoDraw = False
542.7190 	EXP 	trial_feedback: autoDraw = False
542.7190 	EXP 	exp_feedback: autoDraw = False
551.0097 	DATA 	Keypress: 1
551.0505 	EXP 	unnamed Polygon: autoDraw = True
551.0505 	EXP 	unnamed Polygon: autoDraw = True
551.0548 	EXP 	unnamed Polygon: autoDraw = True
551.0689 	EXP 	unnamed Polygon: autoDraw = True
551.0716 	EXP 	unnamed Polygon: autoDraw = True
551.0856 	EXP 	unnamed Polygon: autoDraw = True
551.0879 	EXP 	unnamed Polygon: autoDraw = True
551.1022 	EXP 	unnamed Polygon: autoDraw = True
551.1048 	EXP 	unnamed Polygon: autoDraw = True
551.1190 	EXP 	unnamed Polygon: autoDraw = True
551.1214 	EXP 	unnamed Polygon: autoDraw = True
551.1362 	EXP 	unnamed Polygon: autoDraw = True
551.1394 	EXP 	unnamed Polygon: autoDraw = True
551.1525 	EXP 	unnamed Polygon: autoDraw = True
551.1569 	EXP 	unnamed Polygon: autoDraw = True
551.1691 	EXP 	unnamed Polygon: autoDraw = True
551.1724 	EXP 	unnamed Polygon: autoDraw = True
551.1860 	EXP 	unnamed Polygon: autoDraw = True
551.1897 	EXP 	unnamed Polygon: autoDraw = True
551.2026 	EXP 	unnamed Polygon: autoDraw = True
551.2059 	EXP 	unnamed Polygon: autoDraw = True
551.2192 	EXP 	unnamed Polygon: autoDraw = True
551.2226 	EXP 	unnamed Polygon: autoDraw = True
551.2360 	EXP 	unnamed Polygon: autoDraw = True
551.2398 	EXP 	unnamed Polygon: autoDraw = True
551.2526 	EXP 	unnamed Polygon: autoDraw = True
551.2562 	EXP 	unnamed Polygon: autoDraw = True
551.2693 	EXP 	unnamed Polygon: autoDraw = True
551.2733 	EXP 	unnamed Polygon: autoDraw = True
551.2858 	EXP 	unnamed Polygon: autoDraw = True
551.2897 	EXP 	unnamed Polygon: autoDraw = True
551.3027 	EXP 	unnamed Polygon: autoDraw = True
551.3065 	EXP 	unnamed Polygon: autoDraw = True
551.3194 	EXP 	unnamed Polygon: autoDraw = True
551.3234 	EXP 	unnamed Polygon: autoDraw = True
551.3360 	EXP 	unnamed Polygon: autoDraw = True
551.3404 	EXP 	unnamed Polygon: autoDraw = True
551.3525 	EXP 	unnamed Polygon: autoDraw = True
551.3566 	EXP 	unnamed Polygon: autoDraw = True
551.3692 	EXP 	unnamed Polygon: autoDraw = True
551.3730 	EXP 	unnamed Polygon: autoDraw = True
551.3860 	EXP 	unnamed Polygon: autoDraw = True
551.3896 	EXP 	unnamed Polygon: autoDraw = True
551.4026 	EXP 	unnamed Polygon: autoDraw = True
551.4113 	EXP 	unnamed Polygon: autoDraw = False
552.7232 	EXP 	trial_feedback: text = 'Miss!\n$0.00'
552.7232 	EXP 	trial_feedback: autoDraw = True
554.7220 	EXP 	trial_feedback: autoDraw = False
554.7358 	EXP 	trial_feedback: autoDraw = False
554.7358 	EXP 	exp_feedback: autoDraw = False
564.7663 	EXP 	unnamed Polygon: autoDraw = True
564.7663 	EXP 	unnamed Polygon: autoDraw = True
564.7716 	EXP 	unnamed Polygon: autoDraw = True
564.7856 	EXP 	unnamed Polygon: autoDraw = True
564.7879 	EXP 	unnamed Polygon: autoDraw = True
564.8024 	EXP 	unnamed Polygon: autoDraw = True
564.8046 	EXP 	unnamed Polygon: autoDraw = True
564.8196 	EXP 	unnamed Polygon: autoDraw = True
564.8231 	EXP 	unnamed Polygon: autoDraw = True
564.8359 	EXP 	unnamed Polygon: autoDraw = True
564.8394 	EXP 	unnamed Polygon: autoDraw = True
564.8525 	EXP 	unnamed Polygon: autoDraw = True
564.8562 	EXP 	unnamed Polygon: autoDraw = True
564.8691 	EXP 	unnamed Polygon: autoDraw = True
564.8723 	EXP 	unnamed Polygon: autoDraw = True
564.8857 	EXP 	unnamed Polygon: autoDraw = True
564.8884 	EXP 	unnamed Polygon: autoDraw = True
564.9023 	EXP 	unnamed Polygon: autoDraw = True
564.9056 	EXP 	unnamed Polygon: autoDraw = True
564.9189 	EXP 	unnamed Polygon: autoDraw = True
564.9216 	EXP 	unnamed Polygon: autoDraw = True
564.9358 	EXP 	unnamed Polygon: autoDraw = True
564.9395 	EXP 	unnamed Polygon: autoDraw = True
564.9524 	EXP 	unnamed Polygon: autoDraw = True
564.9559 	EXP 	unnamed Polygon: autoDraw = True
564.9691 	EXP 	unnamed Polygon: autoDraw = True
564.9728 	EXP 	unnamed Polygon: autoDraw = True
564.9856 	EXP 	unnamed Polygon: autoDraw = True
564.9897 	EXP 	unnamed Polygon: autoDraw = True
565.0024 	EXP 	unnamed Polygon: autoDraw = True
565.0073 	EXP 	unnamed Polygon: autoDraw = True
565.0193 	EXP 	unnamed Polygon: autoDraw = True
565.0242 	EXP 	unnamed Polygon: autoDraw = True
565.0357 	EXP 	unnamed Polygon: autoDraw = True
565.0389 	EXP 	unnamed Polygon: autoDraw = True
565.0525 	EXP 	unnamed Polygon: autoDraw = True
565.0563 	EXP 	unnamed Polygon: autoDraw = True
565.0694 	EXP 	unnamed Polygon: autoDraw = True
565.0735 	EXP 	unnamed Polygon: autoDraw = True
565.0775 	DATA 	Keypress: 1
565.0858 	EXP 	unnamed Polygon: autoDraw = True
565.0925 	EXP 	unnamed Polygon: autoDraw = True
565.1024 	EXP 	unnamed Polygon: autoDraw = True
565.1052 	EXP 	unnamed Polygon: autoDraw = True
565.1195 	EXP 	unnamed Polygon: autoDraw = True
565.1255 	EXP 	unnamed Polygon: autoDraw = False
566.8115 	EXP 	trial_feedback: height = 0.09
566.8115 	EXP 	trial_feedback: height = 0.09
566.8115 	EXP 	trial_feedback: height = 0.09
566.8115 	EXP 	trial_feedback: text = 'Hit!\n$0.00'
566.8115 	EXP 	trial_feedback: autoDraw = True
568.8068 	EXP 	trial_feedback: autoDraw = False
568.8068 	EXP 	exp_feedback: autoDraw = False
575.0009 	EXP 	unnamed Polygon: autoDraw = True
575.0009 	EXP 	unnamed Polygon: autoDraw = True
575.0049 	EXP 	unnamed Polygon: autoDraw = True
575.0198 	EXP 	unnamed Polygon: autoDraw = True
575.0228 	EXP 	unnamed Polygon: autoDraw = True
575.0356 	EXP 	unnamed Polygon: autoDraw = True
575.0385 	EXP 	unnamed Polygon: autoDraw = True
575.0529 	EXP 	unnamed Polygon: autoDraw = True
575.0567 	EXP 	unnamed Polygon: autoDraw = True
575.0699 	EXP 	unnamed Polygon: autoDraw = True
575.0738 	EXP 	unnamed Polygon: autoDraw = True
575.0870 	EXP 	unnamed Polygon: autoDraw = True
575.1029 	EXP 	unnamed Polygon: autoDraw = True
575.1066 	EXP 	unnamed Polygon: autoDraw = True
575.1194 	EXP 	unnamed Polygon: autoDraw = True
575.1234 	EXP 	unnamed Polygon: autoDraw = True
575.1360 	EXP 	unnamed Polygon: autoDraw = True
575.1392 	EXP 	unnamed Polygon: autoDraw = True
575.1525 	EXP 	unnamed Polygon: autoDraw = True
575.1554 	EXP 	unnamed Polygon: autoDraw = True
575.1692 	EXP 	unnamed Polygon: autoDraw = True
575.1724 	EXP 	unnamed Polygon: autoDraw = True
575.1858 	EXP 	unnamed Polygon: autoDraw = True
575.1891 	EXP 	unnamed Polygon: autoDraw = True
575.2026 	EXP 	unnamed Polygon: autoDraw = True
575.2067 	EXP 	unnamed Polygon: autoDraw = True
575.2193 	EXP 	unnamed Polygon: autoDraw = True
575.2229 	EXP 	unnamed Polygon: autoDraw = True
575.2358 	EXP 	unnamed Polygon: autoDraw = True
575.2394 	EXP 	unnamed Polygon: autoDraw = True
575.2525 	EXP 	unnamed Polygon: autoDraw = True
575.2563 	EXP 	unnamed Polygon: autoDraw = True
575.2693 	EXP 	unnamed Polygon: autoDraw = True
575.2733 	EXP 	unnamed Polygon: autoDraw = True
575.2860 	EXP 	unnamed Polygon: autoDraw = True
575.2894 	EXP 	unnamed Polygon: autoDraw = True
575.3025 	EXP 	unnamed Polygon: autoDraw = True
575.3060 	EXP 	unnamed Polygon: autoDraw = True
575.3193 	EXP 	unnamed Polygon: autoDraw = True
575.3231 	DATA 	Keypress: 1
575.3286 	EXP 	unnamed Polygon: autoDraw = True
575.3358 	EXP 	unnamed Polygon: autoDraw = True
575.3388 	EXP 	unnamed Polygon: autoDraw = True
575.3528 	EXP 	unnamed Polygon: autoDraw = True
575.3569 	EXP 	unnamed Polygon: autoDraw = True
575.3692 	EXP 	unnamed Polygon: autoDraw = True
575.3797 	EXP 	unnamed Polygon: autoDraw = False
576.8954 	EXP 	trial_feedback: height = 0.09
576.8954 	EXP 	trial_feedback: height = 0.09
576.8954 	EXP 	trial_feedback: height = 0.09
576.8954 	EXP 	trial_feedback: text = 'Hit!\n+$5.00'
576.8954 	EXP 	trial_feedback: autoDraw = True
578.8917 	EXP 	trial_feedback: autoDraw = False
578.9024 	EXP 	trial_feedback: autoDraw = False
578.9024 	EXP 	exp_feedback: autoDraw = False
589.3338 	EXP 	unnamed Polygon: autoDraw = True
589.3338 	EXP 	unnamed Polygon: autoDraw = True
589.3398 	EXP 	unnamed Polygon: autoDraw = True
589.3523 	EXP 	unnamed Polygon: autoDraw = True
589.3550 	EXP 	unnamed Polygon: autoDraw = True
589.3690 	EXP 	unnamed Polygon: autoDraw = True
589.3717 	EXP 	unnamed Polygon: autoDraw = True
589.3860 	EXP 	unnamed Polygon: autoDraw = True
589.3903 	EXP 	unnamed Polygon: autoDraw = True
589.4028 	EXP 	unnamed Polygon: autoDraw = True
589.4063 	EXP 	unnamed Polygon: autoDraw = True
589.4190 	EXP 	unnamed Polygon: autoDraw = True
589.4215 	EXP 	unnamed Polygon: autoDraw = True
589.4357 	EXP 	unnamed Polygon: autoDraw = True
589.4384 	EXP 	unnamed Polygon: autoDraw = True
589.4527 	EXP 	unnamed Polygon: autoDraw = True
589.4565 	EXP 	unnamed Polygon: autoDraw = True
589.4694 	EXP 	unnamed Polygon: autoDraw = True
589.4730 	EXP 	unnamed Polygon: autoDraw = True
589.4858 	EXP 	unnamed Polygon: autoDraw = True
589.4890 	EXP 	unnamed Polygon: autoDraw = True
589.5027 	EXP 	unnamed Polygon: autoDraw = True
589.5063 	EXP 	unnamed Polygon: autoDraw = True
589.5195 	EXP 	unnamed Polygon: autoDraw = True
589.5236 	EXP 	unnamed Polygon: autoDraw = True
589.5359 	EXP 	unnamed Polygon: autoDraw = True
589.5397 	EXP 	unnamed Polygon: autoDraw = True
589.5526 	EXP 	unnamed Polygon: autoDraw = True
589.5586 	EXP 	unnamed Polygon: autoDraw = True
589.5693 	EXP 	unnamed Polygon: autoDraw = True
589.5726 	EXP 	unnamed Polygon: autoDraw = True
589.5860 	EXP 	unnamed Polygon: autoDraw = True
589.5896 	EXP 	unnamed Polygon: autoDraw = True
589.6026 	EXP 	unnamed Polygon: autoDraw = True
589.6110 	EXP 	unnamed Polygon: autoDraw = False
589.6561 	DATA 	Keypress: 1
590.9119 	EXP 	trial_feedback: height = 0.09
590.9119 	EXP 	trial_feedback: height = 0.09
590.9119 	EXP 	trial_feedback: height = 0.09
590.9119 	EXP 	trial_feedback: text = 'Miss!\n$0.00'
590.9119 	EXP 	trial_feedback: autoDraw = True
592.9062 	EXP 	trial_feedback: autoDraw = False
592.9062 	EXP 	exp_feedback: autoDraw = False
599.3243 	EXP 	unnamed Polygon: autoDraw = True
599.3243 	EXP 	unnamed Polygon: autoDraw = True
599.3363 	EXP 	unnamed Polygon: autoDraw = True
599.3388 	EXP 	unnamed Polygon: autoDraw = True
599.3526 	EXP 	unnamed Polygon: autoDraw = True
599.3562 	EXP 	unnamed Polygon: autoDraw = True
599.3688 	EXP 	unnamed Polygon: autoDraw = True
599.3719 	EXP 	unnamed Polygon: autoDraw = True
599.3859 	EXP 	unnamed Polygon: autoDraw = True
599.3898 	EXP 	unnamed Polygon: autoDraw = True
599.4025 	EXP 	unnamed Polygon: autoDraw = True
599.4061 	EXP 	unnamed Polygon: autoDraw = True
599.4194 	EXP 	unnamed Polygon: autoDraw = True
599.4232 	EXP 	unnamed Polygon: autoDraw = True
599.4363 	EXP 	unnamed Polygon: autoDraw = True
599.4397 	EXP 	unnamed Polygon: autoDraw = True
599.4527 	EXP 	unnamed Polygon: autoDraw = True
599.4556 	EXP 	unnamed Polygon: autoDraw = True
599.4692 	EXP 	unnamed Polygon: autoDraw = True
599.4720 	EXP 	unnamed Polygon: autoDraw = True
599.4858 	EXP 	unnamed Polygon: autoDraw = True
599.4892 	EXP 	unnamed Polygon: autoDraw = True
599.5029 	EXP 	unnamed Polygon: autoDraw = True
599.5072 	EXP 	unnamed Polygon: autoDraw = True
599.5193 	EXP 	unnamed Polygon: autoDraw = True
599.5234 	EXP 	unnamed Polygon: autoDraw = True
599.5360 	EXP 	unnamed Polygon: autoDraw = True
599.5404 	EXP 	unnamed Polygon: autoDraw = True
599.5525 	EXP 	unnamed Polygon: autoDraw = True
599.5568 	EXP 	unnamed Polygon: autoDraw = True
599.5693 	EXP 	unnamed Polygon: autoDraw = True
599.5732 	EXP 	unnamed Polygon: autoDraw = True
599.5859 	EXP 	unnamed Polygon: autoDraw = True
599.5895 	EXP 	unnamed Polygon: autoDraw = True
599.6025 	EXP 	unnamed Polygon: autoDraw = True
599.6063 	EXP 	unnamed Polygon: autoDraw = True
599.6191 	EXP 	unnamed Polygon: autoDraw = True
599.6224 	EXP 	unnamed Polygon: autoDraw = True
599.6362 	EXP 	unnamed Polygon: autoDraw = True
599.6403 	EXP 	unnamed Polygon: autoDraw = True
599.6442 	DATA 	Keypress: 1
599.6522 	EXP 	unnamed Polygon: autoDraw = True
599.6575 	EXP 	unnamed Polygon: autoDraw = True
599.6692 	EXP 	unnamed Polygon: autoDraw = True
599.6720 	EXP 	unnamed Polygon: autoDraw = True
599.6861 	EXP 	unnamed Polygon: autoDraw = True
599.6899 	EXP 	unnamed Polygon: autoDraw = True
599.7026 	EXP 	unnamed Polygon: autoDraw = True
599.7121 	EXP 	unnamed Polygon: autoDraw = False
601.0290 	EXP 	trial_feedback: height = 0.09
601.0290 	EXP 	trial_feedback: height = 0.09
601.0290 	EXP 	trial_feedback: height = 0.09
601.0290 	EXP 	trial_feedback: text = 'Hit!\n$0.00'
601.0290 	EXP 	trial_feedback: autoDraw = True
603.0226 	EXP 	trial_feedback: autoDraw = False
603.0359 	EXP 	trial_feedback: autoDraw = False
603.0359 	EXP 	exp_feedback: autoDraw = False
613.5007 	EXP 	unnamed Polygon: autoDraw = True
613.5007 	EXP 	unnamed Polygon: autoDraw = True
613.5049 	EXP 	unnamed Polygon: autoDraw = True
613.5190 	EXP 	unnamed Polygon: autoDraw = True
613.5216 	EXP 	unnamed Polygon: autoDraw = True
613.5357 	EXP 	unnamed Polygon: autoDraw = True
613.5382 	EXP 	unnamed Polygon: autoDraw = True
613.5522 	EXP 	unnamed Polygon: autoDraw = True
613.5548 	EXP 	unnamed Polygon: autoDraw = True
613.5690 	EXP 	unnamed Polygon: autoDraw = True
613.5715 	EXP 	unnamed Polygon: autoDraw = True
613.5863 	EXP 	unnamed Polygon: autoDraw = True
613.5897 	EXP 	unnamed Polygon: autoDraw = True
613.6030 	EXP 	unnamed Polygon: autoDraw = True
613.6072 	EXP 	unnamed Polygon: autoDraw = True
613.6199 	EXP 	unnamed Polygon: autoDraw = True
613.6238 	EXP 	unnamed Polygon: autoDraw = True
613.6364 	EXP 	unnamed Polygon: autoDraw = True
613.6386 	EXP 	unnamed Polygon: autoDraw = True
613.6535 	EXP 	unnamed Polygon: autoDraw = True
613.6700 	EXP 	unnamed Polygon: autoDraw = True
613.6865 	EXP 	unnamed Polygon: autoDraw = True
613.7027 	EXP 	unnamed Polygon: autoDraw = True
613.7062 	EXP 	unnamed Polygon: autoDraw = True
613.7196 	EXP 	unnamed Polygon: autoDraw = True
613.7232 	EXP 	unnamed Polygon: autoDraw = True
613.7360 	EXP 	unnamed Polygon: autoDraw = True
613.7401 	EXP 	unnamed Polygon: autoDraw = True
613.7528 	EXP 	unnamed Polygon: autoDraw = True
613.7560 	EXP 	unnamed Polygon: autoDraw = True
613.7692 	EXP 	unnamed Polygon: autoDraw = True
613.7720 	EXP 	unnamed Polygon: autoDraw = True
613.7858 	EXP 	unnamed Polygon: autoDraw = True
613.7922 	EXP 	unnamed Polygon: autoDraw = False
613.8104 	DATA 	Keypress: 1
615.0510 	EXP 	trial_feedback: height = 0.09
615.0510 	EXP 	trial_feedback: height = 0.09
615.0510 	EXP 	trial_feedback: height = 0.09
615.0510 	EXP 	trial_feedback: text = 'Miss!\n$0.00'
615.0510 	EXP 	trial_feedback: autoDraw = True
617.0394 	EXP 	trial_feedback: autoDraw = False
617.0526 	EXP 	trial_feedback: autoDraw = False
617.0526 	EXP 	exp_feedback: autoDraw = False
627.3725 	EXP 	unnamed Polygon: autoDraw = True
627.3725 	EXP 	unnamed Polygon: autoDraw = True
627.3857 	EXP 	unnamed Polygon: autoDraw = True
627.3913 	EXP 	unnamed Polygon: autoDraw = True
627.4023 	EXP 	unnamed Polygon: autoDraw = True
627.4049 	EXP 	unnamed Polygon: autoDraw = True
627.4197 	EXP 	unnamed Polygon: autoDraw = True
627.4228 	EXP 	unnamed Polygon: autoDraw = True
627.4357 	EXP 	unnamed Polygon: autoDraw = True
627.4383 	EXP 	unnamed Polygon: autoDraw = True
627.4523 	EXP 	unnamed Polygon: autoDraw = True
627.4548 	EXP 	unnamed Polygon: autoDraw = True
627.4691 	EXP 	unnamed Polygon: autoDraw = True
627.4719 	EXP 	unnamed Polygon: autoDraw = True
627.4858 	EXP 	unnamed Polygon: autoDraw = True
627.4885 	EXP 	unnamed Polygon: autoDraw = True
627.5027 	EXP 	unnamed Polygon: autoDraw = True
627.5060 	EXP 	unnamed Polygon: autoDraw = True
627.5192 	EXP 	unnamed Polygon: autoDraw = True
627.5228 	EXP 	unnamed Polygon: autoDraw = True
627.5359 	EXP 	unnamed Polygon: autoDraw = True
627.5397 	EXP 	unnamed Polygon: autoDraw = True
627.5527 	EXP 	unnamed Polygon: autoDraw = True
627.5570 	EXP 	unnamed Polygon: autoDraw = True
627.5689 	EXP 	unnamed Polygon: autoDraw = True
627.5716 	EXP 	unnamed Polygon: autoDraw = True
627.5860 	EXP 	unnamed Polygon: autoDraw = True
627.5891 	EXP 	unnamed Polygon: autoDraw = True
627.6025 	EXP 	unnamed Polygon: autoDraw = True
627.6060 	EXP 	unnamed Polygon: autoDraw = True
627.6194 	EXP 	unnamed Polygon: autoDraw = True
627.6233 	EXP 	unnamed Polygon: autoDraw = True
627.6360 	EXP 	unnamed Polygon: autoDraw = True
627.6399 	EXP 	unnamed Polygon: autoDraw = True
627.6526 	EXP 	unnamed Polygon: autoDraw = True
627.6564 	EXP 	unnamed Polygon: autoDraw = True
627.6692 	EXP 	unnamed Polygon: autoDraw = True
627.6731 	EXP 	unnamed Polygon: autoDraw = True
627.6860 	EXP 	unnamed Polygon: autoDraw = True
627.6894 	EXP 	unnamed Polygon: autoDraw = True
627.7030 	EXP 	unnamed Polygon: autoDraw = True
627.7072 	EXP 	unnamed Polygon: autoDraw = True
627.7111 	DATA 	Keypress: 1
627.7193 	EXP 	unnamed Polygon: autoDraw = True
627.7237 	EXP 	unnamed Polygon: autoDraw = True
627.7363 	EXP 	unnamed Polygon: autoDraw = True
627.7418 	EXP 	unnamed Polygon: autoDraw = False
629.1114 	EXP 	trial_feedback: height = 0.09
629.1114 	EXP 	trial_feedback: height = 0.09
629.1114 	EXP 	trial_feedback: height = 0.09
629.1114 	EXP 	trial_feedback: text = 'Hit!\n+$1.50'
629.1114 	EXP 	trial_feedback: autoDraw = True
631.1057 	EXP 	trial_feedback: autoDraw = False
631.1191 	EXP 	trial_feedback: autoDraw = False
631.1191 	EXP 	exp_feedback: autoDraw = False
641.3458 	EXP 	unnamed Polygon: autoDraw = True
641.3458 	EXP 	unnamed Polygon: autoDraw = True
641.3524 	EXP 	unnamed Polygon: autoDraw = True
641.3556 	EXP 	unnamed Polygon: autoDraw = True
641.3690 	EXP 	unnamed Polygon: autoDraw = True
641.3715 	EXP 	unnamed Polygon: autoDraw = True
641.3858 	EXP 	unnamed Polygon: autoDraw = True
641.3884 	EXP 	unnamed Polygon: autoDraw = True
641.4024 	EXP 	unnamed Polygon: autoDraw = True
641.4052 	EXP 	unnamed Polygon: autoDraw = True
641.4191 	EXP 	unnamed Polygon: autoDraw = True
641.4222 	EXP 	unnamed Polygon: autoDraw = True
641.4361 	EXP 	unnamed Polygon: autoDraw = True
641.4396 	EXP 	unnamed Polygon: autoDraw = True
641.4525 	EXP 	unnamed Polygon: autoDraw = True
641.4553 	EXP 	unnamed Polygon: autoDraw = True
641.4691 	EXP 	unnamed Polygon: autoDraw = True
641.4728 	DATA 	Keypress: 1
641.4774 	EXP 	unnamed Polygon: autoDraw = True
641.4857 	EXP 	unnamed Polygon: autoDraw = True
641.4882 	EXP 	unnamed Polygon: autoDraw = True
641.5025 	EXP 	unnamed Polygon: autoDraw = True
641.5054 	EXP 	unnamed Polygon: autoDraw = True
641.5194 	EXP 	unnamed Polygon: autoDraw = True
641.5229 	EXP 	unnamed Polygon: autoDraw = True
641.5358 	EXP 	unnamed Polygon: autoDraw = True
641.5406 	EXP 	unnamed Polygon: autoDraw = True
641.5526 	EXP 	unnamed Polygon: autoDraw = True
641.5552 	EXP 	unnamed Polygon: autoDraw = True
641.5692 	EXP 	unnamed Polygon: autoDraw = True
641.5733 	EXP 	unnamed Polygon: autoDraw = True
641.5859 	EXP 	unnamed Polygon: autoDraw = True
641.5897 	EXP 	unnamed Polygon: autoDraw = True
641.6024 	EXP 	unnamed Polygon: autoDraw = True
641.6057 	EXP 	unnamed Polygon: autoDraw = True
641.6189 	EXP 	unnamed Polygon: autoDraw = True
641.6223 	EXP 	unnamed Polygon: autoDraw = True
641.6360 	EXP 	unnamed Polygon: autoDraw = True
641.6396 	EXP 	unnamed Polygon: autoDraw = True
641.6527 	EXP 	unnamed Polygon: autoDraw = True
641.6570 	EXP 	unnamed Polygon: autoDraw = True
641.6694 	EXP 	unnamed Polygon: autoDraw = True
641.6734 	EXP 	unnamed Polygon: autoDraw = True
641.6859 	EXP 	unnamed Polygon: autoDraw = True
641.6900 	EXP 	unnamed Polygon: autoDraw = True
641.7026 	EXP 	unnamed Polygon: autoDraw = True
641.7060 	EXP 	unnamed Polygon: autoDraw = True
641.7194 	EXP 	unnamed Polygon: autoDraw = True
641.7236 	EXP 	unnamed Polygon: autoDraw = True
641.7360 	EXP 	unnamed Polygon: autoDraw = True
641.7392 	EXP 	unnamed Polygon: autoDraw = True
641.7527 	EXP 	unnamed Polygon: autoDraw = True
641.7568 	EXP 	unnamed Polygon: autoDraw = True
641.7694 	EXP 	unnamed Polygon: autoDraw = True
641.7735 	EXP 	unnamed Polygon: autoDraw = True
641.7859 	EXP 	unnamed Polygon: autoDraw = True
641.7963 	EXP 	unnamed Polygon: autoDraw = False
643.4968 	EXP 	trial_feedback: height = 0.09
643.4968 	EXP 	trial_feedback: height = 0.09
643.4968 	EXP 	trial_feedback: height = 0.09
643.4968 	EXP 	trial_feedback: text = 'Hit!\n$0.00'
643.4968 	EXP 	trial_feedback: autoDraw = True
645.4885 	EXP 	trial_feedback: autoDraw = False
645.5025 	EXP 	trial_feedback: autoDraw = False
645.5025 	EXP 	exp_feedback: autoDraw = False
651.7521 	EXP 	unnamed Polygon: autoDraw = True
651.7521 	EXP 	unnamed Polygon: autoDraw = True
651.7551 	EXP 	unnamed Polygon: autoDraw = True
651.7694 	EXP 	unnamed Polygon: autoDraw = True
651.7720 	EXP 	unnamed Polygon: autoDraw = True
651.7857 	EXP 	unnamed Polygon: autoDraw = True
651.7883 	EXP 	unnamed Polygon: autoDraw = True
651.8017 	EXP 	unnamed Polygon: autoDraw = True
651.8049 	EXP 	unnamed Polygon: autoDraw = True
651.8191 	EXP 	unnamed Polygon: autoDraw = True
651.8219 	EXP 	unnamed Polygon: autoDraw = True
651.8352 	EXP 	unnamed Polygon: autoDraw = True
651.8382 	EXP 	unnamed Polygon: autoDraw = True
651.8524 	EXP 	unnamed Polygon: autoDraw = True
651.8551 	EXP 	unnamed Polygon: autoDraw = True
651.8695 	EXP 	unnamed Polygon: autoDraw = True
651.8720 	EXP 	unnamed Polygon: autoDraw = True
651.8864 	EXP 	unnamed Polygon: autoDraw = True
651.8906 	EXP 	unnamed Polygon: autoDraw = True
651.9025 	EXP 	unnamed Polygon: autoDraw = True
651.9054 	EXP 	unnamed Polygon: autoDraw = True
651.9205 	EXP 	unnamed Polygon: autoDraw = True
651.9370 	EXP 	unnamed Polygon: autoDraw = True
651.9532 	EXP 	unnamed Polygon: autoDraw = True
651.9577 	EXP 	unnamed Polygon: autoDraw = True
651.9698 	EXP 	unnamed Polygon: autoDraw = True
651.9744 	EXP 	unnamed Polygon: autoDraw = True
651.9858 	EXP 	unnamed Polygon: autoDraw = True
651.9895 	EXP 	unnamed Polygon: autoDraw = True
652.0036 	EXP 	unnamed Polygon: autoDraw = True
652.0203 	EXP 	unnamed Polygon: autoDraw = True
652.0361 	EXP 	unnamed Polygon: autoDraw = True
652.0406 	EXP 	unnamed Polygon: autoDraw = True
652.0527 	EXP 	unnamed Polygon: autoDraw = True
652.0566 	EXP 	unnamed Polygon: autoDraw = True
652.0695 	EXP 	unnamed Polygon: autoDraw = True
652.0726 	DATA 	Keypress: 1
652.0772 	EXP 	unnamed Polygon: autoDraw = True
652.0857 	EXP 	unnamed Polygon: autoDraw = True
652.0903 	EXP 	unnamed Polygon: autoDraw = False
653.5354 	EXP 	trial_feedback: text = 'Hit!\n$0.00'
653.5354 	EXP 	trial_feedback: autoDraw = True
655.5220 	EXP 	trial_feedback: autoDraw = False
655.5392 	EXP 	trial_feedback: autoDraw = False
655.5392 	EXP 	exp_feedback: autoDraw = False
663.9387 	EXP 	unnamed Polygon: autoDraw = True
663.9387 	EXP 	unnamed Polygon: autoDraw = True
663.9524 	EXP 	unnamed Polygon: autoDraw = True
663.9550 	EXP 	unnamed Polygon: autoDraw = True
663.9684 	EXP 	unnamed Polygon: autoDraw = True
663.9718 	EXP 	unnamed Polygon: autoDraw = True
663.9864 	EXP 	unnamed Polygon: autoDraw = True
663.9887 	EXP 	unnamed Polygon: autoDraw = True
664.0020 	EXP 	unnamed Polygon: autoDraw = True
664.0049 	EXP 	unnamed Polygon: autoDraw = True
664.0203 	EXP 	unnamed Polygon: autoDraw = True
664.0367 	EXP 	unnamed Polygon: autoDraw = True
664.0528 	EXP 	unnamed Polygon: autoDraw = True
664.0572 	EXP 	unnamed Polygon: autoDraw = True
664.0689 	EXP 	unnamed Polygon: autoDraw = True
664.0718 	EXP 	unnamed Polygon: autoDraw = True
664.0860 	EXP 	unnamed Polygon: autoDraw = True
664.0896 	EXP 	unnamed Polygon: autoDraw = True
664.1025 	EXP 	unnamed Polygon: autoDraw = True
664.1062 	EXP 	unnamed Polygon: autoDraw = True
664.1193 	EXP 	unnamed Polygon: autoDraw = True
664.1234 	EXP 	unnamed Polygon: autoDraw = True
664.1361 	EXP 	unnamed Polygon: autoDraw = True
664.1400 	EXP 	unnamed Polygon: autoDraw = True
664.1527 	EXP 	unnamed Polygon: autoDraw = True
664.1566 	EXP 	unnamed Polygon: autoDraw = True
664.1694 	EXP 	unnamed Polygon: autoDraw = True
664.1732 	EXP 	unnamed Polygon: autoDraw = True
664.1859 	EXP 	unnamed Polygon: autoDraw = True
664.1899 	EXP 	unnamed Polygon: autoDraw = True
664.2028 	EXP 	unnamed Polygon: autoDraw = True
664.2074 	EXP 	unnamed Polygon: autoDraw = True
664.2195 	EXP 	unnamed Polygon: autoDraw = True
664.2235 	DATA 	Keypress: 1
664.2301 	EXP 	unnamed Polygon: autoDraw = True
664.2351 	EXP 	unnamed Polygon: autoDraw = True
664.2381 	EXP 	unnamed Polygon: autoDraw = True
664.2537 	EXP 	unnamed Polygon: autoDraw = True
664.2697 	EXP 	unnamed Polygon: autoDraw = True
664.2729 	EXP 	unnamed Polygon: autoDraw = True
664.2862 	EXP 	unnamed Polygon: autoDraw = True
664.2897 	EXP 	unnamed Polygon: autoDraw = True
664.3021 	EXP 	unnamed Polygon: autoDraw = True
664.3060 	EXP 	unnamed Polygon: autoDraw = True
664.3191 	EXP 	unnamed Polygon: autoDraw = True
664.3220 	EXP 	unnamed Polygon: autoDraw = True
664.3359 	EXP 	unnamed Polygon: autoDraw = True
664.3391 	EXP 	unnamed Polygon: autoDraw = True
664.3525 	EXP 	unnamed Polygon: autoDraw = True
664.3596 	EXP 	unnamed Polygon: autoDraw = False
665.7021 	EXP 	trial_feedback: text = 'Hit!\n$0.00'
665.7021 	EXP 	trial_feedback: autoDraw = True
667.6892 	EXP 	trial_feedback: autoDraw = False
667.7058 	EXP 	trial_feedback: autoDraw = False
667.7058 	EXP 	exp_feedback: autoDraw = False
762.0903 	DATA 	Keypress: 1
762.3205 	DATA 	Keypress: 1
762.7052 	DATA 	Keypress: 1
763.6064 	DATA 	Keypress: bracketright
763.6222 	DATA 	Keypress: backslash
772.1756 	EXP 	unnamed TextStim: text = 'Instructions...\n\nYour goal is to make as much money as possible.\n\nRemember:\nWIN CIRCLES = win money\nLOSE SQUARES = lose money\n\nQUICKLY press the button with your pointer finger when you see the solid white triangle.\n\nYou will get feedback on whether you pressed the button in time and if you won or lost money.'
772.8661 	DATA 	Keypress: 1
772.8678 	EXP 	Created unnamed TextStim = TextStim(__class__=<class 'psychopy.visual.text.TextStim'>, alignHoriz=method-wrapper(...), alignText='center', alignVert=method-wrapper(...), anchorHoriz='center', anchorVert='center', antialias=True, autoDraw=False, autoLog=True, bold=False, color=array([1., 1., 1.]), colorSpace='rgb', contrast=1.0, depth=0, draggable=False, flipHoriz=False, flipVert=False, font='', fontFiles=[], height=0.08, italic=False, languageStyle='LTR', name='unnamed TextStim', opacity=1.0, ori=0.0, pos=array([-0.65,  0.15]), rgb=UNKNOWN, text='+', units='height', win=Window(...), wrapWidth=1)
772.8742 	EXP 	Created unnamed ImageStim = ImageStim(__class__=<class 'psychopy.visual.image.ImageStim'>, anchor=('center', 'center'), autoLog=True, color=array([1., 1., 1.]), colorSpace='rgb', contrast=1.0, depth=0, draggable=False, flipHoriz=False, flipVert=False, image='../stimuli/reward_high.png', interpolate=False, mask=None, maskParams=None, name='unnamed ImageStim', opacity=1, ori=0.0, pos=array([-0.35,  0.15]), size=array([0.2, 0.2]), texRes=128, units='height', win=Window(...))
772.8751 	EXP 	Created unnamed TextStim = TextStim(__class__=<class 'psychopy.visual.text.TextStim'>, alignHoriz=method-wrapper(...), alignText='center', alignVert=method-wrapper(...), anchorHoriz='center', anchorVert='center', antialias=True, autoDraw=False, autoLog=True, bold=False, color=array([1., 1., 1.]), colorSpace='rgb', contrast=1.0, depth=0, draggable=False, flipHoriz=False, flipVert=False, font='', fontFiles=[], height=0.08, italic=False, languageStyle='LTR', name='unnamed TextStim', opacity=1.0, ori=0.0, pos=array([-0.15,  0.15]), rgb=UNKNOWN, text='+', units='height', win=Window(...), wrapWidth=1)
772.8758 	EXP 	Created unnamed Polygon = Polygon(__class__=<class 'psychopy.visual.polygon.Polygon'>, anchor=('center', 'center'), autoDraw=False, autoLog=True, closeShape=True, color=method-wrapper(...), colorSpace='rgb', contrast=None, depth=0, draggable=False, fillColor=array([1, 1, 1]), fillColorSpace='rgb', fillRGB=array([1, 1, 1]), interpolate=True, lineColor=array([1., 1., 1.]), lineColorSpace='rgb', lineRGB=array([1, 1, 1]), lineWidth=1.5, name='unnamed Polygon', opacity=1, ori=0.0, pos=array([0.15, 0.15]), size=array([1., 1.]), units='height', vertices=ndarray(...), win=Window(...))
772.8767 	EXP 	Created unnamed TextStim = TextStim(__class__=<class 'psychopy.visual.text.TextStim'>, alignHoriz=method-wrapper(...), alignText='center', alignVert=method-wrapper(...), anchorHoriz='center', anchorVert='center', antialias=True, autoDraw=False, autoLog=True, bold=False, color=array([1., 1., 1.]), colorSpace='rgb', contrast=1.0, depth=0, draggable=False, flipHoriz=False, flipVert=False, font='', fontFiles=[], height=0.08, italic=False, languageStyle='LTR', name='unnamed TextStim', opacity=1.0, ori=0.0, pos=array([0.35, 0.15]), rgb=UNKNOWN, text='+', units='height', win=Window(...), wrapWidth=1)
772.8778 	EXP 	Created unnamed TextStim = TextStim(__class__=<class 'psychopy.visual.text.TextStim'>, alignHoriz=method-wrapper(...), alignText='center', alignVert=method-wrapper(...), anchorHoriz='center', anchorVert='center', antialias=True, autoDraw=False, autoLog=True, bold=False, color=array([1., 1., 1.]), colorSpace='rgb', contrast=1.0, depth=0, draggable=False, flipHoriz=False, flipVert=False, font='', fontFiles=[], height=0.08, italic=False, languageStyle='LTR', name='unnamed TextStim', opacity=1.0, ori=0.0, pos=array([0.65, 0.15]), rgb=UNKNOWN, text='Hit!\n+$5.00', units='height', win=Window(...), wrapWidth=1)
772.8779 	WARNING 	TextStim.alignHoriz is deprecated. Use alignText and anchorHoriz attributes instead
772.8799 	EXP 	Created unnamed TextStim = TextStim(__class__=<class 'psychopy.visual.text.TextStim'>, alignHoriz='center', alignText='center', alignVert=method-wrapper(...), anchorHoriz='center', anchorVert='center', antialias=True, autoDraw=False, autoLog=True, bold=False, color=array([1., 1., 1.]), colorSpace='rgb', contrast=1.0, depth=0, draggable=False, flipHoriz=False, flipVert=False, font='', fontFiles=[], height=0.04, italic=False, languageStyle='LTR', name='unnamed TextStim', opacity=1.0, ori=0.0, pos=array([-0.65, -0.15]), rgb=UNKNOWN, text='Pay attention', units='height', win=Window(...), wrapWidth=0.1)
772.8800 	WARNING 	TextStim.alignHoriz is deprecated. Use alignText and anchorHoriz attributes instead
772.8819 	EXP 	Created unnamed TextStim = TextStim(__class__=<class 'psychopy.visual.text.TextStim'>, alignHoriz='center', alignText='center', alignVert=method-wrapper(...), anchorHoriz='center', anchorVert='center', antialias=True, autoDraw=False, autoLog=True, bold=False, color=array([1., 1., 1.]), colorSpace='rgb', contrast=1.0, depth=0, draggable=False, flipHoriz=False, flipVert=False, font='', fontFiles=[], height=0.04, italic=False, languageStyle='LTR', name='unnamed TextStim', opacity=1.0, ori=0.0, pos=array([-0.35, -0.15]), rgb=UNKNOWN, text="Cue: don't respond yet", units='height', win=Window(...), wrapWidth=0.1)
772.8820 	WARNING 	TextStim.alignHoriz is deprecated. Use alignText and anchorHoriz attributes instead
772.8830 	EXP 	Created unnamed TextStim = TextStim(__class__=<class 'psychopy.visual.text.TextStim'>, alignHoriz='center', alignText='center', alignVert=method-wrapper(...), anchorHoriz='center', anchorVert='center', antialias=True, autoDraw=False, autoLog=True, bold=False, color=array([1., 1., 1.]), colorSpace='rgb', contrast=1.0, depth=0, draggable=False, flipHoriz=False, flipVert=False, font='', fontFiles=[], height=0.04, italic=False, languageStyle='LTR', name='unnamed TextStim', opacity=1.0, ori=0.0, pos=array([-0.15, -0.15]), rgb=UNKNOWN, text='Pay attention', units='height', win=Window(...), wrapWidth=0.1)
772.8831 	WARNING 	TextStim.alignHoriz is deprecated. Use alignText and anchorHoriz attributes instead
772.8854 	EXP 	Created unnamed TextStim = TextStim(__class__=<class 'psychopy.visual.text.TextStim'>, alignHoriz='center', alignText='center', alignVert=method-wrapper(...), anchorHoriz='center', anchorVert='center', antialias=True, autoDraw=False, autoLog=True, bold=False, color=array([1., 1., 1.]), colorSpace='rgb', contrast=1.0, depth=0, draggable=False, flipHoriz=False, flipVert=False, font='', fontFiles=[], height=0.04, italic=False, languageStyle='LTR', name='unnamed TextStim', opacity=1.0, ori=0.0, pos=array([ 0.15, -0.15]), rgb=UNKNOWN, text='Respond when solid triangle is on screen', units='height', win=Window(...), wrapWidth=0.1)
772.8855 	WARNING 	TextStim.alignHoriz is deprecated. Use alignText and anchorHoriz attributes instead
772.8866 	EXP 	Created unnamed TextStim = TextStim(__class__=<class 'psychopy.visual.text.TextStim'>, alignHoriz='center', alignText='center', alignVert=method-wrapper(...), anchorHoriz='center', anchorVert='center', antialias=True, autoDraw=False, autoLog=True, bold=False, color=array([1., 1., 1.]), colorSpace='rgb', contrast=1.0, depth=0, draggable=False, flipHoriz=False, flipVert=False, font='', fontFiles=[], height=0.04, italic=False, languageStyle='LTR', name='unnamed TextStim', opacity=1.0, ori=0.0, pos=array([ 0.35, -0.15]), rgb=UNKNOWN, text='Pay attention', units='height', win=Window(...), wrapWidth=0.1)
772.8866 	WARNING 	TextStim.alignHoriz is deprecated. Use alignText and anchorHoriz attributes instead
772.8878 	EXP 	Created unnamed TextStim = TextStim(__class__=<class 'psychopy.visual.text.TextStim'>, alignHoriz='center', alignText='center', alignVert=method-wrapper(...), anchorHoriz='center', anchorVert='center', antialias=True, autoDraw=False, autoLog=True, bold=False, color=array([1., 1., 1.]), colorSpace='rgb', contrast=1.0, depth=0, draggable=False, flipHoriz=False, flipVert=False, font='', fontFiles=[], height=0.04, italic=False, languageStyle='LTR', name='unnamed TextStim', opacity=1.0, ori=0.0, pos=array([ 0.65, -0.15]), rgb=UNKNOWN, text='Feedback', units='height', win=Window(...), wrapWidth=0.1)
773.7381 	DATA 	Keypress: 1
774.7022 	DATA 	Keypress: 1
775.4406 	DATA 	Keypress: 1
776.1845 	DATA 	Keypress: return
777.4950 	DATA 	Keypress: equal
786.5841 	EXP 	unnamed Polygon: autoDraw = True
786.5841 	EXP 	unnamed Polygon: autoDraw = True
786.5882 	EXP 	unnamed Polygon: autoDraw = True
786.6026 	EXP 	unnamed Polygon: autoDraw = True
786.6056 	EXP 	unnamed Polygon: autoDraw = True
786.6197 	EXP 	unnamed Polygon: autoDraw = True
786.6226 	EXP 	unnamed Polygon: autoDraw = True
786.6359 	EXP 	unnamed Polygon: autoDraw = True
786.6383 	EXP 	unnamed Polygon: autoDraw = True
786.6538 	EXP 	unnamed Polygon: autoDraw = True
786.6701 	EXP 	unnamed Polygon: autoDraw = True
786.6727 	EXP 	unnamed Polygon: autoDraw = True
786.6872 	EXP 	unnamed Polygon: autoDraw = True
786.7030 	EXP 	unnamed Polygon: autoDraw = True
786.7070 	EXP 	unnamed Polygon: autoDraw = True
786.7196 	EXP 	unnamed Polygon: autoDraw = True
786.7231 	EXP 	unnamed Polygon: autoDraw = True
786.7364 	EXP 	unnamed Polygon: autoDraw = True
786.7398 	EXP 	unnamed Polygon: autoDraw = True
786.7528 	EXP 	unnamed Polygon: autoDraw = True
786.7560 	EXP 	unnamed Polygon: autoDraw = True
786.7697 	EXP 	unnamed Polygon: autoDraw = True
786.7733 	EXP 	unnamed Polygon: autoDraw = True
786.7863 	EXP 	unnamed Polygon: autoDraw = True
786.7904 	EXP 	unnamed Polygon: autoDraw = True
786.8027 	EXP 	unnamed Polygon: autoDraw = True
786.8063 	EXP 	unnamed Polygon: autoDraw = True
786.8195 	EXP 	unnamed Polygon: autoDraw = True
786.8232 	EXP 	unnamed Polygon: autoDraw = True
786.8361 	EXP 	unnamed Polygon: autoDraw = True
786.8402 	EXP 	unnamed Polygon: autoDraw = True
786.8528 	EXP 	unnamed Polygon: autoDraw = True
786.8565 	EXP 	unnamed Polygon: autoDraw = True
786.8694 	EXP 	unnamed Polygon: autoDraw = True
786.8725 	EXP 	unnamed Polygon: autoDraw = True
786.8859 	EXP 	unnamed Polygon: autoDraw = True
786.8888 	EXP 	unnamed Polygon: autoDraw = True
786.9029 	EXP 	unnamed Polygon: autoDraw = True
786.9070 	DATA 	Keypress: 1
786.9119 	EXP 	unnamed Polygon: autoDraw = True
786.9194 	EXP 	unnamed Polygon: autoDraw = True
786.9226 	EXP 	unnamed Polygon: autoDraw = True
786.9356 	EXP 	unnamed Polygon: autoDraw = True
786.9385 	EXP 	unnamed Polygon: autoDraw = True
786.9527 	EXP 	unnamed Polygon: autoDraw = True
786.9558 	EXP 	unnamed Polygon: autoDraw = True
786.9693 	EXP 	unnamed Polygon: autoDraw = True
786.9792 	EXP 	unnamed Polygon: autoDraw = False
788.6127 	EXP 	trial_feedback: height = 0.09
788.6127 	EXP 	trial_feedback: height = 0.09
788.6127 	EXP 	trial_feedback: height = 0.09
788.6127 	EXP 	trial_feedback: text = 'Hit!\n+$1.50'
788.6127 	EXP 	trial_feedback: autoDraw = True
790.6029 	EXP 	trial_feedback: autoDraw = False
790.6070 	EXP 	trial_feedback: autoDraw = False
790.6070 	EXP 	exp_feedback: autoDraw = False
797.0052 	DATA 	Keypress: 1
800.7678 	EXP 	unnamed Polygon: autoDraw = True
800.7678 	EXP 	unnamed Polygon: autoDraw = True
800.7724 	EXP 	unnamed Polygon: autoDraw = True
800.7859 	EXP 	unnamed Polygon: autoDraw = True
800.7886 	EXP 	unnamed Polygon: autoDraw = True
800.8026 	EXP 	unnamed Polygon: autoDraw = True
800.8051 	EXP 	unnamed Polygon: autoDraw = True
800.8198 	EXP 	unnamed Polygon: autoDraw = True
800.8222 	EXP 	unnamed Polygon: autoDraw = True
800.8359 	EXP 	unnamed Polygon: autoDraw = True
800.8392 	EXP 	unnamed Polygon: autoDraw = True
800.8533 	EXP 	unnamed Polygon: autoDraw = True
800.8557 	EXP 	unnamed Polygon: autoDraw = True
800.8700 	EXP 	unnamed Polygon: autoDraw = True
800.8737 	EXP 	unnamed Polygon: autoDraw = True
800.8861 	EXP 	unnamed Polygon: autoDraw = True
800.8896 	EXP 	unnamed Polygon: autoDraw = True
800.9029 	EXP 	unnamed Polygon: autoDraw = True
800.9067 	EXP 	unnamed Polygon: autoDraw = True
800.9195 	EXP 	unnamed Polygon: autoDraw = True
800.9222 	EXP 	unnamed Polygon: autoDraw = True
800.9359 	EXP 	unnamed Polygon: autoDraw = True
800.9386 	EXP 	unnamed Polygon: autoDraw = True
800.9527 	EXP 	unnamed Polygon: autoDraw = True
800.9556 	EXP 	unnamed Polygon: autoDraw = True
800.9694 	EXP 	unnamed Polygon: autoDraw = True
800.9734 	EXP 	unnamed Polygon: autoDraw = True
800.9862 	EXP 	unnamed Polygon: autoDraw = True
800.9901 	EXP 	unnamed Polygon: autoDraw = True
801.0028 	EXP 	unnamed Polygon: autoDraw = True
801.0068 	EXP 	unnamed Polygon: autoDraw = True
801.0195 	EXP 	unnamed Polygon: autoDraw = True
801.0233 	EXP 	unnamed Polygon: autoDraw = True
801.0361 	EXP 	unnamed Polygon: autoDraw = True
801.0402 	EXP 	unnamed Polygon: autoDraw = True
801.0527 	EXP 	unnamed Polygon: autoDraw = True
801.0562 	EXP 	unnamed Polygon: autoDraw = True
801.0695 	EXP 	unnamed Polygon: autoDraw = True
801.0735 	EXP 	unnamed Polygon: autoDraw = True
801.0859 	EXP 	unnamed Polygon: autoDraw = False
801.2892 	DATA 	Keypress: 1
802.6294 	EXP 	trial_feedback: height = 0.09
802.6294 	EXP 	trial_feedback: height = 0.09
802.6294 	EXP 	trial_feedback: height = 0.09
802.6294 	EXP 	trial_feedback: text = 'Miss!\n-$1.50'
802.6294 	EXP 	trial_feedback: autoDraw = True
804.6222 	EXP 	trial_feedback: autoDraw = False
804.6362 	EXP 	trial_feedback: autoDraw = False
804.6362 	EXP 	exp_feedback: autoDraw = False
814.8341 	EXP 	unnamed Polygon: autoDraw = True
814.8341 	EXP 	unnamed Polygon: autoDraw = True
814.8391 	EXP 	unnamed Polygon: autoDraw = True
814.8527 	EXP 	unnamed Polygon: autoDraw = True
814.8560 	EXP 	unnamed Polygon: autoDraw = True
814.8692 	EXP 	unnamed Polygon: autoDraw = True
814.8717 	EXP 	unnamed Polygon: autoDraw = True
814.8865 	EXP 	unnamed Polygon: autoDraw = True
814.8904 	EXP 	unnamed Polygon: autoDraw = True
814.9033 	EXP 	unnamed Polygon: autoDraw = True
814.9071 	EXP 	unnamed Polygon: autoDraw = True
814.9198 	EXP 	unnamed Polygon: autoDraw = True
814.9227 	EXP 	unnamed Polygon: autoDraw = True
814.9360 	EXP 	unnamed Polygon: autoDraw = True
814.9395 	EXP 	unnamed Polygon: autoDraw = True
814.9526 	EXP 	unnamed Polygon: autoDraw = True
814.9561 	EXP 	unnamed Polygon: autoDraw = True
814.9693 	EXP 	unnamed Polygon: autoDraw = True
814.9721 	EXP 	unnamed Polygon: autoDraw = True
814.9855 	EXP 	unnamed Polygon: autoDraw = True
814.9889 	EXP 	unnamed Polygon: autoDraw = True
815.0027 	EXP 	unnamed Polygon: autoDraw = True
815.0062 	EXP 	unnamed Polygon: autoDraw = True
815.0191 	EXP 	unnamed Polygon: autoDraw = True
815.0226 	EXP 	unnamed Polygon: autoDraw = True
815.0360 	EXP 	unnamed Polygon: autoDraw = True
815.0396 	EXP 	unnamed Polygon: autoDraw = True
815.0530 	EXP 	unnamed Polygon: autoDraw = True
815.0569 	EXP 	unnamed Polygon: autoDraw = True
815.0694 	EXP 	unnamed Polygon: autoDraw = True
815.0727 	EXP 	unnamed Polygon: autoDraw = True
815.0863 	EXP 	unnamed Polygon: autoDraw = True
815.0905 	EXP 	unnamed Polygon: autoDraw = True
815.1029 	EXP 	unnamed Polygon: autoDraw = True
815.1061 	EXP 	unnamed Polygon: autoDraw = True
815.1195 	EXP 	unnamed Polygon: autoDraw = True
815.1235 	EXP 	unnamed Polygon: autoDraw = True
815.1363 	EXP 	unnamed Polygon: autoDraw = True
815.1405 	DATA 	Keypress: 1
815.1451 	EXP 	unnamed Polygon: autoDraw = True
815.1527 	EXP 	unnamed Polygon: autoDraw = True
815.1553 	EXP 	unnamed Polygon: autoDraw = True
815.1693 	EXP 	unnamed Polygon: autoDraw = True
815.1722 	EXP 	unnamed Polygon: autoDraw = True
815.1864 	EXP 	unnamed Polygon: autoDraw = True
815.1905 	EXP 	unnamed Polygon: autoDraw = True
815.2027 	EXP 	unnamed Polygon: autoDraw = True
815.2125 	EXP 	unnamed Polygon: autoDraw = False
816.7362 	EXP 	trial_feedback: height = 0.09
816.7362 	EXP 	trial_feedback: height = 0.09
816.7362 	EXP 	trial_feedback: height = 0.09
816.7362 	EXP 	trial_feedback: text = 'Hit!\n+$1.50'
816.7362 	EXP 	trial_feedback: autoDraw = True
818.7253 	EXP 	trial_feedback: autoDraw = False
818.7362 	EXP 	trial_feedback: autoDraw = False
818.7362 	EXP 	exp_feedback: autoDraw = False
827.0845 	EXP 	unnamed Polygon: autoDraw = True
827.0845 	EXP 	unnamed Polygon: autoDraw = True
827.0892 	EXP 	unnamed Polygon: autoDraw = True
827.1027 	EXP 	unnamed Polygon: autoDraw = True
827.1054 	EXP 	unnamed Polygon: autoDraw = True
827.1192 	EXP 	unnamed Polygon: autoDraw = True
827.1217 	EXP 	unnamed Polygon: autoDraw = True
827.1362 	EXP 	unnamed Polygon: autoDraw = True
827.1395 	EXP 	unnamed Polygon: autoDraw = True
827.1528 	EXP 	unnamed Polygon: autoDraw = True
827.1560 	EXP 	unnamed Polygon: autoDraw = True
827.1694 	EXP 	unnamed Polygon: autoDraw = True
827.1729 	EXP 	unnamed Polygon: autoDraw = True
827.1861 	EXP 	unnamed Polygon: autoDraw = True
827.1889 	EXP 	unnamed Polygon: autoDraw = True
827.2027 	EXP 	unnamed Polygon: autoDraw = True
827.2058 	EXP 	unnamed Polygon: autoDraw = True
827.2197 	EXP 	unnamed Polygon: autoDraw = True
827.2235 	EXP 	unnamed Polygon: autoDraw = True
827.2361 	EXP 	unnamed Polygon: autoDraw = True
827.2395 	EXP 	unnamed Polygon: autoDraw = True
827.2528 	EXP 	unnamed Polygon: autoDraw = True
827.2578 	EXP 	unnamed Polygon: autoDraw = True
827.2695 	EXP 	unnamed Polygon: autoDraw = True
827.2729 	EXP 	unnamed Polygon: autoDraw = True
827.2858 	EXP 	unnamed Polygon: autoDraw = True
827.2894 	EXP 	unnamed Polygon: autoDraw = True
827.3028 	EXP 	unnamed Polygon: autoDraw = True
827.3060 	EXP 	unnamed Polygon: autoDraw = True
827.3191 	EXP 	unnamed Polygon: autoDraw = True
827.3225 	EXP 	unnamed Polygon: autoDraw = True
827.3360 	EXP 	unnamed Polygon: autoDraw = True
827.3391 	EXP 	unnamed Polygon: autoDraw = True
827.3528 	EXP 	unnamed Polygon: autoDraw = True
827.3568 	EXP 	unnamed Polygon: autoDraw = True
827.3695 	EXP 	unnamed Polygon: autoDraw = True
827.3736 	EXP 	unnamed Polygon: autoDraw = True
827.3868 	EXP 	unnamed Polygon: autoDraw = True
827.3912 	DATA 	Keypress: 1
827.3980 	EXP 	unnamed Polygon: autoDraw = True
827.4028 	EXP 	unnamed Polygon: autoDraw = True
827.4065 	EXP 	unnamed Polygon: autoDraw = True
827.4203 	EXP 	unnamed Polygon: autoDraw = True
827.4364 	EXP 	unnamed Polygon: autoDraw = True
827.4455 	EXP 	unnamed Polygon: autoDraw = False
828.8230 	EXP 	trial_feedback: text = 'Hit!\n+$1.50'
828.8230 	EXP 	trial_feedback: autoDraw = True
830.8227 	EXP 	trial_feedback: autoDraw = False
830.8361 	EXP 	trial_feedback: autoDraw = False
830.8361 	EXP 	exp_feedback: autoDraw = False
837.1556 	DATA 	Keypress: 1
841.2507 	EXP 	unnamed Polygon: autoDraw = True
841.2507 	EXP 	unnamed Polygon: autoDraw = True
841.2555 	EXP 	unnamed Polygon: autoDraw = True
841.2693 	EXP 	unnamed Polygon: autoDraw = True
841.2718 	EXP 	unnamed Polygon: autoDraw = True
841.2859 	EXP 	unnamed Polygon: autoDraw = True
841.2886 	EXP 	unnamed Polygon: autoDraw = True
841.3039 	EXP 	unnamed Polygon: autoDraw = True
841.3202 	EXP 	unnamed Polygon: autoDraw = True
841.3364 	EXP 	unnamed Polygon: autoDraw = True
841.3401 	EXP 	unnamed Polygon: autoDraw = True
841.3527 	EXP 	unnamed Polygon: autoDraw = True
841.3556 	EXP 	unnamed Polygon: autoDraw = True
841.3696 	EXP 	unnamed Polygon: autoDraw = True
841.3732 	EXP 	unnamed Polygon: autoDraw = True
841.3865 	EXP 	unnamed Polygon: autoDraw = True
841.3905 	EXP 	unnamed Polygon: autoDraw = True
841.4029 	EXP 	unnamed Polygon: autoDraw = True
841.4068 	EXP 	unnamed Polygon: autoDraw = True
841.4197 	EXP 	unnamed Polygon: autoDraw = True
841.4244 	EXP 	unnamed Polygon: autoDraw = True
841.4363 	EXP 	unnamed Polygon: autoDraw = True
841.4402 	EXP 	unnamed Polygon: autoDraw = True
841.4529 	EXP 	unnamed Polygon: autoDraw = True
841.4568 	EXP 	unnamed Polygon: autoDraw = True
841.4697 	EXP 	unnamed Polygon: autoDraw = True
841.4736 	DATA 	Keypress: 1
841.4811 	EXP 	unnamed Polygon: autoDraw = True
841.4864 	EXP 	unnamed Polygon: autoDraw = True
841.4903 	EXP 	unnamed Polygon: autoDraw = True
841.5031 	EXP 	unnamed Polygon: autoDraw = True
841.5079 	EXP 	unnamed Polygon: autoDraw = True
841.5202 	EXP 	unnamed Polygon: autoDraw = True
841.5241 	EXP 	unnamed Polygon: autoDraw = True
841.5369 	EXP 	unnamed Polygon: autoDraw = True
841.5533 	EXP 	unnamed Polygon: autoDraw = True
841.5554 	EXP 	unnamed Polygon: autoDraw = True
841.5707 	EXP 	unnamed Polygon: autoDraw = True
841.5865 	EXP 	unnamed Polygon: autoDraw = True
841.5910 	EXP 	unnamed Polygon: autoDraw = False
842.9864 	EXP 	trial_feedback: text = 'Hit!\n+$1.50'
842.9864 	EXP 	trial_feedback: autoDraw = True
844.9728 	EXP 	trial_feedback: autoDraw = False
844.9903 	EXP 	trial_feedback: autoDraw = False
844.9903 	EXP 	exp_feedback: autoDraw = False
853.3508 	EXP 	unnamed Polygon: autoDraw = True
853.3508 	EXP 	unnamed Polygon: autoDraw = True
853.3551 	EXP 	unnamed Polygon: autoDraw = True
853.3693 	EXP 	unnamed Polygon: autoDraw = True
853.3715 	EXP 	unnamed Polygon: autoDraw = True
853.3860 	EXP 	unnamed Polygon: autoDraw = True
853.3884 	EXP 	unnamed Polygon: autoDraw = True
853.4033 	EXP 	unnamed Polygon: autoDraw = True
853.4071 	EXP 	unnamed Polygon: autoDraw = True
853.4198 	EXP 	unnamed Polygon: autoDraw = True
853.4233 	EXP 	unnamed Polygon: autoDraw = True
853.4360 	EXP 	unnamed Polygon: autoDraw = True
853.4385 	EXP 	unnamed Polygon: autoDraw = True
853.4528 	EXP 	unnamed Polygon: autoDraw = True
853.4557 	EXP 	unnamed Polygon: autoDraw = True
853.4694 	EXP 	unnamed Polygon: autoDraw = True
853.4723 	EXP 	unnamed Polygon: autoDraw = True
853.4862 	EXP 	unnamed Polygon: autoDraw = True
853.4891 	EXP 	unnamed Polygon: autoDraw = True
853.5029 	EXP 	unnamed Polygon: autoDraw = True
853.5071 	EXP 	unnamed Polygon: autoDraw = True
853.5195 	EXP 	unnamed Polygon: autoDraw = True
853.5228 	EXP 	unnamed Polygon: autoDraw = True
853.5363 	EXP 	unnamed Polygon: autoDraw = True
853.5395 	EXP 	unnamed Polygon: autoDraw = True
853.5529 	EXP 	unnamed Polygon: autoDraw = True
853.5563 	EXP 	unnamed Polygon: autoDraw = True
853.5696 	EXP 	unnamed Polygon: autoDraw = True
853.5730 	EXP 	unnamed Polygon: autoDraw = True
853.5864 	EXP 	unnamed Polygon: autoDraw = True
853.5905 	EXP 	unnamed Polygon: autoDraw = True
853.6030 	EXP 	unnamed Polygon: autoDraw = True
853.6059 	EXP 	unnamed Polygon: autoDraw = True
853.6195 	EXP 	unnamed Polygon: autoDraw = True
853.6230 	EXP 	unnamed Polygon: autoDraw = True
853.6362 	EXP 	unnamed Polygon: autoDraw = True
853.6391 	EXP 	unnamed Polygon: autoDraw = True
853.6531 	EXP 	unnamed Polygon: autoDraw = True
853.6565 	DATA 	Keypress: 1
853.6618 	EXP 	unnamed Polygon: autoDraw = True
853.6717 	EXP 	unnamed Polygon: autoDraw = False
855.0315 	EXP 	trial_feedback: height = 0.09
855.0315 	EXP 	trial_feedback: height = 0.09
855.0315 	EXP 	trial_feedback: height = 0.09
855.0315 	EXP 	trial_feedback: text = 'Hit!\n$0.00'
855.0315 	EXP 	trial_feedback: autoDraw = True
857.0229 	EXP 	trial_feedback: autoDraw = False
857.0364 	EXP 	trial_feedback: autoDraw = False
857.0364 	EXP 	exp_feedback: autoDraw = False
865.4169 	EXP 	unnamed Polygon: autoDraw = True
865.4169 	EXP 	unnamed Polygon: autoDraw = True
865.4217 	EXP 	unnamed Polygon: autoDraw = True
865.4360 	EXP 	unnamed Polygon: autoDraw = True
865.4384 	EXP 	unnamed Polygon: autoDraw = True
865.4536 	EXP 	unnamed Polygon: autoDraw = True
865.4704 	EXP 	unnamed Polygon: autoDraw = True
865.4864 	EXP 	unnamed Polygon: autoDraw = True
865.4900 	EXP 	unnamed Polygon: autoDraw = True
865.5027 	EXP 	unnamed Polygon: autoDraw = True
865.5056 	EXP 	unnamed Polygon: autoDraw = True
865.5196 	EXP 	unnamed Polygon: autoDraw = True
865.5231 	EXP 	unnamed Polygon: autoDraw = True
865.5362 	EXP 	unnamed Polygon: autoDraw = True
865.5396 	EXP 	unnamed Polygon: autoDraw = True
865.5530 	EXP 	unnamed Polygon: autoDraw = True
865.5567 	EXP 	unnamed Polygon: autoDraw = True
865.5694 	EXP 	unnamed Polygon: autoDraw = True
865.5727 	EXP 	unnamed Polygon: autoDraw = True
865.5863 	EXP 	unnamed Polygon: autoDraw = True
865.5903 	EXP 	unnamed Polygon: autoDraw = True
865.6028 	EXP 	unnamed Polygon: autoDraw = True
865.6066 	EXP 	unnamed Polygon: autoDraw = True
865.6195 	EXP 	unnamed Polygon: autoDraw = True
865.6232 	EXP 	unnamed Polygon: autoDraw = True
865.6361 	EXP 	unnamed Polygon: autoDraw = True
865.6396 	EXP 	unnamed Polygon: autoDraw = True
865.6529 	EXP 	unnamed Polygon: autoDraw = True
865.6586 	EXP 	unnamed Polygon: autoDraw = True
865.6696 	EXP 	unnamed Polygon: autoDraw = True
865.6727 	EXP 	unnamed Polygon: autoDraw = True
865.6862 	EXP 	unnamed Polygon: autoDraw = True
865.6898 	EXP 	unnamed Polygon: autoDraw = True
865.7028 	EXP 	unnamed Polygon: autoDraw = True
865.7112 	EXP 	unnamed Polygon: autoDraw = False
865.7144 	DATA 	Keypress: 1
867.0483 	EXP 	trial_feedback: height = 0.09
867.0483 	EXP 	trial_feedback: height = 0.09
867.0483 	EXP 	trial_feedback: height = 0.09
867.0483 	EXP 	trial_feedback: text = 'Miss!\n$0.00'
867.0483 	EXP 	trial_feedback: autoDraw = True
869.0390 	EXP 	trial_feedback: autoDraw = False
869.0529 	EXP 	trial_feedback: autoDraw = False
869.0529 	EXP 	exp_feedback: autoDraw = False
875.3174 	EXP 	unnamed Polygon: autoDraw = True
875.3174 	EXP 	unnamed Polygon: autoDraw = True
875.3215 	EXP 	unnamed Polygon: autoDraw = True
875.3366 	EXP 	unnamed Polygon: autoDraw = True
875.3408 	EXP 	unnamed Polygon: autoDraw = True
875.3534 	EXP 	unnamed Polygon: autoDraw = True
875.3574 	EXP 	unnamed Polygon: autoDraw = True
875.3700 	EXP 	unnamed Polygon: autoDraw = True
875.3740 	EXP 	unnamed Polygon: autoDraw = True
875.3866 	EXP 	unnamed Polygon: autoDraw = True
875.3908 	EXP 	unnamed Polygon: autoDraw = True
875.4035 	EXP 	unnamed Polygon: autoDraw = True
875.4073 	EXP 	unnamed Polygon: autoDraw = True
875.4196 	EXP 	unnamed Polygon: autoDraw = True
875.4234 	EXP 	unnamed Polygon: autoDraw = True
875.4363 	EXP 	unnamed Polygon: autoDraw = True
875.4396 	EXP 	unnamed Polygon: autoDraw = True
875.4526 	EXP 	unnamed Polygon: autoDraw = True
875.4554 	EXP 	unnamed Polygon: autoDraw = True
875.4694 	EXP 	unnamed Polygon: autoDraw = True
875.4721 	EXP 	unnamed Polygon: autoDraw = True
875.4863 	EXP 	unnamed Polygon: autoDraw = True
875.4889 	EXP 	unnamed Polygon: autoDraw = True
875.5027 	EXP 	unnamed Polygon: autoDraw = True
875.5058 	EXP 	unnamed Polygon: autoDraw = True
875.5195 	EXP 	unnamed Polygon: autoDraw = True
875.5227 	EXP 	unnamed Polygon: autoDraw = True
875.5362 	EXP 	unnamed Polygon: autoDraw = True
875.5400 	EXP 	unnamed Polygon: autoDraw = True
875.5528 	EXP 	unnamed Polygon: autoDraw = True
875.5564 	EXP 	unnamed Polygon: autoDraw = True
875.5694 	EXP 	unnamed Polygon: autoDraw = True
875.5728 	EXP 	unnamed Polygon: autoDraw = True
875.5862 	EXP 	unnamed Polygon: autoDraw = True
875.5900 	EXP 	unnamed Polygon: autoDraw = True
875.6029 	EXP 	unnamed Polygon: autoDraw = True
875.6067 	EXP 	unnamed Polygon: autoDraw = True
875.6194 	EXP 	unnamed Polygon: autoDraw = True
875.6229 	DATA 	Keypress: 1
875.6273 	EXP 	unnamed Polygon: autoDraw = True
875.6356 	EXP 	unnamed Polygon: autoDraw = False
877.0945 	EXP 	trial_feedback: height = 0.09
877.0945 	EXP 	trial_feedback: height = 0.09
877.0945 	EXP 	trial_feedback: height = 0.09
877.0945 	EXP 	trial_feedback: text = 'Hit!\n+$1.50'
877.0945 	EXP 	trial_feedback: autoDraw = True
879.0898 	EXP 	trial_feedback: autoDraw = False
879.1028 	EXP 	trial_feedback: autoDraw = False
879.1028 	EXP 	exp_feedback: autoDraw = False
887.4551 	EXP 	unnamed Polygon: autoDraw = True
887.4551 	EXP 	unnamed Polygon: autoDraw = True
887.4694 	EXP 	unnamed Polygon: autoDraw = True
887.4717 	EXP 	unnamed Polygon: autoDraw = True
887.4860 	EXP 	unnamed Polygon: autoDraw = True
887.4883 	EXP 	unnamed Polygon: autoDraw = True
887.5028 	EXP 	unnamed Polygon: autoDraw = True
887.5052 	EXP 	unnamed Polygon: autoDraw = True
887.5201 	EXP 	unnamed Polygon: autoDraw = True
887.5368 	EXP 	unnamed Polygon: autoDraw = True
887.5402 	EXP 	unnamed Polygon: autoDraw = True
887.5527 	EXP 	unnamed Polygon: autoDraw = True
887.5557 	EXP 	unnamed Polygon: autoDraw = True
887.5695 	EXP 	unnamed Polygon: autoDraw = True
887.5733 	EXP 	unnamed Polygon: autoDraw = True
887.5861 	EXP 	unnamed Polygon: autoDraw = True
887.5896 	EXP 	unnamed Polygon: autoDraw = True
887.6030 	EXP 	unnamed Polygon: autoDraw = True
887.6068 	EXP 	unnamed Polygon: autoDraw = True
887.6196 	EXP 	unnamed Polygon: autoDraw = True
887.6238 	EXP 	unnamed Polygon: autoDraw = True
887.6362 	EXP 	unnamed Polygon: autoDraw = True
887.6398 	EXP 	unnamed Polygon: autoDraw = True
887.6528 	EXP 	unnamed Polygon: autoDraw = True
887.6564 	EXP 	unnamed Polygon: autoDraw = True
887.6696 	EXP 	unnamed Polygon: autoDraw = True
887.6736 	EXP 	unnamed Polygon: autoDraw = True
887.6863 	EXP 	unnamed Polygon: autoDraw = True
887.6903 	EXP 	unnamed Polygon: autoDraw = True
887.7028 	EXP 	unnamed Polygon: autoDraw = True
887.7060 	EXP 	unnamed Polygon: autoDraw = True
887.7196 	EXP 	unnamed Polygon: autoDraw = True
887.7228 	EXP 	unnamed Polygon: autoDraw = True
887.7359 	EXP 	unnamed Polygon: autoDraw = True
887.7389 	EXP 	unnamed Polygon: autoDraw = True
887.7530 	EXP 	unnamed Polygon: autoDraw = True
887.7573 	EXP 	unnamed Polygon: autoDraw = True
887.7698 	EXP 	unnamed Polygon: autoDraw = True
887.7734 	DATA 	Keypress: 1
887.7778 	EXP 	unnamed Polygon: autoDraw = True
887.7861 	EXP 	unnamed Polygon: autoDraw = True
887.7888 	EXP 	unnamed Polygon: autoDraw = True
887.8028 	EXP 	unnamed Polygon: autoDraw = True
887.8057 	EXP 	unnamed Polygon: autoDraw = True
887.8196 	EXP 	unnamed Polygon: autoDraw = True
887.8228 	EXP 	unnamed Polygon: autoDraw = True
887.8365 	EXP 	unnamed Polygon: autoDraw = True
887.8420 	EXP 	unnamed Polygon: autoDraw = True
887.8528 	EXP 	unnamed Polygon: autoDraw = True
887.8556 	EXP 	unnamed Polygon: autoDraw = True
887.8695 	EXP 	unnamed Polygon: autoDraw = True
887.8725 	EXP 	unnamed Polygon: autoDraw = True
887.8863 	EXP 	unnamed Polygon: autoDraw = True
887.8947 	EXP 	unnamed Polygon: autoDraw = False
889.2635 	EXP 	trial_feedback: height = 0.09
889.2635 	EXP 	trial_feedback: height = 0.09
889.2635 	EXP 	trial_feedback: height = 0.09
889.2635 	EXP 	trial_feedback: text = 'Hit!\n$0.00'
889.2635 	EXP 	trial_feedback: autoDraw = True
891.2572 	EXP 	trial_feedback: autoDraw = False
891.2572 	EXP 	exp_feedback: autoDraw = False
897.7676 	EXP 	unnamed Polygon: autoDraw = True
897.7676 	EXP 	unnamed Polygon: autoDraw = True
897.7723 	EXP 	unnamed Polygon: autoDraw = True
897.7861 	EXP 	unnamed Polygon: autoDraw = True
897.7885 	EXP 	unnamed Polygon: autoDraw = True
897.8027 	EXP 	unnamed Polygon: autoDraw = True
897.8050 	EXP 	unnamed Polygon: autoDraw = True
897.8194 	EXP 	unnamed Polygon: autoDraw = True
897.8219 	EXP 	unnamed Polygon: autoDraw = True
897.8364 	EXP 	unnamed Polygon: autoDraw = True
897.8405 	EXP 	unnamed Polygon: autoDraw = True
897.8529 	EXP 	unnamed Polygon: autoDraw = True
897.8564 	EXP 	unnamed Polygon: autoDraw = True
897.8696 	EXP 	unnamed Polygon: autoDraw = True
897.8728 	EXP 	unnamed Polygon: autoDraw = True
897.8861 	EXP 	unnamed Polygon: autoDraw = True
897.8888 	EXP 	unnamed Polygon: autoDraw = True
897.9028 	EXP 	unnamed Polygon: autoDraw = True
897.9055 	EXP 	unnamed Polygon: autoDraw = True
897.9194 	EXP 	unnamed Polygon: autoDraw = True
897.9227 	EXP 	unnamed Polygon: autoDraw = True
897.9363 	EXP 	unnamed Polygon: autoDraw = True
897.9397 	EXP 	unnamed Polygon: autoDraw = True
897.9529 	EXP 	unnamed Polygon: autoDraw = True
897.9570 	EXP 	unnamed Polygon: autoDraw = True
897.9696 	EXP 	unnamed Polygon: autoDraw = True
897.9733 	EXP 	unnamed Polygon: autoDraw = True
897.9861 	EXP 	unnamed Polygon: autoDraw = True
897.9893 	EXP 	unnamed Polygon: autoDraw = True
898.0029 	EXP 	unnamed Polygon: autoDraw = True
898.0067 	EXP 	unnamed Polygon: autoDraw = True
898.0198 	EXP 	unnamed Polygon: autoDraw = True
898.0235 	EXP 	unnamed Polygon: autoDraw = True
898.0361 	EXP 	unnamed Polygon: autoDraw = True
898.0402 	EXP 	unnamed Polygon: autoDraw = True
898.0528 	EXP 	unnamed Polygon: autoDraw = True
898.0563 	EXP 	unnamed Polygon: autoDraw = True
898.0698 	EXP 	unnamed Polygon: autoDraw = True
898.0736 	EXP 	unnamed Polygon: autoDraw = True
898.0815 	DATA 	Keypress: 1
898.1030 	EXP 	unnamed Polygon: autoDraw = False
899.2789 	EXP 	trial_feedback: height = 0.09
899.2789 	EXP 	trial_feedback: height = 0.09
899.2789 	EXP 	trial_feedback: height = 0.09
899.2789 	EXP 	trial_feedback: text = 'Miss!\n$0.00'
899.2789 	EXP 	trial_feedback: autoDraw = True
901.2744 	EXP 	trial_feedback: autoDraw = False
901.2744 	EXP 	exp_feedback: autoDraw = False
911.3461 	EXP 	unnamed Polygon: autoDraw = True
911.3461 	EXP 	unnamed Polygon: autoDraw = True
911.3527 	EXP 	unnamed Polygon: autoDraw = True
911.3565 	EXP 	unnamed Polygon: autoDraw = True
911.3693 	EXP 	unnamed Polygon: autoDraw = True
911.3719 	EXP 	unnamed Polygon: autoDraw = True
911.3860 	EXP 	unnamed Polygon: autoDraw = True
911.3884 	EXP 	unnamed Polygon: autoDraw = True
911.4028 	EXP 	unnamed Polygon: autoDraw = True
911.4053 	EXP 	unnamed Polygon: autoDraw = True
911.4194 	EXP 	unnamed Polygon: autoDraw = True
911.4219 	EXP 	unnamed Polygon: autoDraw = True
911.4360 	EXP 	unnamed Polygon: autoDraw = True
911.4385 	EXP 	unnamed Polygon: autoDraw = True
911.4527 	EXP 	unnamed Polygon: autoDraw = True
911.4556 	EXP 	unnamed Polygon: autoDraw = True
911.4694 	EXP 	unnamed Polygon: autoDraw = True
911.4732 	EXP 	unnamed Polygon: autoDraw = True
911.4873 	EXP 	unnamed Polygon: autoDraw = True
911.5039 	EXP 	unnamed Polygon: autoDraw = True
911.5200 	EXP 	unnamed Polygon: autoDraw = True
911.5252 	EXP 	unnamed Polygon: autoDraw = True
911.5367 	EXP 	unnamed Polygon: autoDraw = True
911.5408 	EXP 	unnamed Polygon: autoDraw = True
911.5534 	EXP 	unnamed Polygon: autoDraw = True
911.5558 	EXP 	unnamed Polygon: autoDraw = True
911.5696 	EXP 	unnamed Polygon: autoDraw = True
911.5743 	EXP 	unnamed Polygon: autoDraw = True
911.5868 	EXP 	unnamed Polygon: autoDraw = True
911.5891 	EXP 	unnamed Polygon: autoDraw = True
911.6027 	EXP 	unnamed Polygon: autoDraw = True
911.6054 	EXP 	unnamed Polygon: autoDraw = True
911.6205 	EXP 	unnamed Polygon: autoDraw = True
911.6361 	EXP 	unnamed Polygon: autoDraw = False
911.6547 	DATA 	Keypress: 1
912.6233 	DATA 	Keypress: 1
913.3361 	EXP 	trial_feedback: text = 'Miss!\n$0.00'
913.3361 	EXP 	trial_feedback: autoDraw = True
915.3223 	EXP 	trial_feedback: autoDraw = False
915.3398 	EXP 	trial_feedback: autoDraw = False
915.3398 	EXP 	exp_feedback: autoDraw = False
919.7391 	DATA 	Keypress: 1
923.8447 	EXP 	unnamed Polygon: autoDraw = True
923.8447 	EXP 	unnamed Polygon: autoDraw = True
923.8527 	EXP 	unnamed Polygon: autoDraw = True
923.8552 	EXP 	unnamed Polygon: autoDraw = True
923.8695 	EXP 	unnamed Polygon: autoDraw = True
923.8718 	EXP 	unnamed Polygon: autoDraw = True
923.8860 	EXP 	unnamed Polygon: autoDraw = True
923.8887 	EXP 	unnamed Polygon: autoDraw = True
923.9028 	EXP 	unnamed Polygon: autoDraw = True
923.9049 	EXP 	unnamed Polygon: autoDraw = True
923.9194 	EXP 	unnamed Polygon: autoDraw = True
923.9217 	EXP 	unnamed Polygon: autoDraw = True
923.9368 	EXP 	unnamed Polygon: autoDraw = True
923.9534 	EXP 	unnamed Polygon: autoDraw = True
923.9570 	EXP 	unnamed Polygon: autoDraw = True
923.9696 	EXP 	unnamed Polygon: autoDraw = True
923.9726 	EXP 	unnamed Polygon: autoDraw = True
923.9862 	EXP 	unnamed Polygon: autoDraw = True
923.9891 	EXP 	unnamed Polygon: autoDraw = True
924.0030 	EXP 	unnamed Polygon: autoDraw = True
924.0066 	EXP 	unnamed Polygon: autoDraw = True
924.0196 	EXP 	unnamed Polygon: autoDraw = True
924.0227 	EXP 	unnamed Polygon: autoDraw = True
924.0363 	EXP 	unnamed Polygon: autoDraw = True
924.0401 	EXP 	unnamed Polygon: autoDraw = True
924.0531 	EXP 	unnamed Polygon: autoDraw = True
924.0579 	EXP 	unnamed Polygon: autoDraw = True
924.0697 	EXP 	unnamed Polygon: autoDraw = True
924.0734 	EXP 	unnamed Polygon: autoDraw = True
924.0863 	EXP 	unnamed Polygon: autoDraw = True
924.0906 	EXP 	unnamed Polygon: autoDraw = True
924.1029 	EXP 	unnamed Polygon: autoDraw = True
924.1067 	EXP 	unnamed Polygon: autoDraw = True
924.1197 	EXP 	unnamed Polygon: autoDraw = True
924.1233 	EXP 	unnamed Polygon: autoDraw = True
924.1363 	EXP 	unnamed Polygon: autoDraw = True
924.1402 	EXP 	unnamed Polygon: autoDraw = True
924.1532 	EXP 	unnamed Polygon: autoDraw = True
924.1571 	EXP 	unnamed Polygon: autoDraw = True
924.1695 	EXP 	unnamed Polygon: autoDraw = True
924.1774 	EXP 	unnamed Polygon: autoDraw = False
924.3949 	DATA 	Keypress: 1
925.3530 	EXP 	trial_feedback: text = 'Miss!\n$0.00'
925.3530 	EXP 	trial_feedback: autoDraw = True
927.3392 	EXP 	trial_feedback: autoDraw = False
927.3559 	EXP 	trial_feedback: autoDraw = False
927.3559 	EXP 	exp_feedback: autoDraw = False
933.4806 	EXP 	unnamed Polygon: autoDraw = True
933.4806 	EXP 	unnamed Polygon: autoDraw = True
933.4855 	EXP 	unnamed Polygon: autoDraw = True
933.4888 	EXP 	unnamed Polygon: autoDraw = True
933.5027 	EXP 	unnamed Polygon: autoDraw = True
933.5053 	EXP 	unnamed Polygon: autoDraw = True
933.5195 	EXP 	unnamed Polygon: autoDraw = True
933.5222 	EXP 	unnamed Polygon: autoDraw = True
933.5361 	EXP 	unnamed Polygon: autoDraw = True
933.5389 	EXP 	unnamed Polygon: autoDraw = True
933.5528 	EXP 	unnamed Polygon: autoDraw = True
933.5556 	EXP 	unnamed Polygon: autoDraw = True
933.5694 	EXP 	unnamed Polygon: autoDraw = True
933.5720 	EXP 	unnamed Polygon: autoDraw = True
933.5861 	EXP 	unnamed Polygon: autoDraw = True
933.5885 	EXP 	unnamed Polygon: autoDraw = True
933.6026 	EXP 	unnamed Polygon: autoDraw = True
933.6059 	EXP 	unnamed Polygon: autoDraw = True
933.6201 	EXP 	unnamed Polygon: autoDraw = True
933.6228 	EXP 	unnamed Polygon: autoDraw = True
933.6370 	EXP 	unnamed Polygon: autoDraw = True
933.6541 	EXP 	unnamed Polygon: autoDraw = True
933.6700 	EXP 	unnamed Polygon: autoDraw = True
933.6743 	EXP 	unnamed Polygon: autoDraw = True
933.6883 	EXP 	unnamed Polygon: autoDraw = True
933.7038 	EXP 	unnamed Polygon: autoDraw = True
933.7200 	EXP 	unnamed Polygon: autoDraw = True
933.7238 	EXP 	unnamed Polygon: autoDraw = True
933.7359 	EXP 	unnamed Polygon: autoDraw = True
933.7444 	EXP 	unnamed Polygon: autoDraw = False
933.7895 	DATA 	Keypress: 1
935.4059 	EXP 	trial_feedback: text = 'Miss!\n$0.00'
935.4059 	EXP 	trial_feedback: autoDraw = True
937.4073 	EXP 	trial_feedback: autoDraw = False
937.4073 	EXP 	exp_feedback: autoDraw = False
945.4507 	EXP 	unnamed Polygon: autoDraw = True
945.4507 	EXP 	unnamed Polygon: autoDraw = True
945.4564 	EXP 	unnamed Polygon: autoDraw = True
945.4695 	EXP 	unnamed Polygon: autoDraw = True
945.4721 	EXP 	unnamed Polygon: autoDraw = True
945.4861 	EXP 	unnamed Polygon: autoDraw = True
945.4886 	EXP 	unnamed Polygon: autoDraw = True
945.5031 	EXP 	unnamed Polygon: autoDraw = True
945.5071 	EXP 	unnamed Polygon: autoDraw = True
945.5197 	EXP 	unnamed Polygon: autoDraw = True
945.5224 	EXP 	unnamed Polygon: autoDraw = True
945.5366 	EXP 	unnamed Polygon: autoDraw = True
945.5404 	EXP 	unnamed Polygon: autoDraw = True
945.5534 	EXP 	unnamed Polygon: autoDraw = True
945.5575 	EXP 	unnamed Polygon: autoDraw = True
945.5703 	EXP 	unnamed Polygon: autoDraw = True
945.5762 	EXP 	unnamed Polygon: autoDraw = True
945.5861 	EXP 	unnamed Polygon: autoDraw = True
945.5914 	EXP 	unnamed Polygon: autoDraw = True
945.6028 	EXP 	unnamed Polygon: autoDraw = True
945.6053 	EXP 	unnamed Polygon: autoDraw = True
945.6194 	EXP 	unnamed Polygon: autoDraw = True
945.6230 	EXP 	unnamed Polygon: autoDraw = True
945.6367 	EXP 	unnamed Polygon: autoDraw = True
945.6394 	EXP 	unnamed Polygon: autoDraw = True
945.6536 	EXP 	unnamed Polygon: autoDraw = True
945.6704 	EXP 	unnamed Polygon: autoDraw = True
945.6865 	EXP 	unnamed Polygon: autoDraw = True
945.6904 	EXP 	unnamed Polygon: autoDraw = True
945.7029 	EXP 	unnamed Polygon: autoDraw = True
945.7061 	EXP 	unnamed Polygon: autoDraw = True
945.7197 	EXP 	unnamed Polygon: autoDraw = True
945.7235 	EXP 	unnamed Polygon: autoDraw = True
945.7364 	EXP 	unnamed Polygon: autoDraw = True
945.7396 	EXP 	unnamed Polygon: autoDraw = True
945.7530 	EXP 	unnamed Polygon: autoDraw = True
945.7566 	EXP 	unnamed Polygon: autoDraw = True
945.7699 	EXP 	unnamed Polygon: autoDraw = True
945.7744 	EXP 	unnamed Polygon: autoDraw = True
945.7865 	EXP 	unnamed Polygon: autoDraw = True
945.7903 	EXP 	unnamed Polygon: autoDraw = True
945.8027 	EXP 	unnamed Polygon: autoDraw = True
945.8065 	EXP 	unnamed Polygon: autoDraw = True
945.8197 	EXP 	unnamed Polygon: autoDraw = True
945.8232 	EXP 	unnamed Polygon: autoDraw = True
945.8361 	EXP 	unnamed Polygon: autoDraw = True
945.8441 	EXP 	unnamed Polygon: autoDraw = False
945.9068 	DATA 	Keypress: 1
945.9097 	DATA 	Keypress: 2
947.4072 	EXP 	trial_feedback: text = 'Miss!\n$0.00'
947.4072 	EXP 	trial_feedback: autoDraw = True
949.4080 	EXP 	trial_feedback: autoDraw = False
949.4080 	EXP 	exp_feedback: autoDraw = False
959.6011 	EXP 	unnamed Polygon: autoDraw = True
959.6011 	EXP 	unnamed Polygon: autoDraw = True
959.6049 	EXP 	unnamed Polygon: autoDraw = True
959.6195 	EXP 	unnamed Polygon: autoDraw = True
959.6218 	EXP 	unnamed Polygon: autoDraw = True
959.6362 	EXP 	unnamed Polygon: autoDraw = True
959.6397 	EXP 	unnamed Polygon: autoDraw = True
959.6535 	EXP 	unnamed Polygon: autoDraw = True
959.6570 	EXP 	unnamed Polygon: autoDraw = True
959.6695 	EXP 	unnamed Polygon: autoDraw = True
959.6723 	EXP 	unnamed Polygon: autoDraw = True
959.6865 	EXP 	unnamed Polygon: autoDraw = True
959.6905 	EXP 	unnamed Polygon: autoDraw = True
959.7033 	EXP 	unnamed Polygon: autoDraw = True
959.7072 	EXP 	unnamed Polygon: autoDraw = True
959.7195 	EXP 	unnamed Polygon: autoDraw = True
959.7239 	EXP 	unnamed Polygon: autoDraw = True
959.7367 	EXP 	unnamed Polygon: autoDraw = True
959.7403 	EXP 	unnamed Polygon: autoDraw = True
959.7525 	EXP 	unnamed Polygon: autoDraw = True
959.7559 	EXP 	unnamed Polygon: autoDraw = True
959.7697 	EXP 	unnamed Polygon: autoDraw = True
959.7726 	EXP 	unnamed Polygon: autoDraw = True
959.7865 	EXP 	unnamed Polygon: autoDraw = True
959.7894 	EXP 	unnamed Polygon: autoDraw = True
959.8031 	EXP 	unnamed Polygon: autoDraw = True
959.8066 	EXP 	unnamed Polygon: autoDraw = True
959.8199 	EXP 	unnamed Polygon: autoDraw = True
959.8239 	EXP 	unnamed Polygon: autoDraw = True
959.8364 	EXP 	unnamed Polygon: autoDraw = True
959.8402 	EXP 	unnamed Polygon: autoDraw = True
959.8530 	EXP 	unnamed Polygon: autoDraw = True
959.8567 	EXP 	unnamed Polygon: autoDraw = True
959.8696 	EXP 	unnamed Polygon: autoDraw = True
959.8732 	EXP 	unnamed Polygon: autoDraw = True
959.8862 	EXP 	unnamed Polygon: autoDraw = True
959.8903 	EXP 	unnamed Polygon: autoDraw = True
959.9030 	EXP 	unnamed Polygon: autoDraw = True
959.9068 	EXP 	unnamed Polygon: autoDraw = True
959.9198 	EXP 	unnamed Polygon: autoDraw = True
959.9237 	EXP 	unnamed Polygon: autoDraw = True
959.9363 	EXP 	unnamed Polygon: autoDraw = True
959.9444 	DATA 	Keypress: 1
959.9492 	EXP 	unnamed Polygon: autoDraw = False
961.4136 	EXP 	trial_feedback: height = 0.09
961.4136 	EXP 	trial_feedback: height = 0.09
961.4136 	EXP 	trial_feedback: height = 0.09
961.4136 	EXP 	trial_feedback: text = 'Miss!\n-$1.50'
961.4136 	EXP 	trial_feedback: autoDraw = True
963.4062 	EXP 	trial_feedback: autoDraw = False
963.4195 	EXP 	trial_feedback: autoDraw = False
963.4195 	EXP 	exp_feedback: autoDraw = False
969.9106 	EXP 	unnamed Polygon: autoDraw = True
969.9106 	EXP 	unnamed Polygon: autoDraw = True
969.9188 	EXP 	unnamed Polygon: autoDraw = True
969.9216 	EXP 	unnamed Polygon: autoDraw = True
969.9354 	EXP 	unnamed Polygon: autoDraw = True
969.9383 	EXP 	unnamed Polygon: autoDraw = True
969.9523 	EXP 	unnamed Polygon: autoDraw = True
969.9555 	EXP 	unnamed Polygon: autoDraw = True
969.9689 	EXP 	unnamed Polygon: autoDraw = True
969.9721 	EXP 	unnamed Polygon: autoDraw = True
969.9856 	EXP 	unnamed Polygon: autoDraw = True
969.9889 	EXP 	unnamed Polygon: autoDraw = True
970.0023 	EXP 	unnamed Polygon: autoDraw = True
970.0056 	EXP 	unnamed Polygon: autoDraw = True
970.0189 	EXP 	unnamed Polygon: autoDraw = True
970.0221 	EXP 	unnamed Polygon: autoDraw = True
970.0357 	EXP 	unnamed Polygon: autoDraw = True
970.0393 	EXP 	unnamed Polygon: autoDraw = True
970.0525 	EXP 	unnamed Polygon: autoDraw = True
970.0558 	EXP 	unnamed Polygon: autoDraw = True
970.0689 	EXP 	unnamed Polygon: autoDraw = True
970.0719 	EXP 	unnamed Polygon: autoDraw = True
970.0855 	EXP 	unnamed Polygon: autoDraw = True
970.0884 	EXP 	unnamed Polygon: autoDraw = True
970.1022 	EXP 	unnamed Polygon: autoDraw = True
970.1053 	EXP 	unnamed Polygon: autoDraw = True
970.1188 	EXP 	unnamed Polygon: autoDraw = True
970.1218 	EXP 	unnamed Polygon: autoDraw = True
970.1354 	EXP 	unnamed Polygon: autoDraw = True
970.1384 	EXP 	unnamed Polygon: autoDraw = True
970.1522 	EXP 	unnamed Polygon: autoDraw = True
970.1553 	EXP 	unnamed Polygon: autoDraw = True
970.1688 	EXP 	unnamed Polygon: autoDraw = True
970.1717 	EXP 	unnamed Polygon: autoDraw = True
970.1856 	EXP 	unnamed Polygon: autoDraw = True
970.1886 	EXP 	unnamed Polygon: autoDraw = True
970.2078 	EXP 	unnamed Polygon: autoDraw = True
970.2099 	DATA 	Keypress: 1
970.2188 	EXP 	unnamed Polygon: autoDraw = True
970.2222 	EXP 	unnamed Polygon: autoDraw = True
970.2356 	EXP 	unnamed Polygon: autoDraw = True
970.2387 	EXP 	unnamed Polygon: autoDraw = True
970.2545 	EXP 	unnamed Polygon: autoDraw = True
970.2687 	EXP 	unnamed Polygon: autoDraw = False
971.5074 	EXP 	trial_feedback: height = 0.09
971.5074 	EXP 	trial_feedback: height = 0.09
971.5074 	EXP 	trial_feedback: height = 0.09
971.5074 	EXP 	trial_feedback: text = 'Hit!\n$0.00'
971.5074 	EXP 	trial_feedback: autoDraw = True
973.5032 	EXP 	trial_feedback: autoDraw = False
973.5072 	EXP 	trial_feedback: autoDraw = False
973.5072 	EXP 	exp_feedback: autoDraw = False
979.7391 	EXP 	unnamed Polygon: autoDraw = True
979.7391 	EXP 	unnamed Polygon: autoDraw = True
979.7528 	EXP 	unnamed Polygon: autoDraw = True
979.7552 	EXP 	unnamed Polygon: autoDraw = True
979.7696 	EXP 	unnamed Polygon: autoDraw = True
979.7723 	EXP 	unnamed Polygon: autoDraw = True
979.7862 	EXP 	unnamed Polygon: autoDraw = True
979.7889 	EXP 	unnamed Polygon: autoDraw = True
979.8035 	EXP 	unnamed Polygon: autoDraw = True
979.8198 	EXP 	unnamed Polygon: autoDraw = True
979.8234 	EXP 	unnamed Polygon: autoDraw = True
979.8361 	EXP 	unnamed Polygon: autoDraw = True
979.8392 	EXP 	unnamed Polygon: autoDraw = True
979.8531 	EXP 	unnamed Polygon: autoDraw = True
979.8567 	EXP 	unnamed Polygon: autoDraw = True
979.8697 	EXP 	unnamed Polygon: autoDraw = True
979.8729 	EXP 	unnamed Polygon: autoDraw = True
979.8866 	EXP 	unnamed Polygon: autoDraw = True
979.8904 	EXP 	unnamed Polygon: autoDraw = True
979.9029 	EXP 	unnamed Polygon: autoDraw = True
979.9069 	EXP 	unnamed Polygon: autoDraw = True
979.9197 	EXP 	unnamed Polygon: autoDraw = True
979.9243 	EXP 	unnamed Polygon: autoDraw = True
979.9361 	EXP 	unnamed Polygon: autoDraw = True
979.9391 	EXP 	unnamed Polygon: autoDraw = True
979.9531 	EXP 	unnamed Polygon: autoDraw = True
979.9564 	EXP 	unnamed Polygon: autoDraw = True
979.9700 	EXP 	unnamed Polygon: autoDraw = True
979.9738 	EXP 	unnamed Polygon: autoDraw = True
979.9865 	EXP 	unnamed Polygon: autoDraw = True
979.9898 	EXP 	unnamed Polygon: autoDraw = True
980.0031 	EXP 	unnamed Polygon: autoDraw = True
980.0071 	EXP 	unnamed Polygon: autoDraw = True
980.0197 	EXP 	unnamed Polygon: autoDraw = True
980.0237 	EXP 	unnamed Polygon: autoDraw = True
980.0363 	EXP 	unnamed Polygon: autoDraw = True
980.0401 	EXP 	unnamed Polygon: autoDraw = True
980.0529 	EXP 	unnamed Polygon: autoDraw = True
980.0563 	EXP 	unnamed Polygon: autoDraw = True
980.0695 	EXP 	unnamed Polygon: autoDraw = True
980.0754 	EXP 	unnamed Polygon: autoDraw = True
980.0863 	EXP 	unnamed Polygon: autoDraw = True
980.0903 	EXP 	unnamed Polygon: autoDraw = True
980.1031 	EXP 	unnamed Polygon: autoDraw = True
980.1080 	EXP 	unnamed Polygon: autoDraw = True
980.1198 	EXP 	unnamed Polygon: autoDraw = True
980.1235 	EXP 	unnamed Polygon: autoDraw = True
980.1363 	EXP 	unnamed Polygon: autoDraw = True
980.1401 	EXP 	unnamed Polygon: autoDraw = True
980.1533 	EXP 	unnamed Polygon: autoDraw = True
980.1572 	EXP 	unnamed Polygon: autoDraw = True
980.1696 	EXP 	unnamed Polygon: autoDraw = True
980.1740 	EXP 	unnamed Polygon: autoDraw = True
980.1865 	EXP 	unnamed Polygon: autoDraw = True
980.1897 	EXP 	unnamed Polygon: autoDraw = True
980.2032 	EXP 	unnamed Polygon: autoDraw = True
980.2119 	EXP 	unnamed Polygon: autoDraw = False
980.3066 	DATA 	Keypress: 1
981.5129 	EXP 	trial_feedback: height = 0.09
981.5129 	EXP 	trial_feedback: height = 0.09
981.5129 	EXP 	trial_feedback: height = 0.09
981.5129 	EXP 	trial_feedback: text = 'Miss!\n-$5.00'
981.5129 	EXP 	trial_feedback: autoDraw = True
983.5081 	EXP 	trial_feedback: autoDraw = False
983.5081 	EXP 	exp_feedback: autoDraw = False
993.9337 	EXP 	unnamed Polygon: autoDraw = True
993.9337 	EXP 	unnamed Polygon: autoDraw = True
993.9394 	EXP 	unnamed Polygon: autoDraw = True
993.9529 	EXP 	unnamed Polygon: autoDraw = True
993.9565 	EXP 	unnamed Polygon: autoDraw = True
993.9695 	EXP 	unnamed Polygon: autoDraw = True
993.9724 	EXP 	unnamed Polygon: autoDraw = True
993.9870 	EXP 	unnamed Polygon: autoDraw = True
994.0034 	EXP 	unnamed Polygon: autoDraw = True
994.0068 	EXP 	unnamed Polygon: autoDraw = True
994.0195 	EXP 	unnamed Polygon: autoDraw = True
994.0223 	EXP 	unnamed Polygon: autoDraw = True
994.0364 	EXP 	unnamed Polygon: autoDraw = True
994.0391 	EXP 	unnamed Polygon: autoDraw = True
994.0529 	EXP 	unnamed Polygon: autoDraw = True
994.0562 	EXP 	unnamed Polygon: autoDraw = True
994.0698 	EXP 	unnamed Polygon: autoDraw = True
994.0729 	EXP 	unnamed Polygon: autoDraw = True
994.0865 	EXP 	unnamed Polygon: autoDraw = True
994.0901 	EXP 	unnamed Polygon: autoDraw = True
994.1031 	EXP 	unnamed Polygon: autoDraw = True
994.1072 	EXP 	unnamed Polygon: autoDraw = True
994.1196 	EXP 	unnamed Polygon: autoDraw = True
994.1227 	EXP 	unnamed Polygon: autoDraw = True
994.1368 	EXP 	unnamed Polygon: autoDraw = True
994.1411 	EXP 	unnamed Polygon: autoDraw = True
994.1531 	EXP 	unnamed Polygon: autoDraw = True
994.1572 	EXP 	unnamed Polygon: autoDraw = True
994.1698 	EXP 	unnamed Polygon: autoDraw = True
994.1736 	EXP 	unnamed Polygon: autoDraw = True
994.1866 	EXP 	unnamed Polygon: autoDraw = True
994.1909 	EXP 	unnamed Polygon: autoDraw = True
994.1948 	DATA 	Keypress: 1
994.2029 	EXP 	unnamed Polygon: autoDraw = True
994.2055 	EXP 	unnamed Polygon: autoDraw = True
994.2197 	EXP 	unnamed Polygon: autoDraw = True
994.2224 	EXP 	unnamed Polygon: autoDraw = True
994.2364 	EXP 	unnamed Polygon: autoDraw = True
994.2391 	EXP 	unnamed Polygon: autoDraw = True
994.2530 	EXP 	unnamed Polygon: autoDraw = True
994.2558 	EXP 	unnamed Polygon: autoDraw = True
994.2697 	EXP 	unnamed Polygon: autoDraw = True
994.2745 	EXP 	unnamed Polygon: autoDraw = True
994.2865 	EXP 	unnamed Polygon: autoDraw = True
994.2900 	EXP 	unnamed Polygon: autoDraw = True
994.3032 	EXP 	unnamed Polygon: autoDraw = True
994.3066 	EXP 	unnamed Polygon: autoDraw = True
994.3197 	EXP 	unnamed Polygon: autoDraw = True
994.3228 	EXP 	unnamed Polygon: autoDraw = True
994.3366 	EXP 	unnamed Polygon: autoDraw = True
994.3406 	EXP 	unnamed Polygon: autoDraw = True
994.3529 	EXP 	unnamed Polygon: autoDraw = True
994.3565 	EXP 	unnamed Polygon: autoDraw = True
994.3696 	EXP 	unnamed Polygon: autoDraw = True
994.3730 	EXP 	unnamed Polygon: autoDraw = True
994.3864 	EXP 	unnamed Polygon: autoDraw = True
994.3900 	EXP 	unnamed Polygon: autoDraw = True
994.4030 	EXP 	unnamed Polygon: autoDraw = True
994.4065 	EXP 	unnamed Polygon: autoDraw = True
994.4198 	EXP 	unnamed Polygon: autoDraw = True
994.4281 	EXP 	unnamed Polygon: autoDraw = False
995.7863 	EXP 	trial_feedback: height = 0.09
995.7863 	EXP 	trial_feedback: height = 0.09
995.7863 	EXP 	trial_feedback: height = 0.09
995.7863 	EXP 	trial_feedback: text = 'Hit!\n$0.00'
995.7863 	EXP 	trial_feedback: autoDraw = True
997.7728 	EXP 	trial_feedback: autoDraw = False
997.7895 	EXP 	trial_feedback: autoDraw = False
997.7895 	EXP 	exp_feedback: autoDraw = False
1007.9505 	EXP 	unnamed Polygon: autoDraw = True
1007.9505 	EXP 	unnamed Polygon: autoDraw = True
1007.9555 	EXP 	unnamed Polygon: autoDraw = True
1007.9692 	EXP 	unnamed Polygon: autoDraw = True
1007.9724 	EXP 	unnamed Polygon: autoDraw = True
1007.9865 	EXP 	unnamed Polygon: autoDraw = True
1007.9898 	EXP 	unnamed Polygon: autoDraw = True
1008.0031 	EXP 	unnamed Polygon: autoDraw = True
1008.0064 	EXP 	unnamed Polygon: autoDraw = True
1008.0196 	EXP 	unnamed Polygon: autoDraw = True
1008.0244 	EXP 	unnamed Polygon: autoDraw = True
1008.0363 	EXP 	unnamed Polygon: autoDraw = True
1008.0389 	EXP 	unnamed Polygon: autoDraw = True
1008.0531 	EXP 	unnamed Polygon: autoDraw = True
1008.0563 	EXP 	unnamed Polygon: autoDraw = True
1008.0697 	EXP 	unnamed Polygon: autoDraw = True
1008.0732 	EXP 	unnamed Polygon: autoDraw = True
1008.0865 	EXP 	unnamed Polygon: autoDraw = True
1008.0901 	EXP 	unnamed Polygon: autoDraw = True
1008.1032 	EXP 	unnamed Polygon: autoDraw = True
1008.1070 	EXP 	unnamed Polygon: autoDraw = True
1008.1198 	EXP 	unnamed Polygon: autoDraw = True
1008.1238 	EXP 	unnamed Polygon: autoDraw = True
1008.1364 	EXP 	unnamed Polygon: autoDraw = True
1008.1395 	EXP 	unnamed Polygon: autoDraw = True
1008.1530 	EXP 	unnamed Polygon: autoDraw = True
1008.1562 	EXP 	unnamed Polygon: autoDraw = True
1008.1698 	EXP 	unnamed Polygon: autoDraw = True
1008.1730 	EXP 	unnamed Polygon: autoDraw = True
1008.1865 	EXP 	unnamed Polygon: autoDraw = True
1008.1902 	EXP 	unnamed Polygon: autoDraw = True
1008.2034 	EXP 	unnamed Polygon: autoDraw = True
1008.2073 	EXP 	unnamed Polygon: autoDraw = True
1008.2197 	EXP 	unnamed Polygon: autoDraw = True
1008.2228 	EXP 	unnamed Polygon: autoDraw = True
1008.2363 	EXP 	unnamed Polygon: autoDraw = True
1008.2393 	EXP 	unnamed Polygon: autoDraw = True
1008.2530 	EXP 	unnamed Polygon: autoDraw = True
1008.2566 	EXP 	unnamed Polygon: autoDraw = True
1008.2607 	DATA 	Keypress: 1
1008.2697 	EXP 	unnamed Polygon: autoDraw = True
1008.2730 	EXP 	unnamed Polygon: autoDraw = True
1008.2863 	EXP 	unnamed Polygon: autoDraw = True
1008.2893 	EXP 	unnamed Polygon: autoDraw = True
1008.3030 	EXP 	unnamed Polygon: autoDraw = True
1008.3068 	EXP 	unnamed Polygon: autoDraw = True
1008.3201 	EXP 	unnamed Polygon: autoDraw = True
1008.3241 	EXP 	unnamed Polygon: autoDraw = True
1008.3359 	EXP 	unnamed Polygon: autoDraw = True
1008.3414 	EXP 	unnamed Polygon: autoDraw = True
1008.3530 	EXP 	unnamed Polygon: autoDraw = True
1008.3564 	EXP 	unnamed Polygon: autoDraw = True
1008.3691 	EXP 	unnamed Polygon: autoDraw = True
1008.3726 	EXP 	unnamed Polygon: autoDraw = True
1008.3866 	EXP 	unnamed Polygon: autoDraw = True
1008.3898 	EXP 	unnamed Polygon: autoDraw = True
1008.4028 	EXP 	unnamed Polygon: autoDraw = True
1008.4064 	EXP 	unnamed Polygon: autoDraw = True
1008.4197 	EXP 	unnamed Polygon: autoDraw = True
1008.4235 	EXP 	unnamed Polygon: autoDraw = True
1008.4363 	EXP 	unnamed Polygon: autoDraw = True
1008.4399 	EXP 	unnamed Polygon: autoDraw = True
1008.4530 	EXP 	unnamed Polygon: autoDraw = True
1008.4566 	EXP 	unnamed Polygon: autoDraw = True
1008.4696 	EXP 	unnamed Polygon: autoDraw = False
1010.0237 	EXP 	trial_feedback: text = 'Hit!\n$0.00'
1010.0237 	EXP 	trial_feedback: autoDraw = True
1012.0247 	EXP 	trial_feedback: autoDraw = False
1012.0247 	EXP 	exp_feedback: autoDraw = False
1022.0655 	EXP 	unnamed Polygon: autoDraw = True
1022.0655 	EXP 	unnamed Polygon: autoDraw = True
1022.0691 	EXP 	unnamed Polygon: autoDraw = True
1022.0718 	EXP 	unnamed Polygon: autoDraw = True
1022.0865 	EXP 	unnamed Polygon: autoDraw = True
1022.0887 	EXP 	unnamed Polygon: autoDraw = True
1022.1028 	EXP 	unnamed Polygon: autoDraw = True
1022.1052 	EXP 	unnamed Polygon: autoDraw = True
1022.1195 	EXP 	unnamed Polygon: autoDraw = True
1022.1219 	EXP 	unnamed Polygon: autoDraw = True
1022.1362 	EXP 	unnamed Polygon: autoDraw = True
1022.1389 	EXP 	unnamed Polygon: autoDraw = True
1022.1530 	EXP 	unnamed Polygon: autoDraw = True
1022.1558 	EXP 	unnamed Polygon: autoDraw = True
1022.1702 	EXP 	unnamed Polygon: autoDraw = True
1022.1727 	EXP 	unnamed Polygon: autoDraw = True
1022.1865 	EXP 	unnamed Polygon: autoDraw = True
1022.1902 	EXP 	unnamed Polygon: autoDraw = True
1022.2038 	EXP 	unnamed Polygon: autoDraw = True
1022.2200 	EXP 	unnamed Polygon: autoDraw = True
1022.2237 	EXP 	unnamed Polygon: autoDraw = True
1022.2366 	EXP 	unnamed Polygon: autoDraw = True
1022.2406 	EXP 	unnamed Polygon: autoDraw = True
1022.2533 	EXP 	unnamed Polygon: autoDraw = True
1022.2566 	EXP 	unnamed Polygon: autoDraw = True
1022.2697 	EXP 	unnamed Polygon: autoDraw = True
1022.2731 	EXP 	unnamed Polygon: autoDraw = True
1022.2866 	EXP 	unnamed Polygon: autoDraw = True
1022.2896 	EXP 	unnamed Polygon: autoDraw = True
1022.3029 	EXP 	unnamed Polygon: autoDraw = True
1022.3060 	EXP 	unnamed Polygon: autoDraw = True
1022.3202 	EXP 	unnamed Polygon: autoDraw = True
1022.3247 	EXP 	unnamed Polygon: autoDraw = True
1022.3365 	EXP 	unnamed Polygon: autoDraw = True
1022.3403 	EXP 	unnamed Polygon: autoDraw = True
1022.3535 	EXP 	unnamed Polygon: autoDraw = True
1022.3576 	EXP 	unnamed Polygon: autoDraw = True
1022.3596 	DATA 	Keypress: 1
1022.3694 	EXP 	unnamed Polygon: autoDraw = True
1022.3721 	EXP 	unnamed Polygon: autoDraw = True
1022.3867 	EXP 	unnamed Polygon: autoDraw = True
1022.3907 	EXP 	unnamed Polygon: autoDraw = True
1022.4038 	EXP 	unnamed Polygon: autoDraw = True
1022.4088 	EXP 	unnamed Polygon: autoDraw = True
1022.4201 	EXP 	unnamed Polygon: autoDraw = True
1022.4229 	EXP 	unnamed Polygon: autoDraw = True
1022.4372 	EXP 	unnamed Polygon: autoDraw = True
1022.4440 	EXP 	unnamed Polygon: autoDraw = False
1024.1376 	EXP 	trial_feedback: text = 'Hit!\n$0.00'
1024.1376 	EXP 	trial_feedback: autoDraw = True
1026.1224 	EXP 	trial_feedback: autoDraw = False
1026.1396 	EXP 	trial_feedback: autoDraw = False
1026.1396 	EXP 	exp_feedback: autoDraw = False
1036.5691 	EXP 	unnamed Polygon: autoDraw = True
1036.5691 	EXP 	unnamed Polygon: autoDraw = True
1036.5724 	EXP 	unnamed Polygon: autoDraw = True
1036.5863 	EXP 	unnamed Polygon: autoDraw = True
1036.5887 	EXP 	unnamed Polygon: autoDraw = True
1036.6029 	EXP 	unnamed Polygon: autoDraw = True
1036.6054 	EXP 	unnamed Polygon: autoDraw = True
1036.6195 	EXP 	unnamed Polygon: autoDraw = True
1036.6222 	EXP 	unnamed Polygon: autoDraw = True
1036.6362 	EXP 	unnamed Polygon: autoDraw = True
1036.6385 	EXP 	unnamed Polygon: autoDraw = True
1036.6529 	EXP 	unnamed Polygon: autoDraw = True
1036.6568 	EXP 	unnamed Polygon: autoDraw = True
1036.6701 	EXP 	unnamed Polygon: autoDraw = True
1036.6743 	EXP 	unnamed Polygon: autoDraw = True
1036.6868 	EXP 	unnamed Polygon: autoDraw = True
1036.6894 	EXP 	unnamed Polygon: autoDraw = True
1036.7031 	EXP 	unnamed Polygon: autoDraw = True
1036.7062 	EXP 	unnamed Polygon: autoDraw = True
1036.7202 	EXP 	unnamed Polygon: autoDraw = True
1036.7253 	EXP 	unnamed Polygon: autoDraw = True
1036.7362 	EXP 	unnamed Polygon: autoDraw = True
1036.7394 	EXP 	unnamed Polygon: autoDraw = True
1036.7528 	EXP 	unnamed Polygon: autoDraw = True
1036.7555 	EXP 	unnamed Polygon: autoDraw = True
1036.7699 	EXP 	unnamed Polygon: autoDraw = True
1036.7741 	EXP 	unnamed Polygon: autoDraw = True
1036.7866 	EXP 	unnamed Polygon: autoDraw = True
1036.7903 	EXP 	unnamed Polygon: autoDraw = True
1036.8036 	EXP 	unnamed Polygon: autoDraw = True
1036.8071 	EXP 	unnamed Polygon: autoDraw = True
1036.8197 	EXP 	unnamed Polygon: autoDraw = True
1036.8224 	EXP 	unnamed Polygon: autoDraw = True
1036.8365 	EXP 	unnamed Polygon: autoDraw = True
1036.8402 	EXP 	unnamed Polygon: autoDraw = True
1036.8534 	EXP 	unnamed Polygon: autoDraw = True
1036.8562 	EXP 	unnamed Polygon: autoDraw = True
1036.8697 	EXP 	unnamed Polygon: autoDraw = True
1036.8715 	DATA 	Keypress: 1
1036.8743 	EXP 	unnamed Polygon: autoDraw = True
1036.8865 	EXP 	unnamed Polygon: autoDraw = True
1036.8902 	EXP 	unnamed Polygon: autoDraw = True
1036.9035 	EXP 	unnamed Polygon: autoDraw = True
1036.9071 	EXP 	unnamed Polygon: autoDraw = True
1036.9197 	EXP 	unnamed Polygon: autoDraw = True
1036.9228 	EXP 	unnamed Polygon: autoDraw = True
1036.9369 	EXP 	unnamed Polygon: autoDraw = True
1036.9402 	EXP 	unnamed Polygon: autoDraw = True
1036.9529 	EXP 	unnamed Polygon: autoDraw = True
1036.9557 	EXP 	unnamed Polygon: autoDraw = True
1036.9698 	EXP 	unnamed Polygon: autoDraw = True
1036.9735 	EXP 	unnamed Polygon: autoDraw = True
1036.9864 	EXP 	unnamed Polygon: autoDraw = False
1038.2897 	EXP 	trial_feedback: text = 'Hit!\n$0.00'
1038.2897 	EXP 	trial_feedback: autoDraw = True
1040.2898 	EXP 	trial_feedback: autoDraw = False
1040.3035 	EXP 	trial_feedback: autoDraw = False
1040.3035 	EXP 	exp_feedback: autoDraw = False
1050.7512 	EXP 	unnamed Polygon: autoDraw = True
1050.7512 	EXP 	unnamed Polygon: autoDraw = True
1050.7560 	EXP 	unnamed Polygon: autoDraw = True
1050.7696 	EXP 	unnamed Polygon: autoDraw = True
1050.7721 	EXP 	unnamed Polygon: autoDraw = True
1050.7862 	EXP 	unnamed Polygon: autoDraw = True
1050.7890 	EXP 	unnamed Polygon: autoDraw = True
1050.8029 	EXP 	unnamed Polygon: autoDraw = True
1050.8054 	EXP 	unnamed Polygon: autoDraw = True
1050.8199 	EXP 	unnamed Polygon: autoDraw = True
1050.8233 	EXP 	unnamed Polygon: autoDraw = True
1050.8370 	EXP 	unnamed Polygon: autoDraw = True
1050.8394 	EXP 	unnamed Polygon: autoDraw = True
1050.8533 	EXP 	unnamed Polygon: autoDraw = True
1050.8567 	EXP 	unnamed Polygon: autoDraw = True
1050.8705 	EXP 	unnamed Polygon: autoDraw = True
1050.8746 	EXP 	unnamed Polygon: autoDraw = True
1050.8870 	EXP 	unnamed Polygon: autoDraw = True
1050.8904 	EXP 	unnamed Polygon: autoDraw = True
1050.9036 	EXP 	unnamed Polygon: autoDraw = True
1050.9065 	EXP 	unnamed Polygon: autoDraw = True
1050.9202 	EXP 	unnamed Polygon: autoDraw = True
1050.9231 	EXP 	unnamed Polygon: autoDraw = True
1050.9362 	EXP 	unnamed Polygon: autoDraw = True
1050.9399 	EXP 	unnamed Polygon: autoDraw = True
1050.9536 	EXP 	unnamed Polygon: autoDraw = True
1050.9556 	EXP 	unnamed Polygon: autoDraw = True
1050.9699 	EXP 	unnamed Polygon: autoDraw = True
1050.9732 	EXP 	unnamed Polygon: autoDraw = True
1050.9866 	EXP 	unnamed Polygon: autoDraw = True
1050.9912 	EXP 	unnamed Polygon: autoDraw = True
1051.0036 	EXP 	unnamed Polygon: autoDraw = True
1051.0068 	EXP 	unnamed Polygon: autoDraw = True
1051.0190 	EXP 	unnamed Polygon: autoDraw = True
1051.0221 	EXP 	unnamed Polygon: autoDraw = True
1051.0363 	EXP 	unnamed Polygon: autoDraw = True
1051.0389 	EXP 	unnamed Polygon: autoDraw = True
1051.0529 	EXP 	unnamed Polygon: autoDraw = True
1051.0556 	EXP 	unnamed Polygon: autoDraw = True
1051.0698 	EXP 	unnamed Polygon: autoDraw = True
1051.0722 	EXP 	unnamed Polygon: autoDraw = True
1051.0739 	DATA 	Keypress: 1
1051.0862 	EXP 	unnamed Polygon: autoDraw = True
1051.0886 	EXP 	unnamed Polygon: autoDraw = True
1051.1029 	EXP 	unnamed Polygon: autoDraw = True
1051.1050 	EXP 	unnamed Polygon: autoDraw = True
1051.1194 	EXP 	unnamed Polygon: autoDraw = True
1051.1229 	EXP 	unnamed Polygon: autoDraw = True
1051.1362 	EXP 	unnamed Polygon: autoDraw = True
1051.1429 	EXP 	unnamed Polygon: autoDraw = False
1052.4063 	EXP 	trial_feedback: text = 'Hit!\n$0.00'
1052.4063 	EXP 	trial_feedback: autoDraw = True
1054.4082 	EXP 	trial_feedback: autoDraw = False
1054.4082 	EXP 	exp_feedback: autoDraw = False
1060.7360 	EXP 	unnamed Polygon: autoDraw = True
1060.7360 	EXP 	unnamed Polygon: autoDraw = True
1060.7391 	EXP 	unnamed Polygon: autoDraw = True
1060.7529 	EXP 	unnamed Polygon: autoDraw = True
1060.7556 	EXP 	unnamed Polygon: autoDraw = True
1060.7695 	EXP 	unnamed Polygon: autoDraw = True
1060.7720 	EXP 	unnamed Polygon: autoDraw = True
1060.7862 	EXP 	unnamed Polygon: autoDraw = True
1060.7885 	EXP 	unnamed Polygon: autoDraw = True
1060.8030 	EXP 	unnamed Polygon: autoDraw = True
1060.8053 	EXP 	unnamed Polygon: autoDraw = True
1060.8196 	EXP 	unnamed Polygon: autoDraw = True
1060.8218 	EXP 	unnamed Polygon: autoDraw = True
1060.8365 	EXP 	unnamed Polygon: autoDraw = True
1060.8400 	EXP 	unnamed Polygon: autoDraw = True
1060.8535 	EXP 	unnamed Polygon: autoDraw = True
1060.8569 	EXP 	unnamed Polygon: autoDraw = True
1060.8698 	EXP 	unnamed Polygon: autoDraw = True
1060.8731 	EXP 	unnamed Polygon: autoDraw = True
1060.8868 	EXP 	unnamed Polygon: autoDraw = True
1060.8911 	EXP 	unnamed Polygon: autoDraw = True
1060.9032 	EXP 	unnamed Polygon: autoDraw = True
1060.9059 	EXP 	unnamed Polygon: autoDraw = True
1060.9203 	EXP 	unnamed Polygon: autoDraw = True
1060.9225 	EXP 	unnamed Polygon: autoDraw = True
1060.9364 	EXP 	unnamed Polygon: autoDraw = True
1060.9399 	EXP 	unnamed Polygon: autoDraw = True
1060.9537 	EXP 	unnamed Polygon: autoDraw = True
1060.9559 	EXP 	unnamed Polygon: autoDraw = True
1060.9699 	EXP 	unnamed Polygon: autoDraw = True
1060.9736 	EXP 	unnamed Polygon: autoDraw = True
1060.9871 	EXP 	unnamed Polygon: autoDraw = True
1060.9924 	EXP 	unnamed Polygon: autoDraw = False
1061.0394 	DATA 	Keypress: 1
1062.4366 	EXP 	trial_feedback: height = 0.09
1062.4366 	EXP 	trial_feedback: height = 0.09
1062.4366 	EXP 	trial_feedback: height = 0.09
1062.4366 	EXP 	trial_feedback: text = 'Miss!\n$0.00'
1062.4366 	EXP 	trial_feedback: autoDraw = True
1064.4226 	EXP 	trial_feedback: autoDraw = False
1064.4406 	EXP 	trial_feedback: autoDraw = False
1064.4406 	EXP 	exp_feedback: autoDraw = False
1074.7014 	EXP 	unnamed Polygon: autoDraw = True
1074.7014 	EXP 	unnamed Polygon: autoDraw = True
1074.7060 	EXP 	unnamed Polygon: autoDraw = True
1074.7191 	EXP 	unnamed Polygon: autoDraw = True
1074.7221 	EXP 	unnamed Polygon: autoDraw = True
1074.7363 	EXP 	unnamed Polygon: autoDraw = True
1074.7390 	EXP 	unnamed Polygon: autoDraw = True
1074.7527 	EXP 	unnamed Polygon: autoDraw = True
1074.7558 	EXP 	unnamed Polygon: autoDraw = True
1074.7699 	EXP 	unnamed Polygon: autoDraw = True
1074.7725 	EXP 	unnamed Polygon: autoDraw = True
1074.7865 	EXP 	unnamed Polygon: autoDraw = True
1074.7897 	EXP 	unnamed Polygon: autoDraw = True
1074.8029 	EXP 	unnamed Polygon: autoDraw = True
1074.8057 	EXP 	unnamed Polygon: autoDraw = True
1074.8199 	EXP 	unnamed Polygon: autoDraw = True
1074.8228 	EXP 	unnamed Polygon: autoDraw = True
1074.8364 	EXP 	unnamed Polygon: autoDraw = True
1074.8404 	EXP 	unnamed Polygon: autoDraw = True
1074.8530 	EXP 	unnamed Polygon: autoDraw = True
1074.8560 	EXP 	unnamed Polygon: autoDraw = True
1074.8698 	EXP 	unnamed Polygon: autoDraw = True
1074.8739 	EXP 	unnamed Polygon: autoDraw = True
1074.8867 	EXP 	unnamed Polygon: autoDraw = True
1074.8914 	EXP 	unnamed Polygon: autoDraw = True
1074.9032 	EXP 	unnamed Polygon: autoDraw = True
1074.9071 	EXP 	unnamed Polygon: autoDraw = True
1074.9199 	EXP 	unnamed Polygon: autoDraw = True
1074.9237 	EXP 	unnamed Polygon: autoDraw = True
1074.9364 	EXP 	unnamed Polygon: autoDraw = True
1074.9400 	EXP 	unnamed Polygon: autoDraw = True
1074.9533 	EXP 	unnamed Polygon: autoDraw = True
1074.9572 	EXP 	unnamed Polygon: autoDraw = True
1074.9699 	EXP 	unnamed Polygon: autoDraw = True
1074.9737 	EXP 	unnamed Polygon: autoDraw = True
1074.9865 	EXP 	unnamed Polygon: autoDraw = True
1074.9896 	EXP 	unnamed Polygon: autoDraw = True
1075.0031 	EXP 	unnamed Polygon: autoDraw = True
1075.0069 	EXP 	unnamed Polygon: autoDraw = True
1075.0201 	EXP 	unnamed Polygon: autoDraw = True
1075.0237 	DATA 	Keypress: 1
1075.0288 	EXP 	unnamed Polygon: autoDraw = True
1075.0364 	EXP 	unnamed Polygon: autoDraw = True
1075.0390 	EXP 	unnamed Polygon: autoDraw = True
1075.0530 	EXP 	unnamed Polygon: autoDraw = True
1075.0559 	EXP 	unnamed Polygon: autoDraw = True
1075.0701 	EXP 	unnamed Polygon: autoDraw = True
1075.0749 	EXP 	unnamed Polygon: autoDraw = True
1075.0864 	EXP 	unnamed Polygon: autoDraw = True
1075.0893 	EXP 	unnamed Polygon: autoDraw = True
1075.1033 	EXP 	unnamed Polygon: autoDraw = True
1075.1067 	EXP 	unnamed Polygon: autoDraw = True
1075.1199 	EXP 	unnamed Polygon: autoDraw = True
1075.1250 	EXP 	unnamed Polygon: autoDraw = True
1075.1366 	EXP 	unnamed Polygon: autoDraw = True
1075.1399 	EXP 	unnamed Polygon: autoDraw = True
1075.1533 	EXP 	unnamed Polygon: autoDraw = True
1075.1572 	EXP 	unnamed Polygon: autoDraw = True
1075.1698 	EXP 	unnamed Polygon: autoDraw = True
1075.1738 	EXP 	unnamed Polygon: autoDraw = True
1075.1860 	EXP 	unnamed Polygon: autoDraw = True
1075.1941 	EXP 	unnamed Polygon: autoDraw = False
1076.6530 	EXP 	trial_feedback: height = 0.09
1076.6530 	EXP 	trial_feedback: height = 0.09
1076.6530 	EXP 	trial_feedback: height = 0.09
1076.6530 	EXP 	trial_feedback: text = 'Hit!\n$0.00'
1076.6530 	EXP 	trial_feedback: autoDraw = True
1078.6399 	EXP 	trial_feedback: autoDraw = False
1078.6582 	EXP 	trial_feedback: autoDraw = False
1078.6582 	EXP 	exp_feedback: autoDraw = False
1085.0014 	EXP 	unnamed Polygon: autoDraw = True
1085.0014 	EXP 	unnamed Polygon: autoDraw = True
1085.0055 	EXP 	unnamed Polygon: autoDraw = True
1085.0197 	EXP 	unnamed Polygon: autoDraw = True
1085.0222 	EXP 	unnamed Polygon: autoDraw = True
1085.0363 	EXP 	unnamed Polygon: autoDraw = True
1085.0394 	EXP 	unnamed Polygon: autoDraw = True
1085.0541 	EXP 	unnamed Polygon: autoDraw = True
1085.0707 	EXP 	unnamed Polygon: autoDraw = True
1085.0873 	EXP 	unnamed Polygon: autoDraw = True
1085.1036 	EXP 	unnamed Polygon: autoDraw = True
1085.1075 	EXP 	unnamed Polygon: autoDraw = True
1085.1200 	EXP 	unnamed Polygon: autoDraw = True
1085.1229 	EXP 	unnamed Polygon: autoDraw = True
1085.1367 	EXP 	unnamed Polygon: autoDraw = True
1085.1408 	EXP 	unnamed Polygon: autoDraw = True
1085.1532 	EXP 	unnamed Polygon: autoDraw = True
1085.1569 	EXP 	unnamed Polygon: autoDraw = True
1085.1699 	EXP 	unnamed Polygon: autoDraw = True
1085.1730 	EXP 	unnamed Polygon: autoDraw = True
1085.1863 	EXP 	unnamed Polygon: autoDraw = True
1085.1892 	EXP 	unnamed Polygon: autoDraw = True
1085.2031 	EXP 	unnamed Polygon: autoDraw = True
1085.2066 	EXP 	unnamed Polygon: autoDraw = True
1085.2200 	EXP 	unnamed Polygon: autoDraw = True
1085.2236 	EXP 	unnamed Polygon: autoDraw = True
1085.2365 	EXP 	unnamed Polygon: autoDraw = True
1085.2408 	EXP 	unnamed Polygon: autoDraw = True
1085.2531 	EXP 	unnamed Polygon: autoDraw = True
1085.2577 	EXP 	unnamed Polygon: autoDraw = True
1085.2698 	EXP 	unnamed Polygon: autoDraw = True
1085.2733 	EXP 	unnamed Polygon: autoDraw = True
1085.2864 	EXP 	unnamed Polygon: autoDraw = True
1085.2897 	EXP 	unnamed Polygon: autoDraw = True
1085.3034 	EXP 	unnamed Polygon: autoDraw = True
1085.3073 	EXP 	unnamed Polygon: autoDraw = True
1085.3198 	EXP 	unnamed Polygon: autoDraw = True
1085.3235 	DATA 	Keypress: 1
1085.3279 	EXP 	unnamed Polygon: autoDraw = True
1085.3363 	EXP 	unnamed Polygon: autoDraw = True
1085.3391 	EXP 	unnamed Polygon: autoDraw = True
1085.3531 	EXP 	unnamed Polygon: autoDraw = True
1085.3606 	EXP 	unnamed Polygon: autoDraw = False
1086.7402 	EXP 	trial_feedback: text = 'Hit!\n$0.00'
1086.7402 	EXP 	trial_feedback: autoDraw = True
1088.7399 	EXP 	trial_feedback: autoDraw = False
1088.7530 	EXP 	trial_feedback: autoDraw = False
1088.7530 	EXP 	exp_feedback: autoDraw = False
1094.8181 	EXP 	unnamed Polygon: autoDraw = True
1094.8181 	EXP 	unnamed Polygon: autoDraw = True
1094.8225 	EXP 	unnamed Polygon: autoDraw = True
1094.8363 	EXP 	unnamed Polygon: autoDraw = True
1094.8399 	EXP 	unnamed Polygon: autoDraw = True
1094.8530 	EXP 	unnamed Polygon: autoDraw = True
1094.8559 	EXP 	unnamed Polygon: autoDraw = True
1094.8706 	EXP 	unnamed Polygon: autoDraw = True
1094.8861 	EXP 	unnamed Polygon: autoDraw = True
1094.8894 	EXP 	unnamed Polygon: autoDraw = True
1094.9030 	EXP 	unnamed Polygon: autoDraw = True
1094.9062 	EXP 	unnamed Polygon: autoDraw = True
1094.9198 	EXP 	unnamed Polygon: autoDraw = True
1094.9229 	EXP 	unnamed Polygon: autoDraw = True
1094.9363 	EXP 	unnamed Polygon: autoDraw = True
1094.9392 	EXP 	unnamed Polygon: autoDraw = True
1094.9530 	EXP 	unnamed Polygon: autoDraw = True
1094.9565 	EXP 	unnamed Polygon: autoDraw = True
1094.9698 	EXP 	unnamed Polygon: autoDraw = True
1094.9736 	EXP 	unnamed Polygon: autoDraw = True
1094.9866 	EXP 	unnamed Polygon: autoDraw = True
1094.9907 	EXP 	unnamed Polygon: autoDraw = True
1095.0032 	EXP 	unnamed Polygon: autoDraw = True
1095.0071 	EXP 	unnamed Polygon: autoDraw = True
1095.0201 	EXP 	unnamed Polygon: autoDraw = True
1095.0244 	EXP 	unnamed Polygon: autoDraw = True
1095.0369 	EXP 	unnamed Polygon: autoDraw = True
1095.0474 	EXP 	unnamed Polygon: autoDraw = True
1095.0530 	EXP 	unnamed Polygon: autoDraw = True
1095.0621 	EXP 	unnamed Polygon: autoDraw = True
1095.0696 	EXP 	unnamed Polygon: autoDraw = True
1095.0716 	EXP 	unnamed Polygon: autoDraw = True
1095.0862 	EXP 	unnamed Polygon: autoDraw = True
1095.0890 	EXP 	unnamed Polygon: autoDraw = True
1095.0906 	DATA 	Keypress: 1
1095.1029 	EXP 	unnamed Polygon: autoDraw = True
1095.1057 	EXP 	unnamed Polygon: autoDraw = True
1095.1195 	EXP 	unnamed Polygon: autoDraw = True
1095.1221 	EXP 	unnamed Polygon: autoDraw = True
1095.1377 	EXP 	unnamed Polygon: autoDraw = True
1095.1542 	EXP 	unnamed Polygon: autoDraw = True
1095.1702 	EXP 	unnamed Polygon: autoDraw = True
1095.1739 	EXP 	unnamed Polygon: autoDraw = True
1095.1863 	EXP 	unnamed Polygon: autoDraw = True
1095.1925 	EXP 	unnamed Polygon: autoDraw = False
1096.8865 	EXP 	trial_feedback: text = 'Hit!\n$0.00'
1096.8865 	EXP 	trial_feedback: autoDraw = True
1098.8727 	EXP 	trial_feedback: autoDraw = False
1098.8896 	EXP 	trial_feedback: autoDraw = False
1098.8896 	EXP 	exp_feedback: autoDraw = False
1105.3017 	EXP 	unnamed Polygon: autoDraw = True
1105.3017 	EXP 	unnamed Polygon: autoDraw = True
1105.3056 	EXP 	unnamed Polygon: autoDraw = True
1105.3197 	EXP 	unnamed Polygon: autoDraw = True
1105.3222 	EXP 	unnamed Polygon: autoDraw = True
1105.3356 	EXP 	unnamed Polygon: autoDraw = True
1105.3386 	EXP 	unnamed Polygon: autoDraw = True
1105.3538 	EXP 	unnamed Polygon: autoDraw = True
1105.3695 	EXP 	unnamed Polygon: autoDraw = True
1105.3727 	EXP 	unnamed Polygon: autoDraw = True
1105.3867 	EXP 	unnamed Polygon: autoDraw = True
1105.3897 	EXP 	unnamed Polygon: autoDraw = True
1105.4033 	EXP 	unnamed Polygon: autoDraw = True
1105.4076 	EXP 	unnamed Polygon: autoDraw = True
1105.4199 	EXP 	unnamed Polygon: autoDraw = True
1105.4239 	EXP 	unnamed Polygon: autoDraw = True
1105.4365 	EXP 	unnamed Polygon: autoDraw = True
1105.4408 	EXP 	unnamed Polygon: autoDraw = True
1105.4531 	EXP 	unnamed Polygon: autoDraw = True
1105.4562 	EXP 	unnamed Polygon: autoDraw = True
1105.4699 	EXP 	unnamed Polygon: autoDraw = True
1105.4728 	EXP 	unnamed Polygon: autoDraw = True
1105.4877 	EXP 	unnamed Polygon: autoDraw = True
1105.4913 	EXP 	unnamed Polygon: autoDraw = True
1105.5034 	EXP 	unnamed Polygon: autoDraw = True
1105.5079 	EXP 	unnamed Polygon: autoDraw = True
1105.5200 	EXP 	unnamed Polygon: autoDraw = True
1105.5232 	EXP 	unnamed Polygon: autoDraw = True
1105.5368 	EXP 	unnamed Polygon: autoDraw = True
1105.5402 	EXP 	unnamed Polygon: autoDraw = True
1105.5531 	EXP 	unnamed Polygon: autoDraw = True
1105.5569 	EXP 	unnamed Polygon: autoDraw = True
1105.5700 	EXP 	unnamed Polygon: autoDraw = True
1105.5738 	EXP 	unnamed Polygon: autoDraw = True
1105.5864 	EXP 	unnamed Polygon: autoDraw = True
1105.5898 	EXP 	unnamed Polygon: autoDraw = True
1105.6034 	EXP 	unnamed Polygon: autoDraw = True
1105.6077 	EXP 	unnamed Polygon: autoDraw = True
1105.6112 	DATA 	Keypress: 1
1105.6199 	EXP 	unnamed Polygon: autoDraw = True
1105.6228 	EXP 	unnamed Polygon: autoDraw = True
1105.6364 	EXP 	unnamed Polygon: autoDraw = True
1105.6391 	EXP 	unnamed Polygon: autoDraw = True
1105.6531 	EXP 	unnamed Polygon: autoDraw = True
1105.6566 	EXP 	unnamed Polygon: autoDraw = True
1105.6699 	EXP 	unnamed Polygon: autoDraw = True
1105.6737 	EXP 	unnamed Polygon: autoDraw = True
1105.6865 	EXP 	unnamed Polygon: autoDraw = True
1105.6915 	EXP 	unnamed Polygon: autoDraw = True
1105.7031 	EXP 	unnamed Polygon: autoDraw = True
1105.7060 	EXP 	unnamed Polygon: autoDraw = True
1105.7198 	EXP 	unnamed Polygon: autoDraw = True
1105.7234 	EXP 	unnamed Polygon: autoDraw = True
1105.7364 	EXP 	unnamed Polygon: autoDraw = True
1105.7395 	EXP 	unnamed Polygon: autoDraw = True
1105.7532 	EXP 	unnamed Polygon: autoDraw = True
1105.7570 	EXP 	unnamed Polygon: autoDraw = True
1105.7698 	EXP 	unnamed Polygon: autoDraw = True
1105.7776 	EXP 	unnamed Polygon: autoDraw = False
1107.0902 	EXP 	trial_feedback: text = 'Hit!\n$0.00'
1107.0902 	EXP 	trial_feedback: autoDraw = True
1109.0902 	EXP 	trial_feedback: autoDraw = False
1109.1032 	EXP 	trial_feedback: autoDraw = False
1109.1032 	EXP 	exp_feedback: autoDraw = False
1119.3839 	EXP 	unnamed Polygon: autoDraw = True
1119.3839 	EXP 	unnamed Polygon: autoDraw = True
1119.3888 	EXP 	unnamed Polygon: autoDraw = True
1119.4029 	EXP 	unnamed Polygon: autoDraw = True
1119.4054 	EXP 	unnamed Polygon: autoDraw = True
1119.4209 	EXP 	unnamed Polygon: autoDraw = True
1119.4370 	EXP 	unnamed Polygon: autoDraw = True
1119.4409 	EXP 	unnamed Polygon: autoDraw = True
1119.4534 	EXP 	unnamed Polygon: autoDraw = True
1119.4567 	EXP 	unnamed Polygon: autoDraw = True
1119.4700 	EXP 	unnamed Polygon: autoDraw = True
1119.4735 	EXP 	unnamed Polygon: autoDraw = True
1119.4866 	EXP 	unnamed Polygon: autoDraw = True
1119.4904 	EXP 	unnamed Polygon: autoDraw = True
1119.5033 	EXP 	unnamed Polygon: autoDraw = True
1119.5068 	EXP 	unnamed Polygon: autoDraw = True
1119.5201 	EXP 	unnamed Polygon: autoDraw = True
1119.5244 	EXP 	unnamed Polygon: autoDraw = True
1119.5367 	EXP 	unnamed Polygon: autoDraw = True
1119.5404 	EXP 	unnamed Polygon: autoDraw = True
1119.5549 	EXP 	unnamed Polygon: autoDraw = True
1119.5699 	EXP 	unnamed Polygon: autoDraw = True
1119.5732 	EXP 	unnamed Polygon: autoDraw = True
1119.5863 	EXP 	unnamed Polygon: autoDraw = True
1119.5892 	EXP 	unnamed Polygon: autoDraw = True
1119.6031 	EXP 	unnamed Polygon: autoDraw = True
1119.6069 	EXP 	unnamed Polygon: autoDraw = True
1119.6198 	EXP 	unnamed Polygon: autoDraw = True
1119.6235 	EXP 	unnamed Polygon: autoDraw = True
1119.6364 	EXP 	unnamed Polygon: autoDraw = True
1119.6395 	EXP 	unnamed Polygon: autoDraw = True
1119.6530 	EXP 	unnamed Polygon: autoDraw = True
1119.6564 	EXP 	unnamed Polygon: autoDraw = True
1119.6698 	EXP 	unnamed Polygon: autoDraw = True
1119.6734 	EXP 	unnamed Polygon: autoDraw = True
1119.6864 	EXP 	unnamed Polygon: autoDraw = True
1119.6896 	EXP 	unnamed Polygon: autoDraw = True
1119.7032 	EXP 	unnamed Polygon: autoDraw = True
1119.7068 	DATA 	Keypress: 1
1119.7112 	EXP 	unnamed Polygon: autoDraw = True
1119.7198 	EXP 	unnamed Polygon: autoDraw = True
1119.7225 	EXP 	unnamed Polygon: autoDraw = True
1119.7364 	EXP 	unnamed Polygon: autoDraw = True
1119.7434 	EXP 	unnamed Polygon: autoDraw = False
1121.1734 	EXP 	trial_feedback: text = 'Hit!\n$0.00'
1121.1734 	EXP 	trial_feedback: autoDraw = True
1123.1727 	EXP 	trial_feedback: autoDraw = False
1123.1863 	EXP 	trial_feedback: autoDraw = False
1123.1863 	EXP 	exp_feedback: autoDraw = False
1131.5013 	EXP 	unnamed Polygon: autoDraw = True
1131.5013 	EXP 	unnamed Polygon: autoDraw = True
1131.5059 	EXP 	unnamed Polygon: autoDraw = True
1131.5201 	EXP 	unnamed Polygon: autoDraw = True
1131.5227 	EXP 	unnamed Polygon: autoDraw = True
1131.5359 	EXP 	unnamed Polygon: autoDraw = True
1131.5391 	EXP 	unnamed Polygon: autoDraw = True
1131.5535 	EXP 	unnamed Polygon: autoDraw = True
1131.5559 	EXP 	unnamed Polygon: autoDraw = True
1131.5692 	EXP 	unnamed Polygon: autoDraw = True
1131.5733 	EXP 	unnamed Polygon: autoDraw = True
1131.5878 	EXP 	unnamed Polygon: autoDraw = True
1131.6038 	EXP 	unnamed Polygon: autoDraw = True
1131.6083 	EXP 	unnamed Polygon: autoDraw = True
1131.6206 	EXP 	unnamed Polygon: autoDraw = True
1131.6251 	EXP 	unnamed Polygon: autoDraw = True
1131.6368 	EXP 	unnamed Polygon: autoDraw = True
1131.6400 	EXP 	unnamed Polygon: autoDraw = True
1131.6538 	EXP 	unnamed Polygon: autoDraw = True
1131.6563 	EXP 	unnamed Polygon: autoDraw = True
1131.6696 	EXP 	unnamed Polygon: autoDraw = True
1131.6721 	EXP 	unnamed Polygon: autoDraw = True
1131.6865 	EXP 	unnamed Polygon: autoDraw = True
1131.6894 	EXP 	unnamed Polygon: autoDraw = True
1131.7037 	EXP 	unnamed Polygon: autoDraw = True
1131.7077 	EXP 	unnamed Polygon: autoDraw = True
1131.7203 	EXP 	unnamed Polygon: autoDraw = True
1131.7245 	EXP 	unnamed Polygon: autoDraw = True
1131.7369 	EXP 	unnamed Polygon: autoDraw = True
1131.7409 	EXP 	unnamed Polygon: autoDraw = True
1131.7535 	EXP 	unnamed Polygon: autoDraw = True
1131.7564 	EXP 	unnamed Polygon: autoDraw = True
1131.7705 	EXP 	unnamed Polygon: autoDraw = True
1131.7751 	EXP 	unnamed Polygon: autoDraw = True
1131.7865 	EXP 	unnamed Polygon: autoDraw = True
1131.7901 	EXP 	unnamed Polygon: autoDraw = True
1131.8044 	EXP 	unnamed Polygon: autoDraw = True
1131.8209 	EXP 	unnamed Polygon: autoDraw = True
1131.8242 	DATA 	Keypress: 1
1131.8364 	EXP 	unnamed Polygon: autoDraw = True
1131.8399 	EXP 	unnamed Polygon: autoDraw = False
1133.2232 	EXP 	trial_feedback: text = 'Hit!\n$0.00'
1133.2232 	EXP 	trial_feedback: autoDraw = True
1135.2227 	EXP 	trial_feedback: autoDraw = False
1135.2365 	EXP 	trial_feedback: autoDraw = False
1135.2365 	EXP 	exp_feedback: autoDraw = False
1143.7058 	EXP 	unnamed Polygon: autoDraw = True
1143.7058 	EXP 	unnamed Polygon: autoDraw = True
1143.7197 	EXP 	unnamed Polygon: autoDraw = True
1143.7221 	EXP 	unnamed Polygon: autoDraw = True
1143.7363 	EXP 	unnamed Polygon: autoDraw = True
1143.7387 	EXP 	unnamed Polygon: autoDraw = True
1143.7530 	EXP 	unnamed Polygon: autoDraw = True
1143.7552 	EXP 	unnamed Polygon: autoDraw = True
1143.7700 	EXP 	unnamed Polygon: autoDraw = True
1143.7733 	EXP 	unnamed Polygon: autoDraw = True
1143.7866 	EXP 	unnamed Polygon: autoDraw = True
1143.7901 	EXP 	unnamed Polygon: autoDraw = True
1143.8032 	EXP 	unnamed Polygon: autoDraw = True
1143.8067 	EXP 	unnamed Polygon: autoDraw = True
1143.8194 	EXP 	unnamed Polygon: autoDraw = True
1143.8224 	EXP 	unnamed Polygon: autoDraw = True
1143.8364 	EXP 	unnamed Polygon: autoDraw = True
1143.8395 	EXP 	unnamed Polygon: autoDraw = True
1143.8531 	EXP 	unnamed Polygon: autoDraw = True
1143.8560 	EXP 	unnamed Polygon: autoDraw = True
1143.8699 	EXP 	unnamed Polygon: autoDraw = True
1143.8728 	EXP 	unnamed Polygon: autoDraw = True
1143.8867 	EXP 	unnamed Polygon: autoDraw = True
1143.8902 	EXP 	unnamed Polygon: autoDraw = True
1143.9032 	EXP 	unnamed Polygon: autoDraw = True
1143.9070 	EXP 	unnamed Polygon: autoDraw = True
1143.9198 	EXP 	unnamed Polygon: autoDraw = True
1143.9242 	EXP 	unnamed Polygon: autoDraw = True
1143.9365 	EXP 	unnamed Polygon: autoDraw = True
1143.9402 	EXP 	unnamed Polygon: autoDraw = True
1143.9532 	EXP 	unnamed Polygon: autoDraw = True
1143.9568 	EXP 	unnamed Polygon: autoDraw = True
1143.9698 	EXP 	unnamed Polygon: autoDraw = True
1143.9727 	EXP 	unnamed Polygon: autoDraw = True
1143.9866 	EXP 	unnamed Polygon: autoDraw = True
1143.9905 	EXP 	unnamed Polygon: autoDraw = True
1144.0031 	EXP 	unnamed Polygon: autoDraw = True
1144.0062 	EXP 	unnamed Polygon: autoDraw = True
1144.0201 	EXP 	unnamed Polygon: autoDraw = True
1144.0240 	DATA 	Keypress: 1
1144.0286 	EXP 	unnamed Polygon: autoDraw = True
1144.0365 	EXP 	unnamed Polygon: autoDraw = True
1144.0393 	EXP 	unnamed Polygon: autoDraw = True
1144.0531 	EXP 	unnamed Polygon: autoDraw = True
1144.0562 	EXP 	unnamed Polygon: autoDraw = True
1144.0700 	EXP 	unnamed Polygon: autoDraw = True
1144.0749 	EXP 	unnamed Polygon: autoDraw = True
1144.0865 	EXP 	unnamed Polygon: autoDraw = True
1144.0905 	EXP 	unnamed Polygon: autoDraw = True
1144.1032 	EXP 	unnamed Polygon: autoDraw = True
1144.1070 	EXP 	unnamed Polygon: autoDraw = True
1144.1200 	EXP 	unnamed Polygon: autoDraw = True
1144.1284 	EXP 	unnamed Polygon: autoDraw = False
1145.3700 	EXP 	trial_feedback: height = 0.09
1145.3700 	EXP 	trial_feedback: height = 0.09
1145.3700 	EXP 	trial_feedback: height = 0.09
1145.3700 	EXP 	trial_feedback: text = 'Hit!\n+$5.00'
1145.3700 	EXP 	trial_feedback: autoDraw = True
1147.3560 	EXP 	trial_feedback: autoDraw = False
1147.3744 	EXP 	trial_feedback: autoDraw = False
1147.3744 	EXP 	exp_feedback: autoDraw = False
1153.5180 	EXP 	unnamed Polygon: autoDraw = True
1153.5180 	EXP 	unnamed Polygon: autoDraw = True
1153.5225 	EXP 	unnamed Polygon: autoDraw = True
1153.5364 	EXP 	unnamed Polygon: autoDraw = True
1153.5389 	EXP 	unnamed Polygon: autoDraw = True
1153.5530 	EXP 	unnamed Polygon: autoDraw = True
1153.5561 	EXP 	unnamed Polygon: autoDraw = True
1153.5703 	EXP 	unnamed Polygon: autoDraw = True
1153.5743 	EXP 	unnamed Polygon: autoDraw = True
1153.5869 	EXP 	unnamed Polygon: autoDraw = True
1153.5895 	EXP 	unnamed Polygon: autoDraw = True
1153.6042 	EXP 	unnamed Polygon: autoDraw = True
1153.6207 	EXP 	unnamed Polygon: autoDraw = True
1153.6245 	EXP 	unnamed Polygon: autoDraw = True
1153.6366 	EXP 	unnamed Polygon: autoDraw = True
1153.6403 	EXP 	unnamed Polygon: autoDraw = True
1153.6530 	EXP 	unnamed Polygon: autoDraw = True
1153.6559 	EXP 	unnamed Polygon: autoDraw = True
1153.6698 	EXP 	unnamed Polygon: autoDraw = True
1153.6725 	EXP 	unnamed Polygon: autoDraw = True
1153.6864 	EXP 	unnamed Polygon: autoDraw = True
1153.6890 	EXP 	unnamed Polygon: autoDraw = True
1153.7031 	EXP 	unnamed Polygon: autoDraw = True
1153.7098 	EXP 	unnamed Polygon: autoDraw = True
1153.7199 	EXP 	unnamed Polygon: autoDraw = True
1153.7228 	EXP 	unnamed Polygon: autoDraw = True
1153.7367 	EXP 	unnamed Polygon: autoDraw = True
1153.7409 	EXP 	unnamed Polygon: autoDraw = True
1153.7527 	EXP 	unnamed Polygon: autoDraw = True
1153.7554 	EXP 	unnamed Polygon: autoDraw = True
1153.7699 	EXP 	unnamed Polygon: autoDraw = True
1153.7727 	EXP 	unnamed Polygon: autoDraw = True
1153.7862 	EXP 	unnamed Polygon: autoDraw = True
1153.7892 	EXP 	unnamed Polygon: autoDraw = True
1153.8032 	EXP 	unnamed Polygon: autoDraw = True
1153.8071 	EXP 	unnamed Polygon: autoDraw = True
1153.8202 	EXP 	unnamed Polygon: autoDraw = True
1153.8241 	EXP 	unnamed Polygon: autoDraw = True
1153.8367 	EXP 	unnamed Polygon: autoDraw = True
1153.8409 	EXP 	unnamed Polygon: autoDraw = True
1153.8447 	DATA 	Keypress: 1
1153.8531 	EXP 	unnamed Polygon: autoDraw = True
1153.8559 	EXP 	unnamed Polygon: autoDraw = True
1153.8698 	EXP 	unnamed Polygon: autoDraw = True
1153.8727 	EXP 	unnamed Polygon: autoDraw = True
1153.8864 	EXP 	unnamed Polygon: autoDraw = True
1153.8897 	EXP 	unnamed Polygon: autoDraw = True
1153.9031 	EXP 	unnamed Polygon: autoDraw = True
1153.9064 	EXP 	unnamed Polygon: autoDraw = True
1153.9201 	EXP 	unnamed Polygon: autoDraw = True
1153.9247 	EXP 	unnamed Polygon: autoDraw = True
1153.9365 	EXP 	unnamed Polygon: autoDraw = True
1153.9393 	EXP 	unnamed Polygon: autoDraw = True
1153.9531 	EXP 	unnamed Polygon: autoDraw = True
1153.9610 	EXP 	unnamed Polygon: autoDraw = False
1155.5242 	EXP 	trial_feedback: text = 'Hit!\n+$5.00'
1155.5242 	EXP 	trial_feedback: autoDraw = True
1157.5228 	EXP 	trial_feedback: autoDraw = False
1157.5366 	EXP 	trial_feedback: autoDraw = False
1157.5366 	EXP 	exp_feedback: autoDraw = False
1167.7836 	EXP 	unnamed Polygon: autoDraw = True
1167.7836 	EXP 	unnamed Polygon: autoDraw = True
1167.8035 	EXP 	unnamed Polygon: autoDraw = True
1167.8199 	EXP 	unnamed Polygon: autoDraw = True
1167.8237 	EXP 	unnamed Polygon: autoDraw = True
1167.8365 	EXP 	unnamed Polygon: autoDraw = True
1167.8401 	EXP 	unnamed Polygon: autoDraw = True
1167.8531 	EXP 	unnamed Polygon: autoDraw = True
1167.8564 	EXP 	unnamed Polygon: autoDraw = True
1167.8697 	EXP 	unnamed Polygon: autoDraw = True
1167.8726 	EXP 	unnamed Polygon: autoDraw = True
1167.8865 	EXP 	unnamed Polygon: autoDraw = True
1167.8897 	EXP 	unnamed Polygon: autoDraw = True
1167.9032 	EXP 	unnamed Polygon: autoDraw = True
1167.9068 	EXP 	unnamed Polygon: autoDraw = True
1167.9200 	EXP 	unnamed Polygon: autoDraw = True
1167.9240 	EXP 	unnamed Polygon: autoDraw = True
1167.9364 	EXP 	unnamed Polygon: autoDraw = True
1167.9404 	EXP 	unnamed Polygon: autoDraw = True
1167.9532 	EXP 	unnamed Polygon: autoDraw = True
1167.9568 	EXP 	unnamed Polygon: autoDraw = True
1167.9699 	EXP 	unnamed Polygon: autoDraw = True
1167.9734 	EXP 	unnamed Polygon: autoDraw = True
1167.9864 	EXP 	unnamed Polygon: autoDraw = True
1167.9896 	EXP 	unnamed Polygon: autoDraw = True
1168.0031 	EXP 	unnamed Polygon: autoDraw = True
1168.0059 	EXP 	unnamed Polygon: autoDraw = True
1168.0199 	EXP 	unnamed Polygon: autoDraw = True
1168.0232 	EXP 	unnamed Polygon: autoDraw = True
1168.0362 	EXP 	unnamed Polygon: autoDraw = True
1168.0394 	EXP 	unnamed Polygon: autoDraw = True
1168.0531 	EXP 	unnamed Polygon: autoDraw = True
1168.0567 	EXP 	unnamed Polygon: autoDraw = True
1168.0696 	EXP 	unnamed Polygon: autoDraw = True
1168.0730 	EXP 	unnamed Polygon: autoDraw = True
1168.0866 	EXP 	unnamed Polygon: autoDraw = True
1168.0905 	EXP 	unnamed Polygon: autoDraw = True
1168.1034 	EXP 	unnamed Polygon: autoDraw = True
1168.1072 	EXP 	unnamed Polygon: autoDraw = True
1168.1201 	EXP 	unnamed Polygon: autoDraw = True
1168.1239 	EXP 	unnamed Polygon: autoDraw = True
1168.1364 	EXP 	unnamed Polygon: autoDraw = True
1168.1401 	DATA 	Keypress: 1
1168.1445 	EXP 	unnamed Polygon: autoDraw = True
1168.1532 	EXP 	unnamed Polygon: autoDraw = True
1168.1574 	EXP 	unnamed Polygon: autoDraw = True
1168.1698 	EXP 	unnamed Polygon: autoDraw = True
1168.1770 	EXP 	unnamed Polygon: autoDraw = False
1169.6133 	EXP 	trial_feedback: height = 0.09
1169.6133 	EXP 	trial_feedback: height = 0.09
1169.6133 	EXP 	trial_feedback: height = 0.09
1169.6133 	EXP 	trial_feedback: text = 'Hit!\n$0.00'
1169.6133 	EXP 	trial_feedback: autoDraw = True
1171.6062 	EXP 	trial_feedback: autoDraw = False
1171.6200 	EXP 	trial_feedback: autoDraw = False
1171.6200 	EXP 	exp_feedback: autoDraw = False
1180.1361 	EXP 	unnamed Polygon: autoDraw = True
1180.1361 	EXP 	unnamed Polygon: autoDraw = True
1180.1393 	EXP 	unnamed Polygon: autoDraw = True
1180.1530 	EXP 	unnamed Polygon: autoDraw = True
1180.1560 	EXP 	unnamed Polygon: autoDraw = True
1180.1696 	EXP 	unnamed Polygon: autoDraw = True
1180.1719 	EXP 	unnamed Polygon: autoDraw = True
1180.1864 	EXP 	unnamed Polygon: autoDraw = True
1180.1891 	EXP 	unnamed Polygon: autoDraw = True
1180.2030 	EXP 	unnamed Polygon: autoDraw = True
1180.2053 	EXP 	unnamed Polygon: autoDraw = True
1180.2204 	EXP 	unnamed Polygon: autoDraw = True
1180.2366 	EXP 	unnamed Polygon: autoDraw = True
1180.2402 	EXP 	unnamed Polygon: autoDraw = True
1180.2532 	EXP 	unnamed Polygon: autoDraw = True
1180.2561 	EXP 	unnamed Polygon: autoDraw = True
1180.2697 	EXP 	unnamed Polygon: autoDraw = True
1180.2722 	EXP 	unnamed Polygon: autoDraw = True
1180.2864 	EXP 	unnamed Polygon: autoDraw = True
1180.2897 	EXP 	unnamed Polygon: autoDraw = True
1180.3033 	EXP 	unnamed Polygon: autoDraw = True
1180.3066 	EXP 	unnamed Polygon: autoDraw = True
1180.3198 	EXP 	unnamed Polygon: autoDraw = True
1180.3233 	EXP 	unnamed Polygon: autoDraw = True
1180.3366 	EXP 	unnamed Polygon: autoDraw = True
1180.3401 	EXP 	unnamed Polygon: autoDraw = True
1180.3532 	EXP 	unnamed Polygon: autoDraw = True
1180.3560 	EXP 	unnamed Polygon: autoDraw = True
1180.3698 	EXP 	unnamed Polygon: autoDraw = True
1180.3733 	EXP 	unnamed Polygon: autoDraw = True
1180.3867 	EXP 	unnamed Polygon: autoDraw = True
1180.3902 	EXP 	unnamed Polygon: autoDraw = True
1180.4033 	EXP 	unnamed Polygon: autoDraw = True
1180.4069 	EXP 	unnamed Polygon: autoDraw = True
1180.4204 	EXP 	unnamed Polygon: autoDraw = True
1180.4254 	EXP 	unnamed Polygon: autoDraw = True
1180.4286 	DATA 	Keypress: 1
1180.4367 	EXP 	unnamed Polygon: autoDraw = True
1180.4414 	EXP 	unnamed Polygon: autoDraw = True
1180.4530 	EXP 	unnamed Polygon: autoDraw = False
1181.6736 	EXP 	trial_feedback: text = 'Hit!\n$0.00'
1181.6736 	EXP 	trial_feedback: autoDraw = True
1183.6702 	EXP 	trial_feedback: autoDraw = False
1183.6748 	EXP 	trial_feedback: autoDraw = False
1183.6748 	EXP 	exp_feedback: autoDraw = False
1193.7892 	EXP 	unnamed Polygon: autoDraw = True
1193.7892 	EXP 	unnamed Polygon: autoDraw = True
1193.8031 	EXP 	unnamed Polygon: autoDraw = True
1193.8058 	EXP 	unnamed Polygon: autoDraw = True
1193.8197 	EXP 	unnamed Polygon: autoDraw = True
1193.8223 	EXP 	unnamed Polygon: autoDraw = True
1193.8375 	EXP 	unnamed Polygon: autoDraw = True
1193.8537 	EXP 	unnamed Polygon: autoDraw = True
1193.8571 	EXP 	unnamed Polygon: autoDraw = True
1193.8698 	EXP 	unnamed Polygon: autoDraw = True
1193.8732 	EXP 	unnamed Polygon: autoDraw = True
1193.8864 	EXP 	unnamed Polygon: autoDraw = True
1193.8892 	EXP 	unnamed Polygon: autoDraw = True
1193.9044 	EXP 	unnamed Polygon: autoDraw = True
1193.9077 	EXP 	unnamed Polygon: autoDraw = True
1193.9199 	EXP 	unnamed Polygon: autoDraw = True
1193.9229 	EXP 	unnamed Polygon: autoDraw = True
1193.9365 	EXP 	unnamed Polygon: autoDraw = True
1193.9403 	EXP 	unnamed Polygon: autoDraw = True
1193.9532 	EXP 	unnamed Polygon: autoDraw = True
1193.9572 	EXP 	unnamed Polygon: autoDraw = True
1193.9699 	EXP 	unnamed Polygon: autoDraw = True
1193.9734 	EXP 	unnamed Polygon: autoDraw = True
1193.9866 	EXP 	unnamed Polygon: autoDraw = True
1193.9908 	EXP 	unnamed Polygon: autoDraw = True
1194.0031 	EXP 	unnamed Polygon: autoDraw = True
1194.0065 	EXP 	unnamed Polygon: autoDraw = True
1194.0199 	EXP 	unnamed Polygon: autoDraw = True
1194.0234 	EXP 	unnamed Polygon: autoDraw = True
1194.0365 	EXP 	unnamed Polygon: autoDraw = True
1194.0396 	EXP 	unnamed Polygon: autoDraw = True
1194.0534 	EXP 	unnamed Polygon: autoDraw = True
1194.0575 	EXP 	unnamed Polygon: autoDraw = True
1194.0698 	EXP 	unnamed Polygon: autoDraw = True
1194.0736 	EXP 	unnamed Polygon: autoDraw = True
1194.0864 	EXP 	unnamed Polygon: autoDraw = True
1194.0903 	EXP 	unnamed Polygon: autoDraw = True
1194.1033 	EXP 	unnamed Polygon: autoDraw = True
1194.1075 	EXP 	unnamed Polygon: autoDraw = True
1194.1113 	DATA 	Keypress: 1
1194.1194 	EXP 	unnamed Polygon: autoDraw = True
1194.1248 	EXP 	unnamed Polygon: autoDraw = True
1194.1364 	EXP 	unnamed Polygon: autoDraw = True
1194.1399 	EXP 	unnamed Polygon: autoDraw = True
1194.1527 	EXP 	unnamed Polygon: autoDraw = True
1194.1553 	EXP 	unnamed Polygon: autoDraw = True
1194.1701 	EXP 	unnamed Polygon: autoDraw = False
1195.7571 	EXP 	trial_feedback: text = 'Hit!\n$0.00'
1195.7571 	EXP 	trial_feedback: autoDraw = True
1197.7564 	EXP 	trial_feedback: autoDraw = False
1197.7699 	EXP 	trial_feedback: autoDraw = False
1197.7699 	EXP 	exp_feedback: autoDraw = False
1207.9666 	EXP 	unnamed Polygon: autoDraw = True
1207.9666 	EXP 	unnamed Polygon: autoDraw = True
1207.9868 	EXP 	unnamed Polygon: autoDraw = True
1208.0032 	EXP 	unnamed Polygon: autoDraw = True
1208.0061 	EXP 	unnamed Polygon: autoDraw = True
1208.0199 	EXP 	unnamed Polygon: autoDraw = True
1208.0261 	EXP 	unnamed Polygon: autoDraw = True
1208.0365 	EXP 	unnamed Polygon: autoDraw = True
1208.0398 	EXP 	unnamed Polygon: autoDraw = True
1208.0531 	EXP 	unnamed Polygon: autoDraw = True
1208.0561 	EXP 	unnamed Polygon: autoDraw = True
1208.0699 	EXP 	unnamed Polygon: autoDraw = True
1208.0733 	EXP 	unnamed Polygon: autoDraw = True
1208.0868 	EXP 	unnamed Polygon: autoDraw = True
1208.0911 	EXP 	unnamed Polygon: autoDraw = True
1208.1032 	EXP 	unnamed Polygon: autoDraw = True
1208.1069 	EXP 	unnamed Polygon: autoDraw = True
1208.1200 	EXP 	unnamed Polygon: autoDraw = True
1208.1240 	EXP 	unnamed Polygon: autoDraw = True
1208.1366 	EXP 	unnamed Polygon: autoDraw = True
1208.1400 	EXP 	unnamed Polygon: autoDraw = True
1208.1532 	EXP 	unnamed Polygon: autoDraw = True
1208.1567 	EXP 	unnamed Polygon: autoDraw = True
1208.1699 	EXP 	unnamed Polygon: autoDraw = True
1208.1732 	EXP 	unnamed Polygon: autoDraw = True
1208.1864 	EXP 	unnamed Polygon: autoDraw = True
1208.1898 	EXP 	unnamed Polygon: autoDraw = True
1208.2035 	EXP 	unnamed Polygon: autoDraw = True
1208.2080 	EXP 	unnamed Polygon: autoDraw = True
1208.2199 	EXP 	unnamed Polygon: autoDraw = True
1208.2233 	EXP 	unnamed Polygon: autoDraw = True
1208.2366 	EXP 	unnamed Polygon: autoDraw = True
1208.2401 	EXP 	unnamed Polygon: autoDraw = True
1208.2531 	EXP 	unnamed Polygon: autoDraw = True
1208.2569 	EXP 	unnamed Polygon: autoDraw = True
1208.2702 	EXP 	unnamed Polygon: autoDraw = True
1208.2746 	EXP 	unnamed Polygon: autoDraw = True
1208.2785 	DATA 	Keypress: 1
1208.2866 	EXP 	unnamed Polygon: autoDraw = True
1208.2913 	EXP 	unnamed Polygon: autoDraw = True
1208.3033 	EXP 	unnamed Polygon: autoDraw = True
1208.3066 	EXP 	unnamed Polygon: autoDraw = True
1208.3200 	EXP 	unnamed Polygon: autoDraw = True
1208.3235 	EXP 	unnamed Polygon: autoDraw = True
1208.3368 	EXP 	unnamed Polygon: autoDraw = True
1208.3411 	EXP 	unnamed Polygon: autoDraw = True
1208.3530 	EXP 	unnamed Polygon: autoDraw = True
1208.3569 	EXP 	unnamed Polygon: autoDraw = True
1208.3703 	EXP 	unnamed Polygon: autoDraw = True
1208.3729 	EXP 	unnamed Polygon: autoDraw = True
1208.3864 	EXP 	unnamed Polygon: autoDraw = False
1209.9031 	EXP 	trial_feedback: height = 0.09
1209.9031 	EXP 	trial_feedback: height = 0.09
1209.9031 	EXP 	trial_feedback: height = 0.09
1209.9031 	EXP 	trial_feedback: text = 'Hit!\n+$5.00'
1209.9031 	EXP 	trial_feedback: autoDraw = True
1211.8897 	EXP 	trial_feedback: autoDraw = False
1211.9079 	EXP 	trial_feedback: autoDraw = False
1211.9079 	EXP 	exp_feedback: autoDraw = False
1218.0681 	EXP 	unnamed Polygon: autoDraw = True
1218.0681 	EXP 	unnamed Polygon: autoDraw = True
1218.0723 	EXP 	unnamed Polygon: autoDraw = True
1218.0864 	EXP 	unnamed Polygon: autoDraw = True
1218.0888 	EXP 	unnamed Polygon: autoDraw = True
1218.1024 	EXP 	unnamed Polygon: autoDraw = True
1218.1057 	EXP 	unnamed Polygon: autoDraw = True
1218.1201 	EXP 	unnamed Polygon: autoDraw = True
1218.1238 	EXP 	unnamed Polygon: autoDraw = True
1218.1361 	EXP 	unnamed Polygon: autoDraw = True
1218.1389 	EXP 	unnamed Polygon: autoDraw = True
1218.1533 	EXP 	unnamed Polygon: autoDraw = True
1218.1569 	EXP 	unnamed Polygon: autoDraw = True
1218.1694 	EXP 	unnamed Polygon: autoDraw = True
1218.1722 	EXP 	unnamed Polygon: autoDraw = True
1218.1866 	EXP 	unnamed Polygon: autoDraw = True
1218.1894 	EXP 	unnamed Polygon: autoDraw = True
1218.2029 	EXP 	unnamed Polygon: autoDraw = True
1218.2056 	EXP 	unnamed Polygon: autoDraw = True
1218.2200 	EXP 	unnamed Polygon: autoDraw = True
1218.2241 	EXP 	unnamed Polygon: autoDraw = True
1218.2366 	EXP 	unnamed Polygon: autoDraw = True
1218.2399 	EXP 	unnamed Polygon: autoDraw = True
1218.2533 	EXP 	unnamed Polygon: autoDraw = True
1218.2572 	EXP 	unnamed Polygon: autoDraw = True
1218.2699 	EXP 	unnamed Polygon: autoDraw = True
1218.2739 	EXP 	unnamed Polygon: autoDraw = True
1218.2865 	EXP 	unnamed Polygon: autoDraw = True
1218.2902 	EXP 	unnamed Polygon: autoDraw = True
1218.3033 	EXP 	unnamed Polygon: autoDraw = True
1218.3063 	EXP 	unnamed Polygon: autoDraw = True
1218.3199 	EXP 	unnamed Polygon: autoDraw = True
1218.3237 	EXP 	unnamed Polygon: autoDraw = True
1218.3366 	EXP 	unnamed Polygon: autoDraw = True
1218.3404 	EXP 	unnamed Polygon: autoDraw = True
1218.3531 	EXP 	unnamed Polygon: autoDraw = True
1218.3561 	EXP 	unnamed Polygon: autoDraw = True
1218.3701 	EXP 	unnamed Polygon: autoDraw = True
1218.3743 	EXP 	unnamed Polygon: autoDraw = True
1218.3781 	DATA 	Keypress: 1
1218.3866 	EXP 	unnamed Polygon: autoDraw = True
1218.3896 	EXP 	unnamed Polygon: autoDraw = True
1218.4032 	EXP 	unnamed Polygon: autoDraw = True
1218.4061 	EXP 	unnamed Polygon: autoDraw = True
1218.4201 	EXP 	unnamed Polygon: autoDraw = True
1218.4235 	EXP 	unnamed Polygon: autoDraw = True
1218.4364 	EXP 	unnamed Polygon: autoDraw = True
1218.4395 	EXP 	unnamed Polygon: autoDraw = True
1218.4533 	EXP 	unnamed Polygon: autoDraw = True
1218.4569 	EXP 	unnamed Polygon: autoDraw = True
1218.4696 	EXP 	unnamed Polygon: autoDraw = True
1218.4730 	EXP 	unnamed Polygon: autoDraw = True
1218.4865 	EXP 	unnamed Polygon: autoDraw = True
1218.4897 	EXP 	unnamed Polygon: autoDraw = True
1218.5033 	EXP 	unnamed Polygon: autoDraw = True
1218.5072 	EXP 	unnamed Polygon: autoDraw = True
1218.5199 	EXP 	unnamed Polygon: autoDraw = True
1218.5286 	EXP 	unnamed Polygon: autoDraw = False
1220.0951 	EXP 	trial_feedback: height = 0.09
1220.0951 	EXP 	trial_feedback: height = 0.09
1220.0951 	EXP 	trial_feedback: height = 0.09
1220.0951 	EXP 	trial_feedback: text = 'Hit!\n$0.00'
1220.0951 	EXP 	trial_feedback: autoDraw = True
1222.0892 	EXP 	trial_feedback: autoDraw = False
1222.1028 	EXP 	trial_feedback: autoDraw = False
1222.1028 	EXP 	exp_feedback: autoDraw = False
1230.1690 	EXP 	unnamed Polygon: autoDraw = True
1230.1690 	EXP 	unnamed Polygon: autoDraw = True
1230.1723 	EXP 	unnamed Polygon: autoDraw = True
1230.1865 	EXP 	unnamed Polygon: autoDraw = True
1230.1889 	EXP 	unnamed Polygon: autoDraw = True
1230.2032 	EXP 	unnamed Polygon: autoDraw = True
1230.2068 	EXP 	unnamed Polygon: autoDraw = True
1230.2202 	EXP 	unnamed Polygon: autoDraw = True
1230.2236 	EXP 	unnamed Polygon: autoDraw = True
1230.2367 	EXP 	unnamed Polygon: autoDraw = True
1230.2402 	EXP 	unnamed Polygon: autoDraw = True
1230.2532 	EXP 	unnamed Polygon: autoDraw = True
1230.2568 	EXP 	unnamed Polygon: autoDraw = True
1230.2699 	EXP 	unnamed Polygon: autoDraw = True
1230.2727 	EXP 	unnamed Polygon: autoDraw = True
1230.2866 	EXP 	unnamed Polygon: autoDraw = True
1230.2895 	EXP 	unnamed Polygon: autoDraw = True
1230.3032 	EXP 	unnamed Polygon: autoDraw = True
1230.3064 	EXP 	unnamed Polygon: autoDraw = True
1230.3198 	EXP 	unnamed Polygon: autoDraw = True
1230.3228 	EXP 	unnamed Polygon: autoDraw = True
1230.3365 	EXP 	unnamed Polygon: autoDraw = True
1230.3397 	EXP 	unnamed Polygon: autoDraw = True
1230.3533 	EXP 	unnamed Polygon: autoDraw = True
1230.3574 	EXP 	unnamed Polygon: autoDraw = True
1230.3699 	EXP 	unnamed Polygon: autoDraw = True
1230.3731 	EXP 	unnamed Polygon: autoDraw = True
1230.3868 	EXP 	unnamed Polygon: autoDraw = True
1230.3902 	EXP 	unnamed Polygon: autoDraw = True
1230.4034 	EXP 	unnamed Polygon: autoDraw = True
1230.4072 	EXP 	unnamed Polygon: autoDraw = True
1230.4203 	EXP 	unnamed Polygon: autoDraw = True
1230.4248 	EXP 	unnamed Polygon: autoDraw = True
1230.4367 	EXP 	unnamed Polygon: autoDraw = True
1230.4405 	EXP 	unnamed Polygon: autoDraw = True
1230.4532 	EXP 	unnamed Polygon: autoDraw = True
1230.4572 	EXP 	unnamed Polygon: autoDraw = True
1230.4607 	DATA 	Keypress: 1
1230.4698 	EXP 	unnamed Polygon: autoDraw = True
1230.4726 	EXP 	unnamed Polygon: autoDraw = True
1230.4865 	EXP 	unnamed Polygon: autoDraw = True
1230.4891 	EXP 	unnamed Polygon: autoDraw = True
1230.5033 	EXP 	unnamed Polygon: autoDraw = True
1230.5074 	EXP 	unnamed Polygon: autoDraw = True
1230.5197 	EXP 	unnamed Polygon: autoDraw = True
1230.5242 	EXP 	unnamed Polygon: autoDraw = True
1230.5367 	EXP 	unnamed Polygon: autoDraw = True
1230.5405 	EXP 	unnamed Polygon: autoDraw = True
1230.5531 	EXP 	unnamed Polygon: autoDraw = True
1230.5615 	EXP 	unnamed Polygon: autoDraw = False
1232.2282 	EXP 	trial_feedback: height = 0.09
1232.2282 	EXP 	trial_feedback: height = 0.09
1232.2282 	EXP 	trial_feedback: height = 0.09
1232.2282 	EXP 	trial_feedback: text = 'Hit!\n+$5.00'
1232.2282 	EXP 	trial_feedback: autoDraw = True
1234.2230 	EXP 	trial_feedback: autoDraw = False
1234.2366 	EXP 	trial_feedback: autoDraw = False
1234.2366 	EXP 	exp_feedback: autoDraw = False
1240.5681 	EXP 	unnamed Polygon: autoDraw = True
1240.5681 	EXP 	unnamed Polygon: autoDraw = True
1240.5727 	EXP 	unnamed Polygon: autoDraw = True
1240.5864 	EXP 	unnamed Polygon: autoDraw = True
1240.5890 	EXP 	unnamed Polygon: autoDraw = True
1240.6028 	EXP 	unnamed Polygon: autoDraw = True
1240.6056 	EXP 	unnamed Polygon: autoDraw = True
1240.6197 	EXP 	unnamed Polygon: autoDraw = True
1240.6221 	EXP 	unnamed Polygon: autoDraw = True
1240.6372 	EXP 	unnamed Polygon: autoDraw = True
1240.6533 	EXP 	unnamed Polygon: autoDraw = True
1240.6568 	EXP 	unnamed Polygon: autoDraw = True
1240.6697 	EXP 	unnamed Polygon: autoDraw = True
1240.6730 	EXP 	unnamed Polygon: autoDraw = True
1240.6865 	EXP 	unnamed Polygon: autoDraw = True
1240.6895 	EXP 	unnamed Polygon: autoDraw = True
1240.7032 	EXP 	unnamed Polygon: autoDraw = True
1240.7066 	EXP 	unnamed Polygon: autoDraw = True
1240.7200 	EXP 	unnamed Polygon: autoDraw = True
1240.7236 	EXP 	unnamed Polygon: autoDraw = True
1240.7368 	EXP 	unnamed Polygon: autoDraw = True
1240.7407 	EXP 	unnamed Polygon: autoDraw = True
1240.7535 	EXP 	unnamed Polygon: autoDraw = True
1240.7573 	EXP 	unnamed Polygon: autoDraw = True
1240.7701 	EXP 	unnamed Polygon: autoDraw = True
1240.7739 	EXP 	unnamed Polygon: autoDraw = True
1240.7867 	EXP 	unnamed Polygon: autoDraw = True
1240.7905 	EXP 	unnamed Polygon: autoDraw = True
1240.8034 	EXP 	unnamed Polygon: autoDraw = True
1240.8072 	EXP 	unnamed Polygon: autoDraw = True
1240.8196 	EXP 	unnamed Polygon: autoDraw = True
1240.8238 	EXP 	unnamed Polygon: autoDraw = True
1240.8365 	EXP 	unnamed Polygon: autoDraw = True
1240.8399 	EXP 	unnamed Polygon: autoDraw = True
1240.8532 	EXP 	unnamed Polygon: autoDraw = True
1240.8569 	EXP 	unnamed Polygon: autoDraw = True
1240.8700 	EXP 	unnamed Polygon: autoDraw = True
1240.8738 	EXP 	unnamed Polygon: autoDraw = True
1240.8865 	EXP 	unnamed Polygon: autoDraw = True
1240.8897 	EXP 	unnamed Polygon: autoDraw = True
1240.9033 	EXP 	unnamed Polygon: autoDraw = True
1240.9067 	EXP 	unnamed Polygon: autoDraw = True
1240.9198 	EXP 	unnamed Polygon: autoDraw = True
1240.9231 	EXP 	unnamed Polygon: autoDraw = True
1240.9367 	EXP 	unnamed Polygon: autoDraw = True
1240.9457 	EXP 	unnamed Polygon: autoDraw = False
1240.9898 	DATA 	Keypress: 1
1242.2946 	EXP 	trial_feedback: height = 0.09
1242.2946 	EXP 	trial_feedback: height = 0.09
1242.2946 	EXP 	trial_feedback: height = 0.09
1242.2946 	EXP 	trial_feedback: text = 'Miss!\n$0.00'
1242.2946 	EXP 	trial_feedback: autoDraw = True
1244.2910 	EXP 	trial_feedback: autoDraw = False
1244.2910 	EXP 	exp_feedback: autoDraw = False
1252.0270 	DATA 	Keypress: 1
1252.4233 	DATA 	Keypress: 1
1252.6725 	EXP 	unnamed Polygon: autoDraw = True
1252.6725 	EXP 	unnamed Polygon: autoDraw = True
1252.6865 	EXP 	unnamed Polygon: autoDraw = True
1252.6896 	EXP 	unnamed Polygon: autoDraw = True
1252.7034 	EXP 	unnamed Polygon: autoDraw = True
1252.7070 	EXP 	unnamed Polygon: autoDraw = True
1252.7199 	EXP 	unnamed Polygon: autoDraw = True
1252.7227 	EXP 	unnamed Polygon: autoDraw = True
1252.7365 	EXP 	unnamed Polygon: autoDraw = True
1252.7393 	EXP 	unnamed Polygon: autoDraw = True
1252.7534 	EXP 	unnamed Polygon: autoDraw = True
1252.7572 	EXP 	unnamed Polygon: autoDraw = True
1252.7701 	EXP 	unnamed Polygon: autoDraw = True
1252.7740 	EXP 	unnamed Polygon: autoDraw = True
1252.7866 	EXP 	unnamed Polygon: autoDraw = True
1252.7901 	EXP 	unnamed Polygon: autoDraw = True
1252.8035 	EXP 	unnamed Polygon: autoDraw = True
1252.8073 	EXP 	unnamed Polygon: autoDraw = True
1252.8201 	EXP 	unnamed Polygon: autoDraw = True
1252.8239 	EXP 	unnamed Polygon: autoDraw = True
1252.8367 	EXP 	unnamed Polygon: autoDraw = True
1252.8408 	EXP 	unnamed Polygon: autoDraw = True
1252.8535 	EXP 	unnamed Polygon: autoDraw = True
1252.8578 	EXP 	unnamed Polygon: autoDraw = True
1252.8699 	EXP 	unnamed Polygon: autoDraw = True
1252.8729 	EXP 	unnamed Polygon: autoDraw = True
1252.8868 	EXP 	unnamed Polygon: autoDraw = True
1252.8899 	EXP 	unnamed Polygon: autoDraw = True
1252.9030 	EXP 	unnamed Polygon: autoDraw = True
1252.9071 	EXP 	unnamed Polygon: autoDraw = True
1252.9200 	EXP 	unnamed Polygon: autoDraw = True
1252.9232 	EXP 	unnamed Polygon: autoDraw = True
1252.9362 	EXP 	unnamed Polygon: autoDraw = True
1252.9402 	EXP 	unnamed Polygon: autoDraw = True
1252.9535 	EXP 	unnamed Polygon: autoDraw = True
1252.9577 	EXP 	unnamed Polygon: autoDraw = True
1252.9701 	EXP 	unnamed Polygon: autoDraw = True
1252.9739 	EXP 	unnamed Polygon: autoDraw = True
1252.9869 	EXP 	unnamed Polygon: autoDraw = True
1252.9905 	DATA 	Keypress: 1
1252.9960 	EXP 	unnamed Polygon: autoDraw = True
1253.0032 	EXP 	unnamed Polygon: autoDraw = True
1253.0057 	EXP 	unnamed Polygon: autoDraw = True
1253.0198 	EXP 	unnamed Polygon: autoDraw = True
1253.0227 	EXP 	unnamed Polygon: autoDraw = True
1253.0378 	EXP 	unnamed Polygon: autoDraw = True
1253.0540 	EXP 	unnamed Polygon: autoDraw = True
1253.0707 	EXP 	unnamed Polygon: autoDraw = True
1253.0870 	EXP 	unnamed Polygon: autoDraw = True
1253.0953 	EXP 	unnamed Polygon: autoDraw = False
1254.4366 	EXP 	trial_feedback: height = 0.09
1254.4366 	EXP 	trial_feedback: height = 0.09
1254.4366 	EXP 	trial_feedback: height = 0.09
1254.4366 	EXP 	trial_feedback: text = 'Miss!\n-$1.50'
1254.4366 	EXP 	trial_feedback: autoDraw = True
1256.4238 	EXP 	trial_feedback: autoDraw = False
1256.4409 	EXP 	trial_feedback: autoDraw = False
1256.4409 	EXP 	exp_feedback: autoDraw = False
1262.6156 	EXP 	unnamed Polygon: autoDraw = True
1262.6156 	EXP 	unnamed Polygon: autoDraw = True
1262.6190 	EXP 	unnamed Polygon: autoDraw = True
1262.6225 	EXP 	unnamed Polygon: autoDraw = True
1262.6363 	EXP 	unnamed Polygon: autoDraw = True
1262.6385 	EXP 	unnamed Polygon: autoDraw = True
1262.6532 	EXP 	unnamed Polygon: autoDraw = True
1262.6555 	EXP 	unnamed Polygon: autoDraw = True
1262.6698 	EXP 	unnamed Polygon: autoDraw = True
1262.6724 	EXP 	unnamed Polygon: autoDraw = True
1262.6872 	EXP 	unnamed Polygon: autoDraw = True
1262.7039 	EXP 	unnamed Polygon: autoDraw = True
1262.7076 	EXP 	unnamed Polygon: autoDraw = True
1262.7199 	EXP 	unnamed Polygon: autoDraw = True
1262.7233 	EXP 	unnamed Polygon: autoDraw = True
1262.7364 	EXP 	unnamed Polygon: autoDraw = True
1262.7396 	EXP 	unnamed Polygon: autoDraw = True
1262.7534 	EXP 	unnamed Polygon: autoDraw = True
1262.7573 	EXP 	unnamed Polygon: autoDraw = True
1262.7699 	EXP 	unnamed Polygon: autoDraw = True
1262.7740 	EXP 	unnamed Polygon: autoDraw = True
1262.7862 	EXP 	unnamed Polygon: autoDraw = True
1262.7902 	EXP 	unnamed Polygon: autoDraw = True
1262.8032 	EXP 	unnamed Polygon: autoDraw = True
1262.8063 	EXP 	unnamed Polygon: autoDraw = True
1262.8199 	EXP 	unnamed Polygon: autoDraw = True
1262.8236 	EXP 	unnamed Polygon: autoDraw = True
1262.8366 	EXP 	unnamed Polygon: autoDraw = True
1262.8406 	EXP 	unnamed Polygon: autoDraw = True
1262.8535 	EXP 	unnamed Polygon: autoDraw = True
1262.8571 	EXP 	unnamed Polygon: autoDraw = True
1262.8701 	EXP 	unnamed Polygon: autoDraw = True
1262.8740 	EXP 	unnamed Polygon: autoDraw = True
1262.8867 	EXP 	unnamed Polygon: autoDraw = True
1262.8901 	EXP 	unnamed Polygon: autoDraw = True
1262.9033 	EXP 	unnamed Polygon: autoDraw = True
1262.9077 	EXP 	unnamed Polygon: autoDraw = True
1262.9202 	EXP 	unnamed Polygon: autoDraw = True
1262.9247 	DATA 	Keypress: 1
1262.9300 	EXP 	unnamed Polygon: autoDraw = True
1262.9365 	EXP 	unnamed Polygon: autoDraw = True
1262.9389 	EXP 	unnamed Polygon: autoDraw = True
1262.9532 	EXP 	unnamed Polygon: autoDraw = True
1262.9575 	EXP 	unnamed Polygon: autoDraw = True
1262.9704 	EXP 	unnamed Polygon: autoDraw = True
1262.9742 	EXP 	unnamed Polygon: autoDraw = True
1262.9870 	EXP 	unnamed Polygon: autoDraw = True
1262.9896 	EXP 	unnamed Polygon: autoDraw = True
1263.0043 	EXP 	unnamed Polygon: autoDraw = True
1263.0209 	EXP 	unnamed Polygon: autoDraw = True
1263.0376 	EXP 	unnamed Polygon: autoDraw = True
1263.0537 	EXP 	unnamed Polygon: autoDraw = True
1263.0623 	EXP 	unnamed Polygon: autoDraw = False
1264.6132 	EXP 	trial_feedback: height = 0.09
1264.6132 	EXP 	trial_feedback: height = 0.09
1264.6132 	EXP 	trial_feedback: height = 0.09
1264.6132 	EXP 	trial_feedback: text = 'Hit!\n$0.00'
1264.6132 	EXP 	trial_feedback: autoDraw = True
1266.6062 	EXP 	trial_feedback: autoDraw = False
1266.6199 	EXP 	trial_feedback: autoDraw = False
1266.6199 	EXP 	exp_feedback: autoDraw = False
1272.8350 	EXP 	unnamed Polygon: autoDraw = True
1272.8350 	EXP 	unnamed Polygon: autoDraw = True
1272.8385 	EXP 	unnamed Polygon: autoDraw = True
1272.8532 	EXP 	unnamed Polygon: autoDraw = True
1272.8568 	EXP 	unnamed Polygon: autoDraw = True
1272.8700 	EXP 	unnamed Polygon: autoDraw = True
1272.8734 	EXP 	unnamed Polygon: autoDraw = True
1272.8865 	EXP 	unnamed Polygon: autoDraw = True
1272.8896 	EXP 	unnamed Polygon: autoDraw = True
1272.9032 	EXP 	unnamed Polygon: autoDraw = True
1272.9059 	EXP 	unnamed Polygon: autoDraw = True
1272.9201 	EXP 	unnamed Polygon: autoDraw = True
1272.9248 	EXP 	unnamed Polygon: autoDraw = True
1272.9366 	EXP 	unnamed Polygon: autoDraw = True
1272.9404 	EXP 	unnamed Polygon: autoDraw = True
1272.9535 	EXP 	unnamed Polygon: autoDraw = True
1272.9576 	EXP 	unnamed Polygon: autoDraw = True
1272.9699 	EXP 	unnamed Polygon: autoDraw = True
1272.9730 	EXP 	unnamed Polygon: autoDraw = True
1272.9867 	EXP 	unnamed Polygon: autoDraw = True
1272.9899 	EXP 	unnamed Polygon: autoDraw = True
1273.0034 	EXP 	unnamed Polygon: autoDraw = True
1273.0068 	EXP 	unnamed Polygon: autoDraw = True
1273.0200 	EXP 	unnamed Polygon: autoDraw = True
1273.0238 	EXP 	unnamed Polygon: autoDraw = True
1273.0369 	EXP 	unnamed Polygon: autoDraw = True
1273.0412 	EXP 	unnamed Polygon: autoDraw = True
1273.0534 	EXP 	unnamed Polygon: autoDraw = True
1273.0569 	EXP 	unnamed Polygon: autoDraw = True
1273.0702 	EXP 	unnamed Polygon: autoDraw = True
1273.0743 	EXP 	unnamed Polygon: autoDraw = True
1273.0867 	EXP 	unnamed Polygon: autoDraw = True
1273.0906 	EXP 	unnamed Polygon: autoDraw = True
1273.1035 	EXP 	unnamed Polygon: autoDraw = True
1273.1071 	EXP 	unnamed Polygon: autoDraw = True
1273.1199 	EXP 	unnamed Polygon: autoDraw = True
1273.1242 	EXP 	unnamed Polygon: autoDraw = True
1273.1283 	DATA 	Keypress: 1
1273.1366 	EXP 	unnamed Polygon: autoDraw = True
1273.1394 	EXP 	unnamed Polygon: autoDraw = True
1273.1528 	EXP 	unnamed Polygon: autoDraw = True
1273.1559 	EXP 	unnamed Polygon: autoDraw = True
1273.1701 	EXP 	unnamed Polygon: autoDraw = True
1273.1733 	EXP 	unnamed Polygon: autoDraw = True
1273.1862 	EXP 	unnamed Polygon: autoDraw = True
1273.1944 	EXP 	unnamed Polygon: autoDraw = False
1274.7119 	EXP 	trial_feedback: height = 0.09
1274.7119 	EXP 	trial_feedback: height = 0.09
1274.7119 	EXP 	trial_feedback: height = 0.09
1274.7119 	EXP 	trial_feedback: text = 'Hit!\n+$5.00'
1274.7119 	EXP 	trial_feedback: autoDraw = True
1276.7067 	EXP 	trial_feedback: autoDraw = False
1276.7200 	EXP 	trial_feedback: autoDraw = False
1276.7200 	EXP 	exp_feedback: autoDraw = False
1284.6067 	DATA 	Keypress: 1
1284.9166 	EXP 	unnamed Polygon: autoDraw = True
1284.9166 	EXP 	unnamed Polygon: autoDraw = True
1284.9366 	EXP 	unnamed Polygon: autoDraw = True
1284.9532 	EXP 	unnamed Polygon: autoDraw = True
1284.9558 	EXP 	unnamed Polygon: autoDraw = True
1284.9701 	EXP 	unnamed Polygon: autoDraw = True
1284.9736 	EXP 	unnamed Polygon: autoDraw = True
1284.9873 	EXP 	unnamed Polygon: autoDraw = True
1284.9895 	EXP 	unnamed Polygon: autoDraw = True
1285.0044 	EXP 	unnamed Polygon: autoDraw = True
1285.0210 	EXP 	unnamed Polygon: autoDraw = True
1285.0377 	EXP 	unnamed Polygon: autoDraw = True
1285.0540 	EXP 	unnamed Polygon: autoDraw = True
1285.0583 	EXP 	unnamed Polygon: autoDraw = True
1285.0702 	EXP 	unnamed Polygon: autoDraw = True
1285.0737 	EXP 	unnamed Polygon: autoDraw = True
1285.0868 	EXP 	unnamed Polygon: autoDraw = True
1285.0900 	EXP 	unnamed Polygon: autoDraw = True
1285.1034 	EXP 	unnamed Polygon: autoDraw = True
1285.1065 	EXP 	unnamed Polygon: autoDraw = True
1285.1202 	EXP 	unnamed Polygon: autoDraw = True
1285.1243 	EXP 	unnamed Polygon: autoDraw = True
1285.1368 	EXP 	unnamed Polygon: autoDraw = True
1285.1404 	EXP 	unnamed Polygon: autoDraw = True
1285.1535 	EXP 	unnamed Polygon: autoDraw = True
1285.1575 	EXP 	unnamed Polygon: autoDraw = True
1285.1701 	EXP 	unnamed Polygon: autoDraw = True
1285.1738 	EXP 	unnamed Polygon: autoDraw = True
1285.1870 	EXP 	unnamed Polygon: autoDraw = True
1285.1915 	EXP 	unnamed Polygon: autoDraw = True
1285.1954 	DATA 	Keypress: 1
1285.2035 	EXP 	unnamed Polygon: autoDraw = True
1285.2069 	EXP 	unnamed Polygon: autoDraw = True
1285.2201 	EXP 	unnamed Polygon: autoDraw = True
1285.2231 	EXP 	unnamed Polygon: autoDraw = True
1285.2367 	EXP 	unnamed Polygon: autoDraw = True
1285.2394 	EXP 	unnamed Polygon: autoDraw = True
1285.2536 	EXP 	unnamed Polygon: autoDraw = True
1285.2567 	EXP 	unnamed Polygon: autoDraw = True
1285.2700 	EXP 	unnamed Polygon: autoDraw = True
1285.2738 	EXP 	unnamed Polygon: autoDraw = True
1285.2868 	EXP 	unnamed Polygon: autoDraw = True
1285.2914 	EXP 	unnamed Polygon: autoDraw = True
1285.3034 	EXP 	unnamed Polygon: autoDraw = True
1285.3066 	EXP 	unnamed Polygon: autoDraw = True
1285.3200 	EXP 	unnamed Polygon: autoDraw = True
1285.3229 	EXP 	unnamed Polygon: autoDraw = True
1285.3366 	EXP 	unnamed Polygon: autoDraw = True
1285.3402 	EXP 	unnamed Polygon: autoDraw = True
1285.3533 	EXP 	unnamed Polygon: autoDraw = True
1285.3573 	EXP 	unnamed Polygon: autoDraw = True
1285.3701 	EXP 	unnamed Polygon: autoDraw = True
1285.3784 	EXP 	unnamed Polygon: autoDraw = False
1286.9293 	EXP 	trial_feedback: height = 0.09
1286.9293 	EXP 	trial_feedback: height = 0.09
1286.9293 	EXP 	trial_feedback: height = 0.09
1286.9293 	EXP 	trial_feedback: text = 'Miss!\n-$1.50'
1286.9293 	EXP 	trial_feedback: autoDraw = True
1288.9238 	EXP 	trial_feedback: autoDraw = False
1288.9366 	EXP 	trial_feedback: autoDraw = False
1288.9366 	EXP 	exp_feedback: autoDraw = False
1299.2685 	EXP 	unnamed Polygon: autoDraw = True
1299.2685 	EXP 	unnamed Polygon: autoDraw = True
1299.2721 	EXP 	unnamed Polygon: autoDraw = True
1299.2865 	EXP 	unnamed Polygon: autoDraw = True
1299.2891 	EXP 	unnamed Polygon: autoDraw = True
1299.3030 	EXP 	unnamed Polygon: autoDraw = True
1299.3056 	EXP 	unnamed Polygon: autoDraw = True
1299.3199 	EXP 	unnamed Polygon: autoDraw = True
1299.3230 	EXP 	unnamed Polygon: autoDraw = True
1299.3377 	EXP 	unnamed Polygon: autoDraw = True
1299.3543 	EXP 	unnamed Polygon: autoDraw = True
1299.3706 	EXP 	unnamed Polygon: autoDraw = True
1299.3742 	EXP 	unnamed Polygon: autoDraw = True
1299.3868 	EXP 	unnamed Polygon: autoDraw = True
1299.3901 	EXP 	unnamed Polygon: autoDraw = True
1299.4032 	EXP 	unnamed Polygon: autoDraw = True
1299.4060 	EXP 	unnamed Polygon: autoDraw = True
1299.4199 	EXP 	unnamed Polygon: autoDraw = True
1299.4228 	EXP 	unnamed Polygon: autoDraw = True
1299.4367 	EXP 	unnamed Polygon: autoDraw = True
1299.4407 	EXP 	unnamed Polygon: autoDraw = True
1299.4533 	EXP 	unnamed Polygon: autoDraw = True
1299.4565 	EXP 	unnamed Polygon: autoDraw = True
1299.4702 	EXP 	unnamed Polygon: autoDraw = True
1299.4744 	EXP 	unnamed Polygon: autoDraw = True
1299.4867 	EXP 	unnamed Polygon: autoDraw = True
1299.4907 	EXP 	unnamed Polygon: autoDraw = True
1299.5034 	EXP 	unnamed Polygon: autoDraw = True
1299.5065 	EXP 	unnamed Polygon: autoDraw = True
1299.5204 	EXP 	unnamed Polygon: autoDraw = True
1299.5244 	EXP 	unnamed Polygon: autoDraw = True
1299.5368 	EXP 	unnamed Polygon: autoDraw = True
1299.5404 	EXP 	unnamed Polygon: autoDraw = True
1299.5534 	EXP 	unnamed Polygon: autoDraw = True
1299.5570 	EXP 	unnamed Polygon: autoDraw = True
1299.5702 	EXP 	unnamed Polygon: autoDraw = True
1299.5743 	DATA 	Keypress: 1
1299.5795 	EXP 	unnamed Polygon: autoDraw = True
1299.5866 	EXP 	unnamed Polygon: autoDraw = True
1299.5893 	EXP 	unnamed Polygon: autoDraw = True
1299.6034 	EXP 	unnamed Polygon: autoDraw = True
1299.6062 	EXP 	unnamed Polygon: autoDraw = True
1299.6199 	EXP 	unnamed Polygon: autoDraw = True
1299.6229 	EXP 	unnamed Polygon: autoDraw = True
1299.6367 	EXP 	unnamed Polygon: autoDraw = True
1299.6404 	EXP 	unnamed Polygon: autoDraw = True
1299.6535 	EXP 	unnamed Polygon: autoDraw = True
1299.6587 	EXP 	unnamed Polygon: autoDraw = True
1299.6699 	EXP 	unnamed Polygon: autoDraw = True
1299.6730 	EXP 	unnamed Polygon: autoDraw = True
1299.6868 	EXP 	unnamed Polygon: autoDraw = True
1299.6909 	EXP 	unnamed Polygon: autoDraw = True
1299.7033 	EXP 	unnamed Polygon: autoDraw = True
1299.7116 	EXP 	unnamed Polygon: autoDraw = False
1301.1126 	EXP 	trial_feedback: height = 0.09
1301.1126 	EXP 	trial_feedback: height = 0.09
1301.1126 	EXP 	trial_feedback: height = 0.09
1301.1126 	EXP 	trial_feedback: text = 'Hit!\n$0.00'
1301.1126 	EXP 	trial_feedback: autoDraw = True
1303.1066 	EXP 	trial_feedback: autoDraw = False
1303.1201 	EXP 	trial_feedback: autoDraw = False
1303.1201 	EXP 	exp_feedback: autoDraw = False
1311.3681 	EXP 	unnamed Polygon: autoDraw = True
1311.3681 	EXP 	unnamed Polygon: autoDraw = True
1311.3726 	EXP 	unnamed Polygon: autoDraw = True
1311.3866 	EXP 	unnamed Polygon: autoDraw = True
1311.3896 	EXP 	unnamed Polygon: autoDraw = True
1311.4028 	EXP 	unnamed Polygon: autoDraw = True
1311.4054 	EXP 	unnamed Polygon: autoDraw = True
1311.4192 	EXP 	unnamed Polygon: autoDraw = True
1311.4217 	EXP 	unnamed Polygon: autoDraw = True
1311.4362 	EXP 	unnamed Polygon: autoDraw = True
1311.4391 	EXP 	unnamed Polygon: autoDraw = True
1311.4528 	EXP 	unnamed Polygon: autoDraw = True
1311.4568 	EXP 	unnamed Polygon: autoDraw = True
1311.4698 	EXP 	unnamed Polygon: autoDraw = True
1311.4737 	EXP 	unnamed Polygon: autoDraw = True
1311.4867 	EXP 	unnamed Polygon: autoDraw = True
1311.4903 	EXP 	unnamed Polygon: autoDraw = True
1311.5048 	EXP 	unnamed Polygon: autoDraw = True
1311.5210 	EXP 	unnamed Polygon: autoDraw = True
1311.5367 	EXP 	unnamed Polygon: autoDraw = True
1311.5410 	EXP 	unnamed Polygon: autoDraw = True
1311.5534 	EXP 	unnamed Polygon: autoDraw = True
1311.5574 	EXP 	unnamed Polygon: autoDraw = True
1311.5704 	EXP 	unnamed Polygon: autoDraw = True
1311.5746 	EXP 	unnamed Polygon: autoDraw = True
1311.5867 	EXP 	unnamed Polygon: autoDraw = True
1311.5913 	EXP 	unnamed Polygon: autoDraw = True
1311.6033 	EXP 	unnamed Polygon: autoDraw = True
1311.6076 	EXP 	unnamed Polygon: autoDraw = True
1311.6197 	EXP 	unnamed Polygon: autoDraw = True
1311.6236 	EXP 	unnamed Polygon: autoDraw = True
1311.6366 	EXP 	unnamed Polygon: autoDraw = True
1311.6408 	EXP 	unnamed Polygon: autoDraw = True
1311.6532 	EXP 	unnamed Polygon: autoDraw = True
1311.6571 	EXP 	unnamed Polygon: autoDraw = True
1311.6695 	EXP 	unnamed Polygon: autoDraw = True
1311.6740 	EXP 	unnamed Polygon: autoDraw = True
1311.6872 	EXP 	unnamed Polygon: autoDraw = True
1311.6904 	DATA 	Keypress: 1
1311.6946 	EXP 	unnamed Polygon: autoDraw = True
1311.7033 	EXP 	unnamed Polygon: autoDraw = False
1313.1698 	EXP 	trial_feedback: height = 0.09
1313.1698 	EXP 	trial_feedback: height = 0.09
1313.1698 	EXP 	trial_feedback: height = 0.09
1313.1698 	EXP 	trial_feedback: text = 'Hit!\n+$5.00'
1313.1698 	EXP 	trial_feedback: autoDraw = True
1315.1567 	EXP 	trial_feedback: autoDraw = False
1315.1743 	EXP 	trial_feedback: autoDraw = False
1315.1743 	EXP 	exp_feedback: autoDraw = False
1321.6684 	EXP 	unnamed Polygon: autoDraw = True
1321.6684 	EXP 	unnamed Polygon: autoDraw = True
1321.6724 	EXP 	unnamed Polygon: autoDraw = True
1321.6865 	EXP 	unnamed Polygon: autoDraw = True
1321.6894 	EXP 	unnamed Polygon: autoDraw = True
1321.7034 	EXP 	unnamed Polygon: autoDraw = True
1321.7068 	EXP 	unnamed Polygon: autoDraw = True
1321.7202 	EXP 	unnamed Polygon: autoDraw = True
1321.7238 	EXP 	unnamed Polygon: autoDraw = True
1321.7366 	EXP 	unnamed Polygon: autoDraw = True
1321.7392 	EXP 	unnamed Polygon: autoDraw = True
1321.7532 	EXP 	unnamed Polygon: autoDraw = True
1321.7558 	EXP 	unnamed Polygon: autoDraw = True
1321.7699 	EXP 	unnamed Polygon: autoDraw = True
1321.7725 	EXP 	unnamed Polygon: autoDraw = True
1321.7866 	EXP 	unnamed Polygon: autoDraw = True
1321.7893 	EXP 	unnamed Polygon: autoDraw = True
1321.8030 	EXP 	unnamed Polygon: autoDraw = True
1321.8062 	EXP 	unnamed Polygon: autoDraw = True
1321.8201 	EXP 	unnamed Polygon: autoDraw = True
1321.8244 	EXP 	unnamed Polygon: autoDraw = True
1321.8368 	EXP 	unnamed Polygon: autoDraw = True
1321.8406 	EXP 	unnamed Polygon: autoDraw = True
1321.8534 	EXP 	unnamed Polygon: autoDraw = True
1321.8574 	EXP 	unnamed Polygon: autoDraw = True
1321.8700 	EXP 	unnamed Polygon: autoDraw = True
1321.8732 	EXP 	unnamed Polygon: autoDraw = True
1321.8869 	EXP 	unnamed Polygon: autoDraw = True
1321.8910 	EXP 	unnamed Polygon: autoDraw = True
1321.9034 	EXP 	unnamed Polygon: autoDraw = True
1321.9062 	EXP 	unnamed Polygon: autoDraw = True
1321.9201 	EXP 	unnamed Polygon: autoDraw = True
1321.9242 	EXP 	unnamed Polygon: autoDraw = True
1321.9369 	EXP 	unnamed Polygon: autoDraw = True
1321.9410 	DATA 	Keypress: 1
1321.9456 	EXP 	unnamed Polygon: autoDraw = True
1321.9533 	EXP 	unnamed Polygon: autoDraw = True
1321.9566 	EXP 	unnamed Polygon: autoDraw = True
1321.9699 	EXP 	unnamed Polygon: autoDraw = True
1321.9725 	EXP 	unnamed Polygon: autoDraw = True
1321.9868 	EXP 	unnamed Polygon: autoDraw = True
1321.9903 	EXP 	unnamed Polygon: autoDraw = True
1322.0033 	EXP 	unnamed Polygon: autoDraw = True
1322.0080 	EXP 	unnamed Polygon: autoDraw = True
1322.0200 	EXP 	unnamed Polygon: autoDraw = True
1322.0228 	EXP 	unnamed Polygon: autoDraw = True
1322.0366 	EXP 	unnamed Polygon: autoDraw = True
1322.0395 	EXP 	unnamed Polygon: autoDraw = True
1322.0535 	EXP 	unnamed Polygon: autoDraw = True
1322.0576 	EXP 	unnamed Polygon: autoDraw = True
1322.0701 	EXP 	unnamed Polygon: autoDraw = True
1322.0740 	EXP 	unnamed Polygon: autoDraw = True
1322.0866 	EXP 	unnamed Polygon: autoDraw = False
1323.3632 	EXP 	trial_feedback: height = 0.09
1323.3632 	EXP 	trial_feedback: height = 0.09
1323.3632 	EXP 	trial_feedback: height = 0.09
1323.3632 	EXP 	trial_feedback: text = 'Hit!\n$0.00'
1323.3632 	EXP 	trial_feedback: autoDraw = True
1325.3579 	EXP 	trial_feedback: autoDraw = False
1325.3579 	EXP 	exp_feedback: autoDraw = False
1333.5849 	EXP 	unnamed Polygon: autoDraw = True
1333.5849 	EXP 	unnamed Polygon: autoDraw = True
1333.5894 	EXP 	unnamed Polygon: autoDraw = True
1333.6032 	EXP 	unnamed Polygon: autoDraw = True
1333.6062 	EXP 	unnamed Polygon: autoDraw = True
1333.6199 	EXP 	unnamed Polygon: autoDraw = True
1333.6231 	EXP 	unnamed Polygon: autoDraw = True
1333.6371 	EXP 	unnamed Polygon: autoDraw = True
1333.6395 	EXP 	unnamed Polygon: autoDraw = True
1333.6540 	EXP 	unnamed Polygon: autoDraw = True
1333.6579 	EXP 	unnamed Polygon: autoDraw = True
1333.6701 	EXP 	unnamed Polygon: autoDraw = True
1333.6740 	EXP 	unnamed Polygon: autoDraw = True
1333.6867 	EXP 	unnamed Polygon: autoDraw = True
1333.6895 	EXP 	unnamed Polygon: autoDraw = True
1333.7033 	EXP 	unnamed Polygon: autoDraw = True
1333.7061 	EXP 	unnamed Polygon: autoDraw = True
1333.7199 	EXP 	unnamed Polygon: autoDraw = True
1333.7228 	EXP 	unnamed Polygon: autoDraw = True
1333.7366 	EXP 	unnamed Polygon: autoDraw = True
1333.7402 	EXP 	unnamed Polygon: autoDraw = True
1333.7534 	EXP 	unnamed Polygon: autoDraw = True
1333.7572 	EXP 	unnamed Polygon: autoDraw = True
1333.7700 	EXP 	unnamed Polygon: autoDraw = True
1333.7733 	EXP 	unnamed Polygon: autoDraw = True
1333.7866 	EXP 	unnamed Polygon: autoDraw = True
1333.7903 	EXP 	unnamed Polygon: autoDraw = True
1333.8031 	EXP 	unnamed Polygon: autoDraw = True
1333.8066 	EXP 	unnamed Polygon: autoDraw = True
1333.8199 	EXP 	unnamed Polygon: autoDraw = True
1333.8228 	EXP 	unnamed Polygon: autoDraw = True
1333.8367 	EXP 	unnamed Polygon: autoDraw = True
1333.8406 	EXP 	unnamed Polygon: autoDraw = True
1333.8533 	EXP 	unnamed Polygon: autoDraw = True
1333.8564 	EXP 	unnamed Polygon: autoDraw = True
1333.8702 	EXP 	unnamed Polygon: autoDraw = True
1333.8745 	EXP 	unnamed Polygon: autoDraw = True
1333.8867 	EXP 	unnamed Polygon: autoDraw = True
1333.8902 	EXP 	unnamed Polygon: autoDraw = True
1333.9034 	EXP 	unnamed Polygon: autoDraw = True
1333.9074 	DATA 	Keypress: 1
1333.9121 	EXP 	unnamed Polygon: autoDraw = True
1333.9200 	EXP 	unnamed Polygon: autoDraw = True
1333.9227 	EXP 	unnamed Polygon: autoDraw = True
1333.9366 	EXP 	unnamed Polygon: autoDraw = True
1333.9394 	EXP 	unnamed Polygon: autoDraw = True
1333.9534 	EXP 	unnamed Polygon: autoDraw = True
1333.9571 	EXP 	unnamed Polygon: autoDraw = True
1333.9697 	EXP 	unnamed Polygon: autoDraw = True
1333.9793 	EXP 	unnamed Polygon: autoDraw = False
1335.4737 	EXP 	trial_feedback: text = 'Hit!\n$0.00'
1335.4737 	EXP 	trial_feedback: autoDraw = True
1337.4741 	EXP 	trial_feedback: autoDraw = False
1337.4741 	EXP 	exp_feedback: autoDraw = False
1345.6185 	EXP 	unnamed Polygon: autoDraw = True
1345.6185 	EXP 	unnamed Polygon: autoDraw = True
1345.6235 	EXP 	unnamed Polygon: autoDraw = True
1345.6366 	EXP 	unnamed Polygon: autoDraw = True
1345.6391 	EXP 	unnamed Polygon: autoDraw = True
1345.6532 	EXP 	unnamed Polygon: autoDraw = True
1345.6559 	EXP 	unnamed Polygon: autoDraw = True
1345.6699 	EXP 	unnamed Polygon: autoDraw = True
1345.6723 	EXP 	unnamed Polygon: autoDraw = True
1345.6871 	EXP 	unnamed Polygon: autoDraw = True
1345.6907 	EXP 	unnamed Polygon: autoDraw = True
1345.7044 	EXP 	unnamed Polygon: autoDraw = True
1345.7208 	EXP 	unnamed Polygon: autoDraw = True
1345.7246 	EXP 	unnamed Polygon: autoDraw = True
1345.7367 	EXP 	unnamed Polygon: autoDraw = True
1345.7396 	EXP 	unnamed Polygon: autoDraw = True
1345.7532 	EXP 	unnamed Polygon: autoDraw = True
1345.7559 	EXP 	unnamed Polygon: autoDraw = True
1345.7699 	EXP 	unnamed Polygon: autoDraw = True
1345.7725 	EXP 	unnamed Polygon: autoDraw = True
1345.7866 	EXP 	unnamed Polygon: autoDraw = True
1345.7893 	EXP 	unnamed Polygon: autoDraw = True
1345.8030 	EXP 	unnamed Polygon: autoDraw = True
1345.8064 	EXP 	unnamed Polygon: autoDraw = True
1345.8199 	EXP 	unnamed Polygon: autoDraw = True
1345.8227 	EXP 	unnamed Polygon: autoDraw = True
1345.8367 	EXP 	unnamed Polygon: autoDraw = True
1345.8403 	EXP 	unnamed Polygon: autoDraw = True
1345.8534 	EXP 	unnamed Polygon: autoDraw = True
1345.8567 	EXP 	unnamed Polygon: autoDraw = True
1345.8701 	EXP 	unnamed Polygon: autoDraw = True
1345.8741 	EXP 	unnamed Polygon: autoDraw = True
1345.8866 	EXP 	unnamed Polygon: autoDraw = True
1345.8907 	EXP 	unnamed Polygon: autoDraw = True
1345.9033 	EXP 	unnamed Polygon: autoDraw = True
1345.9105 	EXP 	unnamed Polygon: autoDraw = False
1345.9400 	DATA 	Keypress: 1
1347.5367 	EXP 	trial_feedback: height = 0.09
1347.5367 	EXP 	trial_feedback: height = 0.09
1347.5367 	EXP 	trial_feedback: height = 0.09
1347.5367 	EXP 	trial_feedback: text = 'Miss!\n-$0.00'
1347.5367 	EXP 	trial_feedback: autoDraw = True
1349.5235 	EXP 	trial_feedback: autoDraw = False
1349.5419 	EXP 	trial_feedback: autoDraw = False
1349.5419 	EXP 	exp_feedback: autoDraw = False
1355.8569 	DATA 	Keypress: 1
1356.0684 	EXP 	unnamed Polygon: autoDraw = True
1356.0684 	EXP 	unnamed Polygon: autoDraw = True
1356.0724 	EXP 	unnamed Polygon: autoDraw = True
1356.0866 	EXP 	unnamed Polygon: autoDraw = True
1356.0891 	EXP 	unnamed Polygon: autoDraw = True
1356.1032 	EXP 	unnamed Polygon: autoDraw = True
1356.1056 	EXP 	unnamed Polygon: autoDraw = True
1356.1199 	EXP 	unnamed Polygon: autoDraw = True
1356.1236 	EXP 	unnamed Polygon: autoDraw = True
1356.1371 	EXP 	unnamed Polygon: autoDraw = True
1356.1395 	EXP 	unnamed Polygon: autoDraw = True
1356.1533 	EXP 	unnamed Polygon: autoDraw = True
1356.1570 	EXP 	unnamed Polygon: autoDraw = True
1356.1710 	EXP 	unnamed Polygon: autoDraw = True
1356.1872 	EXP 	unnamed Polygon: autoDraw = True
1356.1910 	EXP 	unnamed Polygon: autoDraw = True
1356.2033 	EXP 	unnamed Polygon: autoDraw = True
1356.2062 	EXP 	unnamed Polygon: autoDraw = True
1356.2200 	EXP 	unnamed Polygon: autoDraw = True
1356.2229 	EXP 	unnamed Polygon: autoDraw = True
1356.2366 	EXP 	unnamed Polygon: autoDraw = True
1356.2404 	EXP 	unnamed Polygon: autoDraw = True
1356.2534 	EXP 	unnamed Polygon: autoDraw = True
1356.2574 	EXP 	unnamed Polygon: autoDraw = True
1356.2700 	EXP 	unnamed Polygon: autoDraw = True
1356.2739 	EXP 	unnamed Polygon: autoDraw = True
1356.2867 	EXP 	unnamed Polygon: autoDraw = True
1356.2901 	EXP 	unnamed Polygon: autoDraw = True
1356.3035 	EXP 	unnamed Polygon: autoDraw = True
1356.3076 	EXP 	unnamed Polygon: autoDraw = True
1356.3197 	EXP 	unnamed Polygon: autoDraw = True
1356.3231 	EXP 	unnamed Polygon: autoDraw = True
1356.3367 	EXP 	unnamed Polygon: autoDraw = True
1356.3402 	EXP 	unnamed Polygon: autoDraw = True
1356.3532 	EXP 	unnamed Polygon: autoDraw = True
1356.3573 	EXP 	unnamed Polygon: autoDraw = True
1356.3702 	EXP 	unnamed Polygon: autoDraw = True
1356.3739 	DATA 	Keypress: 1
1356.3784 	EXP 	unnamed Polygon: autoDraw = True
1356.3868 	EXP 	unnamed Polygon: autoDraw = True
1356.3898 	EXP 	unnamed Polygon: autoDraw = True
1356.4033 	EXP 	unnamed Polygon: autoDraw = True
1356.4060 	EXP 	unnamed Polygon: autoDraw = True
1356.4200 	EXP 	unnamed Polygon: autoDraw = True
1356.4228 	EXP 	unnamed Polygon: autoDraw = True
1356.4369 	EXP 	unnamed Polygon: autoDraw = True
1356.4404 	EXP 	unnamed Polygon: autoDraw = True
1356.4535 	EXP 	unnamed Polygon: autoDraw = True
1356.4572 	EXP 	unnamed Polygon: autoDraw = True
1356.4703 	EXP 	unnamed Polygon: autoDraw = True
1356.4743 	EXP 	unnamed Polygon: autoDraw = True
1356.4866 	EXP 	unnamed Polygon: autoDraw = False
1357.6979 	EXP 	trial_feedback: height = 0.09
1357.6979 	EXP 	trial_feedback: height = 0.09
1357.6979 	EXP 	trial_feedback: height = 0.09
1357.6979 	EXP 	trial_feedback: text = 'Miss!\n$0.00'
1357.6979 	EXP 	trial_feedback: autoDraw = True
1359.6908 	EXP 	trial_feedback: autoDraw = False
1359.7055 	EXP 	trial_feedback: autoDraw = False
1359.7055 	EXP 	exp_feedback: autoDraw = False
1373.4861 	DATA 	Keypress: 1
1375.8723 	DATA 	Keypress: return
1375.8724 	WARNING 	Total earnings: 36.0
