40.9340 	WARNING 	Monitor specification not found. Creating a temporary one...
40.9445 	WARNING 	Requested an unavailable screen number - using first available.
40.9464 	WARNING 	User requested fullscreen with size [800 600], but screen is actually [1728, 1117]. Using actual size
42.1563 	WARNING 	Couldn't measure a consistent frame rate!
  - Is your graphics card set to sync to vertical blank?
  - Are you running other processes on your computer?

42.1567 	EXP 	Created window1 = Window(allowGUI=True, allowStencil=False, autoLog=True, backendConf=UNKNOWN, backgroundFit=<method-wrapper '__getattribute__' of attributeSetter object at 0x173e82c50>, backgroundImage=<method-wrapper '__getattribute__' of attributeSetter object at 0x173e82cb0>, bitsMode=UNKNOWN, blendMode='avg', bpc=(8, 8, 8), color=array([-1, -1, -1]), colorSpace='rgb', depthBits=8, fullscr=True, gamma=None, gammaErrorPolicy='raise', infoMsg=UNKNOWN, lms=UNKNOWN, monitor=<psychopy.monitors.calibTools.Monitor object at 0x173e8bf40>, multiSample=False, name='window1', numSamples=2, pos=[0.0, 0.0], screen=2, size=array([3456, 2234]), stencilBits=0, stereo=False, title='PsychoPy', units='height', useFBO=False, useRetina=True, viewOri=0.0, viewPos=None, viewScale=None, waitBlanking=True, winType='pyglet')
42.1568 	EXP 	window1: backgroundImage = None
42.1568 	EXP 	window1: backgroundFit = 'cover'
42.1595 	EXP 	window1: Attempting to measure frame rate of screen (2) ...
42.1595 	EXP 	window1: recordFrameIntervals = False
42.2376 	EXP 	window1: recordFrameIntervals = True
43.0682 	WARNING 	Couldn't measure a consistent frame rate!
  - Is your graphics card set to sync to vertical blank?
  - Are you running other processes on your computer?

43.1069 	EXP 	Created unnamed TextStim = TextStim(__class__=<class 'psychopy.visual.text.TextStim'>, alignHoriz=method-wrapper(...), alignText='center', alignVert=method-wrapper(...), anchorHoriz='center', anchorVert='center', antialias=True, autoDraw=False, autoLog=True, bold=False, color=array([1., 1., 1.]), colorSpace='rgb', contrast=1.0, depth=0, draggable=False, flipHoriz=False, flipVert=False, font='', fontFiles=[], height=0.04, italic=False, languageStyle='LTR', name='unnamed TextStim', opacity=1.0, ori=0.0, pos=array([ 0.  , -0.25]), rgb=UNKNOWN, text='Press the button to continue.', units='height', win=Window(...), wrapWidth=1)
43.1093 	EXP 	Created unnamed TextStim = TextStim(__class__=<class 'psychopy.visual.text.TextStim'>, alignHoriz=method-wrapper(...), alignText='center', alignVert=method-wrapper(...), anchorHoriz='center', anchorVert='center', antialias=True, autoDraw=False, autoLog=True, bold=False, color=array([1., 1., 1.]), colorSpace='rgb', contrast=1.0, depth=0, draggable=False, flipHoriz=False, flipVert=False, font='', fontFiles=[], height=0.08, italic=False, languageStyle='LTR', name='unnamed TextStim', opacity=1.0, ori=0.0, pos=array([0., 0.]), rgb=UNKNOWN, text='+', units='height', win=Window(...), wrapWidth=1)
43.1141 	EXP 	Created unnamed TextStim = TextStim(__class__=<class 'psychopy.visual.text.TextStim'>, alignHoriz=method-wrapper(...), alignText='center', alignVert=method-wrapper(...), anchorHoriz='center', anchorVert='center', antialias=True, autoDraw=False, autoLog=True, bold=False, color=array([1., 1., 1.]), colorSpace='rgb', contrast=1.0, depth=0, draggable=False, flipHoriz=False, flipVert=False, font='', fontFiles=[], height=0.04, italic=False, languageStyle='LTR', name='unnamed TextStim', opacity=1.0, ori=0.0, pos=array([0., 0.]), rgb=UNKNOWN, text=str(...), units='height', win=Window(...), wrapWidth=0.8888888888888888)
43.1214 	EXP 	Created unnamed TextStim = TextStim(__class__=<class 'psychopy.visual.text.TextStim'>, alignHoriz=method-wrapper(...), alignText='center', alignVert=method-wrapper(...), anchorHoriz='center', anchorVert='center', antialias=True, autoDraw=False, autoLog=True, bold=False, color=array([1., 1., 1.]), colorSpace='rgb', contrast=1.0, depth=0, draggable=False, flipHoriz=False, flipVert=False, font='Arial', fontFiles=[], height=0.04, italic=False, languageStyle='LTR', name='unnamed TextStim', opacity=1.0, ori=0.0, pos=array([0. , 0.1]), rgb=UNKNOWN, text='Hello World', units='height', win=Window(...), wrapWidth=0.8888888888888888)
43.1294 	EXP 	Created unnamed TextStim = TextStim(__class__=<class 'psychopy.visual.text.TextStim'>, alignHoriz=method-wrapper(...), alignText='center', alignVert=method-wrapper(...), anchorHoriz='center', anchorVert='center', antialias=True, autoDraw=False, autoLog=True, bold=False, color=array([1., 1., 1.]), colorSpace='rgb', contrast=1.0, depth=0, draggable=False, flipHoriz=False, flipVert=False, font='', fontFiles=[], height=0.04, italic=False, languageStyle='LTR', name='unnamed TextStim', opacity=1.0, ori=0.0, pos=array([0., 0.]), rgb=UNKNOWN, text=str(...), units='height', win=Window(...), wrapWidth=0.8888888888888888)
43.1323 	EXP 	Created unnamed TextStim = TextStim(__class__=<class 'psychopy.visual.text.TextStim'>, alignHoriz=method-wrapper(...), alignText='center', alignVert=method-wrapper(...), anchorHoriz='center', anchorVert='center', antialias=True, autoDraw=False, autoLog=True, bold=False, color=array([1., 1., 1.]), colorSpace='rgb', contrast=1.0, depth=0, draggable=False, flipHoriz=False, flipVert=False, font='', fontFiles=[], height=0.04, italic=False, languageStyle='LTR', name='unnamed TextStim', opacity=1.0, ori=0.0, pos=array([0., 0.]), rgb=UNKNOWN, text='The task will begin momentarily. Get ready...', units='height', win=Window(...), wrapWidth=1)
43.1343 	EXP 	Created unnamed TextStim = TextStim(__class__=<class 'psychopy.visual.text.TextStim'>, alignHoriz=method-wrapper(...), alignText='center', alignVert=method-wrapper(...), anchorHoriz='center', anchorVert='center', antialias=True, autoDraw=False, autoLog=True, bold=False, color=array([1., 1., 1.]), colorSpace='rgb', contrast=1.0, depth=0, draggable=False, flipHoriz=False, flipVert=False, font='', fontFiles=[], height=0.04, italic=False, languageStyle='LTR', name='unnamed TextStim', opacity=1.0, ori=0.0, pos=array([0., 0.]), rgb=UNKNOWN, text=str(...), units='height', win=Window(...), wrapWidth=0.8888888888888888)
43.1577 	EXP 	Created unnamed ImageStim = ImageStim(__class__=<class 'psychopy.visual.image.ImageStim'>, anchor=('center', 'center'), autoLog=True, color=array([1., 1., 1.]), colorSpace='rgb', contrast=1.0, depth=0, draggable=False, flipHoriz=False, flipVert=False, image='../stimuli/reward_low.png', interpolate=False, mask=None, maskParams=None, name='unnamed ImageStim', opacity=1, ori=0.0, pos=array([0., 0.]), size=array([0.3, 0.3]), texRes=128, units='height', win=Window(...))
43.1627 	EXP 	Created unnamed ImageStim = ImageStim(__class__=<class 'psychopy.visual.image.ImageStim'>, anchor=('center', 'center'), autoLog=True, color=array([1., 1., 1.]), colorSpace='rgb', contrast=1.0, depth=0, draggable=False, flipHoriz=False, flipVert=False, image='../stimuli/reward_high.png', interpolate=False, mask=None, maskParams=None, name='unnamed ImageStim', opacity=1, ori=0.0, pos=array([0., 0.]), size=array([0.3, 0.3]), texRes=128, units='height', win=Window(...))
43.1676 	EXP 	Created unnamed ImageStim = ImageStim(__class__=<class 'psychopy.visual.image.ImageStim'>, anchor=('center', 'center'), autoLog=True, color=array([1., 1., 1.]), colorSpace='rgb', contrast=1.0, depth=0, draggable=False, flipHoriz=False, flipVert=False, image='../stimuli/reward_neut.png', interpolate=False, mask=None, maskParams=None, name='unnamed ImageStim', opacity=1, ori=0.0, pos=array([0., 0.]), size=array([0.3, 0.3]), texRes=128, units='height', win=Window(...))
43.1721 	EXP 	Created unnamed ImageStim = ImageStim(__class__=<class 'psychopy.visual.image.ImageStim'>, anchor=('center', 'center'), autoLog=True, color=array([1., 1., 1.]), colorSpace='rgb', contrast=1.0, depth=0, draggable=False, flipHoriz=False, flipVert=False, image='../stimuli/loss_low.png', interpolate=False, mask=None, maskParams=None, name='unnamed ImageStim', opacity=1, ori=0.0, pos=array([0., 0.]), size=array([0.3, 0.3]), texRes=128, units='height', win=Window(...))
43.1764 	EXP 	Created unnamed ImageStim = ImageStim(__class__=<class 'psychopy.visual.image.ImageStim'>, anchor=('center', 'center'), autoLog=True, color=array([1., 1., 1.]), colorSpace='rgb', contrast=1.0, depth=0, draggable=False, flipHoriz=False, flipVert=False, image='../stimuli/loss_high.png', interpolate=False, mask=None, maskParams=None, name='unnamed ImageStim', opacity=1, ori=0.0, pos=array([0., 0.]), size=array([0.3, 0.3]), texRes=128, units='height', win=Window(...))
43.1808 	EXP 	Created unnamed ImageStim = ImageStim(__class__=<class 'psychopy.visual.image.ImageStim'>, anchor=('center', 'center'), autoLog=True, color=array([1., 1., 1.]), colorSpace='rgb', contrast=1.0, depth=0, draggable=False, flipHoriz=False, flipVert=False, image='../stimuli/loss_neut.png', interpolate=False, mask=None, maskParams=None, name='unnamed ImageStim', opacity=1, ori=0.0, pos=array([0., 0.]), size=array([0.3, 0.3]), texRes=128, units='height', win=Window(...))
43.1829 	EXP 	Created unnamed Polygon = Polygon(__class__=<class 'psychopy.visual.polygon.Polygon'>, anchor=('center', 'center'), autoDraw=False, autoLog=True, closeShape=True, color=method-wrapper(...), colorSpace='rgb', contrast=None, depth=0, draggable=False, fillColor=array([1, 1, 1]), fillColorSpace='rgb', fillRGB=array([1, 1, 1]), interpolate=True, lineColor=array([1., 1., 1.]), lineColorSpace='rgb', lineRGB=array([1, 1, 1]), lineWidth=1.5, name='unnamed Polygon', opacity=1, ori=0.0, pos=array([0., 0.]), size=array([1., 1.]), units='height', vertices=ndarray(...), win=Window(...))
43.1857 	EXP 	Created trial_feedback = TextStim(__class__=<class 'psychopy.visual.text.TextStim'>, alignHoriz=method-wrapper(...), alignText='center', alignVert=method-wrapper(...), anchorHoriz='center', anchorVert='center', antialias=True, autoDraw=False, autoLog=True, bold=False, color=array([1., 1., 1.]), colorSpace='rgb', contrast=1.0, depth=0, draggable=False, flipHoriz=False, flipVert=False, font='Arial', fontFiles=[], height=0.09, italic=False, languageStyle='LTR', name='trial_feedback', opacity=1, ori=0, pos=array([0., 0.]), rgb=UNKNOWN, text='Trial:', units='height', win=Window(...), wrapWidth=1)
43.1879 	EXP 	Created exp_feedback = TextStim(__class__=<class 'psychopy.visual.text.TextStim'>, alignHoriz=method-wrapper(...), alignText='center', alignVert=method-wrapper(...), anchorHoriz='center', anchorVert='center', antialias=True, autoDraw=False, autoLog=True, bold=False, color=array([1., 1., 1.]), colorSpace='rgb', contrast=1.0, depth=0, draggable=False, flipHoriz=False, flipVert=False, font='Arial', fontFiles=[], height=0.09, italic=False, languageStyle='LTR', name='exp_feedback', opacity=1, ori=0, pos=array([ 0.    , -0.0625]), rgb=UNKNOWN, text='Total:', units='height', win=Window(...), wrapWidth=1)
43.1914 	EXP 	Created unnamed TextStim = TextStim(__class__=<class 'psychopy.visual.text.TextStim'>, alignHoriz=method-wrapper(...), alignText='center', alignVert=method-wrapper(...), anchorHoriz='center', anchorVert='center', antialias=True, autoDraw=False, autoLog=True, bold=False, color=array([1., 1., 1.]), colorSpace='rgb', contrast=1.0, depth=0, draggable=False, flipHoriz=False, flipVert=False, font='', fontFiles=[], height=0.04, italic=False, languageStyle='LTR', name='unnamed TextStim', opacity=1.0, ori=0.0, pos=array([0., 0.]), rgb=UNKNOWN, text=str(...), units='height', win=Window(...), wrapWidth=1)
43.1926 	EXP 	Created unnamed TextStim = TextStim(__class__=<class 'psychopy.visual.text.TextStim'>, alignHoriz=method-wrapper(...), alignText='center', alignVert=method-wrapper(...), anchorHoriz='center', anchorVert='center', antialias=True, autoDraw=False, autoLog=True, bold=False, color=array([1., 1., 1.]), colorSpace='rgb', contrast=1.0, depth=0, draggable=False, flipHoriz=False, flipVert=False, font='', fontFiles=[], height=0.04, italic=False, languageStyle='LTR', name='unnamed TextStim', opacity=1.0, ori=0.0, pos=array([0., 0.]), rgb=UNKNOWN, text='Get ready', units='height', win=Window(...), wrapWidth=1)
43.1944 	EXP 	Created unnamed TextStim = TextStim(__class__=<class 'psychopy.visual.text.TextStim'>, alignHoriz=method-wrapper(...), alignText='center', alignVert=method-wrapper(...), anchorHoriz='center', anchorVert='center', antialias=True, autoDraw=False, autoLog=True, bold=False, color=array([1., 1., 1.]), colorSpace='rgb', contrast=1.0, depth=0, draggable=False, flipHoriz=False, flipVert=False, font='', fontFiles=[], height=0.04, italic=False, languageStyle='LTR', name='unnamed TextStim', opacity=1.0, ori=0.0, pos=array([0., 0.]), rgb=UNKNOWN, text='Please wait\n\n', units='height', win=Window(...), wrapWidth=1)
43.2567 	WARNING 	t of last frame was 188.61ms (=1/5)
44.5188 	DATA 	Keypress: 1
53.2898 	WARNING 	t of last frame was 30.49ms (=1/32)
53.2898 	EXP 	unnamed TextStim: height = 0.04
53.2898 	EXP 	unnamed TextStim: height = 0.04
53.2898 	EXP 	unnamed TextStim: height = 0.04
53.2898 	EXP 	unnamed TextStim: text = 'Welcome!'
56.5852 	DATA 	Keypress: 1
56.6034 	WARNING 	t of last frame was 3313.59ms (=1/0)
56.6034 	EXP 	unnamed TextStim: height = 0.04
56.6034 	EXP 	unnamed TextStim: height = 0.04
56.6034 	EXP 	unnamed TextStim: height = 0.04
56.6034 	EXP 	unnamed TextStim: text = 'First you will see a cross in the middle of the screen, like this:\n\n+\n\nThis means you should focus on the screen and get ready to play. '
58.0087 	DATA 	Keypress: 1
58.0485 	EXP 	Created unnamed Polygon = Polygon(__class__=<class 'psychopy.visual.polygon.Polygon'>, anchor=('center', 'center'), autoDraw=False, autoLog=True, closeShape=True, color=method-wrapper(...), colorSpace='rgb', contrast=None, depth=0, draggable=False, fillColor=array([1, 1, 1]), fillColorSpace='rgb', fillRGB=array([1, 1, 1]), interpolate=True, lineColor=array([1., 1., 1.]), lineColorSpace='rgb', lineRGB=array([1, 1, 1]), lineWidth=1.5, name='unnamed Polygon', opacity=1, ori=0.0, pos=array([0. , 0.1]), size=array([1., 1.]), units='height', vertices=ndarray(...), win=Window(...))
58.1079 	WARNING 	t of last frame was 1504.51ms (=1/0)
58.1079 	EXP 	unnamed TextStim: height = 0.04
58.1079 	EXP 	unnamed TextStim: height = 0.04
58.1079 	EXP 	unnamed TextStim: height = 0.04
58.1079 	EXP 	unnamed TextStim: text = 'Next, a small solid WHITE TRIANGLE will appear on the screen:\n\n \n\n \n\n \n\nPress the button as fast as you can when you see the solid white triangle. '
60.0796 	DATA 	Keypress: 1
60.0949 	WARNING 	Multiple dropped frames have occurred - I'll stop bothering you about them!
60.0949 	EXP 	unnamed TextStim: height = 0.04
60.0949 	EXP 	unnamed TextStim: height = 0.04
60.0949 	EXP 	unnamed TextStim: height = 0.04
60.0949 	EXP 	unnamed TextStim: text = 'Any Questions?\n\nPlease ask them now.'
60.5971 	DATA 	Keypress: 1
61.1128 	DATA 	Keypress: 1
61.6429 	DATA 	Keypress: return
66.6710 	EXP 	unnamed Polygon: autoDraw = True
66.6710 	EXP 	unnamed Polygon: autoDraw = True
66.6732 	EXP 	unnamed Polygon: autoDraw = True
66.6760 	EXP 	unnamed Polygon: autoDraw = True
66.6914 	EXP 	unnamed Polygon: autoDraw = True
66.6933 	EXP 	unnamed Polygon: autoDraw = True
66.7088 	EXP 	unnamed Polygon: autoDraw = True
66.7105 	EXP 	unnamed Polygon: autoDraw = True
66.7263 	EXP 	unnamed Polygon: autoDraw = True
66.7301 	EXP 	unnamed Polygon: autoDraw = True
66.7439 	EXP 	unnamed Polygon: autoDraw = True
66.7482 	EXP 	unnamed Polygon: autoDraw = True
66.7510 	EXP 	unnamed Polygon: autoDraw = True
66.7663 	EXP 	unnamed Polygon: autoDraw = True
66.7690 	EXP 	unnamed Polygon: autoDraw = True
66.7837 	EXP 	unnamed Polygon: autoDraw = True
66.7877 	EXP 	unnamed Polygon: autoDraw = True
66.8014 	EXP 	unnamed Polygon: autoDraw = True
66.8052 	EXP 	unnamed Polygon: autoDraw = True
66.8103 	EXP 	unnamed Polygon: autoDraw = True
66.8227 	EXP 	unnamed Polygon: autoDraw = True
66.8263 	EXP 	unnamed Polygon: autoDraw = True
66.8404 	EXP 	unnamed Polygon: autoDraw = True
66.8441 	EXP 	unnamed Polygon: autoDraw = True
66.8581 	EXP 	unnamed Polygon: autoDraw = True
66.8621 	EXP 	unnamed Polygon: autoDraw = True
66.8758 	EXP 	unnamed Polygon: autoDraw = True
66.8799 	EXP 	unnamed Polygon: autoDraw = True
66.8852 	EXP 	unnamed Polygon: autoDraw = True
66.8973 	EXP 	unnamed Polygon: autoDraw = True
66.9014 	EXP 	unnamed Polygon: autoDraw = True
66.9151 	EXP 	unnamed Polygon: autoDraw = True
66.9192 	EXP 	unnamed Polygon: autoDraw = True
66.9327 	EXP 	unnamed Polygon: autoDraw = True
66.9365 	EXP 	unnamed Polygon: autoDraw = True
66.9503 	EXP 	unnamed Polygon: autoDraw = True
66.9538 	DATA 	Keypress: 1
66.9589 	EXP 	unnamed Polygon: autoDraw = True
66.9627 	EXP 	unnamed Polygon: autoDraw = True
66.9770 	EXP 	unnamed Polygon: autoDraw = True
66.9806 	EXP 	unnamed Polygon: autoDraw = True
66.9850 	EXP 	unnamed Polygon: autoDraw = True
66.9977 	EXP 	unnamed Polygon: autoDraw = True
67.0013 	EXP 	unnamed Polygon: autoDraw = True
67.0151 	EXP 	unnamed Polygon: autoDraw = True
67.0183 	EXP 	unnamed Polygon: autoDraw = True
67.0323 	EXP 	unnamed Polygon: autoDraw = True
67.0352 	EXP 	unnamed Polygon: autoDraw = True
67.0510 	EXP 	unnamed Polygon: autoDraw = True
67.0542 	EXP 	unnamed Polygon: autoDraw = True
67.0674 	EXP 	unnamed Polygon: autoDraw = True
67.0701 	EXP 	unnamed Polygon: autoDraw = True
67.0856 	EXP 	unnamed Polygon: autoDraw = True
67.1006 	EXP 	unnamed Polygon: autoDraw = True
67.1046 	EXP 	unnamed Polygon: autoDraw = True
67.1182 	EXP 	unnamed Polygon: autoDraw = True
67.1226 	EXP 	unnamed Polygon: autoDraw = True
67.1265 	EXP 	unnamed Polygon: autoDraw = True
67.1404 	EXP 	unnamed Polygon: autoDraw = True
67.1436 	EXP 	unnamed Polygon: autoDraw = True
67.1580 	EXP 	unnamed Polygon: autoDraw = True
67.1709 	EXP 	unnamed Polygon: autoDraw = False
76.9132 	EXP 	unnamed Polygon: autoDraw = True
76.9132 	EXP 	unnamed Polygon: autoDraw = True
76.9156 	EXP 	unnamed Polygon: autoDraw = True
76.9175 	EXP 	unnamed Polygon: autoDraw = True
76.9339 	EXP 	unnamed Polygon: autoDraw = True
76.9376 	EXP 	unnamed Polygon: autoDraw = True
76.9514 	EXP 	unnamed Polygon: autoDraw = True
76.9547 	EXP 	unnamed Polygon: autoDraw = True
76.9689 	EXP 	unnamed Polygon: autoDraw = True
76.9719 	EXP 	unnamed Polygon: autoDraw = True
76.9770 	EXP 	unnamed Polygon: autoDraw = True
76.9901 	EXP 	unnamed Polygon: autoDraw = True
76.9931 	EXP 	unnamed Polygon: autoDraw = True
77.0074 	EXP 	unnamed Polygon: autoDraw = True
77.0102 	EXP 	unnamed Polygon: autoDraw = True
77.0252 	EXP 	unnamed Polygon: autoDraw = True
77.0283 	EXP 	unnamed Polygon: autoDraw = True
77.0427 	EXP 	unnamed Polygon: autoDraw = True
77.0464 	EXP 	unnamed Polygon: autoDraw = True
77.0602 	EXP 	unnamed Polygon: autoDraw = True
77.0645 	EXP 	unnamed Polygon: autoDraw = True
77.0675 	EXP 	unnamed Polygon: autoDraw = True
77.0820 	EXP 	unnamed Polygon: autoDraw = True
77.0849 	EXP 	unnamed Polygon: autoDraw = True
77.0996 	EXP 	unnamed Polygon: autoDraw = True
77.1025 	EXP 	unnamed Polygon: autoDraw = True
77.1171 	EXP 	unnamed Polygon: autoDraw = True
77.1210 	EXP 	unnamed Polygon: autoDraw = True
77.1347 	EXP 	unnamed Polygon: autoDraw = True
77.1387 	EXP 	unnamed Polygon: autoDraw = True
77.1432 	EXP 	unnamed Polygon: autoDraw = True
77.1562 	EXP 	unnamed Polygon: autoDraw = True
77.1595 	EXP 	unnamed Polygon: autoDraw = True
77.1736 	EXP 	unnamed Polygon: autoDraw = True
77.1770 	EXP 	unnamed Polygon: autoDraw = True
77.1913 	EXP 	unnamed Polygon: autoDraw = True
77.1961 	EXP 	unnamed Polygon: autoDraw = True
77.2088 	EXP 	unnamed Polygon: autoDraw = True
77.2133 	DATA 	Keypress: 1
77.2178 	EXP 	unnamed Polygon: autoDraw = True
77.2213 	EXP 	unnamed Polygon: autoDraw = True
77.2356 	EXP 	unnamed Polygon: autoDraw = True
77.2393 	EXP 	unnamed Polygon: autoDraw = True
77.2427 	EXP 	unnamed Polygon: autoDraw = True
77.2565 	EXP 	unnamed Polygon: autoDraw = True
77.2607 	EXP 	unnamed Polygon: autoDraw = True
77.2739 	EXP 	unnamed Polygon: autoDraw = True
77.2773 	EXP 	unnamed Polygon: autoDraw = True
77.2916 	EXP 	unnamed Polygon: autoDraw = True
77.2953 	EXP 	unnamed Polygon: autoDraw = True
77.3092 	EXP 	unnamed Polygon: autoDraw = True
77.3130 	EXP 	unnamed Polygon: autoDraw = True
77.3269 	EXP 	unnamed Polygon: autoDraw = True
77.3310 	EXP 	unnamed Polygon: autoDraw = True
77.3347 	EXP 	unnamed Polygon: autoDraw = True
77.3485 	EXP 	unnamed Polygon: autoDraw = True
77.3515 	EXP 	unnamed Polygon: autoDraw = True
77.3656 	EXP 	unnamed Polygon: autoDraw = True
77.3690 	EXP 	unnamed Polygon: autoDraw = True
77.3832 	EXP 	unnamed Polygon: autoDraw = True
77.3865 	EXP 	unnamed Polygon: autoDraw = True
77.4007 	EXP 	unnamed Polygon: autoDraw = True
77.4088 	EXP 	unnamed Polygon: autoDraw = False
85.1298 	EXP 	unnamed Polygon: autoDraw = True
85.1298 	EXP 	unnamed Polygon: autoDraw = True
85.1326 	EXP 	unnamed Polygon: autoDraw = True
85.1346 	EXP 	unnamed Polygon: autoDraw = True
85.1512 	EXP 	unnamed Polygon: autoDraw = True
85.1537 	EXP 	unnamed Polygon: autoDraw = True
85.1692 	EXP 	unnamed Polygon: autoDraw = True
85.1735 	EXP 	unnamed Polygon: autoDraw = True
85.1763 	EXP 	unnamed Polygon: autoDraw = True
85.1917 	EXP 	unnamed Polygon: autoDraw = True
85.1935 	EXP 	unnamed Polygon: autoDraw = True
85.2099 	EXP 	unnamed Polygon: autoDraw = True
85.2140 	EXP 	unnamed Polygon: autoDraw = True
85.2180 	EXP 	unnamed Polygon: autoDraw = True
85.2322 	EXP 	unnamed Polygon: autoDraw = True
85.2355 	EXP 	unnamed Polygon: autoDraw = True
85.2534 	EXP 	unnamed Polygon: autoDraw = True
85.2555 	EXP 	unnamed Polygon: autoDraw = True
85.2711 	EXP 	unnamed Polygon: autoDraw = True
85.2754 	EXP 	unnamed Polygon: autoDraw = True
85.2783 	EXP 	unnamed Polygon: autoDraw = True
85.2937 	EXP 	unnamed Polygon: autoDraw = True
85.2974 	EXP 	unnamed Polygon: autoDraw = True
85.3016 	EXP 	unnamed Polygon: autoDraw = True
85.3151 	EXP 	unnamed Polygon: autoDraw = True
85.3175 	EXP 	unnamed Polygon: autoDraw = True
85.3336 	EXP 	unnamed Polygon: autoDraw = True
85.3382 	EXP 	unnamed Polygon: autoDraw = True
85.3432 	EXP 	unnamed Polygon: autoDraw = True
85.3560 	EXP 	unnamed Polygon: autoDraw = True
85.3589 	DATA 	Keypress: 1
85.3619 	EXP 	unnamed Polygon: autoDraw = True
85.3741 	EXP 	unnamed Polygon: autoDraw = True
85.3783 	EXP 	unnamed Polygon: autoDraw = True
85.3921 	EXP 	unnamed Polygon: autoDraw = True
85.3939 	EXP 	unnamed Polygon: autoDraw = True
85.4101 	EXP 	unnamed Polygon: autoDraw = True
85.4154 	EXP 	unnamed Polygon: autoDraw = True
85.4181 	EXP 	unnamed Polygon: autoDraw = True
85.4339 	EXP 	unnamed Polygon: autoDraw = True
85.4357 	EXP 	unnamed Polygon: autoDraw = True
85.4520 	EXP 	unnamed Polygon: autoDraw = True
85.4563 	EXP 	unnamed Polygon: autoDraw = True
85.4600 	EXP 	unnamed Polygon: autoDraw = True
85.4742 	EXP 	unnamed Polygon: autoDraw = True
85.4779 	EXP 	unnamed Polygon: autoDraw = True
85.4921 	EXP 	unnamed Polygon: autoDraw = True
85.4964 	EXP 	unnamed Polygon: autoDraw = True
85.5016 	EXP 	unnamed Polygon: autoDraw = True
85.5135 	EXP 	unnamed Polygon: autoDraw = True
85.5189 	EXP 	unnamed Polygon: autoDraw = True
85.5312 	EXP 	unnamed Polygon: autoDraw = True
85.5341 	EXP 	unnamed Polygon: autoDraw = True
85.5490 	EXP 	unnamed Polygon: autoDraw = True
85.5520 	EXP 	unnamed Polygon: autoDraw = True
85.5667 	EXP 	unnamed Polygon: autoDraw = True
85.5698 	EXP 	unnamed Polygon: autoDraw = True
85.5844 	EXP 	unnamed Polygon: autoDraw = True
85.5885 	EXP 	unnamed Polygon: autoDraw = True
85.5937 	EXP 	unnamed Polygon: autoDraw = True
85.6060 	EXP 	unnamed Polygon: autoDraw = True
85.6095 	EXP 	unnamed Polygon: autoDraw = True
85.6238 	EXP 	unnamed Polygon: autoDraw = True
85.6315 	EXP 	unnamed Polygon: autoDraw = False
93.4244 	EXP 	unnamed Polygon: autoDraw = True
93.4244 	EXP 	unnamed Polygon: autoDraw = True
93.4269 	EXP 	unnamed Polygon: autoDraw = True
93.4291 	EXP 	unnamed Polygon: autoDraw = True
93.4452 	EXP 	unnamed Polygon: autoDraw = True
93.4469 	EXP 	unnamed Polygon: autoDraw = True
93.4629 	EXP 	unnamed Polygon: autoDraw = True
93.4649 	EXP 	unnamed Polygon: autoDraw = True
93.4679 	EXP 	unnamed Polygon: autoDraw = True
93.4837 	EXP 	unnamed Polygon: autoDraw = True
93.4873 	EXP 	unnamed Polygon: autoDraw = True
93.5014 	EXP 	unnamed Polygon: autoDraw = True
93.5032 	EXP 	unnamed Polygon: autoDraw = True
93.5196 	EXP 	unnamed Polygon: autoDraw = True
93.5235 	EXP 	unnamed Polygon: autoDraw = True
93.5270 	EXP 	unnamed Polygon: autoDraw = True
93.5418 	EXP 	unnamed Polygon: autoDraw = True
93.5462 	EXP 	unnamed Polygon: autoDraw = True
93.5598 	EXP 	unnamed Polygon: autoDraw = True
93.5642 	EXP 	unnamed Polygon: autoDraw = True
93.5678 	EXP 	unnamed Polygon: autoDraw = True
93.5812 	EXP 	unnamed Polygon: autoDraw = True
93.5839 	EXP 	unnamed Polygon: autoDraw = True
93.5990 	EXP 	unnamed Polygon: autoDraw = True
93.6028 	EXP 	unnamed Polygon: autoDraw = True
93.6169 	EXP 	unnamed Polygon: autoDraw = True
93.6212 	EXP 	unnamed Polygon: autoDraw = True
93.6347 	EXP 	unnamed Polygon: autoDraw = True
93.6388 	EXP 	unnamed Polygon: autoDraw = True
93.6432 	EXP 	unnamed Polygon: autoDraw = True
93.6568 	EXP 	unnamed Polygon: autoDraw = True
93.6593 	DATA 	Keypress: 1
93.6623 	EXP 	unnamed Polygon: autoDraw = True
93.6739 	EXP 	unnamed Polygon: autoDraw = True
93.6768 	EXP 	unnamed Polygon: autoDraw = True
93.6919 	EXP 	unnamed Polygon: autoDraw = True
93.6936 	EXP 	unnamed Polygon: autoDraw = True
93.7100 	EXP 	unnamed Polygon: autoDraw = True
93.7143 	EXP 	unnamed Polygon: autoDraw = True
93.7183 	EXP 	unnamed Polygon: autoDraw = True
93.7317 	EXP 	unnamed Polygon: autoDraw = True
93.7340 	EXP 	unnamed Polygon: autoDraw = True
93.7499 	EXP 	unnamed Polygon: autoDraw = True
93.7536 	EXP 	unnamed Polygon: autoDraw = True
93.7678 	EXP 	unnamed Polygon: autoDraw = True
93.7719 	EXP 	unnamed Polygon: autoDraw = True
93.7772 	EXP 	unnamed Polygon: autoDraw = True
93.7896 	EXP 	unnamed Polygon: autoDraw = True
93.7932 	EXP 	unnamed Polygon: autoDraw = True
93.8078 	EXP 	unnamed Polygon: autoDraw = True
93.8120 	EXP 	unnamed Polygon: autoDraw = True
93.8257 	EXP 	unnamed Polygon: autoDraw = True
93.8296 	EXP 	unnamed Polygon: autoDraw = True
93.8438 	EXP 	unnamed Polygon: autoDraw = True
93.8483 	EXP 	unnamed Polygon: autoDraw = True
93.8511 	EXP 	unnamed Polygon: autoDraw = True
93.8667 	EXP 	unnamed Polygon: autoDraw = True
93.8711 	EXP 	unnamed Polygon: autoDraw = True
93.8846 	EXP 	unnamed Polygon: autoDraw = True
93.8883 	EXP 	unnamed Polygon: autoDraw = True
93.9027 	EXP 	unnamed Polygon: autoDraw = True
93.9066 	EXP 	unnamed Polygon: autoDraw = True
93.9095 	EXP 	unnamed Polygon: autoDraw = True
93.9237 	EXP 	unnamed Polygon: autoDraw = True
93.9278 	EXP 	unnamed Polygon: autoDraw = False
99.7127 	EXP 	unnamed Polygon: autoDraw = True
99.7127 	EXP 	unnamed Polygon: autoDraw = True
99.7153 	EXP 	unnamed Polygon: autoDraw = True
99.7175 	EXP 	unnamed Polygon: autoDraw = True
99.7334 	EXP 	unnamed Polygon: autoDraw = True
99.7351 	EXP 	unnamed Polygon: autoDraw = True
99.7511 	EXP 	unnamed Polygon: autoDraw = True
99.7547 	EXP 	unnamed Polygon: autoDraw = True
99.7689 	EXP 	unnamed Polygon: autoDraw = True
99.7727 	EXP 	unnamed Polygon: autoDraw = True
99.7771 	EXP 	unnamed Polygon: autoDraw = True
99.7903 	EXP 	unnamed Polygon: autoDraw = True
99.7923 	EXP 	unnamed Polygon: autoDraw = True
99.8083 	EXP 	unnamed Polygon: autoDraw = True
99.8125 	EXP 	unnamed Polygon: autoDraw = True
99.8260 	EXP 	unnamed Polygon: autoDraw = True
99.8303 	EXP 	unnamed Polygon: autoDraw = True
99.8439 	EXP 	unnamed Polygon: autoDraw = True
99.8475 	EXP 	unnamed Polygon: autoDraw = True
99.8518 	EXP 	unnamed Polygon: autoDraw = True
99.8658 	EXP 	unnamed Polygon: autoDraw = True
99.8681 	EXP 	unnamed Polygon: autoDraw = True
99.8841 	EXP 	unnamed Polygon: autoDraw = True
99.8881 	EXP 	unnamed Polygon: autoDraw = True
99.9021 	EXP 	unnamed Polygon: autoDraw = True
99.9062 	EXP 	unnamed Polygon: autoDraw = True
99.9095 	EXP 	unnamed Polygon: autoDraw = True
99.9245 	EXP 	unnamed Polygon: autoDraw = True
99.9283 	EXP 	unnamed Polygon: autoDraw = True
99.9421 	EXP 	unnamed Polygon: autoDraw = True
99.9455 	EXP 	unnamed Polygon: autoDraw = True
99.9598 	EXP 	unnamed Polygon: autoDraw = True
99.9639 	EXP 	unnamed Polygon: autoDraw = True
99.9681 	EXP 	unnamed Polygon: autoDraw = True
99.9818 	EXP 	unnamed Polygon: autoDraw = True
99.9857 	EXP 	unnamed Polygon: autoDraw = True
99.9996 	EXP 	unnamed Polygon: autoDraw = True
100.0014 	EXP 	unnamed Polygon: autoDraw = True
100.0030 	DATA 	Keypress: 1
100.0176 	EXP 	unnamed Polygon: autoDraw = True
100.0194 	EXP 	unnamed Polygon: autoDraw = True
100.0356 	EXP 	unnamed Polygon: autoDraw = True
100.0400 	EXP 	unnamed Polygon: autoDraw = True
100.0434 	EXP 	unnamed Polygon: autoDraw = True
100.0575 	EXP 	unnamed Polygon: autoDraw = True
100.0597 	EXP 	unnamed Polygon: autoDraw = True
100.0755 	EXP 	unnamed Polygon: autoDraw = True
100.0797 	EXP 	unnamed Polygon: autoDraw = True
100.0932 	EXP 	unnamed Polygon: autoDraw = True
100.0970 	EXP 	unnamed Polygon: autoDraw = True
100.1017 	EXP 	unnamed Polygon: autoDraw = True
100.1153 	EXP 	unnamed Polygon: autoDraw = True
100.1183 	EXP 	unnamed Polygon: autoDraw = True
100.1332 	EXP 	unnamed Polygon: autoDraw = True
100.1368 	EXP 	unnamed Polygon: autoDraw = True
100.1510 	EXP 	unnamed Polygon: autoDraw = True
100.1547 	EXP 	unnamed Polygon: autoDraw = True
100.1685 	EXP 	unnamed Polygon: autoDraw = True
100.1723 	EXP 	unnamed Polygon: autoDraw = True
100.1761 	EXP 	unnamed Polygon: autoDraw = True
100.1894 	EXP 	unnamed Polygon: autoDraw = True
100.1924 	EXP 	unnamed Polygon: autoDraw = True
100.2070 	EXP 	unnamed Polygon: autoDraw = True
100.2133 	EXP 	unnamed Polygon: autoDraw = False
107.9507 	EXP 	unnamed Polygon: autoDraw = True
107.9507 	EXP 	unnamed Polygon: autoDraw = True
107.9528 	EXP 	unnamed Polygon: autoDraw = True
107.9551 	EXP 	unnamed Polygon: autoDraw = True
107.9716 	EXP 	unnamed Polygon: autoDraw = True
107.9734 	EXP 	unnamed Polygon: autoDraw = True
107.9757 	EXP 	unnamed Polygon: autoDraw = True
107.9921 	EXP 	unnamed Polygon: autoDraw = True
107.9952 	EXP 	unnamed Polygon: autoDraw = True
108.0095 	EXP 	unnamed Polygon: autoDraw = True
108.0129 	EXP 	unnamed Polygon: autoDraw = True
108.0272 	EXP 	unnamed Polygon: autoDraw = True
108.0305 	EXP 	unnamed Polygon: autoDraw = True
108.0351 	EXP 	unnamed Polygon: autoDraw = True
108.0485 	EXP 	unnamed Polygon: autoDraw = True
108.0512 	EXP 	unnamed Polygon: autoDraw = True
108.0663 	EXP 	unnamed Polygon: autoDraw = True
108.0700 	EXP 	unnamed Polygon: autoDraw = True
108.0837 	EXP 	unnamed Polygon: autoDraw = True
108.0869 	EXP 	unnamed Polygon: autoDraw = True
108.1013 	EXP 	unnamed Polygon: autoDraw = True
108.1041 	EXP 	unnamed Polygon: autoDraw = True
108.1189 	EXP 	unnamed Polygon: autoDraw = True
108.1227 	EXP 	unnamed Polygon: autoDraw = True
108.1263 	EXP 	unnamed Polygon: autoDraw = True
108.1402 	EXP 	unnamed Polygon: autoDraw = True
108.1432 	EXP 	unnamed Polygon: autoDraw = True
108.1579 	EXP 	unnamed Polygon: autoDraw = True
108.1609 	EXP 	unnamed Polygon: autoDraw = True
108.1752 	EXP 	unnamed Polygon: autoDraw = True
108.1781 	EXP 	unnamed Polygon: autoDraw = True
108.1928 	EXP 	unnamed Polygon: autoDraw = True
108.1958 	DATA 	Keypress: 1
108.2008 	EXP 	unnamed Polygon: autoDraw = True
108.2045 	EXP 	unnamed Polygon: autoDraw = True
108.2187 	EXP 	unnamed Polygon: autoDraw = True
108.2224 	EXP 	unnamed Polygon: autoDraw = True
108.2263 	EXP 	unnamed Polygon: autoDraw = True
108.2399 	EXP 	unnamed Polygon: autoDraw = True
108.2438 	EXP 	unnamed Polygon: autoDraw = True
108.2574 	EXP 	unnamed Polygon: autoDraw = True
108.2611 	EXP 	unnamed Polygon: autoDraw = True
108.2749 	EXP 	unnamed Polygon: autoDraw = True
108.2794 	EXP 	unnamed Polygon: autoDraw = True
108.2926 	EXP 	unnamed Polygon: autoDraw = True
108.2967 	EXP 	unnamed Polygon: autoDraw = True
108.3101 	EXP 	unnamed Polygon: autoDraw = True
108.3144 	EXP 	unnamed Polygon: autoDraw = True
108.3178 	EXP 	unnamed Polygon: autoDraw = True
108.3325 	EXP 	unnamed Polygon: autoDraw = True
108.3352 	EXP 	unnamed Polygon: autoDraw = True
108.3500 	EXP 	unnamed Polygon: autoDraw = True
108.3537 	EXP 	unnamed Polygon: autoDraw = True
108.3676 	EXP 	unnamed Polygon: autoDraw = True
108.3714 	EXP 	unnamed Polygon: autoDraw = True
108.3853 	EXP 	unnamed Polygon: autoDraw = True
108.3894 	EXP 	unnamed Polygon: autoDraw = True
108.3936 	EXP 	unnamed Polygon: autoDraw = True
108.4072 	EXP 	unnamed Polygon: autoDraw = True
108.4107 	EXP 	unnamed Polygon: autoDraw = True
108.4249 	EXP 	unnamed Polygon: autoDraw = True
108.4285 	EXP 	unnamed Polygon: autoDraw = True
108.4425 	EXP 	unnamed Polygon: autoDraw = True
108.4507 	EXP 	unnamed Polygon: autoDraw = False
114.2248 	EXP 	unnamed Polygon: autoDraw = True
114.2248 	EXP 	unnamed Polygon: autoDraw = True
114.2267 	EXP 	unnamed Polygon: autoDraw = True
114.2300 	EXP 	unnamed Polygon: autoDraw = True
114.2449 	EXP 	unnamed Polygon: autoDraw = True
114.2471 	EXP 	unnamed Polygon: autoDraw = True
114.2621 	EXP 	unnamed Polygon: autoDraw = True
114.2638 	EXP 	unnamed Polygon: autoDraw = True
114.2801 	EXP 	unnamed Polygon: autoDraw = True
114.2837 	EXP 	unnamed Polygon: autoDraw = True
114.2878 	EXP 	unnamed Polygon: autoDraw = True
114.3020 	EXP 	unnamed Polygon: autoDraw = True
114.3057 	EXP 	unnamed Polygon: autoDraw = True
114.3097 	EXP 	unnamed Polygon: autoDraw = True
114.3240 	EXP 	unnamed Polygon: autoDraw = True
114.3265 	EXP 	unnamed Polygon: autoDraw = True
114.3422 	EXP 	unnamed Polygon: autoDraw = True
114.3439 	EXP 	unnamed Polygon: autoDraw = True
114.3602 	EXP 	unnamed Polygon: autoDraw = True
114.3644 	EXP 	unnamed Polygon: autoDraw = True
114.3676 	EXP 	unnamed Polygon: autoDraw = True
114.3822 	EXP 	unnamed Polygon: autoDraw = True
114.3852 	EXP 	unnamed Polygon: autoDraw = True
114.4002 	EXP 	unnamed Polygon: autoDraw = True
114.4044 	EXP 	unnamed Polygon: autoDraw = True
114.4178 	EXP 	unnamed Polygon: autoDraw = True
114.4221 	EXP 	unnamed Polygon: autoDraw = True
114.4264 	EXP 	unnamed Polygon: autoDraw = True
114.4394 	EXP 	unnamed Polygon: autoDraw = True
114.4429 	EXP 	unnamed Polygon: autoDraw = True
114.4568 	EXP 	unnamed Polygon: autoDraw = True
114.4589 	EXP 	unnamed Polygon: autoDraw = True
114.4747 	EXP 	unnamed Polygon: autoDraw = True
114.4790 	EXP 	unnamed Polygon: autoDraw = True
114.4809 	DATA 	Keypress: 1
114.4851 	EXP 	unnamed Polygon: autoDraw = True
114.4961 	EXP 	unnamed Polygon: autoDraw = True
114.5021 	EXP 	unnamed Polygon: autoDraw = True
114.5138 	EXP 	unnamed Polygon: autoDraw = True
114.5179 	EXP 	unnamed Polygon: autoDraw = True
114.5321 	EXP 	unnamed Polygon: autoDraw = True
114.5365 	EXP 	unnamed Polygon: autoDraw = True
114.5500 	EXP 	unnamed Polygon: autoDraw = True
114.5541 	EXP 	unnamed Polygon: autoDraw = True
114.5679 	EXP 	unnamed Polygon: autoDraw = True
114.5720 	EXP 	unnamed Polygon: autoDraw = True
114.5766 	EXP 	unnamed Polygon: autoDraw = True
114.5894 	EXP 	unnamed Polygon: autoDraw = True
114.5922 	EXP 	unnamed Polygon: autoDraw = True
114.6066 	EXP 	unnamed Polygon: autoDraw = True
114.6090 	EXP 	unnamed Polygon: autoDraw = True
114.6242 	EXP 	unnamed Polygon: autoDraw = True
114.6285 	EXP 	unnamed Polygon: autoDraw = True
114.6421 	EXP 	unnamed Polygon: autoDraw = True
114.6460 	EXP 	unnamed Polygon: autoDraw = True
114.6601 	EXP 	unnamed Polygon: autoDraw = True
114.6642 	EXP 	unnamed Polygon: autoDraw = True
114.6679 	EXP 	unnamed Polygon: autoDraw = True
114.6826 	EXP 	unnamed Polygon: autoDraw = True
114.6845 	EXP 	unnamed Polygon: autoDraw = True
114.7001 	EXP 	unnamed Polygon: autoDraw = True
114.7063 	EXP 	unnamed Polygon: autoDraw = False
124.4681 	EXP 	unnamed Polygon: autoDraw = True
124.4681 	EXP 	unnamed Polygon: autoDraw = True
124.4702 	EXP 	unnamed Polygon: autoDraw = True
124.4855 	EXP 	unnamed Polygon: autoDraw = True
124.4881 	EXP 	unnamed Polygon: autoDraw = True
124.4934 	EXP 	unnamed Polygon: autoDraw = True
124.5058 	EXP 	unnamed Polygon: autoDraw = True
124.5115 	EXP 	unnamed Polygon: autoDraw = True
124.5238 	EXP 	unnamed Polygon: autoDraw = True
124.5273 	EXP 	unnamed Polygon: autoDraw = True
124.5418 	EXP 	unnamed Polygon: autoDraw = True
124.5454 	EXP 	unnamed Polygon: autoDraw = True
124.5596 	EXP 	unnamed Polygon: autoDraw = True
124.5629 	EXP 	unnamed Polygon: autoDraw = True
124.5774 	EXP 	unnamed Polygon: autoDraw = True
124.5803 	EXP 	unnamed Polygon: autoDraw = True
124.5851 	EXP 	unnamed Polygon: autoDraw = True
124.5988 	EXP 	unnamed Polygon: autoDraw = True
124.6022 	EXP 	unnamed Polygon: autoDraw = True
124.6166 	EXP 	unnamed Polygon: autoDraw = True
124.6198 	EXP 	unnamed Polygon: autoDraw = True
124.6341 	EXP 	unnamed Polygon: autoDraw = True
124.6373 	EXP 	unnamed Polygon: autoDraw = True
124.6516 	EXP 	unnamed Polygon: autoDraw = True
124.6554 	EXP 	unnamed Polygon: autoDraw = True
124.6596 	EXP 	unnamed Polygon: autoDraw = True
124.6727 	EXP 	unnamed Polygon: autoDraw = True
124.6761 	EXP 	unnamed Polygon: autoDraw = True
124.6905 	EXP 	unnamed Polygon: autoDraw = True
124.6946 	DATA 	Keypress: 1
124.6977 	EXP 	unnamed Polygon: autoDraw = True
124.7016 	EXP 	unnamed Polygon: autoDraw = True
124.7158 	EXP 	unnamed Polygon: autoDraw = True
124.7177 	EXP 	unnamed Polygon: autoDraw = True
124.7340 	EXP 	unnamed Polygon: autoDraw = True
124.7357 	EXP 	unnamed Polygon: autoDraw = True
124.7514 	EXP 	unnamed Polygon: autoDraw = True
124.7549 	EXP 	unnamed Polygon: autoDraw = True
124.7691 	EXP 	unnamed Polygon: autoDraw = True
124.7733 	EXP 	unnamed Polygon: autoDraw = True
124.7762 	EXP 	unnamed Polygon: autoDraw = True
124.7913 	EXP 	unnamed Polygon: autoDraw = True
124.7943 	EXP 	unnamed Polygon: autoDraw = True
124.8089 	EXP 	unnamed Polygon: autoDraw = True
124.8127 	EXP 	unnamed Polygon: autoDraw = True
124.8264 	EXP 	unnamed Polygon: autoDraw = True
124.8302 	EXP 	unnamed Polygon: autoDraw = True
124.8440 	EXP 	unnamed Polygon: autoDraw = True
124.8477 	EXP 	unnamed Polygon: autoDraw = True
124.8509 	EXP 	unnamed Polygon: autoDraw = True
124.8658 	EXP 	unnamed Polygon: autoDraw = True
124.8691 	EXP 	unnamed Polygon: autoDraw = True
124.8835 	EXP 	unnamed Polygon: autoDraw = True
124.8868 	EXP 	unnamed Polygon: autoDraw = True
124.9013 	EXP 	unnamed Polygon: autoDraw = True
124.9058 	EXP 	unnamed Polygon: autoDraw = True
124.9101 	EXP 	unnamed Polygon: autoDraw = True
124.9233 	EXP 	unnamed Polygon: autoDraw = True
124.9264 	EXP 	unnamed Polygon: autoDraw = True
124.9407 	EXP 	unnamed Polygon: autoDraw = True
124.9483 	EXP 	unnamed Polygon: autoDraw = False
134.7499 	EXP 	unnamed Polygon: autoDraw = True
134.7499 	EXP 	unnamed Polygon: autoDraw = True
134.7525 	EXP 	unnamed Polygon: autoDraw = True
134.7550 	EXP 	unnamed Polygon: autoDraw = True
134.7702 	EXP 	unnamed Polygon: autoDraw = True
134.7741 	EXP 	unnamed Polygon: autoDraw = True
134.7769 	EXP 	unnamed Polygon: autoDraw = True
134.7926 	EXP 	unnamed Polygon: autoDraw = True
134.7945 	EXP 	unnamed Polygon: autoDraw = True
134.8106 	EXP 	unnamed Polygon: autoDraw = True
134.8124 	EXP 	unnamed Polygon: autoDraw = True
134.8286 	EXP 	unnamed Polygon: autoDraw = True
134.8325 	EXP 	unnamed Polygon: autoDraw = True
134.8352 	EXP 	unnamed Polygon: autoDraw = True
134.8509 	EXP 	unnamed Polygon: autoDraw = True
134.8527 	EXP 	unnamed Polygon: autoDraw = True
134.8691 	EXP 	unnamed Polygon: autoDraw = True
134.8737 	EXP 	unnamed Polygon: autoDraw = True
134.8768 	EXP 	unnamed Polygon: autoDraw = True
134.8919 	EXP 	unnamed Polygon: autoDraw = True
134.8937 	EXP 	unnamed Polygon: autoDraw = True
134.9099 	EXP 	unnamed Polygon: autoDraw = True
134.9141 	EXP 	unnamed Polygon: autoDraw = True
134.9179 	EXP 	unnamed Polygon: autoDraw = True
134.9319 	EXP 	unnamed Polygon: autoDraw = True
134.9350 	EXP 	unnamed Polygon: autoDraw = True
134.9500 	EXP 	unnamed Polygon: autoDraw = True
134.9518 	EXP 	unnamed Polygon: autoDraw = True
134.9681 	EXP 	unnamed Polygon: autoDraw = True
134.9723 	EXP 	unnamed Polygon: autoDraw = True
134.9761 	EXP 	unnamed Polygon: autoDraw = True
134.9905 	EXP 	unnamed Polygon: autoDraw = True
134.9922 	DATA 	Keypress: 1
134.9951 	EXP 	unnamed Polygon: autoDraw = True
135.0077 	EXP 	unnamed Polygon: autoDraw = True
135.0097 	EXP 	unnamed Polygon: autoDraw = True
135.0256 	EXP 	unnamed Polygon: autoDraw = True
135.0297 	EXP 	unnamed Polygon: autoDraw = True
135.0434 	EXP 	unnamed Polygon: autoDraw = True
135.0472 	EXP 	unnamed Polygon: autoDraw = True
135.0516 	EXP 	unnamed Polygon: autoDraw = True
135.0655 	EXP 	unnamed Polygon: autoDraw = True
135.0695 	EXP 	unnamed Polygon: autoDraw = True
135.0837 	EXP 	unnamed Polygon: autoDraw = True
135.0878 	EXP 	unnamed Polygon: autoDraw = True
135.1015 	EXP 	unnamed Polygon: autoDraw = True
135.1056 	EXP 	unnamed Polygon: autoDraw = True
135.1100 	EXP 	unnamed Polygon: autoDraw = True
135.1239 	EXP 	unnamed Polygon: autoDraw = True
135.1277 	EXP 	unnamed Polygon: autoDraw = True
135.1419 	EXP 	unnamed Polygon: autoDraw = True
135.1451 	EXP 	unnamed Polygon: autoDraw = True
135.1595 	EXP 	unnamed Polygon: autoDraw = True
135.1633 	EXP 	unnamed Polygon: autoDraw = True
135.1768 	EXP 	unnamed Polygon: autoDraw = True
135.1805 	EXP 	unnamed Polygon: autoDraw = True
135.1851 	EXP 	unnamed Polygon: autoDraw = True
135.1984 	EXP 	unnamed Polygon: autoDraw = True
135.2012 	EXP 	unnamed Polygon: autoDraw = True
135.2159 	EXP 	unnamed Polygon: autoDraw = True
135.2236 	EXP 	unnamed Polygon: autoDraw = False
144.9976 	EXP 	unnamed Polygon: autoDraw = True
144.9976 	EXP 	unnamed Polygon: autoDraw = True
145.0012 	EXP 	unnamed Polygon: autoDraw = True
145.0152 	EXP 	unnamed Polygon: autoDraw = True
145.0173 	EXP 	unnamed Polygon: autoDraw = True
145.0322 	EXP 	unnamed Polygon: autoDraw = True
145.0342 	EXP 	unnamed Polygon: autoDraw = True
145.0504 	EXP 	unnamed Polygon: autoDraw = True
145.0541 	EXP 	unnamed Polygon: autoDraw = True
145.0680 	EXP 	unnamed Polygon: autoDraw = True
145.0718 	EXP 	unnamed Polygon: autoDraw = True
145.0853 	EXP 	unnamed Polygon: autoDraw = True
145.0890 	EXP 	unnamed Polygon: autoDraw = True
145.0931 	EXP 	unnamed Polygon: autoDraw = True
145.1069 	EXP 	unnamed Polygon: autoDraw = True
145.1097 	EXP 	unnamed Polygon: autoDraw = True
145.1246 	EXP 	unnamed Polygon: autoDraw = True
145.1284 	EXP 	unnamed Polygon: autoDraw = True
145.1421 	EXP 	unnamed Polygon: autoDraw = True
145.1448 	EXP 	unnamed Polygon: autoDraw = True
145.1596 	EXP 	unnamed Polygon: autoDraw = True
145.1636 	EXP 	unnamed Polygon: autoDraw = True
145.1772 	EXP 	unnamed Polygon: autoDraw = True
145.1811 	EXP 	unnamed Polygon: autoDraw = True
145.1848 	EXP 	unnamed Polygon: autoDraw = True
145.1989 	EXP 	unnamed Polygon: autoDraw = True
145.2016 	EXP 	unnamed Polygon: autoDraw = True
145.2163 	EXP 	unnamed Polygon: autoDraw = True
145.2201 	EXP 	unnamed Polygon: autoDraw = True
145.2343 	EXP 	unnamed Polygon: autoDraw = True
145.2391 	EXP 	unnamed Polygon: autoDraw = True
145.2432 	DATA 	Keypress: 1
145.2475 	EXP 	unnamed Polygon: autoDraw = True
145.2517 	EXP 	unnamed Polygon: autoDraw = True
145.2662 	EXP 	unnamed Polygon: autoDraw = True
145.2696 	EXP 	unnamed Polygon: autoDraw = True
145.2838 	EXP 	unnamed Polygon: autoDraw = True
145.2885 	EXP 	unnamed Polygon: autoDraw = True
145.3014 	EXP 	unnamed Polygon: autoDraw = True
145.3051 	EXP 	unnamed Polygon: autoDraw = True
145.3189 	EXP 	unnamed Polygon: autoDraw = True
145.3222 	EXP 	unnamed Polygon: autoDraw = True
145.3269 	EXP 	unnamed Polygon: autoDraw = True
145.3400 	EXP 	unnamed Polygon: autoDraw = True
145.3434 	EXP 	unnamed Polygon: autoDraw = True
145.3574 	EXP 	unnamed Polygon: autoDraw = True
145.3604 	EXP 	unnamed Polygon: autoDraw = True
145.3750 	EXP 	unnamed Polygon: autoDraw = True
145.3791 	EXP 	unnamed Polygon: autoDraw = True
145.3925 	EXP 	unnamed Polygon: autoDraw = True
145.3965 	EXP 	unnamed Polygon: autoDraw = True
145.4100 	EXP 	unnamed Polygon: autoDraw = True
145.4136 	EXP 	unnamed Polygon: autoDraw = True
145.4275 	EXP 	unnamed Polygon: autoDraw = True
145.4308 	EXP 	unnamed Polygon: autoDraw = True
145.4353 	EXP 	unnamed Polygon: autoDraw = True
145.4486 	EXP 	unnamed Polygon: autoDraw = True
145.4519 	EXP 	unnamed Polygon: autoDraw = True
145.4662 	EXP 	unnamed Polygon: autoDraw = True
145.4746 	EXP 	unnamed Polygon: autoDraw = False
155.2492 	EXP 	unnamed Polygon: autoDraw = True
155.2492 	EXP 	unnamed Polygon: autoDraw = True
155.2524 	EXP 	unnamed Polygon: autoDraw = True
155.2545 	EXP 	unnamed Polygon: autoDraw = True
155.2697 	EXP 	unnamed Polygon: autoDraw = True
155.2716 	EXP 	unnamed Polygon: autoDraw = True
155.2867 	EXP 	unnamed Polygon: autoDraw = True
155.2886 	EXP 	unnamed Polygon: autoDraw = True
155.3057 	EXP 	unnamed Polygon: autoDraw = True
155.3077 	EXP 	unnamed Polygon: autoDraw = True
155.3109 	EXP 	unnamed Polygon: autoDraw = True
155.3276 	EXP 	unnamed Polygon: autoDraw = True
155.3294 	EXP 	unnamed Polygon: autoDraw = True
155.3454 	EXP 	unnamed Polygon: autoDraw = True
155.3498 	EXP 	unnamed Polygon: autoDraw = True
155.3521 	EXP 	unnamed Polygon: autoDraw = True
155.3678 	EXP 	unnamed Polygon: autoDraw = True
155.3699 	EXP 	unnamed Polygon: autoDraw = True
155.3861 	EXP 	unnamed Polygon: autoDraw = True
155.3879 	EXP 	unnamed Polygon: autoDraw = True
155.4038 	EXP 	unnamed Polygon: autoDraw = True
155.4088 	EXP 	unnamed Polygon: autoDraw = True
155.4110 	EXP 	unnamed Polygon: autoDraw = True
155.4276 	EXP 	unnamed Polygon: autoDraw = True
155.4293 	EXP 	unnamed Polygon: autoDraw = True
155.4458 	EXP 	unnamed Polygon: autoDraw = True
155.4511 	EXP 	unnamed Polygon: autoDraw = True
155.4538 	EXP 	unnamed Polygon: autoDraw = True
155.4693 	EXP 	unnamed Polygon: autoDraw = True
155.4711 	EXP 	unnamed Polygon: autoDraw = True
155.4878 	EXP 	unnamed Polygon: autoDraw = True
155.4925 	EXP 	unnamed Polygon: autoDraw = True
155.4943 	EXP 	unnamed Polygon: autoDraw = True
155.5109 	EXP 	unnamed Polygon: autoDraw = True
155.5125 	DATA 	Keypress: 1
155.5157 	EXP 	unnamed Polygon: autoDraw = True
155.5179 	EXP 	unnamed Polygon: autoDraw = True
155.5339 	EXP 	unnamed Polygon: autoDraw = True
155.5379 	EXP 	unnamed Polygon: autoDraw = True
155.5432 	EXP 	unnamed Polygon: autoDraw = True
155.5553 	EXP 	unnamed Polygon: autoDraw = True
155.5607 	EXP 	unnamed Polygon: autoDraw = True
155.5730 	EXP 	unnamed Polygon: autoDraw = True
155.5774 	EXP 	unnamed Polygon: autoDraw = True
155.5908 	EXP 	unnamed Polygon: autoDraw = True
155.5948 	EXP 	unnamed Polygon: autoDraw = True
155.6088 	EXP 	unnamed Polygon: autoDraw = True
155.6126 	EXP 	unnamed Polygon: autoDraw = True
155.6257 	EXP 	unnamed Polygon: autoDraw = True
155.6291 	EXP 	unnamed Polygon: autoDraw = True
155.6425 	EXP 	unnamed Polygon: autoDraw = True
155.6470 	EXP 	unnamed Polygon: autoDraw = True
155.6526 	EXP 	unnamed Polygon: autoDraw = True
155.6650 	EXP 	unnamed Polygon: autoDraw = True
155.6684 	EXP 	unnamed Polygon: autoDraw = True
155.6831 	EXP 	unnamed Polygon: autoDraw = True
155.6878 	EXP 	unnamed Polygon: autoDraw = True
155.7012 	EXP 	unnamed Polygon: autoDraw = True
155.7049 	EXP 	unnamed Polygon: autoDraw = True
155.7110 	EXP 	unnamed Polygon: autoDraw = True
155.7226 	EXP 	unnamed Polygon: autoDraw = True
155.7270 	EXP 	unnamed Polygon: autoDraw = False
163.4902 	EXP 	unnamed Polygon: autoDraw = True
163.4902 	EXP 	unnamed Polygon: autoDraw = True
163.4929 	EXP 	unnamed Polygon: autoDraw = True
163.4954 	EXP 	unnamed Polygon: autoDraw = True
163.5112 	EXP 	unnamed Polygon: autoDraw = True
163.5134 	EXP 	unnamed Polygon: autoDraw = True
163.5284 	EXP 	unnamed Polygon: autoDraw = True
163.5321 	EXP 	unnamed Polygon: autoDraw = True
163.5351 	EXP 	unnamed Polygon: autoDraw = True
163.5498 	EXP 	unnamed Polygon: autoDraw = True
163.5532 	EXP 	unnamed Polygon: autoDraw = True
163.5675 	EXP 	unnamed Polygon: autoDraw = True
163.5712 	EXP 	unnamed Polygon: autoDraw = True
163.5853 	EXP 	unnamed Polygon: autoDraw = True
163.5889 	EXP 	unnamed Polygon: autoDraw = True
163.5936 	EXP 	unnamed Polygon: autoDraw = True
163.6068 	EXP 	unnamed Polygon: autoDraw = True
163.6105 	EXP 	unnamed Polygon: autoDraw = True
163.6242 	EXP 	unnamed Polygon: autoDraw = True
163.6281 	EXP 	unnamed Polygon: autoDraw = True
163.6417 	EXP 	unnamed Polygon: autoDraw = True
163.6449 	EXP 	unnamed Polygon: autoDraw = True
163.6592 	EXP 	unnamed Polygon: autoDraw = True
163.6621 	EXP 	unnamed Polygon: autoDraw = True
163.6767 	EXP 	unnamed Polygon: autoDraw = True
163.6804 	EXP 	unnamed Polygon: autoDraw = True
163.6850 	EXP 	unnamed Polygon: autoDraw = True
163.6976 	EXP 	unnamed Polygon: autoDraw = True
163.7007 	EXP 	unnamed Polygon: autoDraw = True
163.7152 	EXP 	unnamed Polygon: autoDraw = True
163.7181 	EXP 	unnamed Polygon: autoDraw = True
163.7328 	EXP 	unnamed Polygon: autoDraw = True
163.7366 	EXP 	unnamed Polygon: autoDraw = True
163.7502 	EXP 	unnamed Polygon: autoDraw = True
163.7538 	EXP 	unnamed Polygon: autoDraw = True
163.7678 	EXP 	unnamed Polygon: autoDraw = True
163.7714 	DATA 	Keypress: 1
163.7760 	EXP 	unnamed Polygon: autoDraw = True
163.7796 	EXP 	unnamed Polygon: autoDraw = True
163.7939 	EXP 	unnamed Polygon: autoDraw = True
163.7976 	EXP 	unnamed Polygon: autoDraw = True
163.8012 	EXP 	unnamed Polygon: autoDraw = True
163.8150 	EXP 	unnamed Polygon: autoDraw = True
163.8183 	EXP 	unnamed Polygon: autoDraw = True
163.8324 	EXP 	unnamed Polygon: autoDraw = True
163.8369 	EXP 	unnamed Polygon: autoDraw = True
163.8499 	EXP 	unnamed Polygon: autoDraw = True
163.8532 	EXP 	unnamed Polygon: autoDraw = True
163.8681 	EXP 	unnamed Polygon: autoDraw = True
163.8720 	EXP 	unnamed Polygon: autoDraw = True
163.8857 	EXP 	unnamed Polygon: autoDraw = True
163.8889 	EXP 	unnamed Polygon: autoDraw = True
163.8938 	EXP 	unnamed Polygon: autoDraw = True
163.9069 	EXP 	unnamed Polygon: autoDraw = True
163.9093 	EXP 	unnamed Polygon: autoDraw = True
163.9241 	EXP 	unnamed Polygon: autoDraw = True
163.9267 	EXP 	unnamed Polygon: autoDraw = True
163.9418 	EXP 	unnamed Polygon: autoDraw = True
163.9496 	EXP 	unnamed Polygon: autoDraw = False
171.6887 	EXP 	unnamed Polygon: autoDraw = True
171.6887 	EXP 	unnamed Polygon: autoDraw = True
171.6911 	EXP 	unnamed Polygon: autoDraw = True
171.6935 	EXP 	unnamed Polygon: autoDraw = True
171.7095 	EXP 	unnamed Polygon: autoDraw = True
171.7119 	EXP 	unnamed Polygon: autoDraw = True
171.7266 	EXP 	unnamed Polygon: autoDraw = True
171.7302 	EXP 	unnamed Polygon: autoDraw = True
171.7353 	EXP 	unnamed Polygon: autoDraw = True
171.7479 	EXP 	unnamed Polygon: autoDraw = True
171.7511 	EXP 	unnamed Polygon: autoDraw = True
171.7654 	EXP 	unnamed Polygon: autoDraw = True
171.7688 	EXP 	unnamed Polygon: autoDraw = True
171.7830 	EXP 	unnamed Polygon: autoDraw = True
171.7863 	EXP 	unnamed Polygon: autoDraw = True
171.8003 	EXP 	unnamed Polygon: autoDraw = True
171.8036 	EXP 	unnamed Polygon: autoDraw = True
171.8178 	EXP 	unnamed Polygon: autoDraw = True
171.8215 	EXP 	unnamed Polygon: autoDraw = True
171.8355 	EXP 	unnamed Polygon: autoDraw = True
171.8400 	EXP 	unnamed Polygon: autoDraw = True
171.8431 	EXP 	unnamed Polygon: autoDraw = True
171.8572 	EXP 	unnamed Polygon: autoDraw = True
171.8627 	EXP 	unnamed Polygon: autoDraw = True
171.8748 	EXP 	unnamed Polygon: autoDraw = True
171.8782 	EXP 	unnamed Polygon: autoDraw = True
171.8927 	EXP 	unnamed Polygon: autoDraw = True
171.8968 	EXP 	unnamed Polygon: autoDraw = True
171.9103 	EXP 	unnamed Polygon: autoDraw = True
171.9145 	EXP 	unnamed Polygon: autoDraw = True
171.9189 	EXP 	unnamed Polygon: autoDraw = True
171.9323 	EXP 	unnamed Polygon: autoDraw = True
171.9352 	EXP 	unnamed Polygon: autoDraw = True
171.9500 	EXP 	unnamed Polygon: autoDraw = True
171.9546 	EXP 	unnamed Polygon: autoDraw = True
171.9596 	DATA 	Keypress: 1
171.9626 	EXP 	unnamed Polygon: autoDraw = True
171.9720 	EXP 	unnamed Polygon: autoDraw = True
171.9805 	EXP 	unnamed Polygon: autoDraw = True
171.9848 	EXP 	unnamed Polygon: autoDraw = True
171.9980 	EXP 	unnamed Polygon: autoDraw = True
172.0008 	EXP 	unnamed Polygon: autoDraw = True
172.0154 	EXP 	unnamed Polygon: autoDraw = True
172.0185 	EXP 	unnamed Polygon: autoDraw = True
172.0330 	EXP 	unnamed Polygon: autoDraw = True
172.0377 	EXP 	unnamed Polygon: autoDraw = True
172.0505 	EXP 	unnamed Polygon: autoDraw = True
172.0534 	EXP 	unnamed Polygon: autoDraw = True
172.0679 	EXP 	unnamed Polygon: autoDraw = True
172.0711 	EXP 	unnamed Polygon: autoDraw = True
172.0854 	EXP 	unnamed Polygon: autoDraw = True
172.0893 	EXP 	unnamed Polygon: autoDraw = True
172.0937 	EXP 	unnamed Polygon: autoDraw = True
172.1070 	EXP 	unnamed Polygon: autoDraw = True
172.1097 	EXP 	unnamed Polygon: autoDraw = True
172.1245 	EXP 	unnamed Polygon: autoDraw = True
172.1272 	EXP 	unnamed Polygon: autoDraw = True
172.1419 	EXP 	unnamed Polygon: autoDraw = True
172.1502 	EXP 	unnamed Polygon: autoDraw = False
179.8983 	EXP 	unnamed Polygon: autoDraw = True
179.8983 	EXP 	unnamed Polygon: autoDraw = True
179.9009 	EXP 	unnamed Polygon: autoDraw = True
179.9154 	EXP 	unnamed Polygon: autoDraw = True
179.9181 	EXP 	unnamed Polygon: autoDraw = True
179.9326 	EXP 	unnamed Polygon: autoDraw = True
179.9347 	EXP 	unnamed Polygon: autoDraw = True
179.9504 	EXP 	unnamed Polygon: autoDraw = True
179.9545 	EXP 	unnamed Polygon: autoDraw = True
179.9674 	EXP 	unnamed Polygon: autoDraw = True
179.9711 	EXP 	unnamed Polygon: autoDraw = True
179.9851 	EXP 	unnamed Polygon: autoDraw = True
179.9896 	EXP 	unnamed Polygon: autoDraw = True
179.9932 	EXP 	unnamed Polygon: autoDraw = True
180.0075 	EXP 	unnamed Polygon: autoDraw = True
180.0104 	EXP 	unnamed Polygon: autoDraw = True
180.0250 	EXP 	unnamed Polygon: autoDraw = True
180.0283 	EXP 	unnamed Polygon: autoDraw = True
180.0426 	EXP 	unnamed Polygon: autoDraw = True
180.0454 	EXP 	unnamed Polygon: autoDraw = True
180.0601 	EXP 	unnamed Polygon: autoDraw = True
180.0639 	EXP 	unnamed Polygon: autoDraw = True
180.0685 	EXP 	unnamed Polygon: autoDraw = True
180.0812 	EXP 	unnamed Polygon: autoDraw = True
180.0849 	EXP 	unnamed Polygon: autoDraw = True
180.0987 	EXP 	unnamed Polygon: autoDraw = True
180.1015 	EXP 	unnamed Polygon: autoDraw = True
180.1165 	EXP 	unnamed Polygon: autoDraw = True
180.1207 	EXP 	unnamed Polygon: autoDraw = True
180.1242 	DATA 	Keypress: 1
180.1280 	EXP 	unnamed Polygon: autoDraw = True
180.1383 	EXP 	unnamed Polygon: autoDraw = True
180.1460 	EXP 	unnamed Polygon: autoDraw = True
180.1558 	EXP 	unnamed Polygon: autoDraw = True
180.1598 	EXP 	unnamed Polygon: autoDraw = True
180.1734 	EXP 	unnamed Polygon: autoDraw = True
180.1760 	EXP 	unnamed Polygon: autoDraw = True
180.1907 	EXP 	unnamed Polygon: autoDraw = True
180.1940 	EXP 	unnamed Polygon: autoDraw = True
180.2083 	EXP 	unnamed Polygon: autoDraw = True
180.2137 	EXP 	unnamed Polygon: autoDraw = True
180.2184 	EXP 	unnamed Polygon: autoDraw = True
180.2311 	EXP 	unnamed Polygon: autoDraw = True
180.2344 	EXP 	unnamed Polygon: autoDraw = True
180.2486 	EXP 	unnamed Polygon: autoDraw = True
180.2524 	EXP 	unnamed Polygon: autoDraw = True
180.2663 	EXP 	unnamed Polygon: autoDraw = True
180.2703 	EXP 	unnamed Polygon: autoDraw = True
180.2841 	EXP 	unnamed Polygon: autoDraw = True
180.2881 	EXP 	unnamed Polygon: autoDraw = True
180.3016 	EXP 	unnamed Polygon: autoDraw = True
180.3054 	EXP 	unnamed Polygon: autoDraw = True
180.3106 	EXP 	unnamed Polygon: autoDraw = True
180.3235 	EXP 	unnamed Polygon: autoDraw = True
180.3273 	EXP 	unnamed Polygon: autoDraw = True
180.3407 	EXP 	unnamed Polygon: autoDraw = True
180.3442 	EXP 	unnamed Polygon: autoDraw = True
180.3583 	EXP 	unnamed Polygon: autoDraw = True
180.3621 	EXP 	unnamed Polygon: autoDraw = True
180.3760 	EXP 	unnamed Polygon: autoDraw = True
180.3849 	EXP 	unnamed Polygon: autoDraw = False
186.1727 	EXP 	unnamed Polygon: autoDraw = True
186.1727 	EXP 	unnamed Polygon: autoDraw = True
186.1754 	EXP 	unnamed Polygon: autoDraw = True
186.1789 	EXP 	unnamed Polygon: autoDraw = True
186.1934 	EXP 	unnamed Polygon: autoDraw = True
186.1957 	EXP 	unnamed Polygon: autoDraw = True
186.2107 	EXP 	unnamed Polygon: autoDraw = True
186.2140 	EXP 	unnamed Polygon: autoDraw = True
186.2183 	EXP 	unnamed Polygon: autoDraw = True
186.2319 	EXP 	unnamed Polygon: autoDraw = True
186.2354 	EXP 	unnamed Polygon: autoDraw = True
186.2492 	EXP 	unnamed Polygon: autoDraw = True
186.2522 	EXP 	unnamed Polygon: autoDraw = True
186.2666 	EXP 	unnamed Polygon: autoDraw = True
186.2869 	EXP 	unnamed Polygon: autoDraw = True
186.2915 	EXP 	unnamed Polygon: autoDraw = True
186.2948 	EXP 	unnamed Polygon: autoDraw = True
186.2990 	EXP 	unnamed Polygon: autoDraw = True
186.3024 	EXP 	unnamed Polygon: autoDraw = True
186.3165 	EXP 	unnamed Polygon: autoDraw = True
186.3194 	EXP 	unnamed Polygon: autoDraw = True
186.3342 	EXP 	unnamed Polygon: autoDraw = True
186.3370 	EXP 	unnamed Polygon: autoDraw = True
186.3517 	EXP 	unnamed Polygon: autoDraw = True
186.3556 	EXP 	unnamed Polygon: autoDraw = True
186.3600 	EXP 	unnamed Polygon: autoDraw = True
186.3729 	EXP 	unnamed Polygon: autoDraw = True
186.3761 	EXP 	unnamed Polygon: autoDraw = True
186.3904 	EXP 	unnamed Polygon: autoDraw = True
186.3940 	EXP 	unnamed Polygon: autoDraw = True
186.4080 	EXP 	unnamed Polygon: autoDraw = True
186.4119 	EXP 	unnamed Polygon: autoDraw = True
186.4258 	EXP 	unnamed Polygon: autoDraw = True
186.4302 	DATA 	Keypress: 1
186.4343 	EXP 	unnamed Polygon: autoDraw = True
186.4379 	EXP 	unnamed Polygon: autoDraw = True
186.4523 	EXP 	unnamed Polygon: autoDraw = True
186.4558 	EXP 	unnamed Polygon: autoDraw = True
186.4598 	EXP 	unnamed Polygon: autoDraw = True
186.4736 	EXP 	unnamed Polygon: autoDraw = True
186.4763 	EXP 	unnamed Polygon: autoDraw = True
186.4909 	EXP 	unnamed Polygon: autoDraw = True
186.4955 	EXP 	unnamed Polygon: autoDraw = True
186.5085 	EXP 	unnamed Polygon: autoDraw = True
186.5113 	EXP 	unnamed Polygon: autoDraw = True
186.5260 	EXP 	unnamed Polygon: autoDraw = True
186.5286 	EXP 	unnamed Polygon: autoDraw = True
186.5435 	EXP 	unnamed Polygon: autoDraw = True
186.5472 	EXP 	unnamed Polygon: autoDraw = True
186.5516 	EXP 	unnamed Polygon: autoDraw = True
186.5645 	EXP 	unnamed Polygon: autoDraw = True
186.5684 	EXP 	unnamed Polygon: autoDraw = True
186.5823 	EXP 	unnamed Polygon: autoDraw = True
186.5856 	EXP 	unnamed Polygon: autoDraw = True
186.6001 	EXP 	unnamed Polygon: autoDraw = True
186.6044 	EXP 	unnamed Polygon: autoDraw = True
186.6178 	EXP 	unnamed Polygon: autoDraw = True
186.6215 	EXP 	unnamed Polygon: autoDraw = True
186.6299 	EXP 	unnamed Polygon: autoDraw = False
196.6848 	DATA 	Keypress: 1
197.6817 	DATA 	Keypress: 1
206.7299 	EXP 	unnamed TextStim: height = 0.04
206.7299 	EXP 	unnamed TextStim: height = 0.04
206.7299 	EXP 	unnamed TextStim: height = 0.04
206.7299 	EXP 	unnamed TextStim: text = 'Instructions...\n\nYour goal is to make as much money as possible.\n\nRemember:\nWIN CIRCLES = win money\nLOSE SQUARES = lose money\n\nQUICKLY press the button with your pointer finger when you see the solid white triangle.\n\nYou will get feedback on whether you pressed the button in time and if you won or lost money.'
207.9233 	DATA 	Keypress: 1
207.9258 	EXP 	Created unnamed TextStim = TextStim(__class__=<class 'psychopy.visual.text.TextStim'>, alignHoriz=method-wrapper(...), alignText='center', alignVert=method-wrapper(...), anchorHoriz='center', anchorVert='center', antialias=True, autoDraw=False, autoLog=True, bold=False, color=array([1., 1., 1.]), colorSpace='rgb', contrast=1.0, depth=0, draggable=False, flipHoriz=False, flipVert=False, font='', fontFiles=[], height=0.08, italic=False, languageStyle='LTR', name='unnamed TextStim', opacity=1.0, ori=0.0, pos=array([-0.65,  0.15]), rgb=UNKNOWN, text='+', units='height', win=Window(...), wrapWidth=1)
207.9320 	EXP 	Created unnamed ImageStim = ImageStim(__class__=<class 'psychopy.visual.image.ImageStim'>, anchor=('center', 'center'), autoLog=True, color=array([1., 1., 1.]), colorSpace='rgb', contrast=1.0, depth=0, draggable=False, flipHoriz=False, flipVert=False, image='../stimuli/reward_high.png', interpolate=False, mask=None, maskParams=None, name='unnamed ImageStim', opacity=1, ori=0.0, pos=array([-0.35,  0.15]), size=array([0.2, 0.2]), texRes=128, units='height', win=Window(...))
207.9330 	EXP 	Created unnamed TextStim = TextStim(__class__=<class 'psychopy.visual.text.TextStim'>, alignHoriz=method-wrapper(...), alignText='center', alignVert=method-wrapper(...), anchorHoriz='center', anchorVert='center', antialias=True, autoDraw=False, autoLog=True, bold=False, color=array([1., 1., 1.]), colorSpace='rgb', contrast=1.0, depth=0, draggable=False, flipHoriz=False, flipVert=False, font='', fontFiles=[], height=0.08, italic=False, languageStyle='LTR', name='unnamed TextStim', opacity=1.0, ori=0.0, pos=array([-0.15,  0.15]), rgb=UNKNOWN, text='+', units='height', win=Window(...), wrapWidth=1)
207.9338 	EXP 	Created unnamed Polygon = Polygon(__class__=<class 'psychopy.visual.polygon.Polygon'>, anchor=('center', 'center'), autoDraw=False, autoLog=True, closeShape=True, color=method-wrapper(...), colorSpace='rgb', contrast=None, depth=0, draggable=False, fillColor=array([1, 1, 1]), fillColorSpace='rgb', fillRGB=array([1, 1, 1]), interpolate=True, lineColor=array([1., 1., 1.]), lineColorSpace='rgb', lineRGB=array([1, 1, 1]), lineWidth=1.5, name='unnamed Polygon', opacity=1, ori=0.0, pos=array([0.15, 0.15]), size=array([1., 1.]), units='height', vertices=ndarray(...), win=Window(...))
207.9347 	EXP 	Created unnamed TextStim = TextStim(__class__=<class 'psychopy.visual.text.TextStim'>, alignHoriz=method-wrapper(...), alignText='center', alignVert=method-wrapper(...), anchorHoriz='center', anchorVert='center', antialias=True, autoDraw=False, autoLog=True, bold=False, color=array([1., 1., 1.]), colorSpace='rgb', contrast=1.0, depth=0, draggable=False, flipHoriz=False, flipVert=False, font='', fontFiles=[], height=0.08, italic=False, languageStyle='LTR', name='unnamed TextStim', opacity=1.0, ori=0.0, pos=array([0.35, 0.15]), rgb=UNKNOWN, text='+', units='height', win=Window(...), wrapWidth=1)
207.9375 	EXP 	Created unnamed TextStim = TextStim(__class__=<class 'psychopy.visual.text.TextStim'>, alignHoriz=method-wrapper(...), alignText='center', alignVert=method-wrapper(...), anchorHoriz='center', anchorVert='center', antialias=True, autoDraw=False, autoLog=True, bold=False, color=array([1., 1., 1.]), colorSpace='rgb', contrast=1.0, depth=0, draggable=False, flipHoriz=False, flipVert=False, font='', fontFiles=[], height=0.08, italic=False, languageStyle='LTR', name='unnamed TextStim', opacity=1.0, ori=0.0, pos=array([0.65, 0.15]), rgb=UNKNOWN, text='Hit!\n+$5.00', units='height', win=Window(...), wrapWidth=1)
207.9375 	WARNING 	TextStim.alignHoriz is deprecated. Use alignText and anchorHoriz attributes instead
207.9399 	EXP 	Created unnamed TextStim = TextStim(__class__=<class 'psychopy.visual.text.TextStim'>, alignHoriz='center', alignText='center', alignVert=method-wrapper(...), anchorHoriz='center', anchorVert='center', antialias=True, autoDraw=False, autoLog=True, bold=False, color=array([1., 1., 1.]), colorSpace='rgb', contrast=1.0, depth=0, draggable=False, flipHoriz=False, flipVert=False, font='', fontFiles=[], height=0.04, italic=False, languageStyle='LTR', name='unnamed TextStim', opacity=1.0, ori=0.0, pos=array([-0.65, -0.15]), rgb=UNKNOWN, text='Pay attention', units='height', win=Window(...), wrapWidth=0.1)
207.9400 	WARNING 	TextStim.alignHoriz is deprecated. Use alignText and anchorHoriz attributes instead
207.9424 	EXP 	Created unnamed TextStim = TextStim(__class__=<class 'psychopy.visual.text.TextStim'>, alignHoriz='center', alignText='center', alignVert=method-wrapper(...), anchorHoriz='center', anchorVert='center', antialias=True, autoDraw=False, autoLog=True, bold=False, color=array([1., 1., 1.]), colorSpace='rgb', contrast=1.0, depth=0, draggable=False, flipHoriz=False, flipVert=False, font='', fontFiles=[], height=0.04, italic=False, languageStyle='LTR', name='unnamed TextStim', opacity=1.0, ori=0.0, pos=array([-0.35, -0.15]), rgb=UNKNOWN, text="Cue: don't respond yet", units='height', win=Window(...), wrapWidth=0.1)
207.9425 	WARNING 	TextStim.alignHoriz is deprecated. Use alignText and anchorHoriz attributes instead
207.9436 	EXP 	Created unnamed TextStim = TextStim(__class__=<class 'psychopy.visual.text.TextStim'>, alignHoriz='center', alignText='center', alignVert=method-wrapper(...), anchorHoriz='center', anchorVert='center', antialias=True, autoDraw=False, autoLog=True, bold=False, color=array([1., 1., 1.]), colorSpace='rgb', contrast=1.0, depth=0, draggable=False, flipHoriz=False, flipVert=False, font='', fontFiles=[], height=0.04, italic=False, languageStyle='LTR', name='unnamed TextStim', opacity=1.0, ori=0.0, pos=array([-0.15, -0.15]), rgb=UNKNOWN, text='Pay attention', units='height', win=Window(...), wrapWidth=0.1)
207.9437 	WARNING 	TextStim.alignHoriz is deprecated. Use alignText and anchorHoriz attributes instead
207.9459 	EXP 	Created unnamed TextStim = TextStim(__class__=<class 'psychopy.visual.text.TextStim'>, alignHoriz='center', alignText='center', alignVert=method-wrapper(...), anchorHoriz='center', anchorVert='center', antialias=True, autoDraw=False, autoLog=True, bold=False, color=array([1., 1., 1.]), colorSpace='rgb', contrast=1.0, depth=0, draggable=False, flipHoriz=False, flipVert=False, font='', fontFiles=[], height=0.04, italic=False, languageStyle='LTR', name='unnamed TextStim', opacity=1.0, ori=0.0, pos=array([ 0.15, -0.15]), rgb=UNKNOWN, text='Respond when solid triangle is on screen', units='height', win=Window(...), wrapWidth=0.1)
207.9460 	WARNING 	TextStim.alignHoriz is deprecated. Use alignText and anchorHoriz attributes instead
207.9470 	EXP 	Created unnamed TextStim = TextStim(__class__=<class 'psychopy.visual.text.TextStim'>, alignHoriz='center', alignText='center', alignVert=method-wrapper(...), anchorHoriz='center', anchorVert='center', antialias=True, autoDraw=False, autoLog=True, bold=False, color=array([1., 1., 1.]), colorSpace='rgb', contrast=1.0, depth=0, draggable=False, flipHoriz=False, flipVert=False, font='', fontFiles=[], height=0.04, italic=False, languageStyle='LTR', name='unnamed TextStim', opacity=1.0, ori=0.0, pos=array([ 0.35, -0.15]), rgb=UNKNOWN, text='Pay attention', units='height', win=Window(...), wrapWidth=0.1)
207.9470 	WARNING 	TextStim.alignHoriz is deprecated. Use alignText and anchorHoriz attributes instead
207.9483 	EXP 	Created unnamed TextStim = TextStim(__class__=<class 'psychopy.visual.text.TextStim'>, alignHoriz='center', alignText='center', alignVert=method-wrapper(...), anchorHoriz='center', anchorVert='center', antialias=True, autoDraw=False, autoLog=True, bold=False, color=array([1., 1., 1.]), colorSpace='rgb', contrast=1.0, depth=0, draggable=False, flipHoriz=False, flipVert=False, font='', fontFiles=[], height=0.04, italic=False, languageStyle='LTR', name='unnamed TextStim', opacity=1.0, ori=0.0, pos=array([ 0.65, -0.15]), rgb=UNKNOWN, text='Feedback', units='height', win=Window(...), wrapWidth=0.1)
210.9525 	DATA 	Keypress: 1
211.7580 	DATA 	Keypress: 1
212.5509 	DATA 	Keypress: return
213.8643 	DATA 	Keypress: 5
214.4057 	DATA 	Keypress: t
215.0689 	DATA 	Keypress: t
215.8139 	DATA 	Keypress: equal
224.8808 	EXP 	unnamed Polygon: autoDraw = True
224.8808 	EXP 	unnamed Polygon: autoDraw = True
224.8837 	EXP 	unnamed Polygon: autoDraw = True
224.8869 	EXP 	unnamed Polygon: autoDraw = True
224.9017 	EXP 	unnamed Polygon: autoDraw = True
224.9036 	EXP 	unnamed Polygon: autoDraw = True
224.9200 	EXP 	unnamed Polygon: autoDraw = True
224.9238 	EXP 	unnamed Polygon: autoDraw = True
224.9267 	EXP 	unnamed Polygon: autoDraw = True
224.9415 	EXP 	unnamed Polygon: autoDraw = True
224.9447 	EXP 	unnamed Polygon: autoDraw = True
224.9591 	EXP 	unnamed Polygon: autoDraw = True
224.9624 	EXP 	unnamed Polygon: autoDraw = True
224.9766 	EXP 	unnamed Polygon: autoDraw = True
224.9793 	EXP 	unnamed Polygon: autoDraw = True
224.9941 	EXP 	unnamed Polygon: autoDraw = True
224.9985 	EXP 	unnamed Polygon: autoDraw = True
225.0024 	EXP 	unnamed Polygon: autoDraw = True
225.0163 	EXP 	unnamed Polygon: autoDraw = True
225.0210 	EXP 	unnamed Polygon: autoDraw = True
225.0337 	EXP 	unnamed Polygon: autoDraw = True
225.0374 	EXP 	unnamed Polygon: autoDraw = True
225.0506 	EXP 	unnamed Polygon: autoDraw = True
225.0546 	EXP 	unnamed Polygon: autoDraw = True
225.0682 	EXP 	unnamed Polygon: autoDraw = True
225.0727 	EXP 	unnamed Polygon: autoDraw = True
225.0765 	DATA 	Keypress: 1
225.0806 	EXP 	unnamed Polygon: autoDraw = True
225.0852 	EXP 	unnamed Polygon: autoDraw = True
225.0987 	EXP 	unnamed Polygon: autoDraw = True
225.1017 	EXP 	unnamed Polygon: autoDraw = True
225.1163 	EXP 	unnamed Polygon: autoDraw = True
225.1197 	EXP 	unnamed Polygon: autoDraw = True
225.1338 	EXP 	unnamed Polygon: autoDraw = True
225.1422 	EXP 	unnamed Polygon: autoDraw = False
226.9337 	EXP 	trial_feedback: height = 0.09
226.9337 	EXP 	trial_feedback: height = 0.09
226.9337 	EXP 	trial_feedback: height = 0.09
226.9337 	EXP 	trial_feedback: text = 'Hit!\n$0.00'
226.9337 	EXP 	trial_feedback: autoDraw = True
228.9100 	EXP 	trial_feedback: autoDraw = False
228.9288 	EXP 	trial_feedback: autoDraw = False
228.9288 	EXP 	exp_feedback: autoDraw = False
239.4320 	EXP 	unnamed Polygon: autoDraw = True
239.4320 	EXP 	unnamed Polygon: autoDraw = True
239.4345 	EXP 	unnamed Polygon: autoDraw = True
239.4371 	EXP 	unnamed Polygon: autoDraw = True
239.4527 	EXP 	unnamed Polygon: autoDraw = True
239.4544 	EXP 	unnamed Polygon: autoDraw = True
239.4698 	EXP 	unnamed Polygon: autoDraw = True
239.4731 	EXP 	unnamed Polygon: autoDraw = True
239.4766 	EXP 	unnamed Polygon: autoDraw = True
239.4910 	EXP 	unnamed Polygon: autoDraw = True
239.4944 	EXP 	unnamed Polygon: autoDraw = True
239.5087 	EXP 	unnamed Polygon: autoDraw = True
239.5121 	EXP 	unnamed Polygon: autoDraw = True
239.5260 	EXP 	unnamed Polygon: autoDraw = True
239.5293 	EXP 	unnamed Polygon: autoDraw = True
239.5435 	EXP 	unnamed Polygon: autoDraw = True
239.5474 	EXP 	unnamed Polygon: autoDraw = True
239.5515 	EXP 	unnamed Polygon: autoDraw = True
239.5651 	EXP 	unnamed Polygon: autoDraw = True
239.5678 	EXP 	unnamed Polygon: autoDraw = True
239.5823 	EXP 	unnamed Polygon: autoDraw = True
239.5861 	EXP 	unnamed Polygon: autoDraw = True
239.6041 	EXP 	unnamed Polygon: autoDraw = True
239.6073 	EXP 	unnamed Polygon: autoDraw = True
239.6100 	EXP 	unnamed Polygon: autoDraw = True
239.6249 	EXP 	unnamed Polygon: autoDraw = True
239.6269 	EXP 	unnamed Polygon: autoDraw = True
239.6428 	EXP 	unnamed Polygon: autoDraw = True
239.6454 	DATA 	Keypress: 1
239.6507 	EXP 	unnamed Polygon: autoDraw = True
239.6550 	EXP 	unnamed Polygon: autoDraw = True
239.6607 	EXP 	unnamed Polygon: autoDraw = True
239.6726 	EXP 	unnamed Polygon: autoDraw = True
239.6769 	EXP 	unnamed Polygon: autoDraw = True
239.6903 	EXP 	unnamed Polygon: autoDraw = False
241.0065 	EXP 	trial_feedback: text = 'Hit!\n$0.00'
241.0065 	EXP 	trial_feedback: autoDraw = True
243.0056 	EXP 	trial_feedback: autoDraw = False
243.0056 	EXP 	exp_feedback: autoDraw = False
251.4749 	EXP 	unnamed Polygon: autoDraw = True
251.4749 	EXP 	unnamed Polygon: autoDraw = True
251.4770 	EXP 	unnamed Polygon: autoDraw = True
251.4803 	EXP 	unnamed Polygon: autoDraw = True
251.4952 	EXP 	unnamed Polygon: autoDraw = True
251.4979 	EXP 	unnamed Polygon: autoDraw = True
251.5016 	EXP 	unnamed Polygon: autoDraw = True
251.5153 	EXP 	unnamed Polygon: autoDraw = True
251.5176 	EXP 	unnamed Polygon: autoDraw = True
251.5323 	EXP 	unnamed Polygon: autoDraw = True
251.5345 	EXP 	unnamed Polygon: autoDraw = True
251.5496 	EXP 	unnamed Polygon: autoDraw = True
251.5515 	EXP 	unnamed Polygon: autoDraw = True
251.5671 	EXP 	unnamed Polygon: autoDraw = True
251.5710 	EXP 	unnamed Polygon: autoDraw = True
251.5847 	EXP 	unnamed Polygon: autoDraw = True
251.5885 	EXP 	unnamed Polygon: autoDraw = True
251.6024 	EXP 	unnamed Polygon: autoDraw = True
251.6070 	EXP 	unnamed Polygon: autoDraw = True
251.6109 	EXP 	unnamed Polygon: autoDraw = True
251.6249 	EXP 	unnamed Polygon: autoDraw = True
251.6283 	EXP 	unnamed Polygon: autoDraw = True
251.6427 	EXP 	unnamed Polygon: autoDraw = True
251.6472 	EXP 	unnamed Polygon: autoDraw = True
251.6506 	DATA 	Keypress: 1
251.6547 	EXP 	unnamed Polygon: autoDraw = True
251.6653 	EXP 	unnamed Polygon: autoDraw = True
251.6685 	EXP 	unnamed Polygon: autoDraw = True
251.6830 	EXP 	unnamed Polygon: autoDraw = True
251.6861 	EXP 	unnamed Polygon: autoDraw = True
251.7011 	EXP 	unnamed Polygon: autoDraw = True
251.7113 	EXP 	unnamed Polygon: autoDraw = False
253.1022 	EXP 	trial_feedback: text = 'Hit!\n$0.00'
253.1022 	EXP 	trial_feedback: autoDraw = True
255.0971 	EXP 	trial_feedback: autoDraw = False
255.1164 	EXP 	trial_feedback: autoDraw = False
255.1164 	EXP 	exp_feedback: autoDraw = False
263.2652 	EXP 	unnamed Polygon: autoDraw = True
263.2652 	EXP 	unnamed Polygon: autoDraw = True
263.2674 	EXP 	unnamed Polygon: autoDraw = True
263.2693 	EXP 	unnamed Polygon: autoDraw = True
263.2864 	EXP 	unnamed Polygon: autoDraw = True
263.2883 	EXP 	unnamed Polygon: autoDraw = True
263.3043 	EXP 	unnamed Polygon: autoDraw = True
263.3062 	EXP 	unnamed Polygon: autoDraw = True
263.3104 	EXP 	unnamed Polygon: autoDraw = True
263.3247 	EXP 	unnamed Polygon: autoDraw = True
263.3282 	EXP 	unnamed Polygon: autoDraw = True
263.3424 	EXP 	unnamed Polygon: autoDraw = True
263.3461 	EXP 	unnamed Polygon: autoDraw = True
263.3594 	EXP 	unnamed Polygon: autoDraw = True
263.3624 	EXP 	unnamed Polygon: autoDraw = True
263.3771 	EXP 	unnamed Polygon: autoDraw = True
263.3804 	EXP 	unnamed Polygon: autoDraw = True
263.3851 	EXP 	unnamed Polygon: autoDraw = True
263.3981 	EXP 	unnamed Polygon: autoDraw = True
263.4011 	EXP 	unnamed Polygon: autoDraw = True
263.4157 	EXP 	unnamed Polygon: autoDraw = True
263.4189 	EXP 	unnamed Polygon: autoDraw = True
263.4332 	EXP 	unnamed Polygon: autoDraw = True
263.4365 	EXP 	unnamed Polygon: autoDraw = True
263.4509 	EXP 	unnamed Polygon: autoDraw = True
263.4542 	EXP 	unnamed Polygon: autoDraw = True
263.4683 	EXP 	unnamed Polygon: autoDraw = True
263.4721 	EXP 	unnamed Polygon: autoDraw = True
263.4772 	EXP 	unnamed Polygon: autoDraw = True
263.4810 	DATA 	Keypress: 1
263.4853 	EXP 	unnamed Polygon: autoDraw = True
263.4938 	EXP 	unnamed Polygon: autoDraw = True
263.5033 	EXP 	unnamed Polygon: autoDraw = True
263.5117 	EXP 	unnamed Polygon: autoDraw = True
263.5185 	EXP 	unnamed Polygon: autoDraw = False
265.1993 	EXP 	trial_feedback: height = 0.09
265.1993 	EXP 	trial_feedback: height = 0.09
265.1993 	EXP 	trial_feedback: height = 0.09
265.1993 	EXP 	trial_feedback: text = 'Hit!\n+$5.00'
265.1993 	EXP 	trial_feedback: autoDraw = True
267.1769 	EXP 	trial_feedback: autoDraw = False
267.1967 	EXP 	trial_feedback: autoDraw = False
267.1967 	EXP 	exp_feedback: autoDraw = False
275.5299 	EXP 	unnamed Polygon: autoDraw = True
275.5299 	EXP 	unnamed Polygon: autoDraw = True
275.5323 	EXP 	unnamed Polygon: autoDraw = True
275.5349 	EXP 	unnamed Polygon: autoDraw = True
275.5510 	EXP 	unnamed Polygon: autoDraw = True
275.5549 	EXP 	unnamed Polygon: autoDraw = True
275.5683 	EXP 	unnamed Polygon: autoDraw = True
275.5722 	EXP 	unnamed Polygon: autoDraw = True
275.5768 	EXP 	unnamed Polygon: autoDraw = True
275.5905 	EXP 	unnamed Polygon: autoDraw = True
275.5940 	EXP 	unnamed Polygon: autoDraw = True
275.6084 	EXP 	unnamed Polygon: autoDraw = True
275.6127 	EXP 	unnamed Polygon: autoDraw = True
275.6259 	EXP 	unnamed Polygon: autoDraw = True
275.6295 	EXP 	unnamed Polygon: autoDraw = True
275.6436 	EXP 	unnamed Polygon: autoDraw = True
275.6471 	EXP 	unnamed Polygon: autoDraw = True
275.6522 	EXP 	unnamed Polygon: autoDraw = True
275.6654 	EXP 	unnamed Polygon: autoDraw = True
275.6686 	EXP 	unnamed Polygon: autoDraw = True
275.6832 	EXP 	unnamed Polygon: autoDraw = True
275.6869 	EXP 	unnamed Polygon: autoDraw = True
275.7008 	EXP 	unnamed Polygon: autoDraw = True
275.7044 	EXP 	unnamed Polygon: autoDraw = True
275.7184 	EXP 	unnamed Polygon: autoDraw = True
275.7224 	EXP 	unnamed Polygon: autoDraw = True
275.7266 	EXP 	unnamed Polygon: autoDraw = True
275.7405 	EXP 	unnamed Polygon: autoDraw = True
275.7440 	EXP 	unnamed Polygon: autoDraw = True
275.7581 	EXP 	unnamed Polygon: autoDraw = True
275.7615 	DATA 	Keypress: 1
275.7655 	EXP 	unnamed Polygon: autoDraw = True
275.7683 	EXP 	unnamed Polygon: autoDraw = True
275.7829 	EXP 	unnamed Polygon: autoDraw = True
275.7873 	EXP 	unnamed Polygon: autoDraw = False
277.2621 	EXP 	trial_feedback: height = 0.09
277.2621 	EXP 	trial_feedback: height = 0.09
277.2621 	EXP 	trial_feedback: height = 0.09
277.2621 	EXP 	trial_feedback: text = 'Hit!\n+$1.50'
277.2621 	EXP 	trial_feedback: autoDraw = True
279.2457 	EXP 	trial_feedback: autoDraw = False
279.2657 	EXP 	trial_feedback: autoDraw = False
279.2657 	EXP 	exp_feedback: autoDraw = False
287.4908 	EXP 	unnamed Polygon: autoDraw = True
287.4908 	EXP 	unnamed Polygon: autoDraw = True
287.4928 	EXP 	unnamed Polygon: autoDraw = True
287.4947 	EXP 	unnamed Polygon: autoDraw = True
287.5115 	EXP 	unnamed Polygon: autoDraw = True
287.5154 	EXP 	unnamed Polygon: autoDraw = True
287.5180 	EXP 	unnamed Polygon: autoDraw = True
287.5342 	EXP 	unnamed Polygon: autoDraw = True
287.5360 	EXP 	unnamed Polygon: autoDraw = True
287.5522 	EXP 	unnamed Polygon: autoDraw = True
287.5562 	EXP 	unnamed Polygon: autoDraw = True
287.5591 	EXP 	unnamed Polygon: autoDraw = True
287.5742 	EXP 	unnamed Polygon: autoDraw = True
287.5784 	EXP 	unnamed Polygon: autoDraw = True
287.5914 	EXP 	unnamed Polygon: autoDraw = True
287.5943 	EXP 	unnamed Polygon: autoDraw = True
287.6089 	EXP 	unnamed Polygon: autoDraw = True
287.6122 	EXP 	unnamed Polygon: autoDraw = True
287.6265 	EXP 	unnamed Polygon: autoDraw = True
287.6293 	EXP 	unnamed Polygon: autoDraw = True
287.6438 	EXP 	unnamed Polygon: autoDraw = True
287.6476 	EXP 	unnamed Polygon: autoDraw = True
287.6514 	EXP 	unnamed Polygon: autoDraw = True
287.6651 	EXP 	unnamed Polygon: autoDraw = True
287.6678 	EXP 	unnamed Polygon: autoDraw = True
287.6824 	EXP 	unnamed Polygon: autoDraw = True
287.6852 	EXP 	unnamed Polygon: autoDraw = True
287.7000 	EXP 	unnamed Polygon: autoDraw = True
287.7079 	DATA 	Keypress: 1
287.7128 	EXP 	unnamed Polygon: autoDraw = False
289.3218 	EXP 	trial_feedback: height = 0.09
289.3218 	EXP 	trial_feedback: height = 0.09
289.3218 	EXP 	trial_feedback: height = 0.09
289.3218 	EXP 	trial_feedback: text = 'Miss!\n$0.00'
289.3218 	EXP 	trial_feedback: autoDraw = True
291.3032 	EXP 	trial_feedback: autoDraw = False
291.3225 	EXP 	trial_feedback: autoDraw = False
291.3225 	EXP 	exp_feedback: autoDraw = False
297.8325 	EXP 	unnamed Polygon: autoDraw = True
297.8325 	EXP 	unnamed Polygon: autoDraw = True
297.8346 	EXP 	unnamed Polygon: autoDraw = True
297.8366 	EXP 	unnamed Polygon: autoDraw = True
297.8531 	EXP 	unnamed Polygon: autoDraw = True
297.8547 	EXP 	unnamed Polygon: autoDraw = True
297.8703 	EXP 	unnamed Polygon: autoDraw = True
297.8721 	EXP 	unnamed Polygon: autoDraw = True
297.8876 	EXP 	unnamed Polygon: autoDraw = True
297.8910 	EXP 	unnamed Polygon: autoDraw = True
297.8934 	EXP 	unnamed Polygon: autoDraw = True
297.9094 	EXP 	unnamed Polygon: autoDraw = True
297.9132 	EXP 	unnamed Polygon: autoDraw = True
297.9268 	EXP 	unnamed Polygon: autoDraw = True
297.9301 	EXP 	unnamed Polygon: autoDraw = True
297.9444 	EXP 	unnamed Polygon: autoDraw = True
297.9479 	EXP 	unnamed Polygon: autoDraw = True
297.9521 	EXP 	unnamed Polygon: autoDraw = True
297.9659 	EXP 	unnamed Polygon: autoDraw = True
297.9689 	EXP 	unnamed Polygon: autoDraw = True
297.9836 	EXP 	unnamed Polygon: autoDraw = True
297.9866 	EXP 	unnamed Polygon: autoDraw = True
298.0009 	EXP 	unnamed Polygon: autoDraw = True
298.0038 	EXP 	unnamed Polygon: autoDraw = True
298.0185 	EXP 	unnamed Polygon: autoDraw = True
298.0217 	DATA 	Keypress: 1
298.0260 	EXP 	unnamed Polygon: autoDraw = True
298.0279 	EXP 	unnamed Polygon: autoDraw = True
298.0443 	EXP 	unnamed Polygon: autoDraw = True
298.0484 	EXP 	unnamed Polygon: autoDraw = True
298.0511 	EXP 	unnamed Polygon: autoDraw = True
298.0656 	EXP 	unnamed Polygon: autoDraw = True
298.0731 	EXP 	unnamed Polygon: autoDraw = False
299.4141 	EXP 	trial_feedback: height = 0.09
299.4141 	EXP 	trial_feedback: height = 0.09
299.4141 	EXP 	trial_feedback: height = 0.09
299.4141 	EXP 	trial_feedback: text = 'Hit!\n+$5.00'
299.4141 	EXP 	trial_feedback: autoDraw = True
301.4041 	EXP 	trial_feedback: autoDraw = False
301.4236 	EXP 	trial_feedback: autoDraw = False
301.4236 	EXP 	exp_feedback: autoDraw = False
311.7158 	EXP 	unnamed Polygon: autoDraw = True
311.7158 	EXP 	unnamed Polygon: autoDraw = True
311.7180 	EXP 	unnamed Polygon: autoDraw = True
311.7197 	EXP 	unnamed Polygon: autoDraw = True
311.7369 	EXP 	unnamed Polygon: autoDraw = True
311.7387 	EXP 	unnamed Polygon: autoDraw = True
311.7546 	EXP 	unnamed Polygon: autoDraw = True
311.7584 	EXP 	unnamed Polygon: autoDraw = True
311.7604 	EXP 	unnamed Polygon: autoDraw = True
311.7767 	EXP 	unnamed Polygon: autoDraw = True
311.7808 	EXP 	unnamed Polygon: autoDraw = True
311.7844 	EXP 	unnamed Polygon: autoDraw = True
311.7988 	EXP 	unnamed Polygon: autoDraw = True
311.8025 	EXP 	unnamed Polygon: autoDraw = True
311.8165 	EXP 	unnamed Polygon: autoDraw = True
311.8193 	EXP 	unnamed Polygon: autoDraw = True
311.8341 	EXP 	unnamed Polygon: autoDraw = True
311.8375 	EXP 	unnamed Polygon: autoDraw = True
311.8513 	EXP 	unnamed Polygon: autoDraw = True
311.8548 	EXP 	unnamed Polygon: autoDraw = True
311.8686 	EXP 	unnamed Polygon: autoDraw = True
311.8720 	EXP 	unnamed Polygon: autoDraw = True
311.8772 	EXP 	unnamed Polygon: autoDraw = True
311.8898 	EXP 	unnamed Polygon: autoDraw = True
311.8927 	EXP 	unnamed Polygon: autoDraw = True
311.9074 	EXP 	unnamed Polygon: autoDraw = True
311.9114 	EXP 	unnamed Polygon: autoDraw = True
311.9251 	EXP 	unnamed Polygon: autoDraw = True
311.9291 	DATA 	Keypress: 1
311.9341 	EXP 	unnamed Polygon: autoDraw = True
311.9378 	EXP 	unnamed Polygon: autoDraw = True
311.9525 	EXP 	unnamed Polygon: autoDraw = True
311.9604 	EXP 	unnamed Polygon: autoDraw = False
313.4937 	EXP 	trial_feedback: height = 0.09
313.4937 	EXP 	trial_feedback: height = 0.09
313.4937 	EXP 	trial_feedback: height = 0.09
313.4937 	EXP 	trial_feedback: text = 'Hit!\n$0.00'
313.4937 	EXP 	trial_feedback: autoDraw = True
315.4860 	EXP 	trial_feedback: autoDraw = False
315.5012 	EXP 	trial_feedback: autoDraw = False
315.5012 	EXP 	exp_feedback: autoDraw = False
325.8515 	DATA 	Keypress: 1
325.8737 	EXP 	unnamed Polygon: autoDraw = True
325.8737 	EXP 	unnamed Polygon: autoDraw = True
325.8759 	EXP 	unnamed Polygon: autoDraw = True
325.8913 	EXP 	unnamed Polygon: autoDraw = True
325.8931 	EXP 	unnamed Polygon: autoDraw = True
325.9083 	EXP 	unnamed Polygon: autoDraw = True
325.9107 	EXP 	unnamed Polygon: autoDraw = True
325.9260 	EXP 	unnamed Polygon: autoDraw = True
325.9302 	EXP 	unnamed Polygon: autoDraw = True
325.9441 	EXP 	unnamed Polygon: autoDraw = True
325.9491 	EXP 	unnamed Polygon: autoDraw = True
325.9511 	EXP 	unnamed Polygon: autoDraw = True
325.9673 	EXP 	unnamed Polygon: autoDraw = True
325.9710 	EXP 	unnamed Polygon: autoDraw = True
325.9849 	EXP 	unnamed Polygon: autoDraw = True
325.9887 	EXP 	unnamed Polygon: autoDraw = True
326.0024 	EXP 	unnamed Polygon: autoDraw = True
326.0062 	EXP 	unnamed Polygon: autoDraw = True
326.0094 	EXP 	unnamed Polygon: autoDraw = True
326.0240 	EXP 	unnamed Polygon: autoDraw = True
326.0266 	EXP 	unnamed Polygon: autoDraw = True
326.0415 	EXP 	unnamed Polygon: autoDraw = True
326.0443 	EXP 	unnamed Polygon: autoDraw = True
326.0588 	EXP 	unnamed Polygon: autoDraw = True
326.0615 	EXP 	unnamed Polygon: autoDraw = True
326.0763 	EXP 	unnamed Polygon: autoDraw = True
326.0795 	EXP 	unnamed Polygon: autoDraw = True
326.0939 	EXP 	unnamed Polygon: autoDraw = True
326.0970 	EXP 	unnamed Polygon: autoDraw = True
326.1022 	EXP 	unnamed Polygon: autoDraw = True
326.1152 	EXP 	unnamed Polygon: autoDraw = True
326.1189 	EXP 	unnamed Polygon: autoDraw = True
326.1270 	EXP 	unnamed Polygon: autoDraw = False
327.4894 	EXP 	trial_feedback: height = 0.09
327.4894 	EXP 	trial_feedback: height = 0.09
327.4894 	EXP 	trial_feedback: height = 0.09
327.4894 	EXP 	trial_feedback: text = 'Miss!\n-$5.00'
327.4894 	EXP 	trial_feedback: autoDraw = True
329.4769 	EXP 	trial_feedback: autoDraw = False
329.4958 	EXP 	trial_feedback: autoDraw = False
329.4958 	EXP 	exp_feedback: autoDraw = False
335.7560 	EXP 	unnamed Polygon: autoDraw = True
335.7560 	EXP 	unnamed Polygon: autoDraw = True
335.7587 	EXP 	unnamed Polygon: autoDraw = True
335.7611 	EXP 	unnamed Polygon: autoDraw = True
335.7768 	EXP 	unnamed Polygon: autoDraw = True
335.7806 	EXP 	unnamed Polygon: autoDraw = True
335.7945 	EXP 	unnamed Polygon: autoDraw = True
335.7980 	EXP 	unnamed Polygon: autoDraw = True
335.8024 	EXP 	unnamed Polygon: autoDraw = True
335.8159 	EXP 	unnamed Polygon: autoDraw = True
335.8200 	EXP 	unnamed Polygon: autoDraw = True
335.8334 	EXP 	unnamed Polygon: autoDraw = True
335.8370 	EXP 	unnamed Polygon: autoDraw = True
335.8512 	EXP 	unnamed Polygon: autoDraw = True
335.8543 	EXP 	unnamed Polygon: autoDraw = True
335.8683 	EXP 	unnamed Polygon: autoDraw = True
335.8715 	EXP 	unnamed Polygon: autoDraw = True
335.8858 	EXP 	unnamed Polygon: autoDraw = True
335.8886 	EXP 	unnamed Polygon: autoDraw = True
335.9033 	EXP 	unnamed Polygon: autoDraw = True
335.9068 	EXP 	unnamed Polygon: autoDraw = True
335.9104 	EXP 	unnamed Polygon: autoDraw = True
335.9244 	EXP 	unnamed Polygon: autoDraw = True
335.9273 	EXP 	unnamed Polygon: autoDraw = True
335.9420 	EXP 	unnamed Polygon: autoDraw = True
335.9460 	EXP 	unnamed Polygon: autoDraw = True
335.9598 	EXP 	unnamed Polygon: autoDraw = True
335.9676 	DATA 	Keypress: 1
335.9725 	EXP 	unnamed Polygon: autoDraw = False
337.5454 	EXP 	trial_feedback: height = 0.09
337.5454 	EXP 	trial_feedback: height = 0.09
337.5454 	EXP 	trial_feedback: height = 0.09
337.5454 	EXP 	trial_feedback: text = 'Miss!\n$0.00'
337.5454 	EXP 	trial_feedback: autoDraw = True
339.5374 	EXP 	trial_feedback: autoDraw = False
339.5527 	EXP 	trial_feedback: autoDraw = False
339.5527 	EXP 	exp_feedback: autoDraw = False
349.6368 	DATA 	Keypress: 1
349.9120 	EXP 	unnamed Polygon: autoDraw = True
349.9120 	EXP 	unnamed Polygon: autoDraw = True
349.9147 	EXP 	unnamed Polygon: autoDraw = True
349.9176 	EXP 	unnamed Polygon: autoDraw = True
349.9326 	EXP 	unnamed Polygon: autoDraw = True
349.9348 	EXP 	unnamed Polygon: autoDraw = True
349.9498 	EXP 	unnamed Polygon: autoDraw = True
349.9516 	EXP 	unnamed Polygon: autoDraw = True
349.9670 	EXP 	unnamed Polygon: autoDraw = True
349.9686 	EXP 	unnamed Polygon: autoDraw = True
349.9840 	EXP 	unnamed Polygon: autoDraw = True
349.9858 	EXP 	unnamed Polygon: autoDraw = True
350.0023 	EXP 	unnamed Polygon: autoDraw = True
350.0072 	EXP 	unnamed Polygon: autoDraw = True
350.0098 	EXP 	unnamed Polygon: autoDraw = True
350.0258 	EXP 	unnamed Polygon: autoDraw = True
350.0297 	EXP 	unnamed Polygon: autoDraw = True
350.0436 	EXP 	unnamed Polygon: autoDraw = True
350.0474 	EXP 	unnamed Polygon: autoDraw = True
350.0520 	EXP 	unnamed Polygon: autoDraw = True
350.0654 	EXP 	unnamed Polygon: autoDraw = True
350.0678 	DATA 	Keypress: 1
350.0721 	EXP 	unnamed Polygon: autoDraw = True
350.0828 	EXP 	unnamed Polygon: autoDraw = True
350.0866 	EXP 	unnamed Polygon: autoDraw = True
350.1003 	EXP 	unnamed Polygon: autoDraw = True
350.1036 	EXP 	unnamed Polygon: autoDraw = True
350.1180 	EXP 	unnamed Polygon: autoDraw = True
350.1221 	EXP 	unnamed Polygon: autoDraw = True
350.1356 	EXP 	unnamed Polygon: autoDraw = True
350.1399 	EXP 	unnamed Polygon: autoDraw = True
350.1436 	EXP 	unnamed Polygon: autoDraw = True
350.1576 	EXP 	unnamed Polygon: autoDraw = True
350.1637 	EXP 	unnamed Polygon: autoDraw = False
351.6753 	EXP 	trial_feedback: height = 0.09
351.6753 	EXP 	trial_feedback: height = 0.09
351.6753 	EXP 	trial_feedback: height = 0.09
351.6753 	EXP 	trial_feedback: text = 'Miss!\n-$1.50'
351.6753 	EXP 	trial_feedback: autoDraw = True
353.6640 	EXP 	trial_feedback: autoDraw = False
353.6832 	EXP 	trial_feedback: autoDraw = False
353.6832 	EXP 	exp_feedback: autoDraw = False
362.1807 	EXP 	unnamed Polygon: autoDraw = True
362.1807 	EXP 	unnamed Polygon: autoDraw = True
362.1825 	DATA 	Keypress: 1
362.1856 	EXP 	unnamed Polygon: autoDraw = True
362.1877 	EXP 	unnamed Polygon: autoDraw = True
362.2031 	EXP 	unnamed Polygon: autoDraw = True
362.2057 	EXP 	unnamed Polygon: autoDraw = True
362.2207 	EXP 	unnamed Polygon: autoDraw = True
362.2248 	EXP 	unnamed Polygon: autoDraw = True
362.2273 	EXP 	unnamed Polygon: autoDraw = True
362.2432 	EXP 	unnamed Polygon: autoDraw = True
362.2472 	EXP 	unnamed Polygon: autoDraw = True
362.2608 	EXP 	unnamed Polygon: autoDraw = True
362.2637 	EXP 	unnamed Polygon: autoDraw = True
362.2693 	EXP 	unnamed Polygon: autoDraw = True
362.2820 	EXP 	unnamed Polygon: autoDraw = True
362.2852 	EXP 	unnamed Polygon: autoDraw = True
362.2995 	EXP 	unnamed Polygon: autoDraw = True
362.3025 	EXP 	unnamed Polygon: autoDraw = True
362.3169 	EXP 	unnamed Polygon: autoDraw = True
362.3200 	EXP 	unnamed Polygon: autoDraw = True
362.3343 	EXP 	unnamed Polygon: autoDraw = True
362.3377 	EXP 	unnamed Polygon: autoDraw = True
362.3519 	EXP 	unnamed Polygon: autoDraw = True
362.3557 	EXP 	unnamed Polygon: autoDraw = True
362.3600 	EXP 	unnamed Polygon: autoDraw = True
362.3727 	EXP 	unnamed Polygon: autoDraw = True
362.3803 	EXP 	unnamed Polygon: autoDraw = False
363.9154 	EXP 	trial_feedback: height = 0.09
363.9154 	EXP 	trial_feedback: height = 0.09
363.9154 	EXP 	trial_feedback: height = 0.09
363.9154 	EXP 	trial_feedback: text = 'Hit!\n$0.00'
363.9154 	EXP 	trial_feedback: autoDraw = True
365.9044 	EXP 	trial_feedback: autoDraw = False
365.9232 	EXP 	trial_feedback: autoDraw = False
365.9232 	EXP 	exp_feedback: autoDraw = False
372.1377 	EXP 	unnamed Polygon: autoDraw = True
372.1377 	EXP 	unnamed Polygon: autoDraw = True
372.1401 	EXP 	unnamed Polygon: autoDraw = True
372.1429 	EXP 	unnamed Polygon: autoDraw = True
372.1584 	EXP 	unnamed Polygon: autoDraw = True
372.1602 	EXP 	unnamed Polygon: autoDraw = True
372.1754 	EXP 	unnamed Polygon: autoDraw = True
372.1788 	EXP 	unnamed Polygon: autoDraw = True
372.1930 	EXP 	unnamed Polygon: autoDraw = True
372.1963 	EXP 	unnamed Polygon: autoDraw = True
372.2104 	EXP 	unnamed Polygon: autoDraw = True
372.2141 	EXP 	unnamed Polygon: autoDraw = True
372.2188 	EXP 	unnamed Polygon: autoDraw = True
372.2314 	EXP 	unnamed Polygon: autoDraw = True
372.2345 	EXP 	unnamed Polygon: autoDraw = True
372.2489 	EXP 	unnamed Polygon: autoDraw = True
372.2518 	EXP 	unnamed Polygon: autoDraw = True
372.2665 	EXP 	unnamed Polygon: autoDraw = True
372.2702 	EXP 	unnamed Polygon: autoDraw = True
372.2840 	EXP 	unnamed Polygon: autoDraw = True
372.2884 	EXP 	unnamed Polygon: autoDraw = True
372.3015 	EXP 	unnamed Polygon: autoDraw = True
372.3054 	EXP 	unnamed Polygon: autoDraw = True
372.3108 	EXP 	unnamed Polygon: autoDraw = True
372.3228 	EXP 	unnamed Polygon: autoDraw = True
372.3266 	EXP 	unnamed Polygon: autoDraw = True
372.3404 	EXP 	unnamed Polygon: autoDraw = True
372.3436 	EXP 	unnamed Polygon: autoDraw = True
372.3582 	EXP 	unnamed Polygon: autoDraw = True
372.3624 	EXP 	unnamed Polygon: autoDraw = True
372.3758 	EXP 	unnamed Polygon: autoDraw = True
372.3796 	EXP 	unnamed Polygon: autoDraw = True
372.3931 	EXP 	unnamed Polygon: autoDraw = True
372.3972 	EXP 	unnamed Polygon: autoDraw = True
372.4025 	EXP 	unnamed Polygon: autoDraw = True
372.4106 	EXP 	unnamed Polygon: autoDraw = False
372.4491 	DATA 	Keypress: 1
373.9241 	EXP 	trial_feedback: height = 0.09
373.9241 	EXP 	trial_feedback: height = 0.09
373.9241 	EXP 	trial_feedback: height = 0.09
373.9241 	EXP 	trial_feedback: text = 'Miss!\n-$1.50'
373.9241 	EXP 	trial_feedback: autoDraw = True
375.9193 	EXP 	trial_feedback: autoDraw = False
375.9235 	EXP 	trial_feedback: autoDraw = False
375.9235 	EXP 	exp_feedback: autoDraw = False
382.1400 	EXP 	unnamed Polygon: autoDraw = True
382.1400 	EXP 	unnamed Polygon: autoDraw = True
382.1432 	EXP 	unnamed Polygon: autoDraw = True
382.1452 	EXP 	unnamed Polygon: autoDraw = True
382.1614 	EXP 	unnamed Polygon: autoDraw = True
382.1633 	EXP 	unnamed Polygon: autoDraw = True
382.1787 	EXP 	unnamed Polygon: autoDraw = True
382.1828 	EXP 	unnamed Polygon: autoDraw = True
382.1860 	EXP 	unnamed Polygon: autoDraw = True
382.2007 	EXP 	unnamed Polygon: autoDraw = True
382.2042 	EXP 	unnamed Polygon: autoDraw = True
382.2182 	EXP 	unnamed Polygon: autoDraw = True
382.2210 	EXP 	unnamed Polygon: autoDraw = True
382.2356 	EXP 	unnamed Polygon: autoDraw = True
382.2394 	EXP 	unnamed Polygon: autoDraw = True
382.2440 	EXP 	unnamed Polygon: autoDraw = True
382.2467 	DATA 	Keypress: 1
382.2520 	EXP 	unnamed Polygon: autoDraw = True
382.2668 	EXP 	unnamed Polygon: autoDraw = True
382.2704 	EXP 	unnamed Polygon: autoDraw = True
382.2847 	EXP 	unnamed Polygon: autoDraw = True
382.2880 	EXP 	unnamed Polygon: autoDraw = True
382.3019 	EXP 	unnamed Polygon: autoDraw = True
382.3055 	EXP 	unnamed Polygon: autoDraw = True
382.3190 	EXP 	unnamed Polygon: autoDraw = True
382.3225 	EXP 	unnamed Polygon: autoDraw = True
382.3273 	EXP 	unnamed Polygon: autoDraw = True
382.3403 	EXP 	unnamed Polygon: autoDraw = True
382.3423 	EXP 	unnamed Polygon: autoDraw = True
382.3576 	EXP 	unnamed Polygon: autoDraw = True
382.3606 	EXP 	unnamed Polygon: autoDraw = True
382.3750 	EXP 	unnamed Polygon: autoDraw = True
382.3783 	EXP 	unnamed Polygon: autoDraw = True
382.3925 	EXP 	unnamed Polygon: autoDraw = True
382.3963 	EXP 	unnamed Polygon: autoDraw = True
382.4100 	EXP 	unnamed Polygon: autoDraw = True
382.4141 	EXP 	unnamed Polygon: autoDraw = True
382.4187 	EXP 	unnamed Polygon: autoDraw = True
382.4321 	EXP 	unnamed Polygon: autoDraw = True
382.4398 	EXP 	unnamed Polygon: autoDraw = False
384.1604 	EXP 	trial_feedback: height = 0.09
384.1604 	EXP 	trial_feedback: height = 0.09
384.1604 	EXP 	trial_feedback: height = 0.09
384.1604 	EXP 	trial_feedback: text = 'Hit!\n$0.00'
384.1604 	EXP 	trial_feedback: autoDraw = True
386.1429 	EXP 	trial_feedback: autoDraw = False
386.1608 	EXP 	trial_feedback: autoDraw = False
386.1608 	EXP 	exp_feedback: autoDraw = False
392.5488 	EXP 	unnamed Polygon: autoDraw = True
392.5488 	EXP 	unnamed Polygon: autoDraw = True
392.5517 	EXP 	unnamed Polygon: autoDraw = True
392.5541 	EXP 	unnamed Polygon: autoDraw = True
392.5701 	EXP 	unnamed Polygon: autoDraw = True
392.5717 	EXP 	unnamed Polygon: autoDraw = True
392.5875 	EXP 	unnamed Polygon: autoDraw = True
392.5909 	EXP 	unnamed Polygon: autoDraw = True
392.5941 	EXP 	unnamed Polygon: autoDraw = True
392.6093 	EXP 	unnamed Polygon: autoDraw = True
392.6129 	EXP 	unnamed Polygon: autoDraw = True
392.6271 	EXP 	unnamed Polygon: autoDraw = True
392.6314 	EXP 	unnamed Polygon: autoDraw = True
392.6354 	EXP 	unnamed Polygon: autoDraw = True
392.6494 	EXP 	unnamed Polygon: autoDraw = True
392.6531 	EXP 	unnamed Polygon: autoDraw = True
392.6673 	EXP 	unnamed Polygon: autoDraw = True
392.6711 	EXP 	unnamed Polygon: autoDraw = True
392.6847 	EXP 	unnamed Polygon: autoDraw = True
392.6875 	EXP 	unnamed Polygon: autoDraw = True
392.7021 	EXP 	unnamed Polygon: autoDraw = True
392.7049 	EXP 	unnamed Polygon: autoDraw = True
392.7196 	EXP 	unnamed Polygon: autoDraw = True
392.7236 	EXP 	unnamed Polygon: autoDraw = True
392.7264 	EXP 	unnamed Polygon: autoDraw = True
392.7410 	EXP 	unnamed Polygon: autoDraw = True
392.7440 	EXP 	unnamed Polygon: autoDraw = True
392.7588 	EXP 	unnamed Polygon: autoDraw = True
392.7632 	DATA 	Keypress: 1
392.7676 	EXP 	unnamed Polygon: autoDraw = True
392.7713 	EXP 	unnamed Polygon: autoDraw = True
392.7859 	EXP 	unnamed Polygon: autoDraw = True
392.7909 	EXP 	unnamed Polygon: autoDraw = False
394.2198 	EXP 	trial_feedback: height = 0.09
394.2198 	EXP 	trial_feedback: height = 0.09
394.2198 	EXP 	trial_feedback: height = 0.09
394.2198 	EXP 	trial_feedback: text = 'Hit!\n+$1.50'
394.2198 	EXP 	trial_feedback: autoDraw = True
396.2100 	EXP 	trial_feedback: autoDraw = False
396.2292 	EXP 	trial_feedback: autoDraw = False
396.2292 	EXP 	exp_feedback: autoDraw = False
402.4062 	EXP 	unnamed Polygon: autoDraw = True
402.4062 	EXP 	unnamed Polygon: autoDraw = True
402.4102 	EXP 	unnamed Polygon: autoDraw = True
402.4238 	EXP 	unnamed Polygon: autoDraw = True
402.4266 	EXP 	unnamed Polygon: autoDraw = True
402.4410 	EXP 	unnamed Polygon: autoDraw = True
402.4432 	EXP 	unnamed Polygon: autoDraw = True
402.4590 	EXP 	unnamed Polygon: autoDraw = True
402.4627 	EXP 	unnamed Polygon: autoDraw = True
402.4764 	EXP 	unnamed Polygon: autoDraw = True
402.4801 	EXP 	unnamed Polygon: autoDraw = True
402.4940 	EXP 	unnamed Polygon: autoDraw = True
402.4979 	EXP 	unnamed Polygon: autoDraw = True
402.5014 	EXP 	unnamed Polygon: autoDraw = True
402.5155 	EXP 	unnamed Polygon: autoDraw = True
402.5196 	EXP 	unnamed Polygon: autoDraw = True
402.5331 	EXP 	unnamed Polygon: autoDraw = True
402.5368 	EXP 	unnamed Polygon: autoDraw = True
402.5507 	EXP 	unnamed Polygon: autoDraw = True
402.5536 	EXP 	unnamed Polygon: autoDraw = True
402.5682 	EXP 	unnamed Polygon: autoDraw = True
402.5711 	EXP 	unnamed Polygon: autoDraw = True
402.5855 	EXP 	unnamed Polygon: autoDraw = True
402.5893 	EXP 	unnamed Polygon: autoDraw = True
402.5935 	EXP 	unnamed Polygon: autoDraw = True
402.6065 	EXP 	unnamed Polygon: autoDraw = True
402.6094 	EXP 	unnamed Polygon: autoDraw = True
402.6239 	EXP 	unnamed Polygon: autoDraw = True
402.6276 	EXP 	unnamed Polygon: autoDraw = True
402.6416 	EXP 	unnamed Polygon: autoDraw = True
402.6460 	EXP 	unnamed Polygon: autoDraw = True
402.6594 	EXP 	unnamed Polygon: autoDraw = True
402.6635 	EXP 	unnamed Polygon: autoDraw = True
402.6770 	EXP 	unnamed Polygon: autoDraw = True
402.6859 	EXP 	unnamed Polygon: autoDraw = False
402.7270 	DATA 	Keypress: 1
404.2542 	EXP 	trial_feedback: height = 0.09
404.2542 	EXP 	trial_feedback: height = 0.09
404.2542 	EXP 	trial_feedback: height = 0.09
404.2542 	EXP 	trial_feedback: text = 'Miss!\n-$5.00'
404.2542 	EXP 	trial_feedback: autoDraw = True
406.2487 	EXP 	trial_feedback: autoDraw = False
406.2487 	EXP 	exp_feedback: autoDraw = False
416.4617 	DATA 	Keypress: 1
416.7238 	EXP 	unnamed Polygon: autoDraw = True
416.7238 	EXP 	unnamed Polygon: autoDraw = True
416.7272 	EXP 	unnamed Polygon: autoDraw = True
416.7295 	EXP 	unnamed Polygon: autoDraw = True
416.7454 	EXP 	unnamed Polygon: autoDraw = True
416.7486 	EXP 	unnamed Polygon: autoDraw = True
416.7519 	EXP 	unnamed Polygon: autoDraw = True
416.7667 	EXP 	unnamed Polygon: autoDraw = True
416.7698 	EXP 	unnamed Polygon: autoDraw = True
416.7843 	EXP 	unnamed Polygon: autoDraw = True
416.7879 	EXP 	unnamed Polygon: autoDraw = True
416.8014 	EXP 	unnamed Polygon: autoDraw = True
416.8042 	EXP 	unnamed Polygon: autoDraw = True
416.8186 	EXP 	unnamed Polygon: autoDraw = True
416.8215 	EXP 	unnamed Polygon: autoDraw = True
416.8360 	EXP 	unnamed Polygon: autoDraw = True
416.8398 	EXP 	unnamed Polygon: autoDraw = True
416.8428 	EXP 	unnamed Polygon: autoDraw = True
416.8573 	EXP 	unnamed Polygon: autoDraw = True
416.8612 	EXP 	unnamed Polygon: autoDraw = True
416.8649 	DATA 	Keypress: 1
416.8692 	EXP 	unnamed Polygon: autoDraw = True
416.8781 	EXP 	unnamed Polygon: autoDraw = True
416.8865 	EXP 	unnamed Polygon: autoDraw = True
416.8956 	EXP 	unnamed Polygon: autoDraw = True
416.9046 	EXP 	unnamed Polygon: autoDraw = True
416.9133 	EXP 	unnamed Polygon: autoDraw = True
416.9207 	EXP 	unnamed Polygon: autoDraw = False
418.3429 	EXP 	trial_feedback: height = 0.09
418.3429 	EXP 	trial_feedback: height = 0.09
418.3429 	EXP 	trial_feedback: height = 0.09
418.3429 	EXP 	trial_feedback: text = 'Miss!\n$0.00'
418.3429 	EXP 	trial_feedback: autoDraw = True
420.3282 	EXP 	trial_feedback: autoDraw = False
420.3481 	EXP 	trial_feedback: autoDraw = False
420.3481 	EXP 	exp_feedback: autoDraw = False
426.5730 	EXP 	unnamed Polygon: autoDraw = True
426.5730 	EXP 	unnamed Polygon: autoDraw = True
426.5765 	EXP 	unnamed Polygon: autoDraw = True
426.5786 	EXP 	unnamed Polygon: autoDraw = True
426.5943 	EXP 	unnamed Polygon: autoDraw = True
426.5973 	EXP 	unnamed Polygon: autoDraw = True
426.6121 	EXP 	unnamed Polygon: autoDraw = True
426.6153 	EXP 	unnamed Polygon: autoDraw = True
426.6188 	EXP 	unnamed Polygon: autoDraw = True
426.6331 	EXP 	unnamed Polygon: autoDraw = True
426.6358 	EXP 	unnamed Polygon: autoDraw = True
426.6507 	EXP 	unnamed Polygon: autoDraw = True
426.6536 	EXP 	unnamed Polygon: autoDraw = True
426.6681 	EXP 	unnamed Polygon: autoDraw = True
426.6721 	EXP 	unnamed Polygon: autoDraw = True
426.6858 	EXP 	unnamed Polygon: autoDraw = True
426.6902 	EXP 	unnamed Polygon: autoDraw = True
426.6935 	EXP 	unnamed Polygon: autoDraw = True
426.7075 	EXP 	unnamed Polygon: autoDraw = True
426.7112 	EXP 	unnamed Polygon: autoDraw = True
426.7253 	EXP 	unnamed Polygon: autoDraw = True
426.7292 	EXP 	unnamed Polygon: autoDraw = True
426.7428 	EXP 	unnamed Polygon: autoDraw = True
426.7465 	EXP 	unnamed Polygon: autoDraw = True
426.7603 	EXP 	unnamed Polygon: autoDraw = True
426.7648 	EXP 	unnamed Polygon: autoDraw = True
426.7681 	EXP 	unnamed Polygon: autoDraw = True
426.7821 	EXP 	unnamed Polygon: autoDraw = True
426.7908 	EXP 	unnamed Polygon: autoDraw = False
426.7936 	DATA 	Keypress: 1
428.4100 	EXP 	trial_feedback: height = 0.09
428.4100 	EXP 	trial_feedback: height = 0.09
428.4100 	EXP 	trial_feedback: height = 0.09
428.4100 	EXP 	trial_feedback: text = 'Miss!\n-$0.00'
428.4100 	EXP 	trial_feedback: autoDraw = True
430.3933 	EXP 	trial_feedback: autoDraw = False
430.4110 	EXP 	trial_feedback: autoDraw = False
430.4110 	EXP 	exp_feedback: autoDraw = False
436.6040 	DATA 	Keypress: 1
436.6227 	EXP 	unnamed Polygon: autoDraw = True
436.6227 	EXP 	unnamed Polygon: autoDraw = True
436.6254 	EXP 	unnamed Polygon: autoDraw = True
436.6279 	EXP 	unnamed Polygon: autoDraw = True
436.6436 	EXP 	unnamed Polygon: autoDraw = True
436.6454 	EXP 	unnamed Polygon: autoDraw = True
436.6606 	EXP 	unnamed Polygon: autoDraw = True
436.6642 	EXP 	unnamed Polygon: autoDraw = True
436.6686 	EXP 	unnamed Polygon: autoDraw = True
436.6821 	EXP 	unnamed Polygon: autoDraw = True
436.6843 	EXP 	unnamed Polygon: autoDraw = True
436.6991 	EXP 	unnamed Polygon: autoDraw = True
436.7014 	EXP 	unnamed Polygon: autoDraw = True
436.7165 	EXP 	unnamed Polygon: autoDraw = True
436.7196 	EXP 	unnamed Polygon: autoDraw = True
436.7338 	EXP 	unnamed Polygon: autoDraw = True
436.7377 	EXP 	unnamed Polygon: autoDraw = True
436.7431 	EXP 	unnamed Polygon: autoDraw = True
436.7552 	EXP 	unnamed Polygon: autoDraw = True
436.7608 	EXP 	unnamed Polygon: autoDraw = True
436.7727 	EXP 	unnamed Polygon: autoDraw = True
436.7765 	EXP 	unnamed Polygon: autoDraw = True
436.7902 	EXP 	unnamed Polygon: autoDraw = True
436.7936 	EXP 	unnamed Polygon: autoDraw = True
436.8078 	EXP 	unnamed Polygon: autoDraw = True
436.8107 	EXP 	unnamed Polygon: autoDraw = True
436.8253 	EXP 	unnamed Polygon: autoDraw = True
436.8294 	EXP 	unnamed Polygon: autoDraw = True
436.8372 	EXP 	unnamed Polygon: autoDraw = False
438.4596 	EXP 	trial_feedback: height = 0.09
438.4596 	EXP 	trial_feedback: height = 0.09
438.4596 	EXP 	trial_feedback: height = 0.09
438.4596 	EXP 	trial_feedback: text = 'Miss!\n$0.00'
438.4596 	EXP 	trial_feedback: autoDraw = True
440.4469 	EXP 	trial_feedback: autoDraw = False
440.4670 	EXP 	trial_feedback: autoDraw = False
440.4670 	EXP 	exp_feedback: autoDraw = False
448.5826 	EXP 	unnamed Polygon: autoDraw = True
448.5826 	EXP 	unnamed Polygon: autoDraw = True
448.5854 	EXP 	unnamed Polygon: autoDraw = True
448.5884 	EXP 	unnamed Polygon: autoDraw = True
448.6037 	EXP 	unnamed Polygon: autoDraw = True
448.6070 	EXP 	unnamed Polygon: autoDraw = True
448.6103 	EXP 	unnamed Polygon: autoDraw = True
448.6248 	EXP 	unnamed Polygon: autoDraw = True
448.6269 	EXP 	unnamed Polygon: autoDraw = True
448.6426 	EXP 	unnamed Polygon: autoDraw = True
448.6460 	EXP 	unnamed Polygon: autoDraw = True
448.6600 	EXP 	unnamed Polygon: autoDraw = True
448.6628 	EXP 	unnamed Polygon: autoDraw = True
448.6773 	EXP 	unnamed Polygon: autoDraw = True
448.6807 	EXP 	unnamed Polygon: autoDraw = True
448.6857 	EXP 	unnamed Polygon: autoDraw = True
448.7010 	EXP 	unnamed Polygon: autoDraw = True
448.7044 	EXP 	unnamed Polygon: autoDraw = True
448.7186 	EXP 	unnamed Polygon: autoDraw = True
448.7217 	EXP 	unnamed Polygon: autoDraw = True
448.7363 	EXP 	unnamed Polygon: autoDraw = True
448.7404 	EXP 	unnamed Polygon: autoDraw = True
448.7448 	EXP 	unnamed Polygon: autoDraw = True
448.7577 	EXP 	unnamed Polygon: autoDraw = True
448.7610 	EXP 	unnamed Polygon: autoDraw = True
448.7752 	EXP 	unnamed Polygon: autoDraw = True
448.7780 	EXP 	unnamed Polygon: autoDraw = True
448.7927 	EXP 	unnamed Polygon: autoDraw = True
448.7959 	DATA 	Keypress: 1
448.8009 	EXP 	unnamed Polygon: autoDraw = True
448.8041 	EXP 	unnamed Polygon: autoDraw = True
448.8188 	EXP 	unnamed Polygon: autoDraw = True
448.8227 	EXP 	unnamed Polygon: autoDraw = True
448.8364 	EXP 	unnamed Polygon: autoDraw = True
448.8412 	EXP 	unnamed Polygon: autoDraw = True
448.8457 	EXP 	unnamed Polygon: autoDraw = True
448.8589 	EXP 	unnamed Polygon: autoDraw = True
448.8620 	EXP 	unnamed Polygon: autoDraw = True
448.8765 	EXP 	unnamed Polygon: autoDraw = True
448.8835 	EXP 	unnamed Polygon: autoDraw = False
450.5917 	EXP 	trial_feedback: height = 0.09
450.5917 	EXP 	trial_feedback: height = 0.09
450.5917 	EXP 	trial_feedback: height = 0.09
450.5917 	EXP 	trial_feedback: text = 'Hit!\n$0.00'
450.5917 	EXP 	trial_feedback: autoDraw = True
452.5870 	EXP 	trial_feedback: autoDraw = False
452.5914 	EXP 	trial_feedback: autoDraw = False
452.5914 	EXP 	exp_feedback: autoDraw = False
458.9940 	EXP 	unnamed Polygon: autoDraw = True
458.9940 	EXP 	unnamed Polygon: autoDraw = True
458.9968 	EXP 	unnamed Polygon: autoDraw = True
459.0118 	EXP 	unnamed Polygon: autoDraw = True
459.0154 	EXP 	unnamed Polygon: autoDraw = True
459.0183 	EXP 	unnamed Polygon: autoDraw = True
459.0322 	EXP 	unnamed Polygon: autoDraw = True
459.0352 	EXP 	unnamed Polygon: autoDraw = True
459.0498 	EXP 	unnamed Polygon: autoDraw = True
459.0533 	EXP 	unnamed Polygon: autoDraw = True
459.0672 	EXP 	unnamed Polygon: autoDraw = True
459.0703 	EXP 	unnamed Polygon: autoDraw = True
459.0846 	EXP 	unnamed Polygon: autoDraw = True
459.0875 	EXP 	unnamed Polygon: autoDraw = True
459.1021 	EXP 	unnamed Polygon: autoDraw = True
459.1050 	EXP 	unnamed Polygon: autoDraw = True
459.1197 	EXP 	unnamed Polygon: autoDraw = True
459.1239 	EXP 	unnamed Polygon: autoDraw = True
459.1280 	EXP 	unnamed Polygon: autoDraw = True
459.1415 	EXP 	unnamed Polygon: autoDraw = True
459.1448 	EXP 	unnamed Polygon: autoDraw = True
459.1591 	EXP 	unnamed Polygon: autoDraw = True
459.1631 	EXP 	unnamed Polygon: autoDraw = True
459.1766 	EXP 	unnamed Polygon: autoDraw = True
459.1811 	EXP 	unnamed Polygon: autoDraw = True
459.1883 	DATA 	Keypress: 1
459.1931 	EXP 	unnamed Polygon: autoDraw = False
460.6111 	EXP 	trial_feedback: height = 0.09
460.6111 	EXP 	trial_feedback: height = 0.09
460.6111 	EXP 	trial_feedback: height = 0.09
460.6111 	EXP 	trial_feedback: text = 'Miss!\n$0.00'
460.6111 	EXP 	trial_feedback: autoDraw = True
462.5948 	EXP 	trial_feedback: autoDraw = False
462.6154 	EXP 	trial_feedback: autoDraw = False
462.6154 	EXP 	exp_feedback: autoDraw = False
470.7808 	EXP 	unnamed Polygon: autoDraw = True
470.7808 	EXP 	unnamed Polygon: autoDraw = True
470.7836 	EXP 	unnamed Polygon: autoDraw = True
470.7859 	EXP 	unnamed Polygon: autoDraw = True
470.8016 	EXP 	unnamed Polygon: autoDraw = True
470.8047 	EXP 	unnamed Polygon: autoDraw = True
470.8189 	EXP 	unnamed Polygon: autoDraw = True
470.8218 	EXP 	unnamed Polygon: autoDraw = True
470.8363 	EXP 	unnamed Polygon: autoDraw = True
470.8399 	EXP 	unnamed Polygon: autoDraw = True
470.8430 	EXP 	unnamed Polygon: autoDraw = True
470.8572 	EXP 	unnamed Polygon: autoDraw = True
470.8606 	EXP 	unnamed Polygon: autoDraw = True
470.8749 	EXP 	unnamed Polygon: autoDraw = True
470.8793 	EXP 	unnamed Polygon: autoDraw = True
470.8923 	EXP 	unnamed Polygon: autoDraw = True
470.8962 	EXP 	unnamed Polygon: autoDraw = True
470.9100 	EXP 	unnamed Polygon: autoDraw = True
470.9141 	EXP 	unnamed Polygon: autoDraw = True
470.9187 	EXP 	unnamed Polygon: autoDraw = True
470.9320 	EXP 	unnamed Polygon: autoDraw = True
470.9358 	EXP 	unnamed Polygon: autoDraw = True
470.9492 	EXP 	unnamed Polygon: autoDraw = True
470.9528 	EXP 	unnamed Polygon: autoDraw = True
470.9669 	EXP 	unnamed Polygon: autoDraw = True
470.9710 	EXP 	unnamed Polygon: autoDraw = True
470.9749 	DATA 	Keypress: 1
470.9787 	EXP 	unnamed Polygon: autoDraw = True
470.9889 	EXP 	unnamed Polygon: autoDraw = True
470.9932 	EXP 	unnamed Polygon: autoDraw = True
471.0062 	EXP 	unnamed Polygon: autoDraw = True
471.0094 	EXP 	unnamed Polygon: autoDraw = True
471.0239 	EXP 	unnamed Polygon: autoDraw = True
471.0273 	EXP 	unnamed Polygon: autoDraw = True
471.0415 	EXP 	unnamed Polygon: autoDraw = True
471.0445 	EXP 	unnamed Polygon: autoDraw = True
471.0589 	EXP 	unnamed Polygon: autoDraw = True
471.0627 	EXP 	unnamed Polygon: autoDraw = True
471.0766 	EXP 	unnamed Polygon: autoDraw = True
471.0795 	EXP 	unnamed Polygon: autoDraw = True
471.0940 	EXP 	unnamed Polygon: autoDraw = True
471.1013 	EXP 	unnamed Polygon: autoDraw = False
472.7769 	EXP 	trial_feedback: height = 0.09
472.7769 	EXP 	trial_feedback: height = 0.09
472.7769 	EXP 	trial_feedback: height = 0.09
472.7769 	EXP 	trial_feedback: text = 'Hit!\n$0.00'
472.7769 	EXP 	trial_feedback: autoDraw = True
474.7703 	EXP 	trial_feedback: autoDraw = False
474.7843 	EXP 	trial_feedback: autoDraw = False
474.7843 	EXP 	exp_feedback: autoDraw = False
480.9255 	EXP 	unnamed Polygon: autoDraw = True
480.9255 	EXP 	unnamed Polygon: autoDraw = True
480.9292 	EXP 	unnamed Polygon: autoDraw = True
480.9320 	EXP 	unnamed Polygon: autoDraw = True
480.9345 	EXP 	unnamed Polygon: autoDraw = True
480.9499 	EXP 	unnamed Polygon: autoDraw = True
480.9517 	EXP 	unnamed Polygon: autoDraw = True
480.9679 	EXP 	unnamed Polygon: autoDraw = True
480.9716 	EXP 	unnamed Polygon: autoDraw = True
480.9849 	EXP 	unnamed Polygon: autoDraw = True
480.9885 	EXP 	unnamed Polygon: autoDraw = True
481.0021 	EXP 	unnamed Polygon: autoDraw = True
481.0053 	EXP 	unnamed Polygon: autoDraw = True
481.0197 	EXP 	unnamed Polygon: autoDraw = True
481.0237 	EXP 	unnamed Polygon: autoDraw = True
481.0267 	EXP 	unnamed Polygon: autoDraw = True
481.0410 	EXP 	unnamed Polygon: autoDraw = True
481.0441 	EXP 	unnamed Polygon: autoDraw = True
481.0585 	EXP 	unnamed Polygon: autoDraw = True
481.0624 	EXP 	unnamed Polygon: autoDraw = True
481.0763 	EXP 	unnamed Polygon: autoDraw = True
481.0804 	EXP 	unnamed Polygon: autoDraw = True
481.0938 	EXP 	unnamed Polygon: autoDraw = True
481.1026 	EXP 	unnamed Polygon: autoDraw = False
481.1287 	DATA 	Keypress: 1
482.7973 	EXP 	trial_feedback: height = 0.09
482.7973 	EXP 	trial_feedback: height = 0.09
482.7973 	EXP 	trial_feedback: height = 0.09
482.7973 	EXP 	trial_feedback: text = 'Miss!\n$0.00'
482.7973 	EXP 	trial_feedback: autoDraw = True
484.7851 	EXP 	trial_feedback: autoDraw = False
484.8043 	EXP 	trial_feedback: autoDraw = False
484.8043 	EXP 	exp_feedback: autoDraw = False
492.8616 	EXP 	unnamed Polygon: autoDraw = True
492.8616 	EXP 	unnamed Polygon: autoDraw = True
492.8654 	EXP 	unnamed Polygon: autoDraw = True
492.8691 	EXP 	unnamed Polygon: autoDraw = True
492.8828 	EXP 	unnamed Polygon: autoDraw = True
492.8850 	EXP 	unnamed Polygon: autoDraw = True
492.9001 	EXP 	unnamed Polygon: autoDraw = True
492.9019 	EXP 	unnamed Polygon: autoDraw = True
492.9180 	EXP 	unnamed Polygon: autoDraw = True
492.9217 	EXP 	unnamed Polygon: autoDraw = True
492.9353 	EXP 	unnamed Polygon: autoDraw = True
492.9392 	EXP 	unnamed Polygon: autoDraw = True
492.9432 	EXP 	unnamed Polygon: autoDraw = True
492.9564 	EXP 	unnamed Polygon: autoDraw = True
492.9601 	EXP 	unnamed Polygon: autoDraw = True
492.9737 	EXP 	unnamed Polygon: autoDraw = True
492.9767 	EXP 	unnamed Polygon: autoDraw = True
492.9911 	EXP 	unnamed Polygon: autoDraw = True
492.9937 	EXP 	unnamed Polygon: autoDraw = True
493.0088 	EXP 	unnamed Polygon: autoDraw = True
493.0123 	EXP 	unnamed Polygon: autoDraw = True
493.0263 	EXP 	unnamed Polygon: autoDraw = True
493.0296 	EXP 	unnamed Polygon: autoDraw = True
493.0438 	EXP 	unnamed Polygon: autoDraw = True
493.0477 	EXP 	unnamed Polygon: autoDraw = True
493.0548 	EXP 	unnamed Polygon: autoDraw = False
493.0675 	DATA 	Keypress: 1
494.8090 	EXP 	trial_feedback: height = 0.09
494.8090 	EXP 	trial_feedback: height = 0.09
494.8090 	EXP 	trial_feedback: height = 0.09
494.8090 	EXP 	trial_feedback: text = 'Miss!\n-$0.00'
494.8090 	EXP 	trial_feedback: autoDraw = True
496.7942 	EXP 	trial_feedback: autoDraw = False
496.8128 	EXP 	trial_feedback: autoDraw = False
496.8128 	EXP 	exp_feedback: autoDraw = False
503.1829 	EXP 	unnamed Polygon: autoDraw = True
503.1829 	EXP 	unnamed Polygon: autoDraw = True
503.1865 	EXP 	unnamed Polygon: autoDraw = True
503.1886 	EXP 	unnamed Polygon: autoDraw = True
503.2044 	EXP 	unnamed Polygon: autoDraw = True
503.2066 	EXP 	unnamed Polygon: autoDraw = True
503.2097 	EXP 	unnamed Polygon: autoDraw = True
503.2247 	EXP 	unnamed Polygon: autoDraw = True
503.2265 	EXP 	unnamed Polygon: autoDraw = True
503.2422 	EXP 	unnamed Polygon: autoDraw = True
503.2450 	EXP 	unnamed Polygon: autoDraw = True
503.2598 	EXP 	unnamed Polygon: autoDraw = True
503.2626 	EXP 	unnamed Polygon: autoDraw = True
503.2770 	EXP 	unnamed Polygon: autoDraw = True
503.2807 	EXP 	unnamed Polygon: autoDraw = True
503.2947 	EXP 	unnamed Polygon: autoDraw = True
503.2986 	EXP 	unnamed Polygon: autoDraw = True
503.3017 	EXP 	unnamed Polygon: autoDraw = True
503.3156 	EXP 	unnamed Polygon: autoDraw = True
503.3193 	EXP 	unnamed Polygon: autoDraw = True
503.3333 	EXP 	unnamed Polygon: autoDraw = True
503.3366 	EXP 	unnamed Polygon: autoDraw = True
503.3511 	EXP 	unnamed Polygon: autoDraw = True
503.3555 	EXP 	unnamed Polygon: autoDraw = True
503.3687 	EXP 	unnamed Polygon: autoDraw = True
503.3719 	EXP 	unnamed Polygon: autoDraw = True
503.3861 	EXP 	unnamed Polygon: autoDraw = True
503.3905 	EXP 	unnamed Polygon: autoDraw = True
503.3969 	DATA 	Keypress: 1
503.4017 	EXP 	unnamed Polygon: autoDraw = False
504.8314 	EXP 	trial_feedback: text = 'Miss!\n-$0.00'
504.8314 	EXP 	trial_feedback: autoDraw = True
506.8195 	EXP 	trial_feedback: autoDraw = False
506.8349 	EXP 	trial_feedback: autoDraw = False
506.8349 	EXP 	exp_feedback: autoDraw = False
513.1835 	EXP 	unnamed Polygon: autoDraw = True
513.1835 	EXP 	unnamed Polygon: autoDraw = True
513.1856 	EXP 	unnamed Polygon: autoDraw = True
513.1878 	EXP 	unnamed Polygon: autoDraw = True
513.2039 	EXP 	unnamed Polygon: autoDraw = True
513.2060 	EXP 	unnamed Polygon: autoDraw = True
513.2212 	EXP 	unnamed Polygon: autoDraw = True
513.2244 	EXP 	unnamed Polygon: autoDraw = True
513.2279 	EXP 	unnamed Polygon: autoDraw = True
513.2424 	EXP 	unnamed Polygon: autoDraw = True
513.2457 	EXP 	unnamed Polygon: autoDraw = True
513.2603 	EXP 	unnamed Polygon: autoDraw = True
513.2644 	EXP 	unnamed Polygon: autoDraw = True
513.2683 	EXP 	unnamed Polygon: autoDraw = True
513.2825 	EXP 	unnamed Polygon: autoDraw = True
513.2857 	EXP 	unnamed Polygon: autoDraw = True
513.3000 	EXP 	unnamed Polygon: autoDraw = True
513.3039 	EXP 	unnamed Polygon: autoDraw = True
513.3179 	EXP 	unnamed Polygon: autoDraw = True
513.3198 	EXP 	unnamed Polygon: autoDraw = True
513.3361 	EXP 	unnamed Polygon: autoDraw = True
513.3405 	EXP 	unnamed Polygon: autoDraw = True
513.3441 	EXP 	unnamed Polygon: autoDraw = True
513.3584 	EXP 	unnamed Polygon: autoDraw = True
513.3610 	EXP 	unnamed Polygon: autoDraw = True
513.3761 	EXP 	unnamed Polygon: autoDraw = True
513.3802 	EXP 	unnamed Polygon: autoDraw = True
513.3940 	EXP 	unnamed Polygon: autoDraw = True
513.3983 	EXP 	unnamed Polygon: autoDraw = True
513.4011 	DATA 	Keypress: 1
513.4043 	EXP 	unnamed Polygon: autoDraw = True
513.4166 	EXP 	unnamed Polygon: autoDraw = True
513.4188 	EXP 	unnamed Polygon: autoDraw = True
513.4347 	EXP 	unnamed Polygon: autoDraw = True
513.4372 	EXP 	unnamed Polygon: autoDraw = True
513.4529 	EXP 	unnamed Polygon: autoDraw = True
513.4586 	EXP 	unnamed Polygon: autoDraw = True
513.4615 	EXP 	unnamed Polygon: autoDraw = True
513.4763 	EXP 	unnamed Polygon: autoDraw = True
513.4785 	EXP 	unnamed Polygon: autoDraw = True
513.4941 	EXP 	unnamed Polygon: autoDraw = True
513.4981 	EXP 	unnamed Polygon: autoDraw = True
513.5019 	EXP 	unnamed Polygon: autoDraw = True
513.5156 	EXP 	unnamed Polygon: autoDraw = True
513.5231 	EXP 	unnamed Polygon: autoDraw = False
514.9932 	EXP 	trial_feedback: height = 0.09
514.9932 	EXP 	trial_feedback: height = 0.09
514.9932 	EXP 	trial_feedback: height = 0.09
514.9932 	EXP 	trial_feedback: text = 'Hit!\n$0.00'
514.9932 	EXP 	trial_feedback: autoDraw = True
516.9886 	EXP 	trial_feedback: autoDraw = False
516.9886 	EXP 	exp_feedback: autoDraw = False
527.2990 	EXP 	unnamed Polygon: autoDraw = True
527.2990 	EXP 	unnamed Polygon: autoDraw = True
527.3020 	EXP 	unnamed Polygon: autoDraw = True
527.3041 	EXP 	unnamed Polygon: autoDraw = True
527.3202 	EXP 	unnamed Polygon: autoDraw = True
527.3231 	EXP 	unnamed Polygon: autoDraw = True
527.3263 	EXP 	unnamed Polygon: autoDraw = True
527.3418 	EXP 	unnamed Polygon: autoDraw = True
527.3452 	EXP 	unnamed Polygon: autoDraw = True
527.3595 	EXP 	unnamed Polygon: autoDraw = True
527.3631 	EXP 	unnamed Polygon: autoDraw = True
527.3772 	EXP 	unnamed Polygon: autoDraw = True
527.3799 	EXP 	unnamed Polygon: autoDraw = True
527.3944 	EXP 	unnamed Polygon: autoDraw = True
527.3981 	EXP 	unnamed Polygon: autoDraw = True
527.4011 	EXP 	unnamed Polygon: autoDraw = True
527.4159 	EXP 	unnamed Polygon: autoDraw = True
527.4192 	EXP 	unnamed Polygon: autoDraw = True
527.4334 	EXP 	unnamed Polygon: autoDraw = True
527.4375 	EXP 	unnamed Polygon: autoDraw = True
527.4510 	EXP 	unnamed Polygon: autoDraw = True
527.4546 	EXP 	unnamed Polygon: autoDraw = True
527.4685 	EXP 	unnamed Polygon: autoDraw = True
527.4714 	EXP 	unnamed Polygon: autoDraw = True
527.4861 	EXP 	unnamed Polygon: autoDraw = True
527.4905 	EXP 	unnamed Polygon: autoDraw = True
527.4937 	DATA 	Keypress: 1
527.4980 	EXP 	unnamed Polygon: autoDraw = True
527.5020 	EXP 	unnamed Polygon: autoDraw = True
527.5158 	EXP 	unnamed Polygon: autoDraw = True
527.5204 	EXP 	unnamed Polygon: autoDraw = False
529.0603 	EXP 	trial_feedback: height = 0.09
529.0603 	EXP 	trial_feedback: height = 0.09
529.0603 	EXP 	trial_feedback: height = 0.09
529.0603 	EXP 	trial_feedback: text = 'Hit!\n+$1.50'
529.0603 	EXP 	trial_feedback: autoDraw = True
531.0451 	EXP 	trial_feedback: autoDraw = False
531.0654 	EXP 	trial_feedback: autoDraw = False
531.0654 	EXP 	exp_feedback: autoDraw = False
539.2229 	EXP 	unnamed Polygon: autoDraw = True
539.2229 	EXP 	unnamed Polygon: autoDraw = True
539.2267 	EXP 	unnamed Polygon: autoDraw = True
539.2408 	EXP 	unnamed Polygon: autoDraw = True
539.2437 	EXP 	unnamed Polygon: autoDraw = True
539.2585 	EXP 	unnamed Polygon: autoDraw = True
539.2622 	EXP 	unnamed Polygon: autoDraw = True
539.2760 	EXP 	unnamed Polygon: autoDraw = True
539.2799 	EXP 	unnamed Polygon: autoDraw = True
539.2936 	EXP 	unnamed Polygon: autoDraw = True
539.2974 	EXP 	unnamed Polygon: autoDraw = True
539.3019 	EXP 	unnamed Polygon: autoDraw = True
539.3154 	EXP 	unnamed Polygon: autoDraw = True
539.3181 	EXP 	unnamed Polygon: autoDraw = True
539.3325 	EXP 	unnamed Polygon: autoDraw = True
539.3352 	EXP 	unnamed Polygon: autoDraw = True
539.3501 	EXP 	unnamed Polygon: autoDraw = True
539.3534 	EXP 	unnamed Polygon: autoDraw = True
539.3678 	EXP 	unnamed Polygon: autoDraw = True
539.3715 	EXP 	unnamed Polygon: autoDraw = True
539.3854 	EXP 	unnamed Polygon: autoDraw = True
539.3896 	EXP 	unnamed Polygon: autoDraw = True
539.3934 	EXP 	unnamed Polygon: autoDraw = True
539.4071 	EXP 	unnamed Polygon: autoDraw = True
539.4105 	EXP 	unnamed Polygon: autoDraw = True
539.4191 	EXP 	unnamed Polygon: autoDraw = False
539.4660 	DATA 	Keypress: 1
541.0669 	EXP 	trial_feedback: height = 0.09
541.0669 	EXP 	trial_feedback: height = 0.09
541.0669 	EXP 	trial_feedback: height = 0.09
541.0669 	EXP 	trial_feedback: text = 'Miss!\n$0.00'
541.0669 	EXP 	trial_feedback: autoDraw = True
543.0597 	EXP 	trial_feedback: autoDraw = False
543.0637 	EXP 	trial_feedback: autoDraw = False
543.0637 	EXP 	exp_feedback: autoDraw = False
549.3149 	DATA 	Keypress: 1
549.4831 	EXP 	unnamed Polygon: autoDraw = True
549.4831 	EXP 	unnamed Polygon: autoDraw = True
549.4855 	EXP 	unnamed Polygon: autoDraw = True
549.4888 	EXP 	unnamed Polygon: autoDraw = True
549.5036 	EXP 	unnamed Polygon: autoDraw = True
549.5065 	EXP 	unnamed Polygon: autoDraw = True
549.5102 	EXP 	unnamed Polygon: autoDraw = True
549.5239 	EXP 	unnamed Polygon: autoDraw = True
549.5265 	EXP 	unnamed Polygon: autoDraw = True
549.5413 	EXP 	unnamed Polygon: autoDraw = True
549.5442 	EXP 	unnamed Polygon: autoDraw = True
549.5593 	EXP 	unnamed Polygon: autoDraw = True
549.5631 	EXP 	unnamed Polygon: autoDraw = True
549.5771 	EXP 	unnamed Polygon: autoDraw = True
549.5803 	EXP 	unnamed Polygon: autoDraw = True
549.5950 	EXP 	unnamed Polygon: autoDraw = True
549.5992 	EXP 	unnamed Polygon: autoDraw = True
549.6022 	EXP 	unnamed Polygon: autoDraw = True
549.6174 	EXP 	unnamed Polygon: autoDraw = True
549.6212 	EXP 	unnamed Polygon: autoDraw = True
549.6348 	EXP 	unnamed Polygon: autoDraw = True
549.6384 	EXP 	unnamed Polygon: autoDraw = True
549.6522 	EXP 	unnamed Polygon: autoDraw = True
549.6558 	EXP 	unnamed Polygon: autoDraw = True
549.6697 	EXP 	unnamed Polygon: autoDraw = True
549.6737 	EXP 	unnamed Polygon: autoDraw = True
549.6765 	EXP 	unnamed Polygon: autoDraw = True
549.6910 	EXP 	unnamed Polygon: autoDraw = True
549.6942 	DATA 	Keypress: 1
549.6987 	EXP 	unnamed Polygon: autoDraw = True
549.7016 	EXP 	unnamed Polygon: autoDraw = True
549.7167 	EXP 	unnamed Polygon: autoDraw = True
549.7204 	EXP 	unnamed Polygon: autoDraw = True
549.7346 	EXP 	unnamed Polygon: autoDraw = True
549.7384 	EXP 	unnamed Polygon: autoDraw = True
549.7523 	EXP 	unnamed Polygon: autoDraw = True
549.7557 	EXP 	unnamed Polygon: autoDraw = True
549.7607 	EXP 	unnamed Polygon: autoDraw = True
549.7736 	EXP 	unnamed Polygon: autoDraw = True
549.7762 	EXP 	unnamed Polygon: autoDraw = True
549.7909 	EXP 	unnamed Polygon: autoDraw = True
549.7966 	EXP 	unnamed Polygon: autoDraw = False
551.2092 	EXP 	trial_feedback: height = 0.09
551.2092 	EXP 	trial_feedback: height = 0.09
551.2092 	EXP 	trial_feedback: height = 0.09
551.2092 	EXP 	trial_feedback: text = 'Miss!\n-$1.50'
551.2092 	EXP 	trial_feedback: autoDraw = True
553.2012 	EXP 	trial_feedback: autoDraw = False
553.2053 	EXP 	trial_feedback: autoDraw = False
553.2053 	EXP 	exp_feedback: autoDraw = False
559.4380 	DATA 	Keypress: 1
563.5090 	EXP 	unnamed Polygon: autoDraw = True
563.5090 	EXP 	unnamed Polygon: autoDraw = True
563.5122 	EXP 	unnamed Polygon: autoDraw = True
563.5150 	EXP 	unnamed Polygon: autoDraw = True
563.5181 	EXP 	unnamed Polygon: autoDraw = True
563.5326 	EXP 	unnamed Polygon: autoDraw = True
563.5347 	EXP 	unnamed Polygon: autoDraw = True
563.5499 	EXP 	unnamed Polygon: autoDraw = True
563.5537 	EXP 	unnamed Polygon: autoDraw = True
563.5676 	EXP 	unnamed Polygon: autoDraw = True
563.5711 	EXP 	unnamed Polygon: autoDraw = True
563.5854 	EXP 	unnamed Polygon: autoDraw = True
563.5896 	EXP 	unnamed Polygon: autoDraw = True
563.5930 	EXP 	unnamed Polygon: autoDraw = True
563.6075 	EXP 	unnamed Polygon: autoDraw = True
563.6112 	EXP 	unnamed Polygon: autoDraw = True
563.6251 	EXP 	unnamed Polygon: autoDraw = True
563.6279 	EXP 	unnamed Polygon: autoDraw = True
563.6425 	EXP 	unnamed Polygon: autoDraw = True
563.6457 	EXP 	unnamed Polygon: autoDraw = True
563.6600 	EXP 	unnamed Polygon: autoDraw = True
563.6629 	EXP 	unnamed Polygon: autoDraw = True
563.6776 	EXP 	unnamed Polygon: autoDraw = True
563.6814 	EXP 	unnamed Polygon: autoDraw = True
563.6853 	EXP 	unnamed Polygon: autoDraw = True
563.6989 	EXP 	unnamed Polygon: autoDraw = True
563.7016 	EXP 	unnamed Polygon: autoDraw = True
563.7162 	EXP 	unnamed Polygon: autoDraw = True
563.7194 	DATA 	Keypress: 1
563.7241 	EXP 	unnamed Polygon: autoDraw = True
563.7270 	EXP 	unnamed Polygon: autoDraw = True
563.7422 	EXP 	unnamed Polygon: autoDraw = True
563.7450 	EXP 	unnamed Polygon: autoDraw = True
563.7596 	EXP 	unnamed Polygon: autoDraw = True
563.7623 	EXP 	unnamed Polygon: autoDraw = True
563.7772 	EXP 	unnamed Polygon: autoDraw = True
563.7815 	EXP 	unnamed Polygon: autoDraw = True
563.7850 	EXP 	unnamed Polygon: autoDraw = True
563.7993 	EXP 	unnamed Polygon: autoDraw = True
563.8029 	EXP 	unnamed Polygon: autoDraw = True
563.8168 	EXP 	unnamed Polygon: autoDraw = True
563.8197 	EXP 	unnamed Polygon: autoDraw = True
563.8345 	EXP 	unnamed Polygon: autoDraw = True
563.8418 	EXP 	unnamed Polygon: autoDraw = False
565.3639 	EXP 	trial_feedback: height = 0.09
565.3639 	EXP 	trial_feedback: height = 0.09
565.3639 	EXP 	trial_feedback: height = 0.09
565.3639 	EXP 	trial_feedback: text = 'Hit!\n$0.00'
565.3639 	EXP 	trial_feedback: autoDraw = True
567.3574 	EXP 	trial_feedback: autoDraw = False
567.3611 	EXP 	trial_feedback: autoDraw = False
567.3611 	EXP 	exp_feedback: autoDraw = False
577.5166 	EXP 	unnamed Polygon: autoDraw = True
577.5166 	EXP 	unnamed Polygon: autoDraw = True
577.5205 	EXP 	unnamed Polygon: autoDraw = True
577.5233 	EXP 	unnamed Polygon: autoDraw = True
577.5262 	EXP 	unnamed Polygon: autoDraw = True
577.5407 	EXP 	unnamed Polygon: autoDraw = True
577.5432 	EXP 	unnamed Polygon: autoDraw = True
577.5578 	EXP 	unnamed Polygon: autoDraw = True
577.5610 	EXP 	unnamed Polygon: autoDraw = True
577.5759 	EXP 	unnamed Polygon: autoDraw = True
577.5796 	EXP 	unnamed Polygon: autoDraw = True
577.5928 	EXP 	unnamed Polygon: autoDraw = True
577.5966 	EXP 	unnamed Polygon: autoDraw = True
577.6103 	EXP 	unnamed Polygon: autoDraw = True
577.6142 	EXP 	unnamed Polygon: autoDraw = True
577.6187 	EXP 	unnamed Polygon: autoDraw = True
577.6321 	EXP 	unnamed Polygon: autoDraw = True
577.6352 	EXP 	unnamed Polygon: autoDraw = True
577.6495 	EXP 	unnamed Polygon: autoDraw = True
577.6530 	EXP 	unnamed Polygon: autoDraw = True
577.6672 	EXP 	unnamed Polygon: autoDraw = True
577.6718 	EXP 	unnamed Polygon: autoDraw = True
577.6848 	EXP 	unnamed Polygon: autoDraw = True
577.6888 	EXP 	unnamed Polygon: autoDraw = True
577.7025 	EXP 	unnamed Polygon: autoDraw = True
577.7071 	EXP 	unnamed Polygon: autoDraw = True
577.7100 	DATA 	Keypress: 1
577.7144 	EXP 	unnamed Polygon: autoDraw = True
577.7186 	EXP 	unnamed Polygon: autoDraw = True
577.7323 	EXP 	unnamed Polygon: autoDraw = True
577.7352 	EXP 	unnamed Polygon: autoDraw = True
577.7496 	EXP 	unnamed Polygon: autoDraw = True
577.7567 	EXP 	unnamed Polygon: autoDraw = False
579.4486 	EXP 	trial_feedback: text = 'Hit!\n$0.00'
579.4486 	EXP 	trial_feedback: autoDraw = True
581.4439 	EXP 	trial_feedback: autoDraw = False
581.4629 	EXP 	trial_feedback: autoDraw = False
581.4629 	EXP 	exp_feedback: autoDraw = False
591.5060 	EXP 	unnamed Polygon: autoDraw = True
591.5060 	EXP 	unnamed Polygon: autoDraw = True
591.5084 	EXP 	unnamed Polygon: autoDraw = True
591.5107 	EXP 	unnamed Polygon: autoDraw = True
591.5271 	EXP 	unnamed Polygon: autoDraw = True
591.5302 	EXP 	unnamed Polygon: autoDraw = True
591.5444 	EXP 	unnamed Polygon: autoDraw = True
591.5481 	EXP 	unnamed Polygon: autoDraw = True
591.5519 	EXP 	unnamed Polygon: autoDraw = True
591.5657 	EXP 	unnamed Polygon: autoDraw = True
591.5687 	EXP 	unnamed Polygon: autoDraw = True
591.5834 	EXP 	unnamed Polygon: autoDraw = True
591.5871 	EXP 	unnamed Polygon: autoDraw = True
591.6008 	EXP 	unnamed Polygon: autoDraw = True
591.6035 	EXP 	unnamed Polygon: autoDraw = True
591.6182 	EXP 	unnamed Polygon: autoDraw = True
591.6221 	EXP 	unnamed Polygon: autoDraw = True
591.6357 	EXP 	unnamed Polygon: autoDraw = True
591.6398 	EXP 	unnamed Polygon: autoDraw = True
591.6433 	EXP 	unnamed Polygon: autoDraw = True
591.6573 	EXP 	unnamed Polygon: autoDraw = True
591.6612 	EXP 	unnamed Polygon: autoDraw = True
591.6751 	EXP 	unnamed Polygon: autoDraw = True
591.6794 	EXP 	unnamed Polygon: autoDraw = True
591.6926 	EXP 	unnamed Polygon: autoDraw = True
591.6963 	EXP 	unnamed Polygon: autoDraw = True
591.7102 	EXP 	unnamed Polygon: autoDraw = True
591.7190 	EXP 	unnamed Polygon: autoDraw = False
591.7406 	DATA 	Keypress: 1
593.4758 	EXP 	trial_feedback: height = 0.09
593.4758 	EXP 	trial_feedback: height = 0.09
593.4758 	EXP 	trial_feedback: height = 0.09
593.4758 	EXP 	trial_feedback: text = 'Miss!\n$0.00'
593.4758 	EXP 	trial_feedback: autoDraw = True
595.4732 	EXP 	trial_feedback: autoDraw = False
595.4732 	EXP 	exp_feedback: autoDraw = False
603.5179 	EXP 	unnamed Polygon: autoDraw = True
603.5179 	EXP 	unnamed Polygon: autoDraw = True
603.5204 	EXP 	unnamed Polygon: autoDraw = True
603.5359 	EXP 	unnamed Polygon: autoDraw = True
603.5384 	EXP 	unnamed Polygon: autoDraw = True
603.5535 	EXP 	unnamed Polygon: autoDraw = True
603.5574 	EXP 	unnamed Polygon: autoDraw = True
603.5600 	EXP 	unnamed Polygon: autoDraw = True
603.5757 	EXP 	unnamed Polygon: autoDraw = True
603.5792 	EXP 	unnamed Polygon: autoDraw = True
603.5931 	EXP 	unnamed Polygon: autoDraw = True
603.5972 	EXP 	unnamed Polygon: autoDraw = True
603.6107 	EXP 	unnamed Polygon: autoDraw = True
603.6146 	EXP 	unnamed Polygon: autoDraw = True
603.6183 	EXP 	unnamed Polygon: autoDraw = True
603.6317 	EXP 	unnamed Polygon: autoDraw = True
603.6343 	EXP 	unnamed Polygon: autoDraw = True
603.6493 	EXP 	unnamed Polygon: autoDraw = True
603.6522 	EXP 	unnamed Polygon: autoDraw = True
603.6668 	EXP 	unnamed Polygon: autoDraw = True
603.6701 	EXP 	unnamed Polygon: autoDraw = True
603.6844 	EXP 	unnamed Polygon: autoDraw = True
603.6882 	EXP 	unnamed Polygon: autoDraw = True
603.7023 	EXP 	unnamed Polygon: autoDraw = True
603.7064 	EXP 	unnamed Polygon: autoDraw = True
603.7103 	EXP 	unnamed Polygon: autoDraw = True
603.7238 	EXP 	unnamed Polygon: autoDraw = True
603.7270 	EXP 	unnamed Polygon: autoDraw = True
603.7412 	EXP 	unnamed Polygon: autoDraw = True
603.7451 	EXP 	unnamed Polygon: autoDraw = True
603.7587 	EXP 	unnamed Polygon: autoDraw = True
603.7625 	EXP 	unnamed Polygon: autoDraw = True
603.7763 	EXP 	unnamed Polygon: autoDraw = True
603.7844 	EXP 	unnamed Polygon: autoDraw = False
603.8613 	DATA 	Keypress: 1
605.4928 	EXP 	trial_feedback: height = 0.09
605.4928 	EXP 	trial_feedback: height = 0.09
605.4928 	EXP 	trial_feedback: height = 0.09
605.4928 	EXP 	trial_feedback: text = 'Miss!\n-$0.00'
605.4928 	EXP 	trial_feedback: autoDraw = True
607.4862 	EXP 	trial_feedback: autoDraw = False
607.4909 	EXP 	trial_feedback: autoDraw = False
607.4909 	EXP 	exp_feedback: autoDraw = False
615.5238 	EXP 	unnamed Polygon: autoDraw = True
615.5238 	EXP 	unnamed Polygon: autoDraw = True
615.5267 	EXP 	unnamed Polygon: autoDraw = True
615.5411 	EXP 	unnamed Polygon: autoDraw = True
615.5436 	EXP 	unnamed Polygon: autoDraw = True
615.5586 	EXP 	unnamed Polygon: autoDraw = True
615.5626 	EXP 	unnamed Polygon: autoDraw = True
615.5762 	EXP 	unnamed Polygon: autoDraw = True
615.5794 	EXP 	unnamed Polygon: autoDraw = True
615.5939 	EXP 	unnamed Polygon: autoDraw = True
615.5977 	EXP 	unnamed Polygon: autoDraw = True
615.6017 	EXP 	unnamed Polygon: autoDraw = True
615.6155 	EXP 	unnamed Polygon: autoDraw = True
615.6187 	EXP 	unnamed Polygon: autoDraw = True
615.6328 	EXP 	unnamed Polygon: autoDraw = True
615.6359 	EXP 	unnamed Polygon: autoDraw = True
615.6503 	EXP 	unnamed Polygon: autoDraw = True
615.6535 	EXP 	unnamed Polygon: autoDraw = True
615.6678 	EXP 	unnamed Polygon: autoDraw = True
615.6715 	EXP 	unnamed Polygon: autoDraw = True
615.6854 	EXP 	unnamed Polygon: autoDraw = True
615.6901 	EXP 	unnamed Polygon: autoDraw = True
615.6937 	EXP 	unnamed Polygon: autoDraw = True
615.7075 	EXP 	unnamed Polygon: autoDraw = True
615.7111 	EXP 	unnamed Polygon: autoDraw = True
615.7252 	EXP 	unnamed Polygon: autoDraw = True
615.7295 	EXP 	unnamed Polygon: autoDraw = True
615.7430 	EXP 	unnamed Polygon: autoDraw = True
615.7461 	DATA 	Keypress: 1
615.7511 	EXP 	unnamed Polygon: autoDraw = True
615.7548 	EXP 	unnamed Polygon: autoDraw = True
615.7691 	EXP 	unnamed Polygon: autoDraw = True
615.7725 	EXP 	unnamed Polygon: autoDraw = True
615.7867 	EXP 	unnamed Polygon: autoDraw = True
615.7908 	EXP 	unnamed Polygon: autoDraw = True
615.7942 	EXP 	unnamed Polygon: autoDraw = True
615.8087 	EXP 	unnamed Polygon: autoDraw = True
615.8130 	EXP 	unnamed Polygon: autoDraw = True
615.8260 	EXP 	unnamed Polygon: autoDraw = True
615.8289 	EXP 	unnamed Polygon: autoDraw = True
615.8436 	EXP 	unnamed Polygon: autoDraw = True
615.8473 	EXP 	unnamed Polygon: autoDraw = True
615.8610 	EXP 	unnamed Polygon: autoDraw = True
615.8648 	EXP 	unnamed Polygon: autoDraw = True
615.8686 	EXP 	unnamed Polygon: autoDraw = True
615.8826 	EXP 	unnamed Polygon: autoDraw = False
617.6583 	EXP 	trial_feedback: height = 0.09
617.6583 	EXP 	trial_feedback: height = 0.09
617.6583 	EXP 	trial_feedback: height = 0.09
617.6583 	EXP 	trial_feedback: text = 'Hit!\n$0.00'
617.6583 	EXP 	trial_feedback: autoDraw = True
619.6450 	EXP 	trial_feedback: autoDraw = False
619.6641 	EXP 	trial_feedback: autoDraw = False
619.6641 	EXP 	exp_feedback: autoDraw = False
627.8587 	EXP 	unnamed Polygon: autoDraw = True
627.8587 	EXP 	unnamed Polygon: autoDraw = True
627.8613 	EXP 	unnamed Polygon: autoDraw = True
627.8649 	EXP 	unnamed Polygon: autoDraw = True
627.8678 	EXP 	unnamed Polygon: autoDraw = True
627.8823 	EXP 	unnamed Polygon: autoDraw = True
627.8846 	EXP 	unnamed Polygon: autoDraw = True
627.8996 	EXP 	unnamed Polygon: autoDraw = True
627.9028 	EXP 	unnamed Polygon: autoDraw = True
627.9176 	EXP 	unnamed Polygon: autoDraw = True
627.9216 	EXP 	unnamed Polygon: autoDraw = True
627.9353 	EXP 	unnamed Polygon: autoDraw = True
627.9392 	EXP 	unnamed Polygon: autoDraw = True
627.9437 	EXP 	unnamed Polygon: autoDraw = True
627.9575 	EXP 	unnamed Polygon: autoDraw = True
627.9606 	EXP 	unnamed Polygon: autoDraw = True
627.9754 	EXP 	unnamed Polygon: autoDraw = True
627.9790 	EXP 	unnamed Polygon: autoDraw = True
627.9935 	EXP 	unnamed Polygon: autoDraw = True
627.9975 	EXP 	unnamed Polygon: autoDraw = True
628.0019 	EXP 	unnamed Polygon: autoDraw = True
628.0156 	EXP 	unnamed Polygon: autoDraw = True
628.0177 	DATA 	Keypress: 1
628.0208 	EXP 	unnamed Polygon: autoDraw = True
628.0332 	EXP 	unnamed Polygon: autoDraw = True
628.0368 	EXP 	unnamed Polygon: autoDraw = True
628.0509 	EXP 	unnamed Polygon: autoDraw = True
628.0544 	EXP 	unnamed Polygon: autoDraw = True
628.0687 	EXP 	unnamed Polygon: autoDraw = True
628.0760 	EXP 	unnamed Polygon: autoDraw = False
629.7554 	EXP 	trial_feedback: height = 0.09
629.7554 	EXP 	trial_feedback: height = 0.09
629.7554 	EXP 	trial_feedback: height = 0.09
629.7554 	EXP 	trial_feedback: text = 'Hit!\n+$5.00'
629.7554 	EXP 	trial_feedback: autoDraw = True
631.7485 	EXP 	trial_feedback: autoDraw = False
631.7517 	EXP 	trial_feedback: autoDraw = False
631.7517 	EXP 	exp_feedback: autoDraw = False
642.2350 	EXP 	unnamed Polygon: autoDraw = True
642.2350 	EXP 	unnamed Polygon: autoDraw = True
642.2388 	EXP 	unnamed Polygon: autoDraw = True
642.2529 	EXP 	unnamed Polygon: autoDraw = True
642.2568 	EXP 	unnamed Polygon: autoDraw = True
642.2592 	DATA 	Keypress: 1
642.2625 	EXP 	unnamed Polygon: autoDraw = True
642.2743 	EXP 	unnamed Polygon: autoDraw = True
642.2767 	EXP 	unnamed Polygon: autoDraw = True
642.2916 	EXP 	unnamed Polygon: autoDraw = True
642.2938 	EXP 	unnamed Polygon: autoDraw = True
642.3091 	EXP 	unnamed Polygon: autoDraw = True
642.3148 	EXP 	unnamed Polygon: autoDraw = True
642.3193 	EXP 	unnamed Polygon: autoDraw = True
642.3303 	EXP 	unnamed Polygon: autoDraw = True
642.3372 	EXP 	unnamed Polygon: autoDraw = True
642.3478 	EXP 	unnamed Polygon: autoDraw = True
642.3523 	EXP 	unnamed Polygon: autoDraw = True
642.3656 	EXP 	unnamed Polygon: autoDraw = True
642.3700 	EXP 	unnamed Polygon: autoDraw = True
642.3835 	EXP 	unnamed Polygon: autoDraw = True
642.3880 	EXP 	unnamed Polygon: autoDraw = True
642.4013 	EXP 	unnamed Polygon: autoDraw = True
642.4032 	EXP 	unnamed Polygon: autoDraw = True
642.4190 	EXP 	unnamed Polygon: autoDraw = True
642.4219 	EXP 	unnamed Polygon: autoDraw = True
642.4370 	EXP 	unnamed Polygon: autoDraw = True
642.4411 	EXP 	unnamed Polygon: autoDraw = True
642.4442 	EXP 	unnamed Polygon: autoDraw = True
642.4593 	EXP 	unnamed Polygon: autoDraw = True
642.4623 	EXP 	unnamed Polygon: autoDraw = True
642.4694 	EXP 	unnamed Polygon: autoDraw = False
643.9855 	EXP 	trial_feedback: text = 'Hit!\n+$5.00'
643.9855 	EXP 	trial_feedback: autoDraw = True
645.9806 	EXP 	trial_feedback: autoDraw = False
645.9855 	EXP 	trial_feedback: autoDraw = False
645.9855 	EXP 	exp_feedback: autoDraw = False
654.0636 	EXP 	unnamed Polygon: autoDraw = True
654.0636 	EXP 	unnamed Polygon: autoDraw = True
654.0665 	EXP 	unnamed Polygon: autoDraw = True
654.0689 	EXP 	unnamed Polygon: autoDraw = True
654.0852 	EXP 	unnamed Polygon: autoDraw = True
654.0891 	EXP 	unnamed Polygon: autoDraw = True
654.0938 	EXP 	unnamed Polygon: autoDraw = True
654.1071 	EXP 	unnamed Polygon: autoDraw = True
654.1102 	EXP 	unnamed Polygon: autoDraw = True
654.1247 	EXP 	unnamed Polygon: autoDraw = True
654.1279 	EXP 	unnamed Polygon: autoDraw = True
654.1425 	EXP 	unnamed Polygon: autoDraw = True
654.1463 	EXP 	unnamed Polygon: autoDraw = True
654.1600 	EXP 	unnamed Polygon: autoDraw = True
654.1641 	EXP 	unnamed Polygon: autoDraw = True
654.1693 	EXP 	unnamed Polygon: autoDraw = True
654.1816 	EXP 	unnamed Polygon: autoDraw = True
654.1851 	EXP 	unnamed Polygon: autoDraw = True
654.1994 	EXP 	unnamed Polygon: autoDraw = True
654.2028 	EXP 	unnamed Polygon: autoDraw = True
654.2174 	EXP 	unnamed Polygon: autoDraw = True
654.2213 	EXP 	unnamed Polygon: autoDraw = True
654.2351 	EXP 	unnamed Polygon: autoDraw = True
654.2388 	EXP 	unnamed Polygon: autoDraw = True
654.2441 	EXP 	unnamed Polygon: autoDraw = True
654.2565 	EXP 	unnamed Polygon: autoDraw = True
654.2601 	EXP 	unnamed Polygon: autoDraw = True
654.2745 	EXP 	unnamed Polygon: autoDraw = True
654.2792 	DATA 	Keypress: 1
654.2825 	EXP 	unnamed Polygon: autoDraw = False
656.0097 	EXP 	trial_feedback: height = 0.09
656.0097 	EXP 	trial_feedback: height = 0.09
656.0097 	EXP 	trial_feedback: height = 0.09
656.0097 	EXP 	trial_feedback: text = 'Miss!\n$0.00'
656.0097 	EXP 	trial_feedback: autoDraw = True
657.9941 	EXP 	trial_feedback: autoDraw = False
658.0132 	EXP 	trial_feedback: autoDraw = False
658.0132 	EXP 	exp_feedback: autoDraw = False
667.7323 	DATA 	Keypress: 1
668.2831 	DATA 	Keypress: 1
668.4751 	EXP 	unnamed Polygon: autoDraw = True
668.4751 	EXP 	unnamed Polygon: autoDraw = True
668.4774 	EXP 	unnamed Polygon: autoDraw = True
668.4792 	EXP 	unnamed Polygon: autoDraw = True
668.4957 	EXP 	unnamed Polygon: autoDraw = True
668.4977 	EXP 	unnamed Polygon: autoDraw = True
668.5129 	EXP 	unnamed Polygon: autoDraw = True
668.5161 	EXP 	unnamed Polygon: autoDraw = True
668.5199 	EXP 	unnamed Polygon: autoDraw = True
668.5346 	EXP 	unnamed Polygon: autoDraw = True
668.5385 	EXP 	unnamed Polygon: autoDraw = True
668.5524 	EXP 	unnamed Polygon: autoDraw = True
668.5557 	EXP 	unnamed Polygon: autoDraw = True
668.5608 	EXP 	unnamed Polygon: autoDraw = True
668.5739 	EXP 	unnamed Polygon: autoDraw = True
668.5762 	EXP 	unnamed Polygon: autoDraw = True
668.5911 	EXP 	unnamed Polygon: autoDraw = True
668.5946 	EXP 	unnamed Polygon: autoDraw = True
668.6087 	EXP 	unnamed Polygon: autoDraw = True
668.6123 	EXP 	unnamed Polygon: autoDraw = True
668.6264 	EXP 	unnamed Polygon: autoDraw = True
668.6292 	EXP 	unnamed Polygon: autoDraw = True
668.6437 	EXP 	unnamed Polygon: autoDraw = True
668.6473 	EXP 	unnamed Polygon: autoDraw = True
668.6612 	EXP 	unnamed Polygon: autoDraw = True
668.6650 	EXP 	unnamed Polygon: autoDraw = True
668.6690 	EXP 	unnamed Polygon: autoDraw = True
668.6827 	EXP 	unnamed Polygon: autoDraw = True
668.6856 	EXP 	unnamed Polygon: autoDraw = True
668.7004 	EXP 	unnamed Polygon: autoDraw = True
668.7093 	EXP 	unnamed Polygon: autoDraw = False
670.0185 	EXP 	trial_feedback: text = 'Miss!\n$0.00'
670.0185 	EXP 	trial_feedback: autoDraw = True
672.0111 	EXP 	trial_feedback: autoDraw = False
672.0304 	EXP 	trial_feedback: autoDraw = False
672.0304 	EXP 	exp_feedback: autoDraw = False
680.1077 	EXP 	unnamed Polygon: autoDraw = True
680.1077 	EXP 	unnamed Polygon: autoDraw = True
680.1108 	EXP 	unnamed Polygon: autoDraw = True
680.1128 	EXP 	unnamed Polygon: autoDraw = True
680.1290 	EXP 	unnamed Polygon: autoDraw = True
680.1322 	EXP 	unnamed Polygon: autoDraw = True
680.1353 	EXP 	unnamed Polygon: autoDraw = True
680.1501 	EXP 	unnamed Polygon: autoDraw = True
680.1532 	EXP 	unnamed Polygon: autoDraw = True
680.1676 	EXP 	unnamed Polygon: autoDraw = True
680.1711 	EXP 	unnamed Polygon: autoDraw = True
680.1854 	EXP 	unnamed Polygon: autoDraw = True
680.1888 	EXP 	unnamed Polygon: autoDraw = True
680.2028 	EXP 	unnamed Polygon: autoDraw = True
680.2067 	EXP 	unnamed Polygon: autoDraw = True
680.2097 	EXP 	unnamed Polygon: autoDraw = True
680.2240 	EXP 	unnamed Polygon: autoDraw = True
680.2276 	EXP 	unnamed Polygon: autoDraw = True
680.2413 	EXP 	unnamed Polygon: autoDraw = True
680.2443 	EXP 	unnamed Polygon: autoDraw = True
680.2591 	EXP 	unnamed Polygon: autoDraw = True
680.2627 	EXP 	unnamed Polygon: autoDraw = True
680.2766 	EXP 	unnamed Polygon: autoDraw = True
680.2807 	EXP 	unnamed Polygon: autoDraw = True
680.2860 	EXP 	unnamed Polygon: autoDraw = True
680.2988 	EXP 	unnamed Polygon: autoDraw = True
680.3016 	DATA 	Keypress: 1
680.3059 	EXP 	unnamed Polygon: autoDraw = True
680.3164 	EXP 	unnamed Polygon: autoDraw = True
680.3200 	EXP 	unnamed Polygon: autoDraw = True
680.3344 	EXP 	unnamed Polygon: autoDraw = True
680.3381 	EXP 	unnamed Polygon: autoDraw = True
680.3521 	EXP 	unnamed Polygon: autoDraw = True
680.3556 	EXP 	unnamed Polygon: autoDraw = True
680.3605 	EXP 	unnamed Polygon: autoDraw = True
680.3735 	EXP 	unnamed Polygon: autoDraw = True
680.3805 	EXP 	unnamed Polygon: autoDraw = False
682.1446 	EXP 	trial_feedback: height = 0.09
682.1446 	EXP 	trial_feedback: height = 0.09
682.1446 	EXP 	trial_feedback: height = 0.09
682.1446 	EXP 	trial_feedback: text = 'Hit!\n$0.00'
682.1446 	EXP 	trial_feedback: autoDraw = True
684.1316 	EXP 	trial_feedback: autoDraw = False
684.1493 	EXP 	trial_feedback: autoDraw = False
684.1493 	EXP 	exp_feedback: autoDraw = False
694.4800 	EXP 	unnamed Polygon: autoDraw = True
694.4800 	EXP 	unnamed Polygon: autoDraw = True
694.4835 	EXP 	unnamed Polygon: autoDraw = True
694.4857 	EXP 	unnamed Polygon: autoDraw = True
694.5015 	EXP 	unnamed Polygon: autoDraw = True
694.5054 	EXP 	unnamed Polygon: autoDraw = True
694.5190 	EXP 	unnamed Polygon: autoDraw = True
694.5220 	EXP 	unnamed Polygon: autoDraw = True
694.5364 	EXP 	unnamed Polygon: autoDraw = True
694.5400 	EXP 	unnamed Polygon: autoDraw = True
694.5434 	EXP 	unnamed Polygon: autoDraw = True
694.5575 	EXP 	unnamed Polygon: autoDraw = True
694.5612 	EXP 	unnamed Polygon: autoDraw = True
694.5752 	EXP 	unnamed Polygon: autoDraw = True
694.5795 	EXP 	unnamed Polygon: autoDraw = True
694.5926 	EXP 	unnamed Polygon: autoDraw = True
694.5959 	EXP 	unnamed Polygon: autoDraw = True
694.6000 	DATA 	Keypress: 1
694.6039 	EXP 	unnamed Polygon: autoDraw = True
694.6139 	EXP 	unnamed Polygon: autoDraw = True
694.6193 	EXP 	unnamed Polygon: autoDraw = True
694.6314 	EXP 	unnamed Polygon: autoDraw = True
694.6352 	EXP 	unnamed Polygon: autoDraw = True
694.6491 	EXP 	unnamed Polygon: autoDraw = True
694.6523 	EXP 	unnamed Polygon: autoDraw = True
694.6665 	EXP 	unnamed Polygon: autoDraw = True
694.6712 	EXP 	unnamed Polygon: autoDraw = True
694.6838 	EXP 	unnamed Polygon: autoDraw = True
694.6873 	EXP 	unnamed Polygon: autoDraw = True
694.7013 	EXP 	unnamed Polygon: autoDraw = True
694.7041 	EXP 	unnamed Polygon: autoDraw = True
694.7186 	EXP 	unnamed Polygon: autoDraw = True
694.7262 	EXP 	unnamed Polygon: autoDraw = False
696.3045 	EXP 	trial_feedback: height = 0.09
696.3045 	EXP 	trial_feedback: height = 0.09
696.3045 	EXP 	trial_feedback: height = 0.09
696.3045 	EXP 	trial_feedback: text = 'Hit!\n+$5.00'
696.3045 	EXP 	trial_feedback: autoDraw = True
698.2937 	EXP 	trial_feedback: autoDraw = False
698.3128 	EXP 	trial_feedback: autoDraw = False
698.3128 	EXP 	exp_feedback: autoDraw = False
706.3879 	EXP 	unnamed Polygon: autoDraw = True
706.3879 	EXP 	unnamed Polygon: autoDraw = True
706.3919 	EXP 	unnamed Polygon: autoDraw = True
706.3941 	EXP 	unnamed Polygon: autoDraw = True
706.4093 	EXP 	unnamed Polygon: autoDraw = True
706.4112 	EXP 	unnamed Polygon: autoDraw = True
706.4266 	EXP 	unnamed Polygon: autoDraw = True
706.4295 	EXP 	unnamed Polygon: autoDraw = True
706.4441 	EXP 	unnamed Polygon: autoDraw = True
706.4474 	EXP 	unnamed Polygon: autoDraw = True
706.4526 	EXP 	unnamed Polygon: autoDraw = True
706.4657 	EXP 	unnamed Polygon: autoDraw = True
706.4690 	EXP 	unnamed Polygon: autoDraw = True
706.4834 	EXP 	unnamed Polygon: autoDraw = True
706.4873 	EXP 	unnamed Polygon: autoDraw = True
706.5010 	EXP 	unnamed Polygon: autoDraw = True
706.5045 	EXP 	unnamed Polygon: autoDraw = True
706.5185 	EXP 	unnamed Polygon: autoDraw = True
706.5222 	EXP 	unnamed Polygon: autoDraw = True
706.5360 	EXP 	unnamed Polygon: autoDraw = True
706.5398 	EXP 	unnamed Polygon: autoDraw = True
706.5434 	EXP 	unnamed Polygon: autoDraw = True
706.5573 	EXP 	unnamed Polygon: autoDraw = True
706.5613 	EXP 	unnamed Polygon: autoDraw = True
706.5745 	EXP 	unnamed Polygon: autoDraw = True
706.5772 	EXP 	unnamed Polygon: autoDraw = True
706.5922 	EXP 	unnamed Polygon: autoDraw = True
706.5951 	DATA 	Keypress: 1
706.5992 	EXP 	unnamed Polygon: autoDraw = True
706.6024 	EXP 	unnamed Polygon: autoDraw = True
706.6170 	EXP 	unnamed Polygon: autoDraw = True
706.6225 	EXP 	unnamed Polygon: autoDraw = False
708.3863 	EXP 	trial_feedback: height = 0.09
708.3863 	EXP 	trial_feedback: height = 0.09
708.3863 	EXP 	trial_feedback: height = 0.09
708.3863 	EXP 	trial_feedback: text = 'Hit!\n$0.00'
708.3863 	EXP 	trial_feedback: autoDraw = True
710.3784 	EXP 	trial_feedback: autoDraw = False
710.3934 	EXP 	trial_feedback: autoDraw = False
710.3934 	EXP 	exp_feedback: autoDraw = False
716.6743 	EXP 	unnamed Polygon: autoDraw = True
716.6743 	EXP 	unnamed Polygon: autoDraw = True
716.6777 	EXP 	unnamed Polygon: autoDraw = True
716.6799 	EXP 	unnamed Polygon: autoDraw = True
716.6957 	EXP 	unnamed Polygon: autoDraw = True
716.6998 	EXP 	unnamed Polygon: autoDraw = True
716.7026 	EXP 	unnamed Polygon: autoDraw = True
716.7179 	EXP 	unnamed Polygon: autoDraw = True
716.7207 	EXP 	unnamed Polygon: autoDraw = True
716.7354 	EXP 	unnamed Polygon: autoDraw = True
716.7389 	EXP 	unnamed Polygon: autoDraw = True
716.7527 	EXP 	unnamed Polygon: autoDraw = True
716.7565 	EXP 	unnamed Polygon: autoDraw = True
716.7599 	EXP 	unnamed Polygon: autoDraw = True
716.7740 	EXP 	unnamed Polygon: autoDraw = True
716.7768 	EXP 	unnamed Polygon: autoDraw = True
716.7913 	EXP 	unnamed Polygon: autoDraw = True
716.7940 	EXP 	unnamed Polygon: autoDraw = True
716.8087 	EXP 	unnamed Polygon: autoDraw = True
716.8127 	EXP 	unnamed Polygon: autoDraw = True
716.8264 	EXP 	unnamed Polygon: autoDraw = True
716.8306 	EXP 	unnamed Polygon: autoDraw = True
716.8440 	EXP 	unnamed Polygon: autoDraw = True
716.8485 	EXP 	unnamed Polygon: autoDraw = True
716.8520 	EXP 	unnamed Polygon: autoDraw = True
716.8668 	EXP 	unnamed Polygon: autoDraw = True
716.8707 	EXP 	unnamed Polygon: autoDraw = True
716.8843 	EXP 	unnamed Polygon: autoDraw = True
716.8883 	EXP 	unnamed Polygon: autoDraw = True
716.9019 	EXP 	unnamed Polygon: autoDraw = True
716.9055 	DATA 	Keypress: 1
716.9101 	EXP 	unnamed Polygon: autoDraw = True
716.9138 	EXP 	unnamed Polygon: autoDraw = True
716.9282 	EXP 	unnamed Polygon: autoDraw = True
716.9358 	EXP 	unnamed Polygon: autoDraw = False
718.4489 	EXP 	trial_feedback: height = 0.09
718.4489 	EXP 	trial_feedback: height = 0.09
718.4489 	EXP 	trial_feedback: height = 0.09
718.4489 	EXP 	trial_feedback: text = 'Hit!\n+$1.50'
718.4489 	EXP 	trial_feedback: autoDraw = True
720.4390 	EXP 	trial_feedback: autoDraw = False
720.4594 	EXP 	trial_feedback: autoDraw = False
720.4594 	EXP 	exp_feedback: autoDraw = False
726.9264 	EXP 	unnamed Polygon: autoDraw = True
726.9264 	EXP 	unnamed Polygon: autoDraw = True
726.9290 	EXP 	unnamed Polygon: autoDraw = True
726.9444 	EXP 	unnamed Polygon: autoDraw = True
726.9477 	EXP 	unnamed Polygon: autoDraw = True
726.9617 	EXP 	unnamed Polygon: autoDraw = True
726.9665 	EXP 	unnamed Polygon: autoDraw = True
726.9701 	EXP 	unnamed Polygon: autoDraw = True
726.9846 	EXP 	unnamed Polygon: autoDraw = True
726.9880 	EXP 	unnamed Polygon: autoDraw = True
727.0102 	EXP 	unnamed Polygon: autoDraw = True
727.0125 	EXP 	unnamed Polygon: autoDraw = True
727.0151 	EXP 	unnamed Polygon: autoDraw = True
727.0174 	EXP 	unnamed Polygon: autoDraw = True
727.0327 	EXP 	unnamed Polygon: autoDraw = True
727.0348 	EXP 	unnamed Polygon: autoDraw = True
727.0504 	EXP 	unnamed Polygon: autoDraw = True
727.0545 	EXP 	unnamed Polygon: autoDraw = True
727.0683 	EXP 	unnamed Polygon: autoDraw = True
727.0718 	EXP 	unnamed Polygon: autoDraw = True
727.0854 	EXP 	unnamed Polygon: autoDraw = True
727.0893 	EXP 	unnamed Polygon: autoDraw = True
727.1027 	EXP 	unnamed Polygon: autoDraw = True
727.1063 	EXP 	unnamed Polygon: autoDraw = True
727.1099 	EXP 	unnamed Polygon: autoDraw = True
727.1242 	EXP 	unnamed Polygon: autoDraw = True
727.1271 	EXP 	unnamed Polygon: autoDraw = True
727.1419 	EXP 	unnamed Polygon: autoDraw = True
727.1448 	DATA 	Keypress: 1
727.1492 	EXP 	unnamed Polygon: autoDraw = True
727.1530 	EXP 	unnamed Polygon: autoDraw = True
727.1669 	EXP 	unnamed Polygon: autoDraw = True
727.1688 	EXP 	unnamed Polygon: autoDraw = True
727.1844 	EXP 	unnamed Polygon: autoDraw = True
727.1882 	EXP 	unnamed Polygon: autoDraw = True
727.2025 	EXP 	unnamed Polygon: autoDraw = True
727.2063 	EXP 	unnamed Polygon: autoDraw = True
727.2105 	EXP 	unnamed Polygon: autoDraw = True
727.2241 	EXP 	unnamed Polygon: autoDraw = True
727.2272 	EXP 	unnamed Polygon: autoDraw = True
727.2413 	EXP 	unnamed Polygon: autoDraw = True
727.2442 	EXP 	unnamed Polygon: autoDraw = True
727.2590 	EXP 	unnamed Polygon: autoDraw = True
727.2619 	EXP 	unnamed Polygon: autoDraw = True
727.2764 	EXP 	unnamed Polygon: autoDraw = True
727.2798 	EXP 	unnamed Polygon: autoDraw = True
727.2939 	EXP 	unnamed Polygon: autoDraw = True
727.3018 	EXP 	unnamed Polygon: autoDraw = False
728.6393 	EXP 	trial_feedback: height = 0.09
728.6393 	EXP 	trial_feedback: height = 0.09
728.6393 	EXP 	trial_feedback: height = 0.09
728.6393 	EXP 	trial_feedback: text = 'Hit!\n$0.00'
728.6393 	EXP 	trial_feedback: autoDraw = True
730.6275 	EXP 	trial_feedback: autoDraw = False
730.6461 	EXP 	trial_feedback: autoDraw = False
730.6461 	EXP 	exp_feedback: autoDraw = False
736.8781 	DATA 	Keypress: 1
741.1217 	EXP 	unnamed Polygon: autoDraw = True
741.1217 	EXP 	unnamed Polygon: autoDraw = True
741.1248 	EXP 	unnamed Polygon: autoDraw = True
741.1278 	EXP 	unnamed Polygon: autoDraw = True
741.1427 	EXP 	unnamed Polygon: autoDraw = True
741.1460 	EXP 	unnamed Polygon: autoDraw = True
741.1603 	EXP 	unnamed Polygon: autoDraw = True
741.1635 	EXP 	unnamed Polygon: autoDraw = True
741.1774 	EXP 	unnamed Polygon: autoDraw = True
741.1804 	EXP 	unnamed Polygon: autoDraw = True
741.1950 	EXP 	unnamed Polygon: autoDraw = True
741.1982 	EXP 	unnamed Polygon: autoDraw = True
741.2025 	EXP 	unnamed Polygon: autoDraw = True
741.2161 	EXP 	unnamed Polygon: autoDraw = True
741.2191 	EXP 	unnamed Polygon: autoDraw = True
741.2338 	EXP 	unnamed Polygon: autoDraw = True
741.2378 	EXP 	unnamed Polygon: autoDraw = True
741.2509 	EXP 	unnamed Polygon: autoDraw = True
741.2547 	EXP 	unnamed Polygon: autoDraw = True
741.2690 	EXP 	unnamed Polygon: autoDraw = True
741.2731 	EXP 	unnamed Polygon: autoDraw = True
741.2769 	EXP 	unnamed Polygon: autoDraw = True
741.2905 	EXP 	unnamed Polygon: autoDraw = True
741.2942 	EXP 	unnamed Polygon: autoDraw = True
741.3080 	EXP 	unnamed Polygon: autoDraw = True
741.3116 	DATA 	Keypress: 1
741.3164 	EXP 	unnamed Polygon: autoDraw = True
741.3200 	EXP 	unnamed Polygon: autoDraw = True
741.3342 	EXP 	unnamed Polygon: autoDraw = True
741.3379 	EXP 	unnamed Polygon: autoDraw = True
741.3517 	EXP 	unnamed Polygon: autoDraw = True
741.3554 	EXP 	unnamed Polygon: autoDraw = True
741.3694 	EXP 	unnamed Polygon: autoDraw = True
741.3733 	EXP 	unnamed Polygon: autoDraw = True
741.3772 	EXP 	unnamed Polygon: autoDraw = True
741.3911 	EXP 	unnamed Polygon: autoDraw = True
741.3940 	EXP 	unnamed Polygon: autoDraw = True
741.4087 	EXP 	unnamed Polygon: autoDraw = True
741.4116 	EXP 	unnamed Polygon: autoDraw = True
741.4262 	EXP 	unnamed Polygon: autoDraw = True
741.4289 	EXP 	unnamed Polygon: autoDraw = True
741.4437 	EXP 	unnamed Polygon: autoDraw = True
741.4470 	EXP 	unnamed Polygon: autoDraw = True
741.4613 	EXP 	unnamed Polygon: autoDraw = True
741.4651 	EXP 	unnamed Polygon: autoDraw = True
741.4789 	EXP 	unnamed Polygon: autoDraw = True
741.4870 	EXP 	unnamed Polygon: autoDraw = False
742.8532 	EXP 	trial_feedback: text = 'Hit!\n$0.00'
742.8532 	EXP 	trial_feedback: autoDraw = True
744.8466 	EXP 	trial_feedback: autoDraw = False
744.8676 	EXP 	trial_feedback: autoDraw = False
744.8676 	EXP 	exp_feedback: autoDraw = False
755.1605 	EXP 	unnamed Polygon: autoDraw = True
755.1605 	EXP 	unnamed Polygon: autoDraw = True
755.1642 	EXP 	unnamed Polygon: autoDraw = True
755.1781 	EXP 	unnamed Polygon: autoDraw = True
755.1819 	EXP 	unnamed Polygon: autoDraw = True
755.1861 	EXP 	unnamed Polygon: autoDraw = True
755.2004 	EXP 	unnamed Polygon: autoDraw = True
755.2043 	EXP 	unnamed Polygon: autoDraw = True
755.2184 	EXP 	unnamed Polygon: autoDraw = True
755.2219 	EXP 	unnamed Polygon: autoDraw = True
755.2359 	EXP 	unnamed Polygon: autoDraw = True
755.2400 	EXP 	unnamed Polygon: autoDraw = True
755.2449 	EXP 	unnamed Polygon: autoDraw = True
755.2577 	EXP 	unnamed Polygon: autoDraw = True
755.2602 	EXP 	unnamed Polygon: autoDraw = True
755.2750 	EXP 	unnamed Polygon: autoDraw = True
755.2772 	EXP 	unnamed Polygon: autoDraw = True
755.2925 	EXP 	unnamed Polygon: autoDraw = True
755.2959 	EXP 	unnamed Polygon: autoDraw = True
755.3102 	EXP 	unnamed Polygon: autoDraw = True
755.3145 	EXP 	unnamed Polygon: autoDraw = True
755.3188 	EXP 	unnamed Polygon: autoDraw = True
755.3319 	EXP 	unnamed Polygon: autoDraw = True
755.3349 	EXP 	unnamed Polygon: autoDraw = True
755.3492 	EXP 	unnamed Polygon: autoDraw = True
755.3517 	EXP 	unnamed Polygon: autoDraw = True
755.3667 	EXP 	unnamed Polygon: autoDraw = True
755.3704 	EXP 	unnamed Polygon: autoDraw = True
755.3740 	DATA 	Keypress: 1
755.3779 	EXP 	unnamed Polygon: autoDraw = True
755.3871 	EXP 	unnamed Polygon: autoDraw = True
755.3951 	EXP 	unnamed Polygon: autoDraw = True
755.4049 	EXP 	unnamed Polygon: autoDraw = True
755.4130 	EXP 	unnamed Polygon: autoDraw = True
755.4224 	EXP 	unnamed Polygon: autoDraw = True
755.4274 	EXP 	unnamed Polygon: autoDraw = True
755.4359 	EXP 	unnamed Polygon: autoDraw = False
756.9694 	EXP 	trial_feedback: height = 0.09
756.9694 	EXP 	trial_feedback: height = 0.09
756.9694 	EXP 	trial_feedback: height = 0.09
756.9694 	EXP 	trial_feedback: text = 'Hit!\n+$1.50'
756.9694 	EXP 	trial_feedback: autoDraw = True
758.9546 	EXP 	trial_feedback: autoDraw = False
758.9743 	EXP 	trial_feedback: autoDraw = False
758.9743 	EXP 	exp_feedback: autoDraw = False
765.4490 	EXP 	unnamed Polygon: autoDraw = True
765.4490 	EXP 	unnamed Polygon: autoDraw = True
765.4520 	EXP 	unnamed Polygon: autoDraw = True
765.4539 	EXP 	unnamed Polygon: autoDraw = True
765.4703 	EXP 	unnamed Polygon: autoDraw = True
765.4733 	EXP 	unnamed Polygon: autoDraw = True
765.4767 	EXP 	unnamed Polygon: autoDraw = True
765.4919 	EXP 	unnamed Polygon: autoDraw = True
765.4953 	EXP 	unnamed Polygon: autoDraw = True
765.5097 	EXP 	unnamed Polygon: autoDraw = True
765.5130 	EXP 	unnamed Polygon: autoDraw = True
765.5274 	EXP 	unnamed Polygon: autoDraw = True
765.5316 	EXP 	unnamed Polygon: autoDraw = True
765.5353 	EXP 	unnamed Polygon: autoDraw = True
765.5489 	EXP 	unnamed Polygon: autoDraw = True
765.5522 	EXP 	unnamed Polygon: autoDraw = True
765.5660 	EXP 	unnamed Polygon: autoDraw = True
765.5694 	EXP 	unnamed Polygon: autoDraw = True
765.5834 	EXP 	unnamed Polygon: autoDraw = True
765.5868 	EXP 	unnamed Polygon: autoDraw = True
765.6011 	EXP 	unnamed Polygon: autoDraw = True
765.6047 	EXP 	unnamed Polygon: autoDraw = True
765.6186 	EXP 	unnamed Polygon: autoDraw = True
765.6231 	EXP 	unnamed Polygon: autoDraw = True
765.6272 	EXP 	unnamed Polygon: autoDraw = True
765.6402 	EXP 	unnamed Polygon: autoDraw = True
765.6433 	EXP 	unnamed Polygon: autoDraw = True
765.6577 	EXP 	unnamed Polygon: autoDraw = True
765.6610 	DATA 	Keypress: 1
765.6661 	EXP 	unnamed Polygon: autoDraw = True
765.6693 	EXP 	unnamed Polygon: autoDraw = True
765.6841 	EXP 	unnamed Polygon: autoDraw = True
765.6879 	EXP 	unnamed Polygon: autoDraw = True
765.7019 	EXP 	unnamed Polygon: autoDraw = True
765.7065 	EXP 	unnamed Polygon: autoDraw = True
765.7107 	EXP 	unnamed Polygon: autoDraw = True
765.7244 	EXP 	unnamed Polygon: autoDraw = True
765.7281 	EXP 	unnamed Polygon: autoDraw = True
765.7423 	EXP 	unnamed Polygon: autoDraw = True
765.7468 	EXP 	unnamed Polygon: autoDraw = True
765.7597 	EXP 	unnamed Polygon: autoDraw = True
765.7628 	EXP 	unnamed Polygon: autoDraw = True
765.7776 	EXP 	unnamed Polygon: autoDraw = True
765.7849 	EXP 	unnamed Polygon: autoDraw = False
767.1356 	EXP 	trial_feedback: height = 0.09
767.1356 	EXP 	trial_feedback: height = 0.09
767.1356 	EXP 	trial_feedback: height = 0.09
767.1356 	EXP 	trial_feedback: text = 'Hit!\n$0.00'
767.1356 	EXP 	trial_feedback: autoDraw = True
769.1283 	EXP 	trial_feedback: autoDraw = False
769.1330 	EXP 	trial_feedback: autoDraw = False
769.1330 	EXP 	exp_feedback: autoDraw = False
779.3568 	EXP 	unnamed Polygon: autoDraw = True
779.3568 	EXP 	unnamed Polygon: autoDraw = True
779.3597 	EXP 	unnamed Polygon: autoDraw = True
779.3623 	EXP 	unnamed Polygon: autoDraw = True
779.3780 	EXP 	unnamed Polygon: autoDraw = True
779.3815 	EXP 	unnamed Polygon: autoDraw = True
779.3861 	EXP 	unnamed Polygon: autoDraw = True
779.3999 	EXP 	unnamed Polygon: autoDraw = True
779.4042 	EXP 	unnamed Polygon: autoDraw = True
779.4175 	EXP 	unnamed Polygon: autoDraw = True
779.4208 	EXP 	unnamed Polygon: autoDraw = True
779.4350 	EXP 	unnamed Polygon: autoDraw = True
779.4384 	EXP 	unnamed Polygon: autoDraw = True
779.4524 	EXP 	unnamed Polygon: autoDraw = True
779.4557 	EXP 	unnamed Polygon: autoDraw = True
779.4701 	EXP 	unnamed Polygon: autoDraw = True
779.4728 	EXP 	unnamed Polygon: autoDraw = True
779.4775 	EXP 	unnamed Polygon: autoDraw = True
779.4910 	EXP 	unnamed Polygon: autoDraw = True
779.4937 	EXP 	unnamed Polygon: autoDraw = True
779.5086 	EXP 	unnamed Polygon: autoDraw = True
779.5122 	EXP 	unnamed Polygon: autoDraw = True
779.5261 	EXP 	unnamed Polygon: autoDraw = True
779.5299 	EXP 	unnamed Polygon: autoDraw = True
779.5437 	EXP 	unnamed Polygon: autoDraw = True
779.5476 	EXP 	unnamed Polygon: autoDraw = True
779.5523 	EXP 	unnamed Polygon: autoDraw = True
779.5650 	EXP 	unnamed Polygon: autoDraw = True
779.5682 	EXP 	unnamed Polygon: autoDraw = True
779.5826 	EXP 	unnamed Polygon: autoDraw = True
779.5853 	DATA 	Keypress: 1
779.5899 	EXP 	unnamed Polygon: autoDraw = True
779.5935 	EXP 	unnamed Polygon: autoDraw = True
779.6085 	EXP 	unnamed Polygon: autoDraw = True
779.6129 	EXP 	unnamed Polygon: autoDraw = True
779.6264 	EXP 	unnamed Polygon: autoDraw = True
779.6287 	EXP 	unnamed Polygon: autoDraw = True
779.6447 	EXP 	unnamed Polygon: autoDraw = True
779.6485 	EXP 	unnamed Polygon: autoDraw = True
779.6525 	EXP 	unnamed Polygon: autoDraw = True
779.6664 	EXP 	unnamed Polygon: autoDraw = True
779.6704 	EXP 	unnamed Polygon: autoDraw = False
781.2642 	EXP 	trial_feedback: text = 'Hit!\n$0.00'
781.2642 	EXP 	trial_feedback: autoDraw = True
783.2651 	EXP 	trial_feedback: autoDraw = False
783.2651 	EXP 	exp_feedback: autoDraw = False
789.5370 	DATA 	Keypress: 1
793.6388 	EXP 	unnamed Polygon: autoDraw = True
793.6388 	EXP 	unnamed Polygon: autoDraw = True
793.6415 	EXP 	unnamed Polygon: autoDraw = True
793.6438 	EXP 	unnamed Polygon: autoDraw = True
793.6593 	EXP 	unnamed Polygon: autoDraw = True
793.6611 	EXP 	unnamed Polygon: autoDraw = True
793.6769 	EXP 	unnamed Polygon: autoDraw = True
793.6809 	EXP 	unnamed Polygon: autoDraw = True
793.6858 	EXP 	unnamed Polygon: autoDraw = True
793.6992 	EXP 	unnamed Polygon: autoDraw = True
793.7024 	EXP 	unnamed Polygon: autoDraw = True
793.7165 	EXP 	unnamed Polygon: autoDraw = True
793.7186 	EXP 	unnamed Polygon: autoDraw = True
793.7342 	EXP 	unnamed Polygon: autoDraw = True
793.7381 	EXP 	unnamed Polygon: autoDraw = True
793.7519 	EXP 	unnamed Polygon: autoDraw = True
793.7558 	EXP 	unnamed Polygon: autoDraw = True
793.7695 	EXP 	unnamed Polygon: autoDraw = True
793.7740 	EXP 	unnamed Polygon: autoDraw = True
793.7769 	EXP 	unnamed Polygon: autoDraw = True
793.7919 	EXP 	unnamed Polygon: autoDraw = True
793.7946 	EXP 	unnamed Polygon: autoDraw = True
793.8097 	EXP 	unnamed Polygon: autoDraw = True
793.8126 	EXP 	unnamed Polygon: autoDraw = True
793.8273 	EXP 	unnamed Polygon: autoDraw = True
793.8310 	EXP 	unnamed Polygon: autoDraw = True
793.8357 	EXP 	unnamed Polygon: autoDraw = True
793.8484 	EXP 	unnamed Polygon: autoDraw = True
793.8519 	EXP 	unnamed Polygon: autoDraw = True
793.8662 	EXP 	unnamed Polygon: autoDraw = True
793.8693 	EXP 	unnamed Polygon: autoDraw = True
793.8839 	EXP 	unnamed Polygon: autoDraw = True
793.8874 	EXP 	unnamed Polygon: autoDraw = True
793.9014 	EXP 	unnamed Polygon: autoDraw = True
793.9054 	EXP 	unnamed Polygon: autoDraw = True
793.9189 	EXP 	unnamed Polygon: autoDraw = True
793.9231 	EXP 	unnamed Polygon: autoDraw = True
793.9271 	EXP 	unnamed Polygon: autoDraw = True
793.9407 	EXP 	unnamed Polygon: autoDraw = True
793.9436 	DATA 	Keypress: 1
793.9482 	EXP 	unnamed Polygon: autoDraw = True
793.9520 	EXP 	unnamed Polygon: autoDraw = True
793.9663 	EXP 	unnamed Polygon: autoDraw = True
793.9689 	EXP 	unnamed Polygon: autoDraw = True
793.9837 	EXP 	unnamed Polygon: autoDraw = True
793.9867 	EXP 	unnamed Polygon: autoDraw = True
794.0015 	EXP 	unnamed Polygon: autoDraw = True
794.0056 	EXP 	unnamed Polygon: autoDraw = True
794.0193 	EXP 	unnamed Polygon: autoDraw = True
794.0244 	EXP 	unnamed Polygon: autoDraw = True
794.0314 	EXP 	unnamed Polygon: autoDraw = False
795.4006 	EXP 	trial_feedback: text = 'Hit!\n$0.00'
795.4006 	EXP 	trial_feedback: autoDraw = True
797.3780 	EXP 	trial_feedback: autoDraw = False
797.3986 	EXP 	trial_feedback: autoDraw = False
797.3986 	EXP 	exp_feedback: autoDraw = False
802.8621 	DATA 	Keypress: 1
803.6604 	DATA 	Keypress: 1
812.8809 	EXP 	unnamed TextStim: text = 'Instructions...\n\nYour goal is to make as much money as possible.\n\nRemember:\nWIN CIRCLES = win money\nLOSE SQUARES = lose money\n\nQUICKLY press the button with your pointer finger when you see the solid white triangle.\n\nYou will get feedback on whether you pressed the button in time and if you won or lost money.'
842.3968 	DATA 	Keypress: 1
842.3983 	EXP 	Created unnamed TextStim = TextStim(__class__=<class 'psychopy.visual.text.TextStim'>, alignHoriz=method-wrapper(...), alignText='center', alignVert=method-wrapper(...), anchorHoriz='center', anchorVert='center', antialias=True, autoDraw=False, autoLog=True, bold=False, color=array([1., 1., 1.]), colorSpace='rgb', contrast=1.0, depth=0, draggable=False, flipHoriz=False, flipVert=False, font='', fontFiles=[], height=0.08, italic=False, languageStyle='LTR', name='unnamed TextStim', opacity=1.0, ori=0.0, pos=array([-0.65,  0.15]), rgb=UNKNOWN, text='+', units='height', win=Window(...), wrapWidth=1)
842.4048 	EXP 	Created unnamed ImageStim = ImageStim(__class__=<class 'psychopy.visual.image.ImageStim'>, anchor=('center', 'center'), autoLog=True, color=array([1., 1., 1.]), colorSpace='rgb', contrast=1.0, depth=0, draggable=False, flipHoriz=False, flipVert=False, image='../stimuli/reward_high.png', interpolate=False, mask=None, maskParams=None, name='unnamed ImageStim', opacity=1, ori=0.0, pos=array([-0.35,  0.15]), size=array([0.2, 0.2]), texRes=128, units='height', win=Window(...))
842.4057 	EXP 	Created unnamed TextStim = TextStim(__class__=<class 'psychopy.visual.text.TextStim'>, alignHoriz=method-wrapper(...), alignText='center', alignVert=method-wrapper(...), anchorHoriz='center', anchorVert='center', antialias=True, autoDraw=False, autoLog=True, bold=False, color=array([1., 1., 1.]), colorSpace='rgb', contrast=1.0, depth=0, draggable=False, flipHoriz=False, flipVert=False, font='', fontFiles=[], height=0.08, italic=False, languageStyle='LTR', name='unnamed TextStim', opacity=1.0, ori=0.0, pos=array([-0.15,  0.15]), rgb=UNKNOWN, text='+', units='height', win=Window(...), wrapWidth=1)
842.4066 	EXP 	Created unnamed Polygon = Polygon(__class__=<class 'psychopy.visual.polygon.Polygon'>, anchor=('center', 'center'), autoDraw=False, autoLog=True, closeShape=True, color=method-wrapper(...), colorSpace='rgb', contrast=None, depth=0, draggable=False, fillColor=array([1, 1, 1]), fillColorSpace='rgb', fillRGB=array([1, 1, 1]), interpolate=True, lineColor=array([1., 1., 1.]), lineColorSpace='rgb', lineRGB=array([1, 1, 1]), lineWidth=1.5, name='unnamed Polygon', opacity=1, ori=0.0, pos=array([0.15, 0.15]), size=array([1., 1.]), units='height', vertices=ndarray(...), win=Window(...))
842.4074 	EXP 	Created unnamed TextStim = TextStim(__class__=<class 'psychopy.visual.text.TextStim'>, alignHoriz=method-wrapper(...), alignText='center', alignVert=method-wrapper(...), anchorHoriz='center', anchorVert='center', antialias=True, autoDraw=False, autoLog=True, bold=False, color=array([1., 1., 1.]), colorSpace='rgb', contrast=1.0, depth=0, draggable=False, flipHoriz=False, flipVert=False, font='', fontFiles=[], height=0.08, italic=False, languageStyle='LTR', name='unnamed TextStim', opacity=1.0, ori=0.0, pos=array([0.35, 0.15]), rgb=UNKNOWN, text='+', units='height', win=Window(...), wrapWidth=1)
842.4085 	EXP 	Created unnamed TextStim = TextStim(__class__=<class 'psychopy.visual.text.TextStim'>, alignHoriz=method-wrapper(...), alignText='center', alignVert=method-wrapper(...), anchorHoriz='center', anchorVert='center', antialias=True, autoDraw=False, autoLog=True, bold=False, color=array([1., 1., 1.]), colorSpace='rgb', contrast=1.0, depth=0, draggable=False, flipHoriz=False, flipVert=False, font='', fontFiles=[], height=0.08, italic=False, languageStyle='LTR', name='unnamed TextStim', opacity=1.0, ori=0.0, pos=array([0.65, 0.15]), rgb=UNKNOWN, text='Hit!\n+$5.00', units='height', win=Window(...), wrapWidth=1)
842.4086 	WARNING 	TextStim.alignHoriz is deprecated. Use alignText and anchorHoriz attributes instead
842.4104 	EXP 	Created unnamed TextStim = TextStim(__class__=<class 'psychopy.visual.text.TextStim'>, alignHoriz='center', alignText='center', alignVert=method-wrapper(...), anchorHoriz='center', anchorVert='center', antialias=True, autoDraw=False, autoLog=True, bold=False, color=array([1., 1., 1.]), colorSpace='rgb', contrast=1.0, depth=0, draggable=False, flipHoriz=False, flipVert=False, font='', fontFiles=[], height=0.04, italic=False, languageStyle='LTR', name='unnamed TextStim', opacity=1.0, ori=0.0, pos=array([-0.65, -0.15]), rgb=UNKNOWN, text='Pay attention', units='height', win=Window(...), wrapWidth=0.1)
842.4105 	WARNING 	TextStim.alignHoriz is deprecated. Use alignText and anchorHoriz attributes instead
842.4128 	EXP 	Created unnamed TextStim = TextStim(__class__=<class 'psychopy.visual.text.TextStim'>, alignHoriz='center', alignText='center', alignVert=method-wrapper(...), anchorHoriz='center', anchorVert='center', antialias=True, autoDraw=False, autoLog=True, bold=False, color=array([1., 1., 1.]), colorSpace='rgb', contrast=1.0, depth=0, draggable=False, flipHoriz=False, flipVert=False, font='', fontFiles=[], height=0.04, italic=False, languageStyle='LTR', name='unnamed TextStim', opacity=1.0, ori=0.0, pos=array([-0.35, -0.15]), rgb=UNKNOWN, text="Cue: don't respond yet", units='height', win=Window(...), wrapWidth=0.1)
842.4129 	WARNING 	TextStim.alignHoriz is deprecated. Use alignText and anchorHoriz attributes instead
842.4139 	EXP 	Created unnamed TextStim = TextStim(__class__=<class 'psychopy.visual.text.TextStim'>, alignHoriz='center', alignText='center', alignVert=method-wrapper(...), anchorHoriz='center', anchorVert='center', antialias=True, autoDraw=False, autoLog=True, bold=False, color=array([1., 1., 1.]), colorSpace='rgb', contrast=1.0, depth=0, draggable=False, flipHoriz=False, flipVert=False, font='', fontFiles=[], height=0.04, italic=False, languageStyle='LTR', name='unnamed TextStim', opacity=1.0, ori=0.0, pos=array([-0.15, -0.15]), rgb=UNKNOWN, text='Pay attention', units='height', win=Window(...), wrapWidth=0.1)
842.4140 	WARNING 	TextStim.alignHoriz is deprecated. Use alignText and anchorHoriz attributes instead
842.4161 	EXP 	Created unnamed TextStim = TextStim(__class__=<class 'psychopy.visual.text.TextStim'>, alignHoriz='center', alignText='center', alignVert=method-wrapper(...), anchorHoriz='center', anchorVert='center', antialias=True, autoDraw=False, autoLog=True, bold=False, color=array([1., 1., 1.]), colorSpace='rgb', contrast=1.0, depth=0, draggable=False, flipHoriz=False, flipVert=False, font='', fontFiles=[], height=0.04, italic=False, languageStyle='LTR', name='unnamed TextStim', opacity=1.0, ori=0.0, pos=array([ 0.15, -0.15]), rgb=UNKNOWN, text='Respond when solid triangle is on screen', units='height', win=Window(...), wrapWidth=0.1)
842.4161 	WARNING 	TextStim.alignHoriz is deprecated. Use alignText and anchorHoriz attributes instead
842.4171 	EXP 	Created unnamed TextStim = TextStim(__class__=<class 'psychopy.visual.text.TextStim'>, alignHoriz='center', alignText='center', alignVert=method-wrapper(...), anchorHoriz='center', anchorVert='center', antialias=True, autoDraw=False, autoLog=True, bold=False, color=array([1., 1., 1.]), colorSpace='rgb', contrast=1.0, depth=0, draggable=False, flipHoriz=False, flipVert=False, font='', fontFiles=[], height=0.04, italic=False, languageStyle='LTR', name='unnamed TextStim', opacity=1.0, ori=0.0, pos=array([ 0.35, -0.15]), rgb=UNKNOWN, text='Pay attention', units='height', win=Window(...), wrapWidth=0.1)
842.4172 	WARNING 	TextStim.alignHoriz is deprecated. Use alignText and anchorHoriz attributes instead
842.4184 	EXP 	Created unnamed TextStim = TextStim(__class__=<class 'psychopy.visual.text.TextStim'>, alignHoriz='center', alignText='center', alignVert=method-wrapper(...), anchorHoriz='center', anchorVert='center', antialias=True, autoDraw=False, autoLog=True, bold=False, color=array([1., 1., 1.]), colorSpace='rgb', contrast=1.0, depth=0, draggable=False, flipHoriz=False, flipVert=False, font='', fontFiles=[], height=0.04, italic=False, languageStyle='LTR', name='unnamed TextStim', opacity=1.0, ori=0.0, pos=array([ 0.65, -0.15]), rgb=UNKNOWN, text='Feedback', units='height', win=Window(...), wrapWidth=0.1)
843.0389 	DATA 	Keypress: 1
843.5826 	DATA 	Keypress: 1
844.2138 	DATA 	Keypress: return
845.9850 	DATA 	Keypress: equal
855.3255 	EXP 	unnamed Polygon: autoDraw = True
855.3255 	EXP 	unnamed Polygon: autoDraw = True
855.3278 	EXP 	unnamed Polygon: autoDraw = True
855.3312 	EXP 	unnamed Polygon: autoDraw = True
855.3463 	EXP 	unnamed Polygon: autoDraw = True
855.3490 	EXP 	unnamed Polygon: autoDraw = True
855.3513 	EXP 	unnamed Polygon: autoDraw = True
855.3663 	EXP 	unnamed Polygon: autoDraw = True
855.3682 	EXP 	unnamed Polygon: autoDraw = True
855.3838 	EXP 	unnamed Polygon: autoDraw = True
855.3857 	EXP 	unnamed Polygon: autoDraw = True
855.4010 	EXP 	unnamed Polygon: autoDraw = True
855.4039 	EXP 	unnamed Polygon: autoDraw = True
855.4188 	EXP 	unnamed Polygon: autoDraw = True
855.4230 	EXP 	unnamed Polygon: autoDraw = True
855.4268 	EXP 	unnamed Polygon: autoDraw = True
855.4413 	EXP 	unnamed Polygon: autoDraw = True
855.4448 	EXP 	unnamed Polygon: autoDraw = True
855.4589 	EXP 	unnamed Polygon: autoDraw = True
855.4629 	EXP 	unnamed Polygon: autoDraw = True
855.4763 	EXP 	unnamed Polygon: autoDraw = True
855.4802 	EXP 	unnamed Polygon: autoDraw = True
855.4937 	EXP 	unnamed Polygon: autoDraw = True
855.4975 	EXP 	unnamed Polygon: autoDraw = True
855.5115 	EXP 	unnamed Polygon: autoDraw = True
855.5162 	EXP 	unnamed Polygon: autoDraw = True
855.5190 	EXP 	unnamed Polygon: autoDraw = True
855.5337 	EXP 	unnamed Polygon: autoDraw = True
855.5372 	DATA 	Keypress: 1
855.5423 	EXP 	unnamed Polygon: autoDraw = True
855.5451 	EXP 	unnamed Polygon: autoDraw = True
855.5596 	EXP 	unnamed Polygon: autoDraw = True
855.5633 	EXP 	unnamed Polygon: autoDraw = True
855.5771 	EXP 	unnamed Polygon: autoDraw = True
855.5808 	EXP 	unnamed Polygon: autoDraw = True
855.5858 	EXP 	unnamed Polygon: autoDraw = True
855.5980 	EXP 	unnamed Polygon: autoDraw = True
855.6025 	EXP 	unnamed Polygon: autoDraw = True
855.6156 	EXP 	unnamed Polygon: autoDraw = True
855.6234 	EXP 	unnamed Polygon: autoDraw = False
857.1328 	EXP 	trial_feedback: height = 0.09
857.1328 	EXP 	trial_feedback: height = 0.09
857.1328 	EXP 	trial_feedback: height = 0.09
857.1328 	EXP 	trial_feedback: text = 'Hit!\n+$1.50'
857.1328 	EXP 	trial_feedback: autoDraw = True
859.1266 	EXP 	trial_feedback: autoDraw = False
859.1307 	EXP 	trial_feedback: autoDraw = False
859.1307 	EXP 	exp_feedback: autoDraw = False
867.2309 	EXP 	unnamed Polygon: autoDraw = True
867.2309 	EXP 	unnamed Polygon: autoDraw = True
867.2344 	EXP 	unnamed Polygon: autoDraw = True
867.2373 	EXP 	unnamed Polygon: autoDraw = True
867.2520 	EXP 	unnamed Polygon: autoDraw = True
867.2560 	EXP 	unnamed Polygon: autoDraw = True
867.2698 	EXP 	unnamed Polygon: autoDraw = True
867.2718 	EXP 	unnamed Polygon: autoDraw = True
867.2876 	EXP 	unnamed Polygon: autoDraw = True
867.2916 	EXP 	unnamed Polygon: autoDraw = True
867.2946 	EXP 	unnamed Polygon: autoDraw = True
867.3095 	EXP 	unnamed Polygon: autoDraw = True
867.3127 	EXP 	unnamed Polygon: autoDraw = True
867.3272 	EXP 	unnamed Polygon: autoDraw = True
867.3315 	EXP 	unnamed Polygon: autoDraw = True
867.3354 	EXP 	unnamed Polygon: autoDraw = True
867.3492 	EXP 	unnamed Polygon: autoDraw = True
867.3519 	EXP 	unnamed Polygon: autoDraw = True
867.3669 	EXP 	unnamed Polygon: autoDraw = True
867.3703 	EXP 	unnamed Polygon: autoDraw = True
867.3846 	EXP 	unnamed Polygon: autoDraw = True
867.3886 	EXP 	unnamed Polygon: autoDraw = True
867.4023 	EXP 	unnamed Polygon: autoDraw = True
867.4054 	EXP 	unnamed Polygon: autoDraw = True
867.4198 	EXP 	unnamed Polygon: autoDraw = True
867.4236 	EXP 	unnamed Polygon: autoDraw = True
867.4263 	EXP 	unnamed Polygon: autoDraw = True
867.4408 	EXP 	unnamed Polygon: autoDraw = True
867.4441 	EXP 	unnamed Polygon: autoDraw = True
867.4587 	EXP 	unnamed Polygon: autoDraw = True
867.4631 	EXP 	unnamed Polygon: autoDraw = True
867.4760 	EXP 	unnamed Polygon: autoDraw = True
867.4788 	EXP 	unnamed Polygon: autoDraw = True
867.4937 	EXP 	unnamed Polygon: autoDraw = True
867.4978 	EXP 	unnamed Polygon: autoDraw = True
867.5012 	DATA 	Keypress: 1
867.5052 	EXP 	unnamed Polygon: autoDraw = True
867.5158 	EXP 	unnamed Polygon: autoDraw = True
867.5219 	EXP 	unnamed Polygon: autoDraw = False
869.1971 	EXP 	trial_feedback: height = 0.09
869.1971 	EXP 	trial_feedback: height = 0.09
869.1971 	EXP 	trial_feedback: height = 0.09
869.1971 	EXP 	trial_feedback: text = 'Hit!\n$0.00'
869.1971 	EXP 	trial_feedback: autoDraw = True
871.1887 	EXP 	trial_feedback: autoDraw = False
871.2080 	EXP 	trial_feedback: autoDraw = False
871.2080 	EXP 	exp_feedback: autoDraw = False
877.3258 	EXP 	unnamed Polygon: autoDraw = True
877.3258 	EXP 	unnamed Polygon: autoDraw = True
877.3281 	EXP 	unnamed Polygon: autoDraw = True
877.3305 	EXP 	unnamed Polygon: autoDraw = True
877.3463 	EXP 	unnamed Polygon: autoDraw = True
877.3487 	EXP 	unnamed Polygon: autoDraw = True
877.3515 	EXP 	unnamed Polygon: autoDraw = True
877.3665 	EXP 	unnamed Polygon: autoDraw = True
877.3697 	EXP 	unnamed Polygon: autoDraw = True
877.3847 	EXP 	unnamed Polygon: autoDraw = True
877.3888 	EXP 	unnamed Polygon: autoDraw = True
877.4025 	EXP 	unnamed Polygon: autoDraw = True
877.4079 	EXP 	unnamed Polygon: autoDraw = True
877.4109 	EXP 	unnamed Polygon: autoDraw = True
877.4257 	EXP 	unnamed Polygon: autoDraw = True
877.4278 	EXP 	unnamed Polygon: autoDraw = True
877.4432 	EXP 	unnamed Polygon: autoDraw = True
877.4471 	EXP 	unnamed Polygon: autoDraw = True
877.4610 	EXP 	unnamed Polygon: autoDraw = True
877.4650 	EXP 	unnamed Polygon: autoDraw = True
877.4688 	EXP 	unnamed Polygon: autoDraw = True
877.4825 	EXP 	unnamed Polygon: autoDraw = True
877.4854 	EXP 	unnamed Polygon: autoDraw = True
877.4998 	EXP 	unnamed Polygon: autoDraw = True
877.5034 	EXP 	unnamed Polygon: autoDraw = True
877.5175 	EXP 	unnamed Polygon: autoDraw = True
877.5221 	DATA 	Keypress: 1
877.5259 	EXP 	unnamed Polygon: autoDraw = True
877.5292 	EXP 	unnamed Polygon: autoDraw = True
877.5440 	EXP 	unnamed Polygon: autoDraw = True
877.5476 	EXP 	unnamed Polygon: autoDraw = True
877.5616 	EXP 	unnamed Polygon: autoDraw = True
877.5658 	EXP 	unnamed Polygon: autoDraw = True
877.5689 	EXP 	unnamed Polygon: autoDraw = True
877.5778 	EXP 	unnamed Polygon: autoDraw = False
879.2816 	EXP 	trial_feedback: text = 'Hit!\n$0.00'
879.2816 	EXP 	trial_feedback: autoDraw = True
881.2766 	EXP 	trial_feedback: autoDraw = False
881.2944 	EXP 	trial_feedback: autoDraw = False
881.2944 	EXP 	exp_feedback: autoDraw = False
889.5400 	EXP 	unnamed Polygon: autoDraw = True
889.5400 	EXP 	unnamed Polygon: autoDraw = True
889.5424 	EXP 	unnamed Polygon: autoDraw = True
889.5445 	EXP 	unnamed Polygon: autoDraw = True
889.5608 	EXP 	unnamed Polygon: autoDraw = True
889.5648 	EXP 	unnamed Polygon: autoDraw = True
889.5687 	EXP 	unnamed Polygon: autoDraw = True
889.5824 	EXP 	unnamed Polygon: autoDraw = True
889.5850 	EXP 	unnamed Polygon: autoDraw = True
889.6002 	EXP 	unnamed Polygon: autoDraw = True
889.6044 	EXP 	unnamed Polygon: autoDraw = True
889.6179 	EXP 	unnamed Polygon: autoDraw = True
889.6217 	EXP 	unnamed Polygon: autoDraw = True
889.6354 	EXP 	unnamed Polygon: autoDraw = True
889.6395 	EXP 	unnamed Polygon: autoDraw = True
889.6442 	EXP 	unnamed Polygon: autoDraw = True
889.6569 	EXP 	unnamed Polygon: autoDraw = True
889.6600 	EXP 	unnamed Polygon: autoDraw = True
889.6743 	EXP 	unnamed Polygon: autoDraw = True
889.6769 	EXP 	unnamed Polygon: autoDraw = True
889.6919 	EXP 	unnamed Polygon: autoDraw = True
889.6951 	EXP 	unnamed Polygon: autoDraw = True
889.7092 	EXP 	unnamed Polygon: autoDraw = True
889.7125 	EXP 	unnamed Polygon: autoDraw = True
889.7268 	EXP 	unnamed Polygon: autoDraw = True
889.7307 	EXP 	unnamed Polygon: autoDraw = True
889.7445 	EXP 	unnamed Polygon: autoDraw = True
889.7479 	DATA 	Keypress: 1
889.7526 	EXP 	unnamed Polygon: autoDraw = True
889.7546 	EXP 	unnamed Polygon: autoDraw = True
889.7706 	EXP 	unnamed Polygon: autoDraw = True
889.7744 	EXP 	unnamed Polygon: autoDraw = True
889.7778 	EXP 	unnamed Polygon: autoDraw = True
889.7926 	EXP 	unnamed Polygon: autoDraw = True
889.7963 	EXP 	unnamed Polygon: autoDraw = True
889.8101 	EXP 	unnamed Polygon: autoDraw = True
889.8147 	EXP 	unnamed Polygon: autoDraw = True
889.8188 	EXP 	unnamed Polygon: autoDraw = True
889.8325 	EXP 	unnamed Polygon: autoDraw = True
889.8398 	EXP 	unnamed Polygon: autoDraw = False
891.4143 	EXP 	trial_feedback: text = 'Hit!\n$0.00'
891.4143 	EXP 	trial_feedback: autoDraw = True
893.4158 	EXP 	trial_feedback: autoDraw = False
893.4158 	EXP 	exp_feedback: autoDraw = False
903.6216 	EXP 	unnamed Polygon: autoDraw = True
903.6216 	EXP 	unnamed Polygon: autoDraw = True
903.6250 	EXP 	unnamed Polygon: autoDraw = True
903.6276 	EXP 	unnamed Polygon: autoDraw = True
903.6426 	EXP 	unnamed Polygon: autoDraw = True
903.6447 	EXP 	unnamed Polygon: autoDraw = True
903.6603 	EXP 	unnamed Polygon: autoDraw = True
903.6642 	EXP 	unnamed Polygon: autoDraw = True
903.6781 	EXP 	unnamed Polygon: autoDraw = True
903.6824 	EXP 	unnamed Polygon: autoDraw = True
903.6854 	EXP 	unnamed Polygon: autoDraw = True
903.7008 	EXP 	unnamed Polygon: autoDraw = True
903.7048 	EXP 	unnamed Polygon: autoDraw = True
903.7186 	EXP 	unnamed Polygon: autoDraw = True
903.7228 	EXP 	unnamed Polygon: autoDraw = True
903.7274 	EXP 	unnamed Polygon: autoDraw = True
903.7399 	EXP 	unnamed Polygon: autoDraw = True
903.7440 	EXP 	unnamed Polygon: autoDraw = True
903.7571 	EXP 	unnamed Polygon: autoDraw = True
903.7600 	EXP 	unnamed Polygon: autoDraw = True
903.7744 	EXP 	unnamed Polygon: autoDraw = True
903.7766 	EXP 	unnamed Polygon: autoDraw = True
903.7921 	EXP 	unnamed Polygon: autoDraw = True
903.7955 	EXP 	unnamed Polygon: autoDraw = True
903.8098 	EXP 	unnamed Polygon: autoDraw = True
903.8139 	EXP 	unnamed Polygon: autoDraw = True
903.8274 	EXP 	unnamed Polygon: autoDraw = True
903.8312 	EXP 	unnamed Polygon: autoDraw = True
903.8360 	EXP 	unnamed Polygon: autoDraw = True
903.8392 	DATA 	Keypress: 1
903.8485 	EXP 	unnamed Polygon: autoDraw = True
903.8519 	EXP 	unnamed Polygon: autoDraw = True
903.8658 	EXP 	unnamed Polygon: autoDraw = True
903.8681 	EXP 	unnamed Polygon: autoDraw = True
903.8827 	EXP 	unnamed Polygon: autoDraw = True
903.8854 	EXP 	unnamed Polygon: autoDraw = True
903.8999 	EXP 	unnamed Polygon: autoDraw = True
903.9049 	EXP 	unnamed Polygon: autoDraw = False
905.5152 	EXP 	trial_feedback: text = 'Hit!\n$0.00'
905.5152 	EXP 	trial_feedback: autoDraw = True
907.5154 	EXP 	trial_feedback: autoDraw = False
907.5154 	EXP 	exp_feedback: autoDraw = False
913.7039 	EXP 	unnamed Polygon: autoDraw = True
913.7039 	EXP 	unnamed Polygon: autoDraw = True
913.7070 	EXP 	unnamed Polygon: autoDraw = True
913.7098 	EXP 	unnamed Polygon: autoDraw = True
913.7247 	EXP 	unnamed Polygon: autoDraw = True
913.7279 	EXP 	unnamed Polygon: autoDraw = True
913.7425 	EXP 	unnamed Polygon: autoDraw = True
913.7457 	EXP 	unnamed Polygon: autoDraw = True
913.7602 	EXP 	unnamed Polygon: autoDraw = True
913.7641 	EXP 	unnamed Polygon: autoDraw = True
913.7779 	EXP 	unnamed Polygon: autoDraw = True
913.7823 	EXP 	unnamed Polygon: autoDraw = True
913.7853 	EXP 	unnamed Polygon: autoDraw = True
913.8004 	EXP 	unnamed Polygon: autoDraw = True
913.8043 	EXP 	unnamed Polygon: autoDraw = True
913.8177 	EXP 	unnamed Polygon: autoDraw = True
913.8206 	EXP 	unnamed Polygon: autoDraw = True
913.8352 	EXP 	unnamed Polygon: autoDraw = True
913.8379 	EXP 	unnamed Polygon: autoDraw = True
913.8525 	EXP 	unnamed Polygon: autoDraw = True
913.8564 	EXP 	unnamed Polygon: autoDraw = True
913.8606 	EXP 	unnamed Polygon: autoDraw = True
913.8737 	EXP 	unnamed Polygon: autoDraw = True
913.8776 	EXP 	unnamed Polygon: autoDraw = True
913.8912 	EXP 	unnamed Polygon: autoDraw = True
913.8942 	EXP 	unnamed Polygon: autoDraw = True
913.9090 	EXP 	unnamed Polygon: autoDraw = True
913.9131 	EXP 	unnamed Polygon: autoDraw = True
913.9266 	EXP 	unnamed Polygon: autoDraw = True
913.9306 	DATA 	Keypress: 1
913.9356 	EXP 	unnamed Polygon: autoDraw = True
913.9385 	EXP 	unnamed Polygon: autoDraw = True
913.9533 	EXP 	unnamed Polygon: autoDraw = True
913.9569 	EXP 	unnamed Polygon: autoDraw = True
913.9600 	EXP 	unnamed Polygon: autoDraw = True
913.9742 	EXP 	unnamed Polygon: autoDraw = True
913.9813 	EXP 	unnamed Polygon: autoDraw = False
915.6119 	EXP 	trial_feedback: height = 0.09
915.6119 	EXP 	trial_feedback: height = 0.09
915.6119 	EXP 	trial_feedback: height = 0.09
915.6119 	EXP 	trial_feedback: text = 'Hit!\n+$1.50'
915.6119 	EXP 	trial_feedback: autoDraw = True
917.5964 	EXP 	trial_feedback: autoDraw = False
917.6161 	EXP 	trial_feedback: autoDraw = False
917.6161 	EXP 	exp_feedback: autoDraw = False
928.1290 	EXP 	unnamed Polygon: autoDraw = True
928.1290 	EXP 	unnamed Polygon: autoDraw = True
928.1327 	EXP 	unnamed Polygon: autoDraw = True
928.1358 	EXP 	unnamed Polygon: autoDraw = True
928.1506 	EXP 	unnamed Polygon: autoDraw = True
928.1538 	EXP 	unnamed Polygon: autoDraw = True
928.1684 	EXP 	unnamed Polygon: autoDraw = True
928.1720 	EXP 	unnamed Polygon: autoDraw = True
928.1859 	EXP 	unnamed Polygon: autoDraw = True
928.1896 	EXP 	unnamed Polygon: autoDraw = True
928.1934 	EXP 	unnamed Polygon: autoDraw = True
928.2075 	EXP 	unnamed Polygon: autoDraw = True
928.2107 	EXP 	unnamed Polygon: autoDraw = True
928.2247 	EXP 	unnamed Polygon: autoDraw = True
928.2275 	EXP 	unnamed Polygon: autoDraw = True
928.2423 	EXP 	unnamed Polygon: autoDraw = True
928.2459 	EXP 	unnamed Polygon: autoDraw = True
928.2601 	EXP 	unnamed Polygon: autoDraw = True
928.2646 	EXP 	unnamed Polygon: autoDraw = True
928.2693 	EXP 	unnamed Polygon: autoDraw = True
928.2821 	EXP 	unnamed Polygon: autoDraw = True
928.2851 	EXP 	unnamed Polygon: autoDraw = True
928.2996 	EXP 	unnamed Polygon: autoDraw = True
928.3027 	EXP 	unnamed Polygon: autoDraw = True
928.3174 	EXP 	unnamed Polygon: autoDraw = True
928.3216 	EXP 	unnamed Polygon: autoDraw = True
928.3351 	EXP 	unnamed Polygon: autoDraw = True
928.3391 	DATA 	Keypress: 1
928.3436 	EXP 	unnamed Polygon: autoDraw = True
928.3472 	EXP 	unnamed Polygon: autoDraw = True
928.3615 	EXP 	unnamed Polygon: autoDraw = True
928.3659 	EXP 	unnamed Polygon: autoDraw = True
928.3689 	EXP 	unnamed Polygon: autoDraw = True
928.3838 	EXP 	unnamed Polygon: autoDraw = True
928.3867 	EXP 	unnamed Polygon: autoDraw = True
928.4010 	EXP 	unnamed Polygon: autoDraw = True
928.4092 	EXP 	unnamed Polygon: autoDraw = False
929.7110 	EXP 	trial_feedback: height = 0.09
929.7110 	EXP 	trial_feedback: height = 0.09
929.7110 	EXP 	trial_feedback: height = 0.09
929.7110 	EXP 	trial_feedback: text = 'Hit!\n$0.00'
929.7110 	EXP 	trial_feedback: autoDraw = True
931.7017 	EXP 	trial_feedback: autoDraw = False
931.7200 	EXP 	trial_feedback: autoDraw = False
931.7200 	EXP 	exp_feedback: autoDraw = False
939.9463 	EXP 	unnamed Polygon: autoDraw = True
939.9463 	EXP 	unnamed Polygon: autoDraw = True
939.9487 	EXP 	unnamed Polygon: autoDraw = True
939.9523 	EXP 	unnamed Polygon: autoDraw = True
939.9670 	EXP 	unnamed Polygon: autoDraw = True
939.9689 	EXP 	unnamed Polygon: autoDraw = True
939.9840 	EXP 	unnamed Polygon: autoDraw = True
939.9858 	EXP 	unnamed Polygon: autoDraw = True
940.0014 	EXP 	unnamed Polygon: autoDraw = True
940.0032 	EXP 	unnamed Polygon: autoDraw = True
940.0187 	EXP 	unnamed Polygon: autoDraw = True
940.0225 	EXP 	unnamed Polygon: autoDraw = True
940.0363 	EXP 	unnamed Polygon: autoDraw = True
940.0408 	EXP 	unnamed Polygon: autoDraw = True
940.0437 	EXP 	unnamed Polygon: autoDraw = True
940.0583 	EXP 	unnamed Polygon: autoDraw = True
940.0618 	EXP 	unnamed Polygon: autoDraw = True
940.0760 	EXP 	unnamed Polygon: autoDraw = True
940.0789 	EXP 	unnamed Polygon: autoDraw = True
940.0935 	EXP 	unnamed Polygon: autoDraw = True
940.0972 	EXP 	unnamed Polygon: autoDraw = True
940.1111 	EXP 	unnamed Polygon: autoDraw = True
940.1149 	EXP 	unnamed Polygon: autoDraw = True
940.1190 	EXP 	unnamed Polygon: autoDraw = True
940.1326 	EXP 	unnamed Polygon: autoDraw = True
940.1357 	EXP 	unnamed Polygon: autoDraw = True
940.1500 	EXP 	unnamed Polygon: autoDraw = True
940.1534 	EXP 	unnamed Polygon: autoDraw = True
940.1678 	EXP 	unnamed Polygon: autoDraw = True
940.1730 	DATA 	Keypress: 1
940.1771 	EXP 	unnamed Polygon: autoDraw = True
940.1809 	EXP 	unnamed Polygon: autoDraw = True
940.1948 	EXP 	unnamed Polygon: autoDraw = True
940.2032 	EXP 	unnamed Polygon: autoDraw = False
941.7792 	EXP 	trial_feedback: height = 0.09
941.7792 	EXP 	trial_feedback: height = 0.09
941.7792 	EXP 	trial_feedback: height = 0.09
941.7792 	EXP 	trial_feedback: text = 'Hit!\n+$1.50'
941.7792 	EXP 	trial_feedback: autoDraw = True
943.7725 	EXP 	trial_feedback: autoDraw = False
943.7725 	EXP 	exp_feedback: autoDraw = False
950.0173 	EXP 	unnamed Polygon: autoDraw = True
950.0173 	EXP 	unnamed Polygon: autoDraw = True
950.0204 	EXP 	unnamed Polygon: autoDraw = True
950.0229 	EXP 	unnamed Polygon: autoDraw = True
950.0388 	EXP 	unnamed Polygon: autoDraw = True
950.0420 	EXP 	unnamed Polygon: autoDraw = True
950.0446 	EXP 	unnamed Polygon: autoDraw = True
950.0598 	EXP 	unnamed Polygon: autoDraw = True
950.0621 	EXP 	unnamed Polygon: autoDraw = True
950.0771 	EXP 	unnamed Polygon: autoDraw = True
950.0799 	EXP 	unnamed Polygon: autoDraw = True
950.0949 	EXP 	unnamed Polygon: autoDraw = True
950.0992 	EXP 	unnamed Polygon: autoDraw = True
950.1015 	EXP 	unnamed Polygon: autoDraw = True
950.1172 	EXP 	unnamed Polygon: autoDraw = True
950.1200 	EXP 	unnamed Polygon: autoDraw = True
950.1344 	EXP 	unnamed Polygon: autoDraw = True
950.1373 	EXP 	unnamed Polygon: autoDraw = True
950.1519 	EXP 	unnamed Polygon: autoDraw = True
950.1547 	EXP 	unnamed Polygon: autoDraw = True
950.1693 	EXP 	unnamed Polygon: autoDraw = True
950.1731 	EXP 	unnamed Polygon: autoDraw = True
950.1773 	EXP 	unnamed Polygon: autoDraw = True
950.1904 	EXP 	unnamed Polygon: autoDraw = True
950.1942 	EXP 	unnamed Polygon: autoDraw = True
950.2081 	EXP 	unnamed Polygon: autoDraw = True
950.2111 	EXP 	unnamed Polygon: autoDraw = True
950.2259 	EXP 	unnamed Polygon: autoDraw = True
950.2292 	EXP 	unnamed Polygon: autoDraw = True
950.2435 	EXP 	unnamed Polygon: autoDraw = True
950.2469 	DATA 	Keypress: 1
950.2518 	EXP 	unnamed Polygon: autoDraw = True
950.2556 	EXP 	unnamed Polygon: autoDraw = True
950.2699 	EXP 	unnamed Polygon: autoDraw = True
950.2762 	EXP 	unnamed Polygon: autoDraw = False
951.8407 	EXP 	trial_feedback: height = 0.09
951.8407 	EXP 	trial_feedback: height = 0.09
951.8407 	EXP 	trial_feedback: height = 0.09
951.8407 	EXP 	trial_feedback: text = 'Hit!\n$0.00'
951.8407 	EXP 	trial_feedback: autoDraw = True
953.8350 	EXP 	trial_feedback: autoDraw = False
953.8400 	EXP 	trial_feedback: autoDraw = False
953.8400 	EXP 	exp_feedback: autoDraw = False
962.2669 	EXP 	unnamed Polygon: autoDraw = True
962.2669 	EXP 	unnamed Polygon: autoDraw = True
962.2693 	EXP 	unnamed Polygon: autoDraw = True
962.2714 	EXP 	unnamed Polygon: autoDraw = True
962.2879 	EXP 	unnamed Polygon: autoDraw = True
962.2899 	EXP 	unnamed Polygon: autoDraw = True
962.2938 	EXP 	unnamed Polygon: autoDraw = True
962.3080 	EXP 	unnamed Polygon: autoDraw = True
962.3109 	EXP 	unnamed Polygon: autoDraw = True
962.3259 	EXP 	unnamed Polygon: autoDraw = True
962.3295 	EXP 	unnamed Polygon: autoDraw = True
962.3431 	EXP 	unnamed Polygon: autoDraw = True
962.3467 	EXP 	unnamed Polygon: autoDraw = True
962.3606 	EXP 	unnamed Polygon: autoDraw = True
962.3635 	EXP 	unnamed Polygon: autoDraw = True
962.3781 	EXP 	unnamed Polygon: autoDraw = True
962.3814 	EXP 	unnamed Polygon: autoDraw = True
962.3860 	EXP 	unnamed Polygon: autoDraw = True
962.3993 	EXP 	unnamed Polygon: autoDraw = True
962.4021 	EXP 	unnamed Polygon: autoDraw = True
962.4165 	EXP 	unnamed Polygon: autoDraw = True
962.4193 	EXP 	unnamed Polygon: autoDraw = True
962.4341 	EXP 	unnamed Polygon: autoDraw = True
962.4374 	EXP 	unnamed Polygon: autoDraw = True
962.4516 	EXP 	unnamed Polygon: autoDraw = True
962.4555 	EXP 	unnamed Polygon: autoDraw = True
962.4694 	EXP 	unnamed Polygon: autoDraw = True
962.4743 	DATA 	Keypress: 1
962.4781 	EXP 	unnamed Polygon: autoDraw = True
962.4818 	EXP 	unnamed Polygon: autoDraw = True
962.4849 	EXP 	unnamed Polygon: autoDraw = True
962.4993 	EXP 	unnamed Polygon: autoDraw = True
962.5020 	EXP 	unnamed Polygon: autoDraw = True
962.5165 	EXP 	unnamed Polygon: autoDraw = True
962.5247 	EXP 	unnamed Polygon: autoDraw = False
963.9338 	EXP 	trial_feedback: height = 0.09
963.9338 	EXP 	trial_feedback: height = 0.09
963.9338 	EXP 	trial_feedback: height = 0.09
963.9338 	EXP 	trial_feedback: text = 'Hit!\n+$5.00'
963.9338 	EXP 	trial_feedback: autoDraw = True
965.9192 	EXP 	trial_feedback: autoDraw = False
965.9386 	EXP 	trial_feedback: autoDraw = False
965.9386 	EXP 	exp_feedback: autoDraw = False
974.2930 	DATA 	Keypress: 1
974.3767 	EXP 	unnamed Polygon: autoDraw = True
974.3767 	EXP 	unnamed Polygon: autoDraw = True
974.3804 	EXP 	unnamed Polygon: autoDraw = True
974.3944 	EXP 	unnamed Polygon: autoDraw = True
974.3964 	EXP 	unnamed Polygon: autoDraw = True
974.4118 	EXP 	unnamed Polygon: autoDraw = True
974.4169 	EXP 	unnamed Polygon: autoDraw = True
974.4201 	EXP 	unnamed Polygon: autoDraw = True
974.4352 	EXP 	unnamed Polygon: autoDraw = True
974.4385 	EXP 	unnamed Polygon: autoDraw = True
974.4524 	EXP 	unnamed Polygon: autoDraw = True
974.4557 	EXP 	unnamed Polygon: autoDraw = True
974.4700 	EXP 	unnamed Polygon: autoDraw = True
974.4736 	EXP 	unnamed Polygon: autoDraw = True
974.4766 	EXP 	unnamed Polygon: autoDraw = True
974.4911 	EXP 	unnamed Polygon: autoDraw = True
974.4945 	EXP 	unnamed Polygon: autoDraw = True
974.5086 	EXP 	unnamed Polygon: autoDraw = True
974.5133 	EXP 	unnamed Polygon: autoDraw = True
974.5261 	EXP 	unnamed Polygon: autoDraw = True
974.5298 	EXP 	unnamed Polygon: autoDraw = True
974.5439 	EXP 	unnamed Polygon: autoDraw = True
974.5482 	EXP 	unnamed Polygon: autoDraw = True
974.5524 	EXP 	unnamed Polygon: autoDraw = True
974.5653 	EXP 	unnamed Polygon: autoDraw = True
974.5683 	EXP 	unnamed Polygon: autoDraw = True
974.5828 	EXP 	unnamed Polygon: autoDraw = True
974.5859 	EXP 	unnamed Polygon: autoDraw = True
974.6005 	EXP 	unnamed Polygon: autoDraw = True
974.6043 	EXP 	unnamed Polygon: autoDraw = True
974.6129 	EXP 	unnamed Polygon: autoDraw = False
975.9942 	EXP 	trial_feedback: height = 0.09
975.9942 	EXP 	trial_feedback: height = 0.09
975.9942 	EXP 	trial_feedback: height = 0.09
975.9942 	EXP 	trial_feedback: text = 'Miss!\n-$5.00'
975.9942 	EXP 	trial_feedback: autoDraw = True
977.9852 	EXP 	trial_feedback: autoDraw = False
977.9998 	EXP 	trial_feedback: autoDraw = False
977.9998 	EXP 	exp_feedback: autoDraw = False
988.2330 	EXP 	unnamed Polygon: autoDraw = True
988.2330 	EXP 	unnamed Polygon: autoDraw = True
988.2364 	EXP 	unnamed Polygon: autoDraw = True
988.2385 	EXP 	unnamed Polygon: autoDraw = True
988.2546 	EXP 	unnamed Polygon: autoDraw = True
988.2579 	EXP 	unnamed Polygon: autoDraw = True
988.2613 	EXP 	unnamed Polygon: autoDraw = True
988.2759 	EXP 	unnamed Polygon: autoDraw = True
988.2789 	EXP 	unnamed Polygon: autoDraw = True
988.2933 	EXP 	unnamed Polygon: autoDraw = True
988.2966 	EXP 	unnamed Polygon: autoDraw = True
988.3108 	EXP 	unnamed Polygon: autoDraw = True
988.3149 	EXP 	unnamed Polygon: autoDraw = True
988.3188 	EXP 	unnamed Polygon: autoDraw = True
988.3319 	EXP 	unnamed Polygon: autoDraw = True
988.3352 	EXP 	unnamed Polygon: autoDraw = True
988.3495 	EXP 	unnamed Polygon: autoDraw = True
988.3522 	EXP 	unnamed Polygon: autoDraw = True
988.3670 	EXP 	unnamed Polygon: autoDraw = True
988.3709 	EXP 	unnamed Polygon: autoDraw = True
988.3845 	EXP 	unnamed Polygon: autoDraw = True
988.3881 	EXP 	unnamed Polygon: autoDraw = True
988.4021 	EXP 	unnamed Polygon: autoDraw = True
988.4059 	EXP 	unnamed Polygon: autoDraw = True
988.4195 	EXP 	unnamed Polygon: autoDraw = True
988.4234 	EXP 	unnamed Polygon: autoDraw = True
988.4277 	EXP 	unnamed Polygon: autoDraw = True
988.4411 	EXP 	unnamed Polygon: autoDraw = True
988.4448 	EXP 	unnamed Polygon: autoDraw = True
988.4588 	EXP 	unnamed Polygon: autoDraw = True
988.4669 	DATA 	Keypress: 1
988.4717 	EXP 	unnamed Polygon: autoDraw = False
989.9973 	EXP 	trial_feedback: height = 0.09
989.9973 	EXP 	trial_feedback: height = 0.09
989.9973 	EXP 	trial_feedback: height = 0.09
989.9973 	EXP 	trial_feedback: text = 'Miss!\n$0.00'
989.9973 	EXP 	trial_feedback: autoDraw = True
991.9864 	EXP 	trial_feedback: autoDraw = False
992.0056 	EXP 	trial_feedback: autoDraw = False
992.0056 	EXP 	exp_feedback: autoDraw = False
998.2299 	EXP 	unnamed Polygon: autoDraw = True
998.2299 	EXP 	unnamed Polygon: autoDraw = True
998.2327 	EXP 	unnamed Polygon: autoDraw = True
998.2352 	EXP 	unnamed Polygon: autoDraw = True
998.2508 	EXP 	unnamed Polygon: autoDraw = True
998.2528 	EXP 	unnamed Polygon: autoDraw = True
998.2684 	EXP 	unnamed Polygon: autoDraw = True
998.2719 	EXP 	unnamed Polygon: autoDraw = True
998.2855 	EXP 	unnamed Polygon: autoDraw = True
998.2888 	EXP 	unnamed Polygon: autoDraw = True
998.3029 	EXP 	unnamed Polygon: autoDraw = True
998.3057 	EXP 	unnamed Polygon: autoDraw = True
998.3203 	EXP 	unnamed Polygon: autoDraw = True
998.3244 	EXP 	unnamed Polygon: autoDraw = True
998.3278 	EXP 	unnamed Polygon: autoDraw = True
998.3417 	EXP 	unnamed Polygon: autoDraw = True
998.3455 	EXP 	unnamed Polygon: autoDraw = True
998.3594 	EXP 	unnamed Polygon: autoDraw = True
998.3635 	EXP 	unnamed Polygon: autoDraw = True
998.3770 	EXP 	unnamed Polygon: autoDraw = True
998.3811 	EXP 	unnamed Polygon: autoDraw = True
998.3861 	EXP 	unnamed Polygon: autoDraw = True
998.3987 	EXP 	unnamed Polygon: autoDraw = True
998.4018 	EXP 	unnamed Polygon: autoDraw = True
998.4161 	EXP 	unnamed Polygon: autoDraw = True
998.4194 	EXP 	unnamed Polygon: autoDraw = True
998.4338 	EXP 	unnamed Polygon: autoDraw = True
998.4377 	EXP 	unnamed Polygon: autoDraw = True
998.4512 	EXP 	unnamed Polygon: autoDraw = True
998.4543 	DATA 	Keypress: 1
998.4592 	EXP 	unnamed Polygon: autoDraw = True
998.4627 	EXP 	unnamed Polygon: autoDraw = True
998.4744 	EXP 	unnamed Polygon: autoDraw = True
998.4776 	EXP 	unnamed Polygon: autoDraw = True
998.4920 	EXP 	unnamed Polygon: autoDraw = True
998.4948 	EXP 	unnamed Polygon: autoDraw = True
998.5094 	EXP 	unnamed Polygon: autoDraw = True
998.5142 	EXP 	unnamed Polygon: autoDraw = True
998.5271 	EXP 	unnamed Polygon: autoDraw = True
998.5304 	EXP 	unnamed Polygon: autoDraw = True
998.5445 	EXP 	unnamed Polygon: autoDraw = True
998.5485 	EXP 	unnamed Polygon: autoDraw = True
998.5526 	EXP 	unnamed Polygon: autoDraw = True
998.5662 	EXP 	unnamed Polygon: autoDraw = True
998.5692 	EXP 	unnamed Polygon: autoDraw = True
998.5838 	EXP 	unnamed Polygon: autoDraw = True
998.5874 	EXP 	unnamed Polygon: autoDraw = True
998.6014 	EXP 	unnamed Polygon: autoDraw = True
998.6056 	EXP 	unnamed Polygon: autoDraw = True
998.6188 	EXP 	unnamed Polygon: autoDraw = True
998.6217 	EXP 	unnamed Polygon: autoDraw = True
998.6362 	EXP 	unnamed Polygon: autoDraw = True
998.6440 	EXP 	unnamed Polygon: autoDraw = False
1000.2250 	EXP 	trial_feedback: height = 0.09
1000.2250 	EXP 	trial_feedback: height = 0.09
1000.2250 	EXP 	trial_feedback: height = 0.09
1000.2250 	EXP 	trial_feedback: text = 'Hit!\n$0.00'
1000.2250 	EXP 	trial_feedback: autoDraw = True
1002.2120 	EXP 	trial_feedback: autoDraw = False
1002.2314 	EXP 	trial_feedback: autoDraw = False
1002.2314 	EXP 	exp_feedback: autoDraw = False
1008.5087 	EXP 	unnamed Polygon: autoDraw = True
1008.5087 	EXP 	unnamed Polygon: autoDraw = True
1008.5112 	EXP 	unnamed Polygon: autoDraw = True
1008.5143 	EXP 	unnamed Polygon: autoDraw = True
1008.5296 	EXP 	unnamed Polygon: autoDraw = True
1008.5322 	EXP 	unnamed Polygon: autoDraw = True
1008.5349 	EXP 	unnamed Polygon: autoDraw = True
1008.5496 	EXP 	unnamed Polygon: autoDraw = True
1008.5520 	EXP 	unnamed Polygon: autoDraw = True
1008.5671 	EXP 	unnamed Polygon: autoDraw = True
1008.5703 	EXP 	unnamed Polygon: autoDraw = True
1008.5849 	EXP 	unnamed Polygon: autoDraw = True
1008.5885 	EXP 	unnamed Polygon: autoDraw = True
1008.6022 	EXP 	unnamed Polygon: autoDraw = True
1008.6060 	EXP 	unnamed Polygon: autoDraw = True
1008.6198 	EXP 	unnamed Polygon: autoDraw = True
1008.6234 	EXP 	unnamed Polygon: autoDraw = True
1008.6268 	EXP 	unnamed Polygon: autoDraw = True
1008.6413 	EXP 	unnamed Polygon: autoDraw = True
1008.6445 	EXP 	unnamed Polygon: autoDraw = True
1008.6589 	EXP 	unnamed Polygon: autoDraw = True
1008.6634 	EXP 	unnamed Polygon: autoDraw = True
1008.6766 	EXP 	unnamed Polygon: autoDraw = True
1008.6809 	EXP 	unnamed Polygon: autoDraw = True
1008.6861 	EXP 	unnamed Polygon: autoDraw = True
1008.6989 	EXP 	unnamed Polygon: autoDraw = True
1008.7028 	EXP 	unnamed Polygon: autoDraw = True
1008.7049 	DATA 	Keypress: 1
1008.7168 	EXP 	unnamed Polygon: autoDraw = True
1008.7195 	EXP 	unnamed Polygon: autoDraw = True
1008.7346 	EXP 	unnamed Polygon: autoDraw = True
1008.7386 	EXP 	unnamed Polygon: autoDraw = True
1008.7521 	EXP 	unnamed Polygon: autoDraw = True
1008.7587 	EXP 	unnamed Polygon: autoDraw = False
1010.3275 	EXP 	trial_feedback: text = 'Hit!\n$0.00'
1010.3275 	EXP 	trial_feedback: autoDraw = True
1012.3280 	EXP 	trial_feedback: autoDraw = False
1012.3280 	EXP 	exp_feedback: autoDraw = False
1022.4735 	EXP 	unnamed Polygon: autoDraw = True
1022.4735 	EXP 	unnamed Polygon: autoDraw = True
1022.4772 	EXP 	unnamed Polygon: autoDraw = True
1022.4912 	EXP 	unnamed Polygon: autoDraw = True
1022.4935 	EXP 	unnamed Polygon: autoDraw = True
1022.5084 	EXP 	unnamed Polygon: autoDraw = True
1022.5105 	EXP 	unnamed Polygon: autoDraw = True
1022.5256 	EXP 	unnamed Polygon: autoDraw = True
1022.5279 	EXP 	unnamed Polygon: autoDraw = True
1022.5435 	EXP 	unnamed Polygon: autoDraw = True
1022.5476 	EXP 	unnamed Polygon: autoDraw = True
1022.5612 	EXP 	unnamed Polygon: autoDraw = True
1022.5649 	EXP 	unnamed Polygon: autoDraw = True
1022.5689 	EXP 	unnamed Polygon: autoDraw = True
1022.5822 	EXP 	unnamed Polygon: autoDraw = True
1022.5853 	EXP 	unnamed Polygon: autoDraw = True
1022.5997 	EXP 	unnamed Polygon: autoDraw = True
1022.6026 	EXP 	unnamed Polygon: autoDraw = True
1022.6173 	EXP 	unnamed Polygon: autoDraw = True
1022.6209 	EXP 	unnamed Polygon: autoDraw = True
1022.6348 	EXP 	unnamed Polygon: autoDraw = True
1022.6387 	EXP 	unnamed Polygon: autoDraw = True
1022.6525 	EXP 	unnamed Polygon: autoDraw = True
1022.6576 	EXP 	unnamed Polygon: autoDraw = True
1022.6607 	EXP 	unnamed Polygon: autoDraw = True
1022.6756 	EXP 	unnamed Polygon: autoDraw = True
1022.6796 	DATA 	Keypress: 1
1022.6847 	EXP 	unnamed Polygon: autoDraw = True
1022.6880 	EXP 	unnamed Polygon: autoDraw = True
1022.6999 	EXP 	unnamed Polygon: autoDraw = True
1022.7068 	EXP 	unnamed Polygon: autoDraw = False
1024.3933 	EXP 	trial_feedback: text = 'Hit!\n$0.00'
1024.3933 	EXP 	trial_feedback: autoDraw = True
1026.3776 	EXP 	trial_feedback: autoDraw = False
1026.3983 	EXP 	trial_feedback: autoDraw = False
1026.3983 	EXP 	exp_feedback: autoDraw = False
1032.7754 	EXP 	unnamed Polygon: autoDraw = True
1032.7754 	EXP 	unnamed Polygon: autoDraw = True
1032.7781 	EXP 	unnamed Polygon: autoDraw = True
1032.7811 	EXP 	unnamed Polygon: autoDraw = True
1032.7964 	EXP 	unnamed Polygon: autoDraw = True
1032.7988 	EXP 	unnamed Polygon: autoDraw = True
1032.8033 	EXP 	unnamed Polygon: autoDraw = True
1032.8168 	EXP 	unnamed Polygon: autoDraw = True
1032.8187 	EXP 	unnamed Polygon: autoDraw = True
1032.8346 	EXP 	unnamed Polygon: autoDraw = True
1032.8377 	EXP 	unnamed Polygon: autoDraw = True
1032.8517 	EXP 	unnamed Polygon: autoDraw = True
1032.8550 	EXP 	unnamed Polygon: autoDraw = True
1032.8691 	EXP 	unnamed Polygon: autoDraw = True
1032.8725 	EXP 	unnamed Polygon: autoDraw = True
1032.8866 	EXP 	unnamed Polygon: autoDraw = True
1032.8896 	EXP 	unnamed Polygon: autoDraw = True
1032.8943 	EXP 	unnamed Polygon: autoDraw = True
1032.9077 	EXP 	unnamed Polygon: autoDraw = True
1032.9105 	EXP 	unnamed Polygon: autoDraw = True
1032.9251 	EXP 	unnamed Polygon: autoDraw = True
1032.9279 	EXP 	unnamed Polygon: autoDraw = True
1032.9428 	EXP 	unnamed Polygon: autoDraw = True
1032.9460 	EXP 	unnamed Polygon: autoDraw = True
1032.9604 	EXP 	unnamed Polygon: autoDraw = True
1032.9640 	EXP 	unnamed Polygon: autoDraw = True
1032.9778 	EXP 	unnamed Polygon: autoDraw = True
1032.9819 	EXP 	unnamed Polygon: autoDraw = True
1032.9895 	EXP 	unnamed Polygon: autoDraw = False
1033.0022 	DATA 	Keypress: 1
1034.4639 	EXP 	trial_feedback: height = 0.09
1034.4639 	EXP 	trial_feedback: height = 0.09
1034.4639 	EXP 	trial_feedback: height = 0.09
1034.4639 	EXP 	trial_feedback: text = 'Miss!\n$0.00'
1034.4639 	EXP 	trial_feedback: autoDraw = True
1036.4551 	EXP 	trial_feedback: autoDraw = False
1036.4704 	EXP 	trial_feedback: autoDraw = False
1036.4704 	EXP 	exp_feedback: autoDraw = False
1042.6454 	DATA 	Keypress: 1
1042.9067 	EXP 	unnamed Polygon: autoDraw = True
1042.9067 	EXP 	unnamed Polygon: autoDraw = True
1042.9096 	EXP 	unnamed Polygon: autoDraw = True
1042.9119 	EXP 	unnamed Polygon: autoDraw = True
1042.9275 	EXP 	unnamed Polygon: autoDraw = True
1042.9307 	EXP 	unnamed Polygon: autoDraw = True
1042.9450 	EXP 	unnamed Polygon: autoDraw = True
1042.9488 	EXP 	unnamed Polygon: autoDraw = True
1042.9516 	EXP 	unnamed Polygon: autoDraw = True
1042.9666 	EXP 	unnamed Polygon: autoDraw = True
1042.9701 	EXP 	unnamed Polygon: autoDraw = True
1042.9843 	EXP 	unnamed Polygon: autoDraw = True
1042.9871 	EXP 	unnamed Polygon: autoDraw = True
1043.0019 	EXP 	unnamed Polygon: autoDraw = True
1043.0058 	EXP 	unnamed Polygon: autoDraw = True
1043.0194 	EXP 	unnamed Polygon: autoDraw = True
1043.0229 	EXP 	unnamed Polygon: autoDraw = True
1043.0278 	EXP 	unnamed Polygon: autoDraw = True
1043.0408 	EXP 	unnamed Polygon: autoDraw = True
1043.0437 	EXP 	unnamed Polygon: autoDraw = True
1043.0582 	EXP 	unnamed Polygon: autoDraw = True
1043.0618 	EXP 	unnamed Polygon: autoDraw = True
1043.0759 	EXP 	unnamed Polygon: autoDraw = True
1043.0804 	EXP 	unnamed Polygon: autoDraw = True
1043.0934 	EXP 	unnamed Polygon: autoDraw = True
1043.1012 	EXP 	unnamed Polygon: autoDraw = False
1043.1224 	DATA 	Keypress: 1
1044.4924 	EXP 	trial_feedback: text = 'Miss!\n$0.00'
1044.4924 	EXP 	trial_feedback: autoDraw = True
1046.4780 	EXP 	trial_feedback: autoDraw = False
1046.4981 	EXP 	trial_feedback: autoDraw = False
1046.4981 	EXP 	exp_feedback: autoDraw = False
1054.7648 	EXP 	unnamed Polygon: autoDraw = True
1054.7648 	EXP 	unnamed Polygon: autoDraw = True
1054.7685 	EXP 	unnamed Polygon: autoDraw = True
1054.7709 	EXP 	unnamed Polygon: autoDraw = True
1054.7865 	EXP 	unnamed Polygon: autoDraw = True
1054.7897 	EXP 	unnamed Polygon: autoDraw = True
1054.7954 	EXP 	unnamed Polygon: autoDraw = True
1054.8071 	EXP 	unnamed Polygon: autoDraw = True
1054.8098 	EXP 	unnamed Polygon: autoDraw = True
1054.8244 	EXP 	unnamed Polygon: autoDraw = True
1054.8267 	EXP 	unnamed Polygon: autoDraw = True
1054.8417 	EXP 	unnamed Polygon: autoDraw = True
1054.8448 	EXP 	unnamed Polygon: autoDraw = True
1054.8595 	EXP 	unnamed Polygon: autoDraw = True
1054.8637 	EXP 	unnamed Polygon: autoDraw = True
1054.8775 	EXP 	unnamed Polygon: autoDraw = True
1054.8817 	EXP 	unnamed Polygon: autoDraw = True
1054.8951 	EXP 	unnamed Polygon: autoDraw = True
1054.8992 	EXP 	unnamed Polygon: autoDraw = True
1054.9038 	EXP 	unnamed Polygon: autoDraw = True
1054.9165 	EXP 	unnamed Polygon: autoDraw = True
1054.9193 	EXP 	unnamed Polygon: autoDraw = True
1054.9340 	EXP 	unnamed Polygon: autoDraw = True
1054.9368 	EXP 	unnamed Polygon: autoDraw = True
1054.9513 	EXP 	unnamed Polygon: autoDraw = True
1054.9549 	EXP 	unnamed Polygon: autoDraw = True
1054.9689 	EXP 	unnamed Polygon: autoDraw = True
1054.9722 	EXP 	unnamed Polygon: autoDraw = True
1054.9865 	EXP 	unnamed Polygon: autoDraw = True
1054.9902 	DATA 	Keypress: 1
1054.9953 	EXP 	unnamed Polygon: autoDraw = True
1055.0022 	EXP 	unnamed Polygon: autoDraw = False
1056.5456 	EXP 	trial_feedback: height = 0.09
1056.5456 	EXP 	trial_feedback: height = 0.09
1056.5456 	EXP 	trial_feedback: height = 0.09
1056.5456 	EXP 	trial_feedback: text = 'Hit!\n$0.00'
1056.5456 	EXP 	trial_feedback: autoDraw = True
1058.5290 	EXP 	trial_feedback: autoDraw = False
1058.5492 	EXP 	trial_feedback: autoDraw = False
1058.5492 	EXP 	exp_feedback: autoDraw = False
1068.6629 	EXP 	unnamed Polygon: autoDraw = True
1068.6629 	EXP 	unnamed Polygon: autoDraw = True
1068.6660 	EXP 	unnamed Polygon: autoDraw = True
1068.6686 	EXP 	unnamed Polygon: autoDraw = True
1068.6834 	EXP 	unnamed Polygon: autoDraw = True
1068.6856 	EXP 	unnamed Polygon: autoDraw = True
1068.7007 	EXP 	unnamed Polygon: autoDraw = True
1068.7035 	EXP 	unnamed Polygon: autoDraw = True
1068.7186 	EXP 	unnamed Polygon: autoDraw = True
1068.7223 	EXP 	unnamed Polygon: autoDraw = True
1068.7357 	EXP 	unnamed Polygon: autoDraw = True
1068.7389 	EXP 	unnamed Polygon: autoDraw = True
1068.7530 	EXP 	unnamed Polygon: autoDraw = True
1068.7569 	EXP 	unnamed Polygon: autoDraw = True
1068.7607 	EXP 	unnamed Polygon: autoDraw = True
1068.7743 	EXP 	unnamed Polygon: autoDraw = True
1068.7770 	EXP 	unnamed Polygon: autoDraw = True
1068.7917 	EXP 	unnamed Polygon: autoDraw = True
1068.7946 	EXP 	unnamed Polygon: autoDraw = True
1068.8092 	EXP 	unnamed Polygon: autoDraw = True
1068.8128 	EXP 	unnamed Polygon: autoDraw = True
1068.8268 	EXP 	unnamed Polygon: autoDraw = True
1068.8305 	EXP 	unnamed Polygon: autoDraw = True
1068.8442 	EXP 	unnamed Polygon: autoDraw = True
1068.8471 	EXP 	unnamed Polygon: autoDraw = True
1068.8618 	EXP 	unnamed Polygon: autoDraw = True
1068.8654 	EXP 	unnamed Polygon: autoDraw = True
1068.8696 	EXP 	unnamed Polygon: autoDraw = True
1068.8780 	EXP 	unnamed Polygon: autoDraw = False
1068.9067 	DATA 	Keypress: 1
1070.5796 	EXP 	trial_feedback: height = 0.09
1070.5796 	EXP 	trial_feedback: height = 0.09
1070.5796 	EXP 	trial_feedback: height = 0.09
1070.5796 	EXP 	trial_feedback: text = 'Miss!\n-$5.00'
1070.5796 	EXP 	trial_feedback: autoDraw = True
1072.5632 	EXP 	trial_feedback: autoDraw = False
1072.5831 	EXP 	trial_feedback: autoDraw = False
1072.5831 	EXP 	exp_feedback: autoDraw = False
1083.0676 	EXP 	unnamed Polygon: autoDraw = True
1083.0676 	EXP 	unnamed Polygon: autoDraw = True
1083.0703 	EXP 	unnamed Polygon: autoDraw = True
1083.0858 	EXP 	unnamed Polygon: autoDraw = True
1083.0892 	EXP 	unnamed Polygon: autoDraw = True
1083.1029 	EXP 	unnamed Polygon: autoDraw = True
1083.1064 	EXP 	unnamed Polygon: autoDraw = True
1083.1107 	EXP 	unnamed Polygon: autoDraw = True
1083.1244 	EXP 	unnamed Polygon: autoDraw = True
1083.1280 	EXP 	unnamed Polygon: autoDraw = True
1083.1416 	EXP 	unnamed Polygon: autoDraw = True
1083.1444 	EXP 	unnamed Polygon: autoDraw = True
1083.1591 	EXP 	unnamed Polygon: autoDraw = True
1083.1628 	EXP 	unnamed Polygon: autoDraw = True
1083.1765 	EXP 	unnamed Polygon: autoDraw = True
1083.1805 	EXP 	unnamed Polygon: autoDraw = True
1083.1940 	EXP 	unnamed Polygon: autoDraw = True
1083.1979 	EXP 	unnamed Polygon: autoDraw = True
1083.2025 	EXP 	unnamed Polygon: autoDraw = True
1083.2153 	EXP 	unnamed Polygon: autoDraw = True
1083.2185 	EXP 	unnamed Polygon: autoDraw = True
1083.2327 	EXP 	unnamed Polygon: autoDraw = True
1083.2355 	EXP 	unnamed Polygon: autoDraw = True
1083.2501 	EXP 	unnamed Polygon: autoDraw = True
1083.2538 	EXP 	unnamed Polygon: autoDraw = True
1083.2682 	EXP 	unnamed Polygon: autoDraw = True
1083.2727 	EXP 	unnamed Polygon: autoDraw = True
1083.2781 	EXP 	unnamed Polygon: autoDraw = True
1083.2912 	EXP 	unnamed Polygon: autoDraw = True
1083.2949 	EXP 	unnamed Polygon: autoDraw = True
1083.3091 	EXP 	unnamed Polygon: autoDraw = True
1083.3118 	DATA 	Keypress: 1
1083.3153 	EXP 	unnamed Polygon: autoDraw = True
1083.3191 	EXP 	unnamed Polygon: autoDraw = True
1083.3330 	EXP 	unnamed Polygon: autoDraw = True
1083.3353 	EXP 	unnamed Polygon: autoDraw = True
1083.3505 	EXP 	unnamed Polygon: autoDraw = True
1083.3535 	EXP 	unnamed Polygon: autoDraw = True
1083.3683 	EXP 	unnamed Polygon: autoDraw = True
1083.3729 	EXP 	unnamed Polygon: autoDraw = True
1083.3779 	EXP 	unnamed Polygon: autoDraw = True
1083.3903 	EXP 	unnamed Polygon: autoDraw = True
1083.3941 	EXP 	unnamed Polygon: autoDraw = True
1083.4076 	EXP 	unnamed Polygon: autoDraw = True
1083.4102 	EXP 	unnamed Polygon: autoDraw = True
1083.4247 	EXP 	unnamed Polygon: autoDraw = True
1083.4270 	EXP 	unnamed Polygon: autoDraw = True
1083.4424 	EXP 	unnamed Polygon: autoDraw = True
1083.4460 	EXP 	unnamed Polygon: autoDraw = True
1083.4606 	EXP 	unnamed Polygon: autoDraw = True
1083.4713 	EXP 	unnamed Polygon: autoDraw = False
1084.7880 	EXP 	trial_feedback: height = 0.09
1084.7880 	EXP 	trial_feedback: height = 0.09
1084.7880 	EXP 	trial_feedback: height = 0.09
1084.7880 	EXP 	trial_feedback: text = 'Hit!\n$0.00'
1084.7880 	EXP 	trial_feedback: autoDraw = True
1086.7773 	EXP 	trial_feedback: autoDraw = False
1086.7968 	EXP 	trial_feedback: autoDraw = False
1086.7968 	EXP 	exp_feedback: autoDraw = False
1092.8651 	EXP 	unnamed Polygon: autoDraw = True
1092.8651 	EXP 	unnamed Polygon: autoDraw = True
1092.8684 	EXP 	unnamed Polygon: autoDraw = True
1092.8720 	EXP 	unnamed Polygon: autoDraw = True
1092.8863 	EXP 	unnamed Polygon: autoDraw = True
1092.8886 	EXP 	unnamed Polygon: autoDraw = True
1092.9036 	EXP 	unnamed Polygon: autoDraw = True
1092.9076 	EXP 	unnamed Polygon: autoDraw = True
1092.9104 	EXP 	unnamed Polygon: autoDraw = True
1092.9251 	EXP 	unnamed Polygon: autoDraw = True
1092.9288 	EXP 	unnamed Polygon: autoDraw = True
1092.9426 	EXP 	unnamed Polygon: autoDraw = True
1092.9459 	EXP 	unnamed Polygon: autoDraw = True
1092.9602 	EXP 	unnamed Polygon: autoDraw = True
1092.9635 	EXP 	unnamed Polygon: autoDraw = True
1092.9776 	EXP 	unnamed Polygon: autoDraw = True
1092.9804 	EXP 	unnamed Polygon: autoDraw = True
1092.9951 	EXP 	unnamed Polygon: autoDraw = True
1092.9986 	EXP 	unnamed Polygon: autoDraw = True
1093.0028 	EXP 	unnamed Polygon: autoDraw = True
1093.0164 	EXP 	unnamed Polygon: autoDraw = True
1093.0192 	EXP 	unnamed Polygon: autoDraw = True
1093.0340 	EXP 	unnamed Polygon: autoDraw = True
1093.0380 	EXP 	unnamed Polygon: autoDraw = True
1093.0517 	EXP 	unnamed Polygon: autoDraw = True
1093.0553 	EXP 	unnamed Polygon: autoDraw = True
1093.0692 	EXP 	unnamed Polygon: autoDraw = True
1093.0733 	EXP 	unnamed Polygon: autoDraw = True
1093.0780 	EXP 	unnamed Polygon: autoDraw = True
1093.0912 	EXP 	unnamed Polygon: autoDraw = True
1093.0982 	DATA 	Keypress: 1
1093.1021 	EXP 	unnamed Polygon: autoDraw = False
1094.8079 	EXP 	trial_feedback: height = 0.09
1094.8079 	EXP 	trial_feedback: height = 0.09
1094.8079 	EXP 	trial_feedback: height = 0.09
1094.8079 	EXP 	trial_feedback: text = 'Miss!\n-$5.00'
1094.8079 	EXP 	trial_feedback: autoDraw = True
1096.7887 	EXP 	trial_feedback: autoDraw = False
1096.8087 	EXP 	trial_feedback: autoDraw = False
1096.8087 	EXP 	exp_feedback: autoDraw = False
1105.1665 	EXP 	unnamed Polygon: autoDraw = True
1105.1665 	EXP 	unnamed Polygon: autoDraw = True
1105.1692 	EXP 	unnamed Polygon: autoDraw = True
1105.1717 	EXP 	unnamed Polygon: autoDraw = True
1105.1875 	EXP 	unnamed Polygon: autoDraw = True
1105.1903 	EXP 	unnamed Polygon: autoDraw = True
1105.1937 	EXP 	unnamed Polygon: autoDraw = True
1105.2082 	EXP 	unnamed Polygon: autoDraw = True
1105.2119 	EXP 	unnamed Polygon: autoDraw = True
1105.2259 	EXP 	unnamed Polygon: autoDraw = True
1105.2286 	EXP 	unnamed Polygon: autoDraw = True
1105.2433 	EXP 	unnamed Polygon: autoDraw = True
1105.2471 	EXP 	unnamed Polygon: autoDraw = True
1105.2607 	EXP 	unnamed Polygon: autoDraw = True
1105.2646 	EXP 	unnamed Polygon: autoDraw = True
1105.2695 	EXP 	unnamed Polygon: autoDraw = True
1105.2825 	EXP 	unnamed Polygon: autoDraw = True
1105.2854 	EXP 	unnamed Polygon: autoDraw = True
1105.2998 	EXP 	unnamed Polygon: autoDraw = True
1105.3025 	EXP 	unnamed Polygon: autoDraw = True
1105.3171 	EXP 	unnamed Polygon: autoDraw = True
1105.3207 	EXP 	unnamed Polygon: autoDraw = True
1105.3347 	EXP 	unnamed Polygon: autoDraw = True
1105.3387 	EXP 	unnamed Polygon: autoDraw = True
1105.3521 	EXP 	unnamed Polygon: autoDraw = True
1105.3558 	EXP 	unnamed Polygon: autoDraw = True
1105.3695 	EXP 	unnamed Polygon: autoDraw = True
1105.3784 	EXP 	unnamed Polygon: autoDraw = False
1105.3830 	DATA 	Keypress: 1
1106.8757 	EXP 	trial_feedback: height = 0.09
1106.8757 	EXP 	trial_feedback: height = 0.09
1106.8757 	EXP 	trial_feedback: height = 0.09
1106.8757 	EXP 	trial_feedback: text = 'Miss!\n-$0.00'
1106.8757 	EXP 	trial_feedback: autoDraw = True
1108.8634 	EXP 	trial_feedback: autoDraw = False
1108.8822 	EXP 	trial_feedback: autoDraw = False
1108.8822 	EXP 	exp_feedback: autoDraw = False
1118.9141 	EXP 	unnamed Polygon: autoDraw = True
1118.9141 	EXP 	unnamed Polygon: autoDraw = True
1118.9198 	EXP 	unnamed Polygon: autoDraw = True
1118.9316 	EXP 	unnamed Polygon: autoDraw = True
1118.9372 	EXP 	unnamed Polygon: autoDraw = True
1118.9488 	EXP 	unnamed Polygon: autoDraw = True
1118.9520 	EXP 	unnamed Polygon: autoDraw = True
1118.9661 	EXP 	unnamed Polygon: autoDraw = True
1118.9690 	EXP 	unnamed Polygon: autoDraw = True
1118.9832 	EXP 	unnamed Polygon: autoDraw = True
1118.9858 	EXP 	unnamed Polygon: autoDraw = True
1119.0007 	EXP 	unnamed Polygon: autoDraw = True
1119.0045 	EXP 	unnamed Polygon: autoDraw = True
1119.0183 	EXP 	unnamed Polygon: autoDraw = True
1119.0223 	EXP 	unnamed Polygon: autoDraw = True
1119.0359 	EXP 	unnamed Polygon: autoDraw = True
1119.0407 	EXP 	unnamed Polygon: autoDraw = True
1119.0441 	EXP 	unnamed Polygon: autoDraw = True
1119.0585 	EXP 	unnamed Polygon: autoDraw = True
1119.0617 	EXP 	unnamed Polygon: autoDraw = True
1119.0762 	EXP 	unnamed Polygon: autoDraw = True
1119.0799 	EXP 	unnamed Polygon: autoDraw = True
1119.0938 	EXP 	unnamed Polygon: autoDraw = True
1119.0977 	EXP 	unnamed Polygon: autoDraw = True
1119.1113 	EXP 	unnamed Polygon: autoDraw = True
1119.1154 	EXP 	unnamed Polygon: autoDraw = True
1119.1196 	EXP 	unnamed Polygon: autoDraw = True
1119.1332 	EXP 	unnamed Polygon: autoDraw = True
1119.1368 	EXP 	unnamed Polygon: autoDraw = True
1119.1400 	DATA 	Keypress: 1
1119.1448 	EXP 	unnamed Polygon: autoDraw = True
1119.1542 	EXP 	unnamed Polygon: autoDraw = True
1119.1622 	EXP 	unnamed Polygon: autoDraw = True
1119.1720 	EXP 	unnamed Polygon: autoDraw = False
1120.9361 	EXP 	trial_feedback: height = 0.09
1120.9361 	EXP 	trial_feedback: height = 0.09
1120.9361 	EXP 	trial_feedback: height = 0.09
1120.9361 	EXP 	trial_feedback: text = 'Hit!\n$0.00'
1120.9361 	EXP 	trial_feedback: autoDraw = True
1122.9275 	EXP 	trial_feedback: autoDraw = False
1122.9465 	EXP 	trial_feedback: autoDraw = False
1122.9465 	EXP 	exp_feedback: autoDraw = False
1129.1033 	DATA 	Keypress: 1
1129.3953 	EXP 	unnamed Polygon: autoDraw = True
1129.3953 	EXP 	unnamed Polygon: autoDraw = True
1129.3992 	EXP 	unnamed Polygon: autoDraw = True
1129.4026 	EXP 	unnamed Polygon: autoDraw = True
1129.4172 	EXP 	unnamed Polygon: autoDraw = True
1129.4202 	EXP 	unnamed Polygon: autoDraw = True
1129.4346 	EXP 	unnamed Polygon: autoDraw = True
1129.4375 	EXP 	unnamed Polygon: autoDraw = True
1129.4521 	EXP 	unnamed Polygon: autoDraw = True
1129.4554 	EXP 	unnamed Polygon: autoDraw = True
1129.4696 	EXP 	unnamed Polygon: autoDraw = True
1129.4736 	EXP 	unnamed Polygon: autoDraw = True
1129.4775 	EXP 	unnamed Polygon: autoDraw = True
1129.4911 	EXP 	unnamed Polygon: autoDraw = True
1129.4950 	EXP 	unnamed Polygon: autoDraw = True
1129.5089 	EXP 	unnamed Polygon: autoDraw = True
1129.5131 	EXP 	unnamed Polygon: autoDraw = True
1129.5265 	EXP 	unnamed Polygon: autoDraw = True
1129.5302 	EXP 	unnamed Polygon: autoDraw = True
1129.5366 	EXP 	unnamed Polygon: autoDraw = True
1129.5480 	EXP 	unnamed Polygon: autoDraw = True
1129.5525 	EXP 	unnamed Polygon: autoDraw = True
1129.5654 	EXP 	unnamed Polygon: autoDraw = True
1129.5685 	EXP 	unnamed Polygon: autoDraw = True
1129.5829 	EXP 	unnamed Polygon: autoDraw = True
1129.5857 	EXP 	unnamed Polygon: autoDraw = True
1129.6007 	EXP 	unnamed Polygon: autoDraw = True
1129.6046 	EXP 	unnamed Polygon: autoDraw = True
1129.6081 	DATA 	Keypress: 1
1129.6120 	EXP 	unnamed Polygon: autoDraw = True
1129.6224 	EXP 	unnamed Polygon: autoDraw = True
1129.6301 	EXP 	unnamed Polygon: autoDraw = True
1129.6396 	EXP 	unnamed Polygon: autoDraw = True
1129.6441 	EXP 	unnamed Polygon: autoDraw = True
1129.6575 	EXP 	unnamed Polygon: autoDraw = True
1129.6605 	EXP 	unnamed Polygon: autoDraw = True
1129.6747 	EXP 	unnamed Polygon: autoDraw = False
1131.0346 	EXP 	trial_feedback: height = 0.09
1131.0346 	EXP 	trial_feedback: height = 0.09
1131.0346 	EXP 	trial_feedback: height = 0.09
1131.0346 	EXP 	trial_feedback: text = 'Miss!\n-$5.00'
1131.0346 	EXP 	trial_feedback: autoDraw = True
1133.0273 	EXP 	trial_feedback: autoDraw = False
1133.0317 	EXP 	trial_feedback: autoDraw = False
1133.0317 	EXP 	exp_feedback: autoDraw = False
1143.4982 	EXP 	unnamed Polygon: autoDraw = True
1143.4982 	EXP 	unnamed Polygon: autoDraw = True
1143.5031 	EXP 	unnamed Polygon: autoDraw = True
1143.5161 	EXP 	unnamed Polygon: autoDraw = True
1143.5182 	EXP 	unnamed Polygon: autoDraw = True
1143.5331 	EXP 	unnamed Polygon: autoDraw = True
1143.5369 	EXP 	unnamed Polygon: autoDraw = True
1143.5508 	EXP 	unnamed Polygon: autoDraw = True
1143.5526 	EXP 	unnamed Polygon: autoDraw = True
1143.5693 	EXP 	unnamed Polygon: autoDraw = True
1143.5738 	EXP 	unnamed Polygon: autoDraw = True
1143.5777 	EXP 	unnamed Polygon: autoDraw = True
1143.5913 	EXP 	unnamed Polygon: autoDraw = True
1143.5940 	EXP 	unnamed Polygon: autoDraw = True
1143.6085 	EXP 	unnamed Polygon: autoDraw = True
1143.6117 	EXP 	unnamed Polygon: autoDraw = True
1143.6267 	EXP 	unnamed Polygon: autoDraw = True
1143.6285 	EXP 	unnamed Polygon: autoDraw = True
1143.6443 	EXP 	unnamed Polygon: autoDraw = True
1143.6483 	EXP 	unnamed Polygon: autoDraw = True
1143.6524 	EXP 	unnamed Polygon: autoDraw = True
1143.6660 	EXP 	unnamed Polygon: autoDraw = True
1143.6691 	EXP 	unnamed Polygon: autoDraw = True
1143.6839 	EXP 	unnamed Polygon: autoDraw = True
1143.6874 	EXP 	unnamed Polygon: autoDraw = True
1143.7016 	EXP 	unnamed Polygon: autoDraw = True
1143.7057 	EXP 	unnamed Polygon: autoDraw = True
1143.7093 	DATA 	Keypress: 1
1143.7117 	EXP 	unnamed Polygon: autoDraw = True
1143.7228 	EXP 	unnamed Polygon: autoDraw = True
1143.7297 	EXP 	unnamed Polygon: autoDraw = True
1143.7403 	EXP 	unnamed Polygon: autoDraw = True
1143.7434 	EXP 	unnamed Polygon: autoDraw = True
1143.7579 	EXP 	unnamed Polygon: autoDraw = True
1143.7660 	EXP 	unnamed Polygon: autoDraw = False
1145.1109 	EXP 	trial_feedback: height = 0.09
1145.1109 	EXP 	trial_feedback: height = 0.09
1145.1109 	EXP 	trial_feedback: height = 0.09
1145.1109 	EXP 	trial_feedback: text = 'Hit!\n+$5.00'
1145.1109 	EXP 	trial_feedback: autoDraw = True
1147.0953 	EXP 	trial_feedback: autoDraw = False
1147.1147 	EXP 	trial_feedback: autoDraw = False
1147.1147 	EXP 	exp_feedback: autoDraw = False
1155.4608 	EXP 	unnamed Polygon: autoDraw = True
1155.4608 	EXP 	unnamed Polygon: autoDraw = True
1155.4630 	EXP 	unnamed Polygon: autoDraw = True
1155.4788 	EXP 	unnamed Polygon: autoDraw = True
1155.4828 	EXP 	unnamed Polygon: autoDraw = True
1155.4854 	EXP 	unnamed Polygon: autoDraw = True
1155.4997 	EXP 	unnamed Polygon: autoDraw = True
1155.5032 	EXP 	unnamed Polygon: autoDraw = True
1155.5175 	EXP 	unnamed Polygon: autoDraw = True
1155.5204 	EXP 	unnamed Polygon: autoDraw = True
1155.5348 	EXP 	unnamed Polygon: autoDraw = True
1155.5387 	EXP 	unnamed Polygon: autoDraw = True
1155.5524 	EXP 	unnamed Polygon: autoDraw = True
1155.5569 	EXP 	unnamed Polygon: autoDraw = True
1155.5614 	EXP 	unnamed Polygon: autoDraw = True
1155.5646 	DATA 	Keypress: 1
1155.5699 	EXP 	unnamed Polygon: autoDraw = True
1155.5851 	EXP 	unnamed Polygon: autoDraw = True
1155.5889 	EXP 	unnamed Polygon: autoDraw = True
1155.6028 	EXP 	unnamed Polygon: autoDraw = True
1155.6064 	EXP 	unnamed Polygon: autoDraw = True
1155.6114 	EXP 	unnamed Polygon: autoDraw = True
1155.6244 	EXP 	unnamed Polygon: autoDraw = True
1155.6274 	EXP 	unnamed Polygon: autoDraw = True
1155.6417 	EXP 	unnamed Polygon: autoDraw = True
1155.6449 	EXP 	unnamed Polygon: autoDraw = True
1155.6593 	EXP 	unnamed Polygon: autoDraw = True
1155.6624 	EXP 	unnamed Polygon: autoDraw = True
1155.6770 	EXP 	unnamed Polygon: autoDraw = True
1155.6802 	EXP 	unnamed Polygon: autoDraw = True
1155.6948 	EXP 	unnamed Polygon: autoDraw = True
1155.7030 	EXP 	unnamed Polygon: autoDraw = False
1157.2780 	EXP 	trial_feedback: text = 'Hit!\n+$5.00'
1157.2780 	EXP 	trial_feedback: autoDraw = True
1159.2692 	EXP 	trial_feedback: autoDraw = False
1159.2885 	EXP 	trial_feedback: autoDraw = False
1159.2885 	EXP 	exp_feedback: autoDraw = False
1169.4763 	EXP 	unnamed Polygon: autoDraw = True
1169.4763 	EXP 	unnamed Polygon: autoDraw = True
1169.4788 	EXP 	unnamed Polygon: autoDraw = True
1169.4818 	EXP 	unnamed Polygon: autoDraw = True
1169.4974 	EXP 	unnamed Polygon: autoDraw = True
1169.5012 	EXP 	unnamed Polygon: autoDraw = True
1169.5031 	EXP 	unnamed Polygon: autoDraw = True
1169.5197 	EXP 	unnamed Polygon: autoDraw = True
1169.5235 	EXP 	unnamed Polygon: autoDraw = True
1169.5266 	EXP 	unnamed Polygon: autoDraw = True
1169.5413 	EXP 	unnamed Polygon: autoDraw = True
1169.5434 	EXP 	unnamed Polygon: autoDraw = True
1169.5594 	EXP 	unnamed Polygon: autoDraw = True
1169.5630 	EXP 	unnamed Polygon: autoDraw = True
1169.5770 	EXP 	unnamed Polygon: autoDraw = True
1169.5808 	EXP 	unnamed Polygon: autoDraw = True
1169.5943 	EXP 	unnamed Polygon: autoDraw = True
1169.5982 	EXP 	unnamed Polygon: autoDraw = True
1169.6025 	EXP 	unnamed Polygon: autoDraw = True
1169.6161 	EXP 	unnamed Polygon: autoDraw = True
1169.6192 	EXP 	unnamed Polygon: autoDraw = True
1169.6334 	EXP 	unnamed Polygon: autoDraw = True
1169.6362 	EXP 	unnamed Polygon: autoDraw = True
1169.6509 	EXP 	unnamed Polygon: autoDraw = True
1169.6543 	EXP 	unnamed Polygon: autoDraw = True
1169.6688 	EXP 	unnamed Polygon: autoDraw = True
1169.6726 	EXP 	unnamed Polygon: autoDraw = True
1169.6862 	EXP 	unnamed Polygon: autoDraw = True
1169.6902 	EXP 	unnamed Polygon: autoDraw = True
1169.6944 	EXP 	unnamed Polygon: autoDraw = True
1169.7079 	EXP 	unnamed Polygon: autoDraw = True
1169.7166 	EXP 	unnamed Polygon: autoDraw = False
1170.3123 	DATA 	Keypress: 1
1171.3440 	EXP 	trial_feedback: height = 0.09
1171.3440 	EXP 	trial_feedback: height = 0.09
1171.3440 	EXP 	trial_feedback: height = 0.09
1171.3440 	EXP 	trial_feedback: text = 'Miss!\n$0.00'
1171.3440 	EXP 	trial_feedback: autoDraw = True
1173.3286 	EXP 	trial_feedback: autoDraw = False
1173.3475 	EXP 	trial_feedback: autoDraw = False
1173.3475 	EXP 	exp_feedback: autoDraw = False
1183.6579 	EXP 	unnamed Polygon: autoDraw = True
1183.6579 	EXP 	unnamed Polygon: autoDraw = True
1183.6601 	EXP 	unnamed Polygon: autoDraw = True
1183.6621 	EXP 	unnamed Polygon: autoDraw = True
1183.6785 	EXP 	unnamed Polygon: autoDraw = True
1183.6815 	EXP 	unnamed Polygon: autoDraw = True
1183.6856 	EXP 	unnamed Polygon: autoDraw = True
1183.6996 	EXP 	unnamed Polygon: autoDraw = True
1183.7031 	EXP 	unnamed Polygon: autoDraw = True
1183.7171 	EXP 	unnamed Polygon: autoDraw = True
1183.7199 	EXP 	unnamed Polygon: autoDraw = True
1183.7346 	EXP 	unnamed Polygon: autoDraw = True
1183.7383 	EXP 	unnamed Polygon: autoDraw = True
1183.7521 	EXP 	unnamed Polygon: autoDraw = True
1183.7561 	EXP 	unnamed Polygon: autoDraw = True
1183.7696 	EXP 	unnamed Polygon: autoDraw = True
1183.7735 	EXP 	unnamed Polygon: autoDraw = True
1183.7781 	EXP 	unnamed Polygon: autoDraw = True
1183.7912 	EXP 	unnamed Polygon: autoDraw = True
1183.7956 	EXP 	unnamed Polygon: autoDraw = True
1183.8090 	EXP 	unnamed Polygon: autoDraw = True
1183.8129 	EXP 	unnamed Polygon: autoDraw = True
1183.8265 	EXP 	unnamed Polygon: autoDraw = True
1183.8297 	EXP 	unnamed Polygon: autoDraw = True
1183.8443 	EXP 	unnamed Polygon: autoDraw = True
1183.8482 	EXP 	unnamed Polygon: autoDraw = True
1183.8532 	EXP 	unnamed Polygon: autoDraw = True
1183.8661 	EXP 	unnamed Polygon: autoDraw = True
1183.8692 	EXP 	unnamed Polygon: autoDraw = True
1183.8834 	EXP 	unnamed Polygon: autoDraw = True
1183.8867 	EXP 	unnamed Polygon: autoDraw = True
1183.9010 	EXP 	unnamed Polygon: autoDraw = True
1183.9048 	EXP 	unnamed Polygon: autoDraw = True
1183.9185 	EXP 	unnamed Polygon: autoDraw = True
1183.9218 	EXP 	unnamed Polygon: autoDraw = True
1183.9360 	EXP 	unnamed Polygon: autoDraw = True
1183.9396 	EXP 	unnamed Polygon: autoDraw = True
1183.9449 	EXP 	unnamed Polygon: autoDraw = True
1183.9573 	EXP 	unnamed Polygon: autoDraw = True
1183.9602 	EXP 	unnamed Polygon: autoDraw = True
1183.9747 	EXP 	unnamed Polygon: autoDraw = True
1183.9776 	EXP 	unnamed Polygon: autoDraw = True
1183.9922 	EXP 	unnamed Polygon: autoDraw = True
1183.9956 	EXP 	unnamed Polygon: autoDraw = True
1183.9994 	DATA 	Keypress: 1
1184.0035 	EXP 	unnamed Polygon: autoDraw = True
1184.0128 	EXP 	unnamed Polygon: autoDraw = True
1184.0211 	EXP 	unnamed Polygon: autoDraw = True
1184.0279 	EXP 	unnamed Polygon: autoDraw = False
1185.4201 	EXP 	trial_feedback: height = 0.09
1185.4201 	EXP 	trial_feedback: height = 0.09
1185.4201 	EXP 	trial_feedback: height = 0.09
1185.4201 	EXP 	trial_feedback: text = 'Hit!\n$0.00'
1185.4201 	EXP 	trial_feedback: autoDraw = True
1187.4151 	EXP 	trial_feedback: autoDraw = False
1187.4196 	EXP 	trial_feedback: autoDraw = False
1187.4196 	EXP 	exp_feedback: autoDraw = False
1195.4451 	EXP 	unnamed Polygon: autoDraw = True
1195.4451 	EXP 	unnamed Polygon: autoDraw = True
1195.4472 	EXP 	unnamed Polygon: autoDraw = True
1195.4637 	EXP 	unnamed Polygon: autoDraw = True
1195.4682 	EXP 	unnamed Polygon: autoDraw = True
1195.4701 	EXP 	unnamed Polygon: autoDraw = True
1195.4868 	EXP 	unnamed Polygon: autoDraw = True
1195.4904 	EXP 	unnamed Polygon: autoDraw = True
1195.4937 	EXP 	unnamed Polygon: autoDraw = True
1195.5096 	EXP 	unnamed Polygon: autoDraw = True
1195.5138 	EXP 	unnamed Polygon: autoDraw = True
1195.5268 	EXP 	unnamed Polygon: autoDraw = True
1195.5306 	EXP 	unnamed Polygon: autoDraw = True
1195.5439 	EXP 	unnamed Polygon: autoDraw = True
1195.5459 	EXP 	unnamed Polygon: autoDraw = True
1195.5618 	EXP 	unnamed Polygon: autoDraw = True
1195.5656 	EXP 	unnamed Polygon: autoDraw = True
1195.5688 	EXP 	unnamed Polygon: autoDraw = True
1195.5833 	EXP 	unnamed Polygon: autoDraw = True
1195.5869 	EXP 	unnamed Polygon: autoDraw = True
1195.6009 	EXP 	unnamed Polygon: autoDraw = True
1195.6041 	EXP 	unnamed Polygon: autoDraw = True
1195.6187 	EXP 	unnamed Polygon: autoDraw = True
1195.6224 	EXP 	unnamed Polygon: autoDraw = True
1195.6362 	EXP 	unnamed Polygon: autoDraw = True
1195.6399 	EXP 	unnamed Polygon: autoDraw = True
1195.6449 	EXP 	unnamed Polygon: autoDraw = True
1195.6483 	DATA 	Keypress: 1
1195.6526 	EXP 	unnamed Polygon: autoDraw = True
1195.6682 	EXP 	unnamed Polygon: autoDraw = False
1197.4592 	EXP 	trial_feedback: height = 0.09
1197.4592 	EXP 	trial_feedback: height = 0.09
1197.4592 	EXP 	trial_feedback: height = 0.09
1197.4592 	EXP 	trial_feedback: text = 'Hit!\n+$5.00'
1197.4592 	EXP 	trial_feedback: autoDraw = True
1199.4441 	EXP 	trial_feedback: autoDraw = False
1199.4632 	EXP 	trial_feedback: autoDraw = False
1199.4632 	EXP 	exp_feedback: autoDraw = False
1209.8060 	EXP 	unnamed Polygon: autoDraw = True
1209.8060 	EXP 	unnamed Polygon: autoDraw = True
1209.8084 	EXP 	unnamed Polygon: autoDraw = True
1209.8107 	EXP 	unnamed Polygon: autoDraw = True
1209.8269 	EXP 	unnamed Polygon: autoDraw = True
1209.8306 	EXP 	unnamed Polygon: autoDraw = True
1209.8444 	EXP 	unnamed Polygon: autoDraw = True
1209.8480 	EXP 	unnamed Polygon: autoDraw = True
1209.8529 	EXP 	unnamed Polygon: autoDraw = True
1209.8652 	EXP 	unnamed Polygon: autoDraw = True
1209.8700 	EXP 	unnamed Polygon: autoDraw = True
1209.8831 	EXP 	unnamed Polygon: autoDraw = True
1209.8860 	EXP 	unnamed Polygon: autoDraw = True
1209.9009 	EXP 	unnamed Polygon: autoDraw = True
1209.9039 	EXP 	unnamed Polygon: autoDraw = True
1209.9190 	EXP 	unnamed Polygon: autoDraw = True
1209.9237 	EXP 	unnamed Polygon: autoDraw = True
1209.9278 	EXP 	unnamed Polygon: autoDraw = True
1209.9417 	EXP 	unnamed Polygon: autoDraw = True
1209.9460 	EXP 	unnamed Polygon: autoDraw = True
1209.9595 	EXP 	unnamed Polygon: autoDraw = True
1209.9631 	EXP 	unnamed Polygon: autoDraw = True
1209.9770 	EXP 	unnamed Polygon: autoDraw = True
1209.9797 	EXP 	unnamed Polygon: autoDraw = True
1209.9944 	EXP 	unnamed Polygon: autoDraw = True
1209.9981 	EXP 	unnamed Polygon: autoDraw = True
1210.0120 	EXP 	unnamed Polygon: autoDraw = True
1210.0191 	EXP 	unnamed Polygon: autoDraw = False
1210.0404 	DATA 	Keypress: 1
1211.4687 	EXP 	trial_feedback: height = 0.09
1211.4687 	EXP 	trial_feedback: height = 0.09
1211.4687 	EXP 	trial_feedback: height = 0.09
1211.4687 	EXP 	trial_feedback: text = 'Miss!\n$0.00'
1211.4687 	EXP 	trial_feedback: autoDraw = True
1213.4535 	EXP 	trial_feedback: autoDraw = False
1213.4729 	EXP 	trial_feedback: autoDraw = False
1213.4729 	EXP 	exp_feedback: autoDraw = False
1219.8338 	EXP 	unnamed Polygon: autoDraw = True
1219.8338 	EXP 	unnamed Polygon: autoDraw = True
1219.8365 	EXP 	unnamed Polygon: autoDraw = True
1219.8392 	EXP 	unnamed Polygon: autoDraw = True
1219.8555 	EXP 	unnamed Polygon: autoDraw = True
1219.8579 	EXP 	unnamed Polygon: autoDraw = True
1219.8613 	EXP 	unnamed Polygon: autoDraw = True
1219.8757 	EXP 	unnamed Polygon: autoDraw = True
1219.8778 	EXP 	unnamed Polygon: autoDraw = True
1219.8937 	EXP 	unnamed Polygon: autoDraw = True
1219.8956 	EXP 	unnamed Polygon: autoDraw = True
1219.9119 	EXP 	unnamed Polygon: autoDraw = True
1219.9156 	EXP 	unnamed Polygon: autoDraw = True
1219.9186 	EXP 	unnamed Polygon: autoDraw = True
1219.9332 	EXP 	unnamed Polygon: autoDraw = True
1219.9372 	EXP 	unnamed Polygon: autoDraw = True
1219.9507 	EXP 	unnamed Polygon: autoDraw = True
1219.9537 	EXP 	unnamed Polygon: autoDraw = True
1219.9686 	EXP 	unnamed Polygon: autoDraw = True
1219.9724 	EXP 	unnamed Polygon: autoDraw = True
1219.9857 	EXP 	unnamed Polygon: autoDraw = True
1219.9893 	EXP 	unnamed Polygon: autoDraw = True
1220.0031 	EXP 	unnamed Polygon: autoDraw = True
1220.0060 	EXP 	unnamed Polygon: autoDraw = True
1220.0205 	EXP 	unnamed Polygon: autoDraw = True
1220.0234 	EXP 	unnamed Polygon: autoDraw = True
1220.0279 	EXP 	unnamed Polygon: autoDraw = True
1220.0415 	EXP 	unnamed Polygon: autoDraw = True
1220.0486 	DATA 	Keypress: 1
1220.0520 	EXP 	unnamed Polygon: autoDraw = False
1221.4892 	EXP 	trial_feedback: text = 'Miss!\n$0.00'
1221.4892 	EXP 	trial_feedback: autoDraw = True
1223.4784 	EXP 	trial_feedback: autoDraw = False
1223.4983 	EXP 	trial_feedback: autoDraw = False
1223.4983 	EXP 	exp_feedback: autoDraw = False
1233.8983 	EXP 	unnamed Polygon: autoDraw = True
1233.8983 	EXP 	unnamed Polygon: autoDraw = True
1233.9005 	EXP 	unnamed Polygon: autoDraw = True
1233.9027 	EXP 	unnamed Polygon: autoDraw = True
1233.9190 	EXP 	unnamed Polygon: autoDraw = True
1233.9207 	EXP 	unnamed Polygon: autoDraw = True
1233.9364 	EXP 	unnamed Polygon: autoDraw = True
1233.9402 	EXP 	unnamed Polygon: autoDraw = True
1233.9439 	EXP 	unnamed Polygon: autoDraw = True
1233.9579 	EXP 	unnamed Polygon: autoDraw = True
1233.9608 	EXP 	unnamed Polygon: autoDraw = True
1233.9756 	EXP 	unnamed Polygon: autoDraw = True
1233.9793 	EXP 	unnamed Polygon: autoDraw = True
1233.9933 	EXP 	unnamed Polygon: autoDraw = True
1233.9971 	EXP 	unnamed Polygon: autoDraw = True
1234.0104 	EXP 	unnamed Polygon: autoDraw = True
1234.0137 	EXP 	unnamed Polygon: autoDraw = True
1234.0279 	EXP 	unnamed Polygon: autoDraw = True
1234.0314 	EXP 	unnamed Polygon: autoDraw = True
1234.0363 	EXP 	unnamed Polygon: autoDraw = True
1234.0489 	EXP 	unnamed Polygon: autoDraw = True
1234.0519 	EXP 	unnamed Polygon: autoDraw = True
1234.0664 	EXP 	unnamed Polygon: autoDraw = True
1234.0697 	EXP 	unnamed Polygon: autoDraw = True
1234.0839 	EXP 	unnamed Polygon: autoDraw = True
1234.0914 	EXP 	unnamed Polygon: autoDraw = False
1234.1342 	DATA 	Keypress: 1
1235.5476 	EXP 	trial_feedback: text = 'Miss!\n$0.00'
1235.5476 	EXP 	trial_feedback: autoDraw = True
1237.5458 	EXP 	trial_feedback: autoDraw = False
1237.5606 	EXP 	trial_feedback: autoDraw = False
1237.5606 	EXP 	exp_feedback: autoDraw = False
1243.8153 	EXP 	unnamed Polygon: autoDraw = True
1243.8153 	EXP 	unnamed Polygon: autoDraw = True
1243.8178 	EXP 	unnamed Polygon: autoDraw = True
1243.8205 	EXP 	unnamed Polygon: autoDraw = True
1243.8359 	EXP 	unnamed Polygon: autoDraw = True
1243.8376 	EXP 	unnamed Polygon: autoDraw = True
1243.8532 	EXP 	unnamed Polygon: autoDraw = True
1243.8549 	EXP 	unnamed Polygon: autoDraw = True
1243.8707 	EXP 	unnamed Polygon: autoDraw = True
1243.8748 	EXP 	unnamed Polygon: autoDraw = True
1243.8769 	EXP 	unnamed Polygon: autoDraw = True
1243.8936 	EXP 	unnamed Polygon: autoDraw = True
1243.8973 	EXP 	unnamed Polygon: autoDraw = True
1243.9110 	EXP 	unnamed Polygon: autoDraw = True
1243.9146 	EXP 	unnamed Polygon: autoDraw = True
1243.9283 	EXP 	unnamed Polygon: autoDraw = True
1243.9329 	EXP 	unnamed Polygon: autoDraw = True
1243.9361 	EXP 	unnamed Polygon: autoDraw = True
1243.9501 	EXP 	unnamed Polygon: autoDraw = True
1243.9537 	EXP 	unnamed Polygon: autoDraw = True
1243.9676 	EXP 	unnamed Polygon: autoDraw = True
1243.9715 	EXP 	unnamed Polygon: autoDraw = True
1243.9852 	EXP 	unnamed Polygon: autoDraw = True
1243.9888 	EXP 	unnamed Polygon: autoDraw = True
1244.0026 	EXP 	unnamed Polygon: autoDraw = True
1244.0055 	EXP 	unnamed Polygon: autoDraw = True
1244.0201 	EXP 	unnamed Polygon: autoDraw = True
1244.0235 	EXP 	unnamed Polygon: autoDraw = True
1244.0277 	DATA 	Keypress: 1
1244.0312 	EXP 	unnamed Polygon: autoDraw = True
1244.0413 	EXP 	unnamed Polygon: autoDraw = True
1244.0457 	EXP 	unnamed Polygon: autoDraw = True
1244.0586 	EXP 	unnamed Polygon: autoDraw = True
1244.0617 	EXP 	unnamed Polygon: autoDraw = True
1244.0765 	EXP 	unnamed Polygon: autoDraw = True
1244.0801 	EXP 	unnamed Polygon: autoDraw = True
1244.0939 	EXP 	unnamed Polygon: autoDraw = True
1244.0973 	EXP 	unnamed Polygon: autoDraw = True
1244.1115 	EXP 	unnamed Polygon: autoDraw = True
1244.1165 	EXP 	unnamed Polygon: autoDraw = True
1244.1192 	EXP 	unnamed Polygon: autoDraw = True
1244.1342 	EXP 	unnamed Polygon: autoDraw = True
1244.1371 	EXP 	unnamed Polygon: autoDraw = True
1244.1519 	EXP 	unnamed Polygon: autoDraw = True
1244.1558 	EXP 	unnamed Polygon: autoDraw = True
1244.1694 	EXP 	unnamed Polygon: autoDraw = True
1244.1778 	EXP 	unnamed Polygon: autoDraw = False
1245.7458 	EXP 	trial_feedback: height = 0.09
1245.7458 	EXP 	trial_feedback: height = 0.09
1245.7458 	EXP 	trial_feedback: height = 0.09
1245.7458 	EXP 	trial_feedback: text = 'Hit!\n$0.00'
1245.7458 	EXP 	trial_feedback: autoDraw = True
1247.7366 	EXP 	trial_feedback: autoDraw = False
1247.7510 	EXP 	trial_feedback: autoDraw = False
1247.7510 	EXP 	exp_feedback: autoDraw = False
1252.0513 	DATA 	Keypress: 1
1255.9534 	EXP 	unnamed Polygon: autoDraw = True
1255.9534 	EXP 	unnamed Polygon: autoDraw = True
1255.9615 	EXP 	unnamed Polygon: autoDraw = True
1255.9704 	EXP 	unnamed Polygon: autoDraw = True
1255.9784 	EXP 	unnamed Polygon: autoDraw = True
1255.9882 	EXP 	unnamed Polygon: autoDraw = True
1255.9966 	EXP 	unnamed Polygon: autoDraw = True
1256.0062 	EXP 	unnamed Polygon: autoDraw = True
1256.0117 	EXP 	unnamed Polygon: autoDraw = True
1256.0243 	EXP 	unnamed Polygon: autoDraw = True
1256.0281 	EXP 	unnamed Polygon: autoDraw = True
1256.0422 	EXP 	unnamed Polygon: autoDraw = True
1256.0460 	EXP 	unnamed Polygon: autoDraw = True
1256.0607 	EXP 	unnamed Polygon: autoDraw = True
1256.0648 	EXP 	unnamed Polygon: autoDraw = True
1256.0697 	EXP 	unnamed Polygon: autoDraw = True
1256.0822 	EXP 	unnamed Polygon: autoDraw = True
1256.0860 	EXP 	unnamed Polygon: autoDraw = True
1256.1004 	EXP 	unnamed Polygon: autoDraw = True
1256.1037 	EXP 	unnamed Polygon: autoDraw = True
1256.1184 	EXP 	unnamed Polygon: autoDraw = True
1256.1202 	EXP 	unnamed Polygon: autoDraw = True
1256.1355 	EXP 	unnamed Polygon: autoDraw = True
1256.1393 	EXP 	unnamed Polygon: autoDraw = True
1256.1529 	EXP 	unnamed Polygon: autoDraw = True
1256.1568 	EXP 	unnamed Polygon: autoDraw = True
1256.1609 	EXP 	unnamed Polygon: autoDraw = True
1256.1743 	EXP 	unnamed Polygon: autoDraw = True
1256.1778 	EXP 	unnamed Polygon: autoDraw = True
1256.1814 	DATA 	Keypress: 1
1256.1914 	EXP 	unnamed Polygon: autoDraw = True
1256.1936 	EXP 	unnamed Polygon: autoDraw = True
1256.2091 	EXP 	unnamed Polygon: autoDraw = True
1256.2131 	EXP 	unnamed Polygon: autoDraw = True
1256.2268 	EXP 	unnamed Polygon: autoDraw = True
1256.2308 	EXP 	unnamed Polygon: autoDraw = True
1256.2448 	EXP 	unnamed Polygon: autoDraw = True
1256.2502 	EXP 	unnamed Polygon: autoDraw = True
1256.2531 	EXP 	unnamed Polygon: autoDraw = True
1256.2684 	EXP 	unnamed Polygon: autoDraw = True
1256.2702 	EXP 	unnamed Polygon: autoDraw = True
1256.2864 	EXP 	unnamed Polygon: autoDraw = True
1256.2924 	EXP 	unnamed Polygon: autoDraw = False
1257.8692 	EXP 	trial_feedback: text = 'Hit!\n$0.00'
1257.8692 	EXP 	trial_feedback: autoDraw = True
1259.8701 	EXP 	trial_feedback: autoDraw = False
1259.8752 	EXP 	trial_feedback: autoDraw = False
1259.8752 	EXP 	exp_feedback: autoDraw = False
1265.8621 	DATA 	Keypress: 1
1266.1679 	EXP 	unnamed Polygon: autoDraw = True
1266.1679 	EXP 	unnamed Polygon: autoDraw = True
1266.1703 	EXP 	unnamed Polygon: autoDraw = True
1266.1859 	EXP 	unnamed Polygon: autoDraw = True
1266.1900 	EXP 	unnamed Polygon: autoDraw = True
1266.2038 	EXP 	unnamed Polygon: autoDraw = True
1266.2080 	EXP 	unnamed Polygon: autoDraw = True
1266.2104 	EXP 	unnamed Polygon: autoDraw = True
1266.2262 	EXP 	unnamed Polygon: autoDraw = True
1266.2297 	EXP 	unnamed Polygon: autoDraw = True
1266.2437 	EXP 	unnamed Polygon: autoDraw = True
1266.2478 	EXP 	unnamed Polygon: autoDraw = True
1266.2610 	EXP 	unnamed Polygon: autoDraw = True
1266.2648 	EXP 	unnamed Polygon: autoDraw = True
1266.2785 	EXP 	unnamed Polygon: autoDraw = True
1266.2818 	EXP 	unnamed Polygon: autoDraw = True
1266.2862 	EXP 	unnamed Polygon: autoDraw = True
1266.2998 	EXP 	unnamed Polygon: autoDraw = True
1266.3036 	EXP 	unnamed Polygon: autoDraw = True
1266.3174 	EXP 	unnamed Polygon: autoDraw = True
1266.3202 	EXP 	unnamed Polygon: autoDraw = True
1266.3347 	EXP 	unnamed Polygon: autoDraw = True
1266.3413 	DATA 	Keypress: 1
1266.3452 	EXP 	unnamed Polygon: autoDraw = False
1267.8855 	EXP 	trial_feedback: height = 0.09
1267.8855 	EXP 	trial_feedback: height = 0.09
1267.8855 	EXP 	trial_feedback: height = 0.09
1267.8855 	EXP 	trial_feedback: text = 'Miss!\n$0.00'
1267.8855 	EXP 	trial_feedback: autoDraw = True
1269.8696 	EXP 	trial_feedback: autoDraw = False
1269.8890 	EXP 	trial_feedback: autoDraw = False
1269.8890 	EXP 	exp_feedback: autoDraw = False
1276.1146 	EXP 	unnamed Polygon: autoDraw = True
1276.1146 	EXP 	unnamed Polygon: autoDraw = True
1276.1171 	EXP 	unnamed Polygon: autoDraw = True
1276.1191 	EXP 	unnamed Polygon: autoDraw = True
1276.1355 	EXP 	unnamed Polygon: autoDraw = True
1276.1392 	EXP 	unnamed Polygon: autoDraw = True
1276.1534 	EXP 	unnamed Polygon: autoDraw = True
1276.1570 	EXP 	unnamed Polygon: autoDraw = True
1276.1607 	EXP 	unnamed Polygon: autoDraw = True
1276.1747 	EXP 	unnamed Polygon: autoDraw = True
1276.1779 	EXP 	unnamed Polygon: autoDraw = True
1276.1924 	EXP 	unnamed Polygon: autoDraw = True
1276.1964 	EXP 	unnamed Polygon: autoDraw = True
1276.2101 	EXP 	unnamed Polygon: autoDraw = True
1276.2143 	EXP 	unnamed Polygon: autoDraw = True
1276.2277 	EXP 	unnamed Polygon: autoDraw = True
1276.2314 	EXP 	unnamed Polygon: autoDraw = True
1276.2451 	EXP 	unnamed Polygon: autoDraw = True
1276.2486 	EXP 	unnamed Polygon: autoDraw = True
1276.2530 	EXP 	unnamed Polygon: autoDraw = True
1276.2663 	EXP 	unnamed Polygon: autoDraw = True
1276.2696 	EXP 	unnamed Polygon: autoDraw = True
1276.2840 	EXP 	unnamed Polygon: autoDraw = True
1276.2875 	EXP 	unnamed Polygon: autoDraw = True
1276.3018 	EXP 	unnamed Polygon: autoDraw = True
1276.3088 	DATA 	Keypress: 1
1276.3120 	EXP 	unnamed Polygon: autoDraw = False
1277.9533 	EXP 	trial_feedback: height = 0.09
1277.9533 	EXP 	trial_feedback: height = 0.09
1277.9533 	EXP 	trial_feedback: height = 0.09
1277.9533 	EXP 	trial_feedback: text = 'Miss!\n-$0.00'
1277.9533 	EXP 	trial_feedback: autoDraw = True
1279.9363 	EXP 	trial_feedback: autoDraw = False
1279.9562 	EXP 	trial_feedback: autoDraw = False
1279.9562 	EXP 	exp_feedback: autoDraw = False
1286.3354 	EXP 	unnamed Polygon: autoDraw = True
1286.3354 	EXP 	unnamed Polygon: autoDraw = True
1286.3377 	EXP 	unnamed Polygon: autoDraw = True
1286.3402 	EXP 	unnamed Polygon: autoDraw = True
1286.3563 	EXP 	unnamed Polygon: autoDraw = True
1286.3600 	EXP 	unnamed Polygon: autoDraw = True
1286.3635 	EXP 	unnamed Polygon: autoDraw = True
1286.3778 	EXP 	unnamed Polygon: autoDraw = True
1286.3810 	EXP 	unnamed Polygon: autoDraw = True
1286.3951 	EXP 	unnamed Polygon: autoDraw = True
1286.3980 	EXP 	unnamed Polygon: autoDraw = True
1286.4030 	EXP 	unnamed Polygon: autoDraw = True
1286.4162 	EXP 	unnamed Polygon: autoDraw = True
1286.4193 	EXP 	unnamed Polygon: autoDraw = True
1286.4335 	EXP 	unnamed Polygon: autoDraw = True
1286.4364 	EXP 	unnamed Polygon: autoDraw = True
1286.4511 	EXP 	unnamed Polygon: autoDraw = True
1286.4545 	EXP 	unnamed Polygon: autoDraw = True
1286.4686 	EXP 	unnamed Polygon: autoDraw = True
1286.4722 	EXP 	unnamed Polygon: autoDraw = True
1286.4861 	EXP 	unnamed Polygon: autoDraw = True
1286.4899 	EXP 	unnamed Polygon: autoDraw = True
1286.4950 	EXP 	unnamed Polygon: autoDraw = True
1286.5075 	EXP 	unnamed Polygon: autoDraw = True
1286.5103 	EXP 	unnamed Polygon: autoDraw = True
1286.5249 	EXP 	unnamed Polygon: autoDraw = True
1286.5280 	DATA 	Keypress: 1
1286.5328 	EXP 	unnamed Polygon: autoDraw = True
1286.5357 	EXP 	unnamed Polygon: autoDraw = True
1286.5508 	EXP 	unnamed Polygon: autoDraw = True
1286.5536 	EXP 	unnamed Polygon: autoDraw = True
1286.5701 	EXP 	unnamed Polygon: autoDraw = True
1286.5730 	EXP 	unnamed Polygon: autoDraw = True
1286.5780 	EXP 	unnamed Polygon: autoDraw = True
1286.5912 	EXP 	unnamed Polygon: autoDraw = True
1286.5951 	EXP 	unnamed Polygon: autoDraw = True
1286.6085 	EXP 	unnamed Polygon: autoDraw = True
1286.6114 	EXP 	unnamed Polygon: autoDraw = True
1286.6261 	EXP 	unnamed Polygon: autoDraw = True
1286.6289 	EXP 	unnamed Polygon: autoDraw = True
1286.6437 	EXP 	unnamed Polygon: autoDraw = True
1286.6521 	EXP 	unnamed Polygon: autoDraw = False
1288.1193 	EXP 	trial_feedback: height = 0.09
1288.1193 	EXP 	trial_feedback: height = 0.09
1288.1193 	EXP 	trial_feedback: height = 0.09
1288.1193 	EXP 	trial_feedback: text = 'Hit!\n$0.00'
1288.1193 	EXP 	trial_feedback: autoDraw = True
1290.1072 	EXP 	trial_feedback: autoDraw = False
1290.1280 	EXP 	trial_feedback: autoDraw = False
1290.1280 	EXP 	exp_feedback: autoDraw = False
1294.3662 	DATA 	Keypress: 1
1298.4517 	EXP 	unnamed Polygon: autoDraw = True
1298.4517 	EXP 	unnamed Polygon: autoDraw = True
1298.4544 	EXP 	unnamed Polygon: autoDraw = True
1298.4698 	EXP 	unnamed Polygon: autoDraw = True
1298.4726 	EXP 	unnamed Polygon: autoDraw = True
1298.4871 	EXP 	unnamed Polygon: autoDraw = True
1298.4913 	EXP 	unnamed Polygon: autoDraw = True
1298.4942 	EXP 	unnamed Polygon: autoDraw = True
1298.5091 	EXP 	unnamed Polygon: autoDraw = True
1298.5123 	EXP 	unnamed Polygon: autoDraw = True
1298.5266 	EXP 	unnamed Polygon: autoDraw = True
1298.5304 	EXP 	unnamed Polygon: autoDraw = True
1298.5436 	EXP 	unnamed Polygon: autoDraw = True
1298.5475 	EXP 	unnamed Polygon: autoDraw = True
1298.5616 	EXP 	unnamed Polygon: autoDraw = True
1298.5655 	EXP 	unnamed Polygon: autoDraw = True
1298.5699 	EXP 	unnamed Polygon: autoDraw = True
1298.5833 	EXP 	unnamed Polygon: autoDraw = True
1298.5867 	EXP 	unnamed Polygon: autoDraw = True
1298.6010 	EXP 	unnamed Polygon: autoDraw = True
1298.6049 	EXP 	unnamed Polygon: autoDraw = True
1298.6186 	EXP 	unnamed Polygon: autoDraw = True
1298.6228 	EXP 	unnamed Polygon: autoDraw = True
1298.6361 	EXP 	unnamed Polygon: autoDraw = True
1298.6398 	EXP 	unnamed Polygon: autoDraw = True
1298.6444 	EXP 	unnamed Polygon: autoDraw = True
1298.6572 	EXP 	unnamed Polygon: autoDraw = True
1298.6609 	EXP 	unnamed Polygon: autoDraw = True
1298.6646 	DATA 	Keypress: 1
1298.6695 	EXP 	unnamed Polygon: autoDraw = True
1298.6848 	EXP 	unnamed Polygon: autoDraw = True
1298.6890 	EXP 	unnamed Polygon: autoDraw = False
1300.1966 	EXP 	trial_feedback: height = 0.09
1300.1966 	EXP 	trial_feedback: height = 0.09
1300.1966 	EXP 	trial_feedback: height = 0.09
1300.1966 	EXP 	trial_feedback: text = 'Hit!\n+$1.50'
1300.1966 	EXP 	trial_feedback: autoDraw = True
1302.1772 	EXP 	trial_feedback: autoDraw = False
1302.1961 	EXP 	trial_feedback: autoDraw = False
1302.1961 	EXP 	exp_feedback: autoDraw = False
1310.6646 	EXP 	unnamed Polygon: autoDraw = True
1310.6646 	EXP 	unnamed Polygon: autoDraw = True
1310.6667 	EXP 	unnamed Polygon: autoDraw = True
1310.6696 	EXP 	unnamed Polygon: autoDraw = True
1310.6850 	EXP 	unnamed Polygon: autoDraw = True
1310.6882 	EXP 	unnamed Polygon: autoDraw = True
1310.7028 	EXP 	unnamed Polygon: autoDraw = True
1310.7066 	EXP 	unnamed Polygon: autoDraw = True
1310.7108 	EXP 	unnamed Polygon: autoDraw = True
1310.7242 	EXP 	unnamed Polygon: autoDraw = True
1310.7277 	EXP 	unnamed Polygon: autoDraw = True
1310.7424 	EXP 	unnamed Polygon: autoDraw = True
1310.7463 	EXP 	unnamed Polygon: autoDraw = True
1310.7601 	EXP 	unnamed Polygon: autoDraw = True
1310.7639 	EXP 	unnamed Polygon: autoDraw = True
1310.7775 	EXP 	unnamed Polygon: autoDraw = True
1310.7815 	EXP 	unnamed Polygon: autoDraw = True
1310.7950 	EXP 	unnamed Polygon: autoDraw = True
1310.7979 	EXP 	unnamed Polygon: autoDraw = True
1310.8125 	EXP 	unnamed Polygon: autoDraw = True
1310.8154 	EXP 	unnamed Polygon: autoDraw = True
1310.8199 	EXP 	unnamed Polygon: autoDraw = True
1310.8335 	EXP 	unnamed Polygon: autoDraw = True
1310.8363 	EXP 	unnamed Polygon: autoDraw = True
1310.8512 	EXP 	unnamed Polygon: autoDraw = True
1310.8553 	EXP 	unnamed Polygon: autoDraw = True
1310.8596 	DATA 	Keypress: 1
1310.8640 	EXP 	unnamed Polygon: autoDraw = True
1310.8728 	EXP 	unnamed Polygon: autoDraw = True
1310.8817 	EXP 	unnamed Polygon: autoDraw = True
1310.8860 	EXP 	unnamed Polygon: autoDraw = True
1310.8995 	EXP 	unnamed Polygon: autoDraw = True
1310.9068 	EXP 	unnamed Polygon: autoDraw = False
1312.2761 	EXP 	trial_feedback: height = 0.09
1312.2761 	EXP 	trial_feedback: height = 0.09
1312.2761 	EXP 	trial_feedback: height = 0.09
1312.2761 	EXP 	trial_feedback: text = 'Hit!\n$0.00'
1312.2761 	EXP 	trial_feedback: autoDraw = True
1314.2627 	EXP 	trial_feedback: autoDraw = False
1314.2823 	EXP 	trial_feedback: autoDraw = False
1314.2823 	EXP 	exp_feedback: autoDraw = False
1322.6382 	EXP 	unnamed Polygon: autoDraw = True
1322.6382 	EXP 	unnamed Polygon: autoDraw = True
1322.6412 	EXP 	unnamed Polygon: autoDraw = True
1322.6439 	EXP 	unnamed Polygon: autoDraw = True
1322.6584 	EXP 	unnamed Polygon: autoDraw = True
1322.6602 	EXP 	unnamed Polygon: autoDraw = True
1322.6764 	EXP 	unnamed Polygon: autoDraw = True
1322.6804 	EXP 	unnamed Polygon: autoDraw = True
1322.6942 	EXP 	unnamed Polygon: autoDraw = True
1322.6979 	EXP 	unnamed Polygon: autoDraw = True
1322.7113 	EXP 	unnamed Polygon: autoDraw = True
1322.7151 	EXP 	unnamed Polygon: autoDraw = True
1322.7193 	EXP 	unnamed Polygon: autoDraw = True
1322.7330 	EXP 	unnamed Polygon: autoDraw = True
1322.7369 	EXP 	unnamed Polygon: autoDraw = True
1322.7507 	EXP 	unnamed Polygon: autoDraw = True
1322.7544 	EXP 	unnamed Polygon: autoDraw = True
1322.7680 	EXP 	unnamed Polygon: autoDraw = True
1322.7710 	EXP 	unnamed Polygon: autoDraw = True
1322.7854 	EXP 	unnamed Polygon: autoDraw = True
1322.7884 	EXP 	unnamed Polygon: autoDraw = True
1322.8029 	EXP 	unnamed Polygon: autoDraw = True
1322.8067 	EXP 	unnamed Polygon: autoDraw = True
1322.8111 	EXP 	unnamed Polygon: autoDraw = True
1322.8238 	EXP 	unnamed Polygon: autoDraw = True
1322.8270 	EXP 	unnamed Polygon: autoDraw = True
1322.8413 	EXP 	unnamed Polygon: autoDraw = True
1322.8442 	EXP 	unnamed Polygon: autoDraw = True
1322.8587 	EXP 	unnamed Polygon: autoDraw = True
1322.8625 	EXP 	unnamed Polygon: autoDraw = True
1322.8662 	DATA 	Keypress: 1
1322.8705 	EXP 	unnamed Polygon: autoDraw = True
1322.8793 	EXP 	unnamed Polygon: autoDraw = True
1322.8877 	EXP 	unnamed Polygon: autoDraw = True
1322.8967 	EXP 	unnamed Polygon: autoDraw = True
1322.9057 	EXP 	unnamed Polygon: autoDraw = True
1322.9146 	EXP 	unnamed Polygon: autoDraw = True
1322.9199 	EXP 	unnamed Polygon: autoDraw = True
1322.9321 	EXP 	unnamed Polygon: autoDraw = True
1322.9403 	EXP 	unnamed Polygon: autoDraw = False
1324.3781 	EXP 	trial_feedback: text = 'Hit!\n$0.00'
1324.3781 	EXP 	trial_feedback: autoDraw = True
1326.3770 	EXP 	trial_feedback: autoDraw = False
1326.3808 	EXP 	trial_feedback: autoDraw = False
1326.3808 	EXP 	exp_feedback: autoDraw = False
1334.4906 	EXP 	unnamed Polygon: autoDraw = True
1334.4906 	EXP 	unnamed Polygon: autoDraw = True
1334.4929 	EXP 	unnamed Polygon: autoDraw = True
1334.4950 	EXP 	unnamed Polygon: autoDraw = True
1334.5112 	EXP 	unnamed Polygon: autoDraw = True
1334.5150 	EXP 	unnamed Polygon: autoDraw = True
1334.5190 	EXP 	unnamed Polygon: autoDraw = True
1334.5321 	EXP 	unnamed Polygon: autoDraw = True
1334.5358 	EXP 	unnamed Polygon: autoDraw = True
1334.5496 	EXP 	unnamed Polygon: autoDraw = True
1334.5527 	EXP 	unnamed Polygon: autoDraw = True
1334.5669 	EXP 	unnamed Polygon: autoDraw = True
1334.5707 	EXP 	unnamed Polygon: autoDraw = True
1334.5843 	EXP 	unnamed Polygon: autoDraw = True
1334.5876 	EXP 	unnamed Polygon: autoDraw = True
1334.6021 	EXP 	unnamed Polygon: autoDraw = True
1334.6049 	EXP 	unnamed Polygon: autoDraw = True
1334.6195 	EXP 	unnamed Polygon: autoDraw = True
1334.6236 	EXP 	unnamed Polygon: autoDraw = True
1334.6280 	EXP 	unnamed Polygon: autoDraw = True
1334.6414 	EXP 	unnamed Polygon: autoDraw = True
1334.6447 	EXP 	unnamed Polygon: autoDraw = True
1334.6590 	EXP 	unnamed Polygon: autoDraw = True
1334.6619 	EXP 	unnamed Polygon: autoDraw = True
1334.6768 	EXP 	unnamed Polygon: autoDraw = True
1334.6808 	EXP 	unnamed Polygon: autoDraw = True
1334.6942 	EXP 	unnamed Polygon: autoDraw = True
1334.6981 	EXP 	unnamed Polygon: autoDraw = True
1334.7118 	EXP 	unnamed Polygon: autoDraw = True
1334.7162 	EXP 	unnamed Polygon: autoDraw = True
1334.7193 	EXP 	unnamed Polygon: autoDraw = True
1334.7341 	EXP 	unnamed Polygon: autoDraw = True
1334.7421 	DATA 	Keypress: 1
1334.7473 	EXP 	unnamed Polygon: autoDraw = False
1336.3921 	EXP 	trial_feedback: height = 0.09
1336.3921 	EXP 	trial_feedback: height = 0.09
1336.3921 	EXP 	trial_feedback: height = 0.09
1336.3921 	EXP 	trial_feedback: text = 'Miss!\n$0.00'
1336.3921 	EXP 	trial_feedback: autoDraw = True
1338.3813 	EXP 	trial_feedback: autoDraw = False
1338.4007 	EXP 	trial_feedback: autoDraw = False
1338.4007 	EXP 	exp_feedback: autoDraw = False
1348.5898 	EXP 	unnamed Polygon: autoDraw = True
1348.5898 	EXP 	unnamed Polygon: autoDraw = True
1348.5924 	EXP 	unnamed Polygon: autoDraw = True
1348.5946 	EXP 	unnamed Polygon: autoDraw = True
1348.6106 	EXP 	unnamed Polygon: autoDraw = True
1348.6143 	EXP 	unnamed Polygon: autoDraw = True
1348.6286 	EXP 	unnamed Polygon: autoDraw = True
1348.6433 	EXP 	unnamed Polygon: autoDraw = True
1348.6470 	EXP 	unnamed Polygon: autoDraw = True
1348.6609 	EXP 	unnamed Polygon: autoDraw = True
1348.6638 	EXP 	unnamed Polygon: autoDraw = True
1348.6782 	EXP 	unnamed Polygon: autoDraw = True
1348.6814 	EXP 	unnamed Polygon: autoDraw = True
1348.6957 	EXP 	unnamed Polygon: autoDraw = True
1348.6996 	EXP 	unnamed Polygon: autoDraw = True
1348.7024 	EXP 	unnamed Polygon: autoDraw = True
1348.7167 	EXP 	unnamed Polygon: autoDraw = True
1348.7207 	EXP 	unnamed Polygon: autoDraw = True
1348.7345 	EXP 	unnamed Polygon: autoDraw = True
1348.7384 	EXP 	unnamed Polygon: autoDraw = True
1348.7519 	EXP 	unnamed Polygon: autoDraw = True
1348.7558 	EXP 	unnamed Polygon: autoDraw = True
1348.7695 	EXP 	unnamed Polygon: autoDraw = True
1348.7734 	EXP 	unnamed Polygon: autoDraw = True
1348.7782 	EXP 	unnamed Polygon: autoDraw = True
1348.7913 	EXP 	unnamed Polygon: autoDraw = True
1348.7941 	EXP 	unnamed Polygon: autoDraw = True
1348.8088 	EXP 	unnamed Polygon: autoDraw = True
1348.8127 	DATA 	Keypress: 1
1348.8175 	EXP 	unnamed Polygon: autoDraw = True
1348.8211 	EXP 	unnamed Polygon: autoDraw = True
1348.8331 	EXP 	unnamed Polygon: autoDraw = True
1348.8359 	EXP 	unnamed Polygon: autoDraw = True
1348.8504 	EXP 	unnamed Polygon: autoDraw = True
1348.8543 	EXP 	unnamed Polygon: autoDraw = True
1348.8637 	EXP 	unnamed Polygon: autoDraw = False
1350.4855 	EXP 	trial_feedback: height = 0.09
1350.4855 	EXP 	trial_feedback: height = 0.09
1350.4855 	EXP 	trial_feedback: height = 0.09
1350.4855 	EXP 	trial_feedback: text = 'Hit!\n$0.00'
1350.4855 	EXP 	trial_feedback: autoDraw = True
1352.4816 	EXP 	trial_feedback: autoDraw = False
1352.4816 	EXP 	exp_feedback: autoDraw = False
1360.6505 	DATA 	Keypress: 1
1360.8340 	EXP 	unnamed Polygon: autoDraw = True
1360.8340 	EXP 	unnamed Polygon: autoDraw = True
1360.8359 	EXP 	unnamed Polygon: autoDraw = True
1360.8517 	EXP 	unnamed Polygon: autoDraw = True
1360.8535 	EXP 	unnamed Polygon: autoDraw = True
1360.8698 	EXP 	unnamed Polygon: autoDraw = True
1360.8735 	EXP 	unnamed Polygon: autoDraw = True
1360.8872 	EXP 	unnamed Polygon: autoDraw = True
1360.8915 	EXP 	unnamed Polygon: autoDraw = True
1360.8944 	EXP 	unnamed Polygon: autoDraw = True
1360.9094 	EXP 	unnamed Polygon: autoDraw = True
1360.9124 	EXP 	unnamed Polygon: autoDraw = True
1360.9269 	EXP 	unnamed Polygon: autoDraw = True
1360.9307 	EXP 	unnamed Polygon: autoDraw = True
1360.9444 	EXP 	unnamed Polygon: autoDraw = True
1360.9482 	EXP 	unnamed Polygon: autoDraw = True
1360.9619 	EXP 	unnamed Polygon: autoDraw = True
1360.9662 	EXP 	unnamed Polygon: autoDraw = True
1360.9691 	EXP 	unnamed Polygon: autoDraw = True
1360.9835 	EXP 	unnamed Polygon: autoDraw = True
1360.9877 	EXP 	unnamed Polygon: autoDraw = True
1361.0013 	EXP 	unnamed Polygon: autoDraw = True
1361.0090 	EXP 	unnamed Polygon: autoDraw = False
1361.0725 	DATA 	Keypress: 1
1362.4852 	EXP 	trial_feedback: height = 0.09
1362.4852 	EXP 	trial_feedback: height = 0.09
1362.4852 	EXP 	trial_feedback: height = 0.09
1362.4852 	EXP 	trial_feedback: text = 'Miss!\n-$0.00'
1362.4852 	EXP 	trial_feedback: autoDraw = True
1364.4698 	EXP 	trial_feedback: autoDraw = False
1364.4872 	EXP 	trial_feedback: autoDraw = False
1364.4872 	EXP 	exp_feedback: autoDraw = False
1370.6993 	EXP 	unnamed Polygon: autoDraw = True
1370.6993 	EXP 	unnamed Polygon: autoDraw = True
1370.7013 	EXP 	unnamed Polygon: autoDraw = True
1370.7031 	EXP 	unnamed Polygon: autoDraw = True
1370.7200 	EXP 	unnamed Polygon: autoDraw = True
1370.7232 	EXP 	unnamed Polygon: autoDraw = True
1370.7375 	EXP 	unnamed Polygon: autoDraw = True
1370.7413 	EXP 	unnamed Polygon: autoDraw = True
1370.7447 	EXP 	unnamed Polygon: autoDraw = True
1370.7588 	EXP 	unnamed Polygon: autoDraw = True
1370.7622 	EXP 	unnamed Polygon: autoDraw = True
1370.7762 	EXP 	unnamed Polygon: autoDraw = True
1370.7799 	EXP 	unnamed Polygon: autoDraw = True
1370.7939 	EXP 	unnamed Polygon: autoDraw = True
1370.7976 	EXP 	unnamed Polygon: autoDraw = True
1370.8112 	EXP 	unnamed Polygon: autoDraw = True
1370.8153 	EXP 	unnamed Polygon: autoDraw = True
1370.8192 	EXP 	unnamed Polygon: autoDraw = True
1370.8330 	EXP 	unnamed Polygon: autoDraw = True
1370.8359 	EXP 	unnamed Polygon: autoDraw = True
1370.8503 	EXP 	unnamed Polygon: autoDraw = True
1370.8538 	EXP 	unnamed Polygon: autoDraw = True
1370.8680 	EXP 	unnamed Polygon: autoDraw = True
1370.8721 	EXP 	unnamed Polygon: autoDraw = True
1370.8856 	EXP 	unnamed Polygon: autoDraw = True
1370.8901 	EXP 	unnamed Polygon: autoDraw = True
1370.8945 	EXP 	unnamed Polygon: autoDraw = True
1370.9079 	EXP 	unnamed Polygon: autoDraw = True
1370.9155 	DATA 	Keypress: 1
1370.9203 	EXP 	unnamed Polygon: autoDraw = False
1372.5018 	EXP 	trial_feedback: height = 0.09
1372.5018 	EXP 	trial_feedback: height = 0.09
1372.5018 	EXP 	trial_feedback: height = 0.09
1372.5018 	EXP 	trial_feedback: text = 'Miss!\n$0.00'
1372.5018 	EXP 	trial_feedback: autoDraw = True
1374.4938 	EXP 	trial_feedback: autoDraw = False
1374.5085 	EXP 	trial_feedback: autoDraw = False
1374.5085 	EXP 	exp_feedback: autoDraw = False
1384.9342 	EXP 	unnamed Polygon: autoDraw = True
1384.9342 	EXP 	unnamed Polygon: autoDraw = True
1384.9366 	EXP 	unnamed Polygon: autoDraw = True
1384.9386 	EXP 	unnamed Polygon: autoDraw = True
1384.9549 	EXP 	unnamed Polygon: autoDraw = True
1384.9583 	EXP 	unnamed Polygon: autoDraw = True
1384.9616 	EXP 	unnamed Polygon: autoDraw = True
1384.9767 	EXP 	unnamed Polygon: autoDraw = True
1384.9818 	EXP 	unnamed Polygon: autoDraw = True
1384.9879 	EXP 	unnamed Polygon: autoDraw = True
1384.9978 	EXP 	unnamed Polygon: autoDraw = True
1385.0056 	EXP 	unnamed Polygon: autoDraw = True
1385.0150 	EXP 	unnamed Polygon: autoDraw = True
1385.0194 	EXP 	unnamed Polygon: autoDraw = True
1385.0325 	EXP 	unnamed Polygon: autoDraw = True
1385.0354 	EXP 	unnamed Polygon: autoDraw = True
1385.0499 	EXP 	unnamed Polygon: autoDraw = True
1385.0532 	EXP 	unnamed Polygon: autoDraw = True
1385.0675 	EXP 	unnamed Polygon: autoDraw = True
1385.0708 	EXP 	unnamed Polygon: autoDraw = True
1385.0849 	EXP 	unnamed Polygon: autoDraw = True
1385.0881 	EXP 	unnamed Polygon: autoDraw = True
1385.1026 	EXP 	unnamed Polygon: autoDraw = True
1385.1066 	EXP 	unnamed Polygon: autoDraw = True
1385.1116 	EXP 	unnamed Polygon: autoDraw = True
1385.1242 	EXP 	unnamed Polygon: autoDraw = True
1385.1320 	EXP 	unnamed Polygon: autoDraw = False
1385.1567 	DATA 	Keypress: 1
1386.5184 	EXP 	trial_feedback: height = 0.09
1386.5184 	EXP 	trial_feedback: height = 0.09
1386.5184 	EXP 	trial_feedback: height = 0.09
1386.5184 	EXP 	trial_feedback: text = 'Miss!\n-$0.00'
1386.5184 	EXP 	trial_feedback: autoDraw = True
1388.5057 	EXP 	trial_feedback: autoDraw = False
1388.5258 	EXP 	trial_feedback: autoDraw = False
1388.5258 	EXP 	exp_feedback: autoDraw = False
1395.0092 	EXP 	unnamed Polygon: autoDraw = True
1395.0092 	EXP 	unnamed Polygon: autoDraw = True
1395.0112 	EXP 	unnamed Polygon: autoDraw = True
1395.0267 	EXP 	unnamed Polygon: autoDraw = True
1395.0285 	EXP 	unnamed Polygon: autoDraw = True
1395.0445 	EXP 	unnamed Polygon: autoDraw = True
1395.0486 	EXP 	unnamed Polygon: autoDraw = True
1395.0528 	EXP 	unnamed Polygon: autoDraw = True
1395.0659 	EXP 	unnamed Polygon: autoDraw = True
1395.0689 	EXP 	unnamed Polygon: autoDraw = True
1395.0842 	EXP 	unnamed Polygon: autoDraw = True
1395.0888 	EXP 	unnamed Polygon: autoDraw = True
1395.1022 	EXP 	unnamed Polygon: autoDraw = True
1395.1053 	DATA 	Keypress: 1
1395.1084 	EXP 	unnamed Polygon: autoDraw = True
1395.1107 	EXP 	unnamed Polygon: autoDraw = True
1395.1257 	EXP 	unnamed Polygon: autoDraw = True
1395.1275 	EXP 	unnamed Polygon: autoDraw = True
1395.1440 	EXP 	unnamed Polygon: autoDraw = True
1395.1482 	EXP 	unnamed Polygon: autoDraw = True
1395.1619 	EXP 	unnamed Polygon: autoDraw = True
1395.1677 	EXP 	unnamed Polygon: autoDraw = True
1395.1697 	EXP 	unnamed Polygon: autoDraw = True
1395.1857 	EXP 	unnamed Polygon: autoDraw = True
1395.1877 	EXP 	unnamed Polygon: autoDraw = True
1395.2036 	EXP 	unnamed Polygon: autoDraw = True
1395.2074 	EXP 	unnamed Polygon: autoDraw = True
1395.2104 	EXP 	unnamed Polygon: autoDraw = True
1395.2249 	EXP 	unnamed Polygon: autoDraw = True
1395.2277 	EXP 	unnamed Polygon: autoDraw = True
1395.2425 	EXP 	unnamed Polygon: autoDraw = True
1395.2499 	EXP 	unnamed Polygon: autoDraw = False
1396.7016 	EXP 	trial_feedback: height = 0.09
1396.7016 	EXP 	trial_feedback: height = 0.09
1396.7016 	EXP 	trial_feedback: height = 0.09
1396.7016 	EXP 	trial_feedback: text = 'Hit!\n+$1.50'
1396.7016 	EXP 	trial_feedback: autoDraw = True
1398.6896 	EXP 	trial_feedback: autoDraw = False
1398.7082 	EXP 	trial_feedback: autoDraw = False
1398.7082 	EXP 	exp_feedback: autoDraw = False
1408.9563 	EXP 	unnamed Polygon: autoDraw = True
1408.9563 	EXP 	unnamed Polygon: autoDraw = True
1408.9591 	EXP 	unnamed Polygon: autoDraw = True
1408.9613 	EXP 	unnamed Polygon: autoDraw = True
1408.9775 	EXP 	unnamed Polygon: autoDraw = True
1408.9813 	EXP 	unnamed Polygon: autoDraw = True
1408.9949 	EXP 	unnamed Polygon: autoDraw = True
1408.9984 	EXP 	unnamed Polygon: autoDraw = True
1409.0030 	EXP 	unnamed Polygon: autoDraw = True
1409.0163 	EXP 	unnamed Polygon: autoDraw = True
1409.0199 	EXP 	unnamed Polygon: autoDraw = True
1409.0336 	EXP 	unnamed Polygon: autoDraw = True
1409.0365 	EXP 	unnamed Polygon: autoDraw = True
1409.0512 	EXP 	unnamed Polygon: autoDraw = True
1409.0549 	EXP 	unnamed Polygon: autoDraw = True
1409.0687 	EXP 	unnamed Polygon: autoDraw = True
1409.0724 	EXP 	unnamed Polygon: autoDraw = True
1409.0863 	EXP 	unnamed Polygon: autoDraw = True
1409.0902 	EXP 	unnamed Polygon: autoDraw = True
1409.0949 	EXP 	unnamed Polygon: autoDraw = True
1409.1080 	EXP 	unnamed Polygon: autoDraw = True
1409.1114 	EXP 	unnamed Polygon: autoDraw = True
1409.1254 	EXP 	unnamed Polygon: autoDraw = True
1409.1292 	EXP 	unnamed Polygon: autoDraw = True
1409.1430 	EXP 	unnamed Polygon: autoDraw = True
1409.1510 	EXP 	unnamed Polygon: autoDraw = False
1409.1891 	DATA 	Keypress: 1
1410.7202 	EXP 	trial_feedback: height = 0.09
1410.7202 	EXP 	trial_feedback: height = 0.09
1410.7202 	EXP 	trial_feedback: height = 0.09
1410.7202 	EXP 	trial_feedback: text = 'Miss!\n$0.00'
1410.7202 	EXP 	trial_feedback: autoDraw = True
1412.7046 	EXP 	trial_feedback: autoDraw = False
1412.7250 	EXP 	trial_feedback: autoDraw = False
1412.7250 	EXP 	exp_feedback: autoDraw = False
1422.8076 	EXP 	unnamed Polygon: autoDraw = True
1422.8076 	EXP 	unnamed Polygon: autoDraw = True
1422.8106 	EXP 	unnamed Polygon: autoDraw = True
1422.8252 	EXP 	unnamed Polygon: autoDraw = True
1422.8277 	EXP 	unnamed Polygon: autoDraw = True
1422.8441 	EXP 	unnamed Polygon: autoDraw = True
1422.8459 	EXP 	unnamed Polygon: autoDraw = True
1422.8623 	EXP 	unnamed Polygon: autoDraw = True
1422.8654 	EXP 	unnamed Polygon: autoDraw = True
1422.8800 	EXP 	unnamed Polygon: autoDraw = True
1422.8843 	EXP 	unnamed Polygon: autoDraw = True
1422.8863 	EXP 	unnamed Polygon: autoDraw = True
1422.9023 	EXP 	unnamed Polygon: autoDraw = True
1422.9062 	EXP 	unnamed Polygon: autoDraw = True
1422.9202 	EXP 	unnamed Polygon: autoDraw = True
1422.9239 	EXP 	unnamed Polygon: autoDraw = True
1422.9276 	EXP 	unnamed Polygon: autoDraw = True
1422.9414 	EXP 	unnamed Polygon: autoDraw = True
1422.9443 	EXP 	unnamed Polygon: autoDraw = True
1422.9588 	EXP 	unnamed Polygon: autoDraw = True
1422.9631 	EXP 	unnamed Polygon: autoDraw = True
1422.9765 	EXP 	unnamed Polygon: autoDraw = True
1422.9804 	EXP 	unnamed Polygon: autoDraw = True
1422.9940 	EXP 	unnamed Polygon: autoDraw = True
1422.9981 	EXP 	unnamed Polygon: autoDraw = True
1423.0116 	EXP 	unnamed Polygon: autoDraw = True
1423.0158 	EXP 	unnamed Polygon: autoDraw = True
1423.0194 	EXP 	unnamed Polygon: autoDraw = True
1423.0338 	EXP 	unnamed Polygon: autoDraw = True
1423.0369 	DATA 	Keypress: 1
1423.0417 	EXP 	unnamed Polygon: autoDraw = True
1423.0445 	EXP 	unnamed Polygon: autoDraw = True
1423.0595 	EXP 	unnamed Polygon: autoDraw = True
1423.0632 	EXP 	unnamed Polygon: autoDraw = True
1423.0770 	EXP 	unnamed Polygon: autoDraw = True
1423.0862 	EXP 	unnamed Polygon: autoDraw = False
1424.8114 	EXP 	trial_feedback: height = 0.09
1424.8114 	EXP 	trial_feedback: height = 0.09
1424.8114 	EXP 	trial_feedback: height = 0.09
1424.8114 	EXP 	trial_feedback: text = 'Hit!\n$0.00'
1424.8114 	EXP 	trial_feedback: autoDraw = True
1426.6897 	DATA 	Keypress: 1
1426.8057 	EXP 	trial_feedback: autoDraw = False
1426.8201 	EXP 	trial_feedback: autoDraw = False
1426.8201 	EXP 	exp_feedback: autoDraw = False
1440.1955 	DATA 	Keypress: return
1440.1956 	WARNING 	Total earnings: 25.5
