24.8991 	WARNING 	Monitor specification not found. Creating a temporary one...
24.9184 	WARNING 	Requested an unavailable screen number - using first available.
24.9197 	WARNING 	User requested fullscreen with size [800 600], but screen is actually [1440, 900]. Using actual size
25.8457 	EXP 	Created window1 = Window(allowGUI=True, allowStencil=False, autoLog=True, backendConf=UNKNOWN, backgroundFit=<method-wrapper '__getattribute__' of attributeSetter object at 0x7f8c6cee44f0>, backgroundImage=<method-wrapper '__getattribute__' of attributeSetter object at 0x7f8c6cee4490>, bitsMode=UNKNOWN, blendMode='avg', bpc=(8, 8, 8), color=array([-1, -1, -1]), colorSpace='rgb', depthBits=8, fullscr=<method-wrapper '__getattribute__' of attributeSetter object at 0x7f8c6cee4310>, gamma=None, gammaErrorPolicy='raise', lms=UNKNOWN, monitor=<psychopy.monitors.calibTools.Monitor object at 0x7f8c6cf38d00>, multiSample=False, name='window1', numSamples=2, pos=[0.0, 0.0], screen=1, size=array([1440,  900]), stencilBits=0, stereo=False, title='PsychoPy', units='height', useFBO=False, useRetina=False, viewOri=0.0, viewPos=None, viewScale=None, waitBlanking=True, winType='pyglet')
25.8458 	EXP 	window1: mouseVisible = True
25.8459 	EXP 	window1: backgroundImage = None
25.8459 	EXP 	window1: backgroundFit = 'cover'
25.8499 	EXP 	window1: Attempting to measure frame rate of screen (1) ...
25.8499 	EXP 	window1: recordFrameIntervals = False
26.0117 	EXP 	window1: recordFrameIntervals = True
26.1953 	EXP 	Screen (1) actual frame rate measured at 59.94Hz
26.1953 	EXP 	window1: recordFrameIntervals = False
26.1958 	EXP 	window1: mouseVisible = True
26.2648 	EXP 	Created unnamed TextStim = TextStim(__class__=<class 'psychopy.visual.text.TextStim'>, alignHoriz=method-wrapper(...), alignText='center', alignVert=method-wrapper(...), anchorHoriz='center', anchorVert='center', antialias=True, autoDraw=False, autoLog=True, bold=False, color=array([1., 1., 1.]), colorSpace='rgb', contrast=1.0, depth=0, draggable=False, flipHoriz=False, flipVert=False, font='', fontFiles=[], height=0.04, italic=False, languageStyle='LTR', name='unnamed TextStim', opacity=1.0, ori=0.0, pos=array([ 0.  , -0.25]), rgb=UNKNOWN, text='Press the button to continue.', units='height', win=Window(...), wrapWidth=1)
26.2651 	EXP 	window1: mouseVisible = True
26.2734 	EXP 	Created unnamed TextStim = TextStim(__class__=<class 'psychopy.visual.text.TextStim'>, alignHoriz=method-wrapper(...), alignText='center', alignVert=method-wrapper(...), anchorHoriz='center', anchorVert='center', antialias=True, autoDraw=False, autoLog=True, bold=False, color=array([1., 1., 1.]), colorSpace='rgb', contrast=1.0, depth=0, draggable=False, flipHoriz=False, flipVert=False, font='', fontFiles=[], height=0.08, italic=False, languageStyle='LTR', name='unnamed TextStim', opacity=1.0, ori=0.0, pos=array([0., 0.]), rgb=UNKNOWN, text='+', units='height', win=Window(...), wrapWidth=1)
26.2737 	EXP 	window1: mouseVisible = True
26.2879 	EXP 	Created unnamed TextStim = TextStim(__class__=<class 'psychopy.visual.text.TextStim'>, alignHoriz=method-wrapper(...), alignText='center', alignVert=method-wrapper(...), anchorHoriz='center', anchorVert='center', antialias=True, autoDraw=False, autoLog=True, bold=False, color=array([1., 1., 1.]), colorSpace='rgb', contrast=1.0, depth=0, draggable=False, flipHoriz=False, flipVert=False, font='', fontFiles=[], height=0.04, italic=False, languageStyle='LTR', name='unnamed TextStim', opacity=1.0, ori=0.0, pos=array([0., 0.]), rgb=UNKNOWN, text=str(...), units='height', win=Window(...), wrapWidth=0.8888888888888888)
26.2882 	EXP 	window1: mouseVisible = True
26.3159 	EXP 	Created unnamed TextStim = TextStim(__class__=<class 'psychopy.visual.text.TextStim'>, alignHoriz=method-wrapper(...), alignText='center', alignVert=method-wrapper(...), anchorHoriz='center', anchorVert='center', antialias=True, autoDraw=False, autoLog=True, bold=False, color=array([1., 1., 1.]), colorSpace='rgb', contrast=1.0, depth=0, draggable=False, flipHoriz=False, flipVert=False, font='Arial', fontFiles=[], height=0.04, italic=False, languageStyle='LTR', name='unnamed TextStim', opacity=1.0, ori=0.0, pos=array([0. , 0.1]), rgb=UNKNOWN, text='Hello World', units='height', win=Window(...), wrapWidth=0.8888888888888888)
26.3162 	EXP 	window1: mouseVisible = True
26.3577 	EXP 	Created unnamed TextStim = TextStim(__class__=<class 'psychopy.visual.text.TextStim'>, alignHoriz=method-wrapper(...), alignText='center', alignVert=method-wrapper(...), anchorHoriz='center', anchorVert='center', antialias=True, autoDraw=False, autoLog=True, bold=False, color=array([1., 1., 1.]), colorSpace='rgb', contrast=1.0, depth=0, draggable=False, flipHoriz=False, flipVert=False, font='', fontFiles=[], height=0.04, italic=False, languageStyle='LTR', name='unnamed TextStim', opacity=1.0, ori=0.0, pos=array([0., 0.]), rgb=UNKNOWN, text=str(...), units='height', win=Window(...), wrapWidth=0.8888888888888888)
26.3581 	EXP 	window1: mouseVisible = True
26.3695 	EXP 	Created unnamed TextStim = TextStim(__class__=<class 'psychopy.visual.text.TextStim'>, alignHoriz=method-wrapper(...), alignText='center', alignVert=method-wrapper(...), anchorHoriz='center', anchorVert='center', antialias=True, autoDraw=False, autoLog=True, bold=False, color=array([1., 1., 1.]), colorSpace='rgb', contrast=1.0, depth=0, draggable=False, flipHoriz=False, flipVert=False, font='', fontFiles=[], height=0.04, italic=False, languageStyle='LTR', name='unnamed TextStim', opacity=1.0, ori=0.0, pos=array([0., 0.]), rgb=UNKNOWN, text='The task will begin momentarily. Get ready...', units='height', win=Window(...), wrapWidth=1)
26.3697 	EXP 	window1: mouseVisible = True
26.3790 	EXP 	Created unnamed TextStim = TextStim(__class__=<class 'psychopy.visual.text.TextStim'>, alignHoriz=method-wrapper(...), alignText='center', alignVert=method-wrapper(...), anchorHoriz='center', anchorVert='center', antialias=True, autoDraw=False, autoLog=True, bold=False, color=array([1., 1., 1.]), colorSpace='rgb', contrast=1.0, depth=0, draggable=False, flipHoriz=False, flipVert=False, font='', fontFiles=[], height=0.04, italic=False, languageStyle='LTR', name='unnamed TextStim', opacity=1.0, ori=0.0, pos=array([0., 0.]), rgb=UNKNOWN, text=str(...), units='height', win=Window(...), wrapWidth=0.8888888888888888)
26.3793 	EXP 	window1: mouseVisible = True
26.5455 	EXP 	Created unnamed ImageStim = ImageStim(__class__=<class 'psychopy.visual.image.ImageStim'>, anchor=('center', 'center'), autoLog=True, color=array([1., 1., 1.]), colorSpace='rgb', contrast=1.0, depth=0, draggable=False, flipHoriz=False, flipVert=False, image='../stimuli/reward_low.png', interpolate=False, mask=None, maskParams=None, name='unnamed ImageStim', opacity=1.0, ori=0.0, pos=array([0., 0.]), size=array([0.3, 0.3]), texRes=128, units='height', win=Window(...))
26.5458 	EXP 	window1: mouseVisible = True
26.5984 	EXP 	Created unnamed ImageStim = ImageStim(__class__=<class 'psychopy.visual.image.ImageStim'>, anchor=('center', 'center'), autoLog=True, color=array([1., 1., 1.]), colorSpace='rgb', contrast=1.0, depth=0, draggable=False, flipHoriz=False, flipVert=False, image='../stimuli/reward_high.png', interpolate=False, mask=None, maskParams=None, name='unnamed ImageStim', opacity=1.0, ori=0.0, pos=array([0., 0.]), size=array([0.3, 0.3]), texRes=128, units='height', win=Window(...))
26.5986 	EXP 	window1: mouseVisible = True
26.6571 	EXP 	Created unnamed ImageStim = ImageStim(__class__=<class 'psychopy.visual.image.ImageStim'>, anchor=('center', 'center'), autoLog=True, color=array([1., 1., 1.]), colorSpace='rgb', contrast=1.0, depth=0, draggable=False, flipHoriz=False, flipVert=False, image='../stimuli/reward_neut.png', interpolate=False, mask=None, maskParams=None, name='unnamed ImageStim', opacity=1.0, ori=0.0, pos=array([0., 0.]), size=array([0.3, 0.3]), texRes=128, units='height', win=Window(...))
26.6574 	EXP 	window1: mouseVisible = True
26.7318 	EXP 	Created unnamed ImageStim = ImageStim(__class__=<class 'psychopy.visual.image.ImageStim'>, anchor=('center', 'center'), autoLog=True, color=array([1., 1., 1.]), colorSpace='rgb', contrast=1.0, depth=0, draggable=False, flipHoriz=False, flipVert=False, image='../stimuli/loss_low.png', interpolate=False, mask=None, maskParams=None, name='unnamed ImageStim', opacity=1.0, ori=0.0, pos=array([0., 0.]), size=array([0.3, 0.3]), texRes=128, units='height', win=Window(...))
26.7322 	EXP 	window1: mouseVisible = True
26.7970 	EXP 	Created unnamed ImageStim = ImageStim(__class__=<class 'psychopy.visual.image.ImageStim'>, anchor=('center', 'center'), autoLog=True, color=array([1., 1., 1.]), colorSpace='rgb', contrast=1.0, depth=0, draggable=False, flipHoriz=False, flipVert=False, image='../stimuli/loss_high.png', interpolate=False, mask=None, maskParams=None, name='unnamed ImageStim', opacity=1.0, ori=0.0, pos=array([0., 0.]), size=array([0.3, 0.3]), texRes=128, units='height', win=Window(...))
26.7973 	EXP 	window1: mouseVisible = True
26.8583 	EXP 	Created unnamed ImageStim = ImageStim(__class__=<class 'psychopy.visual.image.ImageStim'>, anchor=('center', 'center'), autoLog=True, color=array([1., 1., 1.]), colorSpace='rgb', contrast=1.0, depth=0, draggable=False, flipHoriz=False, flipVert=False, image='../stimuli/loss_neut.png', interpolate=False, mask=None, maskParams=None, name='unnamed ImageStim', opacity=1.0, ori=0.0, pos=array([0., 0.]), size=array([0.3, 0.3]), texRes=128, units='height', win=Window(...))
26.8629 	EXP 	window1: mouseVisible = True
26.8679 	EXP 	Created unnamed Polygon = Polygon(__class__=<class 'psychopy.visual.polygon.Polygon'>, anchor=('center', 'center'), autoDraw=False, autoLog=True, closeShape=True, color=method-wrapper(...), colorSpace='rgb', contrast=None, depth=0, draggable=False, fillColor=array([1, 1, 1]), fillColorSpace='rgb', fillRGB=array([1, 1, 1]), interpolate=True, lineColor=array([1., 1., 1.]), lineColorSpace='rgb', lineRGB=array([1, 1, 1]), lineWidth=1.5, name='unnamed Polygon', opacity=1.0, ori=0.0, pos=array([0., 0.]), size=array([1., 1.]), units='height', vertices=ndarray(...), win=Window(...))
26.8683 	EXP 	window1: mouseVisible = True
26.8835 	EXP 	Created trial_feedback = TextStim(__class__=<class 'psychopy.visual.text.TextStim'>, alignHoriz=method-wrapper(...), alignText='center', alignVert=method-wrapper(...), anchorHoriz='center', anchorVert='center', antialias=True, autoDraw=False, autoLog=True, bold=False, color=array([1., 1., 1.]), colorSpace='rgb', contrast=1.0, depth=0, draggable=False, flipHoriz=False, flipVert=False, font='Arial', fontFiles=[], height=0.09, italic=False, languageStyle='LTR', name='trial_feedback', opacity=1.0, ori=0, pos=array([0., 0.]), rgb=UNKNOWN, text='Trial:', units='height', win=Window(...), wrapWidth=1)
26.8839 	EXP 	window1: mouseVisible = True
26.8969 	EXP 	Created exp_feedback = TextStim(__class__=<class 'psychopy.visual.text.TextStim'>, alignHoriz=method-wrapper(...), alignText='center', alignVert=method-wrapper(...), anchorHoriz='center', anchorVert='center', antialias=True, autoDraw=False, autoLog=True, bold=False, color=array([1., 1., 1.]), colorSpace='rgb', contrast=1.0, depth=0, draggable=False, flipHoriz=False, flipVert=False, font='Arial', fontFiles=[], height=0.09, italic=False, languageStyle='LTR', name='exp_feedback', opacity=1.0, ori=0, pos=array([ 0.    , -0.0625]), rgb=UNKNOWN, text='Total:', units='height', win=Window(...), wrapWidth=1)
26.8972 	EXP 	window1: mouseVisible = True
26.9126 	EXP 	Created unnamed TextStim = TextStim(__class__=<class 'psychopy.visual.text.TextStim'>, alignHoriz=method-wrapper(...), alignText='center', alignVert=method-wrapper(...), anchorHoriz='center', anchorVert='center', antialias=True, autoDraw=False, autoLog=True, bold=False, color=array([1., 1., 1.]), colorSpace='rgb', contrast=1.0, depth=0, draggable=False, flipHoriz=False, flipVert=False, font='', fontFiles=[], height=0.04, italic=False, languageStyle='LTR', name='unnamed TextStim', opacity=1.0, ori=0.0, pos=array([0., 0.]), rgb=UNKNOWN, text=str(...), units='height', win=Window(...), wrapWidth=1)
26.9129 	EXP 	window1: mouseVisible = True
26.9213 	EXP 	Created unnamed TextStim = TextStim(__class__=<class 'psychopy.visual.text.TextStim'>, alignHoriz=method-wrapper(...), alignText='center', alignVert=method-wrapper(...), anchorHoriz='center', anchorVert='center', antialias=True, autoDraw=False, autoLog=True, bold=False, color=array([1., 1., 1.]), colorSpace='rgb', contrast=1.0, depth=0, draggable=False, flipHoriz=False, flipVert=False, font='', fontFiles=[], height=0.04, italic=False, languageStyle='LTR', name='unnamed TextStim', opacity=1.0, ori=0.0, pos=array([0., 0.]), rgb=UNKNOWN, text='Get ready', units='height', win=Window(...), wrapWidth=1)
26.9215 	EXP 	window1: mouseVisible = True
26.9310 	EXP 	Created unnamed TextStim = TextStim(__class__=<class 'psychopy.visual.text.TextStim'>, alignHoriz=method-wrapper(...), alignText='center', alignVert=method-wrapper(...), anchorHoriz='center', anchorVert='center', antialias=True, autoDraw=False, autoLog=True, bold=False, color=array([1., 1., 1.]), colorSpace='rgb', contrast=1.0, depth=0, draggable=False, flipHoriz=False, flipVert=False, font='', fontFiles=[], height=0.04, italic=False, languageStyle='LTR', name='unnamed TextStim', opacity=1.0, ori=0.0, pos=array([0., 0.]), rgb=UNKNOWN, text='Please wait\n\n', units='height', win=Window(...), wrapWidth=1)
27.1609 	EXP 	window1: mouseVisible = False
37.1814 	EXP 	unnamed TextStim: height = 0.04
37.1814 	EXP 	unnamed TextStim: height = 0.04
37.1814 	EXP 	unnamed TextStim: height = 0.04
37.1814 	EXP 	unnamed TextStim: text = 'Welcome!'
43.3961 	DATA 	Keypress: 1
43.4470 	EXP 	unnamed TextStim: height = 0.04
43.4470 	EXP 	unnamed TextStim: height = 0.04
43.4470 	EXP 	unnamed TextStim: height = 0.04
43.4470 	EXP 	unnamed TextStim: text = 'First you will see a cross in the middle of the screen, like this:\n\n+\n\nThis means you should focus on the screen and get ready to play. '
44.1642 	DATA 	Keypress: 1
44.1900 	EXP 	window1: mouseVisible = True
44.1929 	EXP 	Created unnamed Polygon = Polygon(__class__=<class 'psychopy.visual.polygon.Polygon'>, anchor=('center', 'center'), autoDraw=False, autoLog=True, closeShape=True, color=method-wrapper(...), colorSpace='rgb', contrast=None, depth=0, draggable=False, fillColor=array([1, 1, 1]), fillColorSpace='rgb', fillRGB=array([1, 1, 1]), interpolate=True, lineColor=array([1., 1., 1.]), lineColorSpace='rgb', lineRGB=array([1, 1, 1]), lineWidth=1.5, name='unnamed Polygon', opacity=1.0, ori=0.0, pos=array([0. , 0.1]), size=array([1., 1.]), units='height', vertices=ndarray(...), win=Window(...))
44.1992 	EXP 	unnamed TextStim: height = 0.04
44.1992 	EXP 	unnamed TextStim: height = 0.04
44.1992 	EXP 	unnamed TextStim: height = 0.04
44.1992 	EXP 	unnamed TextStim: text = 'Next, a small solid WHITE TRIANGLE will appear on the screen:\n\n \n\n \n\n \n\nPress the button as fast as you can when you see the solid white triangle. '
44.7663 	DATA 	Keypress: 1
44.7804 	EXP 	unnamed TextStim: height = 0.04
44.7804 	EXP 	unnamed TextStim: height = 0.04
44.7804 	EXP 	unnamed TextStim: height = 0.04
44.7804 	EXP 	unnamed TextStim: text = 'Any Questions?\n\nPlease ask them now.'
45.2634 	DATA 	Keypress: 1
46.7789 	DATA 	Keypress: return
48.4340 	DATA 	Keypress: equal
53.4640 	EXP 	unnamed Polygon: autoDraw = True
53.4640 	EXP 	unnamed Polygon: autoDraw = True
53.4807 	EXP 	unnamed Polygon: autoDraw = True
53.4970 	EXP 	unnamed Polygon: autoDraw = True
53.5138 	EXP 	unnamed Polygon: autoDraw = True
53.5314 	EXP 	unnamed Polygon: autoDraw = True
53.5485 	EXP 	unnamed Polygon: autoDraw = True
53.5634 	EXP 	unnamed Polygon: autoDraw = True
53.5802 	EXP 	unnamed Polygon: autoDraw = True
53.5968 	EXP 	unnamed Polygon: autoDraw = True
53.6137 	EXP 	unnamed Polygon: autoDraw = True
53.6305 	EXP 	unnamed Polygon: autoDraw = True
53.6475 	EXP 	unnamed Polygon: autoDraw = True
53.6649 	EXP 	unnamed Polygon: autoDraw = True
53.6814 	EXP 	unnamed Polygon: autoDraw = True
53.6974 	EXP 	unnamed Polygon: autoDraw = True
53.7139 	EXP 	unnamed Polygon: autoDraw = True
53.7301 	EXP 	unnamed Polygon: autoDraw = True
53.7471 	EXP 	unnamed Polygon: autoDraw = True
53.7636 	EXP 	unnamed Polygon: autoDraw = True
53.7803 	EXP 	unnamed Polygon: autoDraw = True
53.7982 	EXP 	unnamed Polygon: autoDraw = True
53.8146 	EXP 	unnamed Polygon: autoDraw = True
53.8301 	EXP 	unnamed Polygon: autoDraw = True
53.8469 	EXP 	unnamed Polygon: autoDraw = True
53.8635 	EXP 	unnamed Polygon: autoDraw = True
53.8804 	EXP 	unnamed Polygon: autoDraw = True
53.8970 	EXP 	unnamed Polygon: autoDraw = True
53.9135 	EXP 	unnamed Polygon: autoDraw = True
53.9304 	EXP 	unnamed Polygon: autoDraw = True
53.9471 	EXP 	unnamed Polygon: autoDraw = True
53.9634 	EXP 	unnamed Polygon: autoDraw = True
53.9804 	EXP 	unnamed Polygon: autoDraw = False
59.4652 	EXP 	unnamed Polygon: autoDraw = True
59.4652 	EXP 	unnamed Polygon: autoDraw = True
59.4805 	EXP 	unnamed Polygon: autoDraw = True
59.4974 	EXP 	unnamed Polygon: autoDraw = True
59.5138 	EXP 	unnamed Polygon: autoDraw = True
59.5311 	EXP 	unnamed Polygon: autoDraw = True
59.5471 	EXP 	unnamed Polygon: autoDraw = True
59.5641 	EXP 	unnamed Polygon: autoDraw = True
59.5812 	EXP 	unnamed Polygon: autoDraw = True
59.5986 	EXP 	unnamed Polygon: autoDraw = True
59.6155 	EXP 	unnamed Polygon: autoDraw = True
59.6307 	EXP 	unnamed Polygon: autoDraw = True
59.6472 	EXP 	unnamed Polygon: autoDraw = True
59.6638 	EXP 	unnamed Polygon: autoDraw = True
59.6807 	EXP 	unnamed Polygon: autoDraw = True
59.6977 	EXP 	unnamed Polygon: autoDraw = True
59.7142 	EXP 	unnamed Polygon: autoDraw = True
59.7320 	EXP 	unnamed Polygon: autoDraw = True
59.7487 	EXP 	unnamed Polygon: autoDraw = True
59.7639 	EXP 	unnamed Polygon: autoDraw = True
59.7807 	EXP 	unnamed Polygon: autoDraw = True
59.7972 	EXP 	unnamed Polygon: autoDraw = True
59.8142 	EXP 	unnamed Polygon: autoDraw = True
59.8306 	EXP 	unnamed Polygon: autoDraw = True
59.8475 	EXP 	unnamed Polygon: autoDraw = True
59.8643 	EXP 	unnamed Polygon: autoDraw = True
59.8808 	EXP 	unnamed Polygon: autoDraw = True
59.8974 	EXP 	unnamed Polygon: autoDraw = True
59.9142 	EXP 	unnamed Polygon: autoDraw = True
59.9317 	EXP 	unnamed Polygon: autoDraw = True
59.9484 	EXP 	unnamed Polygon: autoDraw = True
59.9650 	EXP 	unnamed Polygon: autoDraw = True
59.9816 	EXP 	unnamed Polygon: autoDraw = False
67.4823 	EXP 	unnamed Polygon: autoDraw = True
67.4823 	EXP 	unnamed Polygon: autoDraw = True
67.4990 	EXP 	unnamed Polygon: autoDraw = True
67.5157 	EXP 	unnamed Polygon: autoDraw = True
67.5322 	EXP 	unnamed Polygon: autoDraw = True
67.5489 	EXP 	unnamed Polygon: autoDraw = True
67.5656 	EXP 	unnamed Polygon: autoDraw = True
67.5822 	EXP 	unnamed Polygon: autoDraw = True
67.5989 	EXP 	unnamed Polygon: autoDraw = True
67.6156 	EXP 	unnamed Polygon: autoDraw = True
67.6323 	EXP 	unnamed Polygon: autoDraw = True
67.6492 	EXP 	unnamed Polygon: autoDraw = True
67.6656 	EXP 	unnamed Polygon: autoDraw = True
67.6821 	EXP 	unnamed Polygon: autoDraw = True
67.6987 	EXP 	unnamed Polygon: autoDraw = True
67.7157 	EXP 	unnamed Polygon: autoDraw = True
67.7323 	EXP 	unnamed Polygon: autoDraw = True
67.7492 	EXP 	unnamed Polygon: autoDraw = True
67.7658 	EXP 	unnamed Polygon: autoDraw = True
67.7824 	EXP 	unnamed Polygon: autoDraw = True
67.7991 	EXP 	unnamed Polygon: autoDraw = True
67.8157 	EXP 	unnamed Polygon: autoDraw = True
67.8402 	EXP 	unnamed Polygon: autoDraw = True
67.8485 	EXP 	unnamed Polygon: autoDraw = True
67.8646 	EXP 	unnamed Polygon: autoDraw = True
67.8820 	EXP 	unnamed Polygon: autoDraw = True
67.8983 	EXP 	unnamed Polygon: autoDraw = True
67.9149 	EXP 	unnamed Polygon: autoDraw = True
67.9316 	EXP 	unnamed Polygon: autoDraw = True
67.9481 	EXP 	unnamed Polygon: autoDraw = True
67.9658 	EXP 	unnamed Polygon: autoDraw = True
67.9824 	EXP 	unnamed Polygon: autoDraw = True
67.9987 	EXP 	unnamed Polygon: autoDraw = False
73.4981 	EXP 	unnamed Polygon: autoDraw = True
73.4981 	EXP 	unnamed Polygon: autoDraw = True
73.5149 	EXP 	unnamed Polygon: autoDraw = True
73.5317 	EXP 	unnamed Polygon: autoDraw = True
73.5482 	EXP 	unnamed Polygon: autoDraw = True
73.5650 	EXP 	unnamed Polygon: autoDraw = True
73.5817 	EXP 	unnamed Polygon: autoDraw = True
73.5983 	EXP 	unnamed Polygon: autoDraw = True
73.6150 	EXP 	unnamed Polygon: autoDraw = True
73.6316 	EXP 	unnamed Polygon: autoDraw = True
73.6482 	EXP 	unnamed Polygon: autoDraw = True
73.6648 	EXP 	unnamed Polygon: autoDraw = True
73.6815 	EXP 	unnamed Polygon: autoDraw = True
73.6983 	EXP 	unnamed Polygon: autoDraw = True
73.7150 	EXP 	unnamed Polygon: autoDraw = True
73.7316 	EXP 	unnamed Polygon: autoDraw = True
73.7494 	EXP 	unnamed Polygon: autoDraw = True
73.7651 	EXP 	unnamed Polygon: autoDraw = True
73.7819 	EXP 	unnamed Polygon: autoDraw = True
73.7985 	EXP 	unnamed Polygon: autoDraw = True
73.8149 	EXP 	unnamed Polygon: autoDraw = True
73.8316 	EXP 	unnamed Polygon: autoDraw = True
73.8484 	EXP 	unnamed Polygon: autoDraw = True
73.8649 	EXP 	unnamed Polygon: autoDraw = True
73.8818 	EXP 	unnamed Polygon: autoDraw = True
73.8986 	EXP 	unnamed Polygon: autoDraw = True
73.9152 	EXP 	unnamed Polygon: autoDraw = True
73.9317 	EXP 	unnamed Polygon: autoDraw = True
73.9485 	EXP 	unnamed Polygon: autoDraw = True
73.9652 	EXP 	unnamed Polygon: autoDraw = True
73.9819 	EXP 	unnamed Polygon: autoDraw = True
73.9985 	EXP 	unnamed Polygon: autoDraw = False
83.4993 	EXP 	unnamed Polygon: autoDraw = True
83.4993 	EXP 	unnamed Polygon: autoDraw = True
83.5157 	EXP 	unnamed Polygon: autoDraw = True
83.5325 	EXP 	unnamed Polygon: autoDraw = True
83.5498 	EXP 	unnamed Polygon: autoDraw = True
83.5668 	EXP 	unnamed Polygon: autoDraw = True
83.5834 	EXP 	unnamed Polygon: autoDraw = True
83.6000 	EXP 	unnamed Polygon: autoDraw = True
83.6168 	EXP 	unnamed Polygon: autoDraw = True
83.6335 	EXP 	unnamed Polygon: autoDraw = True
83.6501 	EXP 	unnamed Polygon: autoDraw = True
83.6672 	EXP 	unnamed Polygon: autoDraw = True
83.6827 	EXP 	unnamed Polygon: autoDraw = True
83.6990 	EXP 	unnamed Polygon: autoDraw = True
83.7156 	EXP 	unnamed Polygon: autoDraw = True
83.7324 	EXP 	unnamed Polygon: autoDraw = True
83.7498 	EXP 	unnamed Polygon: autoDraw = True
83.7658 	EXP 	unnamed Polygon: autoDraw = True
83.7825 	EXP 	unnamed Polygon: autoDraw = True
83.7993 	EXP 	unnamed Polygon: autoDraw = True
83.8155 	EXP 	unnamed Polygon: autoDraw = True
83.8321 	EXP 	unnamed Polygon: autoDraw = True
83.8488 	EXP 	unnamed Polygon: autoDraw = True
83.8654 	EXP 	unnamed Polygon: autoDraw = True
83.8826 	EXP 	unnamed Polygon: autoDraw = True
83.8987 	EXP 	unnamed Polygon: autoDraw = True
83.9154 	EXP 	unnamed Polygon: autoDraw = True
83.9324 	EXP 	unnamed Polygon: autoDraw = True
83.9490 	EXP 	unnamed Polygon: autoDraw = True
83.9658 	EXP 	unnamed Polygon: autoDraw = True
83.9828 	EXP 	unnamed Polygon: autoDraw = True
83.9992 	EXP 	unnamed Polygon: autoDraw = True
84.0158 	EXP 	unnamed Polygon: autoDraw = True
84.0323 	EXP 	unnamed Polygon: autoDraw = False
93.4995 	EXP 	unnamed Polygon: autoDraw = True
93.4995 	EXP 	unnamed Polygon: autoDraw = True
93.5176 	EXP 	unnamed Polygon: autoDraw = True
93.5345 	EXP 	unnamed Polygon: autoDraw = True
93.5496 	EXP 	unnamed Polygon: autoDraw = True
93.5663 	EXP 	unnamed Polygon: autoDraw = True
93.5829 	EXP 	unnamed Polygon: autoDraw = True
93.5997 	EXP 	unnamed Polygon: autoDraw = True
93.6166 	EXP 	unnamed Polygon: autoDraw = True
93.6329 	EXP 	unnamed Polygon: autoDraw = True
93.6498 	EXP 	unnamed Polygon: autoDraw = True
93.6662 	EXP 	unnamed Polygon: autoDraw = True
93.6830 	EXP 	unnamed Polygon: autoDraw = True
93.6997 	EXP 	unnamed Polygon: autoDraw = True
93.7166 	EXP 	unnamed Polygon: autoDraw = True
93.7333 	EXP 	unnamed Polygon: autoDraw = True
93.7507 	EXP 	unnamed Polygon: autoDraw = True
93.7664 	EXP 	unnamed Polygon: autoDraw = True
93.7832 	EXP 	unnamed Polygon: autoDraw = True
93.8000 	EXP 	unnamed Polygon: autoDraw = True
93.8166 	EXP 	unnamed Polygon: autoDraw = True
93.8332 	EXP 	unnamed Polygon: autoDraw = True
93.8498 	EXP 	unnamed Polygon: autoDraw = True
93.8662 	EXP 	unnamed Polygon: autoDraw = True
93.8831 	EXP 	unnamed Polygon: autoDraw = True
93.8997 	EXP 	unnamed Polygon: autoDraw = True
93.9164 	EXP 	unnamed Polygon: autoDraw = True
93.9330 	EXP 	unnamed Polygon: autoDraw = True
93.9496 	EXP 	unnamed Polygon: autoDraw = True
93.9664 	EXP 	unnamed Polygon: autoDraw = True
93.9831 	EXP 	unnamed Polygon: autoDraw = True
93.9998 	EXP 	unnamed Polygon: autoDraw = True
94.0171 	EXP 	unnamed Polygon: autoDraw = False
99.5166 	EXP 	unnamed Polygon: autoDraw = True
99.5166 	EXP 	unnamed Polygon: autoDraw = True
99.5336 	EXP 	unnamed Polygon: autoDraw = True
99.5503 	EXP 	unnamed Polygon: autoDraw = True
99.5678 	EXP 	unnamed Polygon: autoDraw = True
99.5848 	EXP 	unnamed Polygon: autoDraw = True
99.6012 	EXP 	unnamed Polygon: autoDraw = True
99.6180 	EXP 	unnamed Polygon: autoDraw = True
99.6333 	EXP 	unnamed Polygon: autoDraw = True
99.6501 	EXP 	unnamed Polygon: autoDraw = True
99.6666 	EXP 	unnamed Polygon: autoDraw = True
99.6831 	EXP 	unnamed Polygon: autoDraw = True
99.7005 	EXP 	unnamed Polygon: autoDraw = True
99.7178 	EXP 	unnamed Polygon: autoDraw = True
99.7353 	EXP 	unnamed Polygon: autoDraw = True
99.7502 	EXP 	unnamed Polygon: autoDraw = True
99.7669 	EXP 	unnamed Polygon: autoDraw = True
99.7854 	EXP 	unnamed Polygon: autoDraw = True
99.8001 	EXP 	unnamed Polygon: autoDraw = True
99.8175 	EXP 	unnamed Polygon: autoDraw = True
99.8334 	EXP 	unnamed Polygon: autoDraw = True
99.8500 	EXP 	unnamed Polygon: autoDraw = True
99.8675 	EXP 	unnamed Polygon: autoDraw = True
99.8848 	EXP 	unnamed Polygon: autoDraw = True
99.9011 	EXP 	unnamed Polygon: autoDraw = True
99.9166 	EXP 	unnamed Polygon: autoDraw = True
99.9334 	EXP 	unnamed Polygon: autoDraw = True
99.9499 	EXP 	unnamed Polygon: autoDraw = True
99.9667 	EXP 	unnamed Polygon: autoDraw = True
99.9833 	EXP 	unnamed Polygon: autoDraw = True
100.0013 	EXP 	unnamed Polygon: autoDraw = True
100.0181 	EXP 	unnamed Polygon: autoDraw = True
100.0333 	EXP 	unnamed Polygon: autoDraw = True
100.0500 	EXP 	unnamed Polygon: autoDraw = False
109.5341 	EXP 	unnamed Polygon: autoDraw = True
109.5341 	EXP 	unnamed Polygon: autoDraw = True
109.5509 	EXP 	unnamed Polygon: autoDraw = True
109.5683 	EXP 	unnamed Polygon: autoDraw = True
109.5841 	EXP 	unnamed Polygon: autoDraw = True
109.6010 	EXP 	unnamed Polygon: autoDraw = True
109.6178 	EXP 	unnamed Polygon: autoDraw = True
109.6345 	EXP 	unnamed Polygon: autoDraw = True
109.6513 	EXP 	unnamed Polygon: autoDraw = True
109.6679 	EXP 	unnamed Polygon: autoDraw = True
109.6844 	EXP 	unnamed Polygon: autoDraw = True
109.7007 	EXP 	unnamed Polygon: autoDraw = True
109.7174 	EXP 	unnamed Polygon: autoDraw = True
109.7342 	EXP 	unnamed Polygon: autoDraw = True
109.7508 	EXP 	unnamed Polygon: autoDraw = True
109.7671 	EXP 	unnamed Polygon: autoDraw = True
109.7840 	EXP 	unnamed Polygon: autoDraw = True
109.8004 	EXP 	unnamed Polygon: autoDraw = True
109.8174 	EXP 	unnamed Polygon: autoDraw = True
109.8339 	EXP 	unnamed Polygon: autoDraw = True
109.8508 	EXP 	unnamed Polygon: autoDraw = True
109.8681 	EXP 	unnamed Polygon: autoDraw = True
109.8839 	EXP 	unnamed Polygon: autoDraw = True
109.9010 	EXP 	unnamed Polygon: autoDraw = True
109.9178 	EXP 	unnamed Polygon: autoDraw = True
109.9339 	EXP 	unnamed Polygon: autoDraw = True
109.9508 	EXP 	unnamed Polygon: autoDraw = True
109.9676 	EXP 	unnamed Polygon: autoDraw = True
109.9846 	EXP 	unnamed Polygon: autoDraw = True
110.0007 	EXP 	unnamed Polygon: autoDraw = True
110.0176 	EXP 	unnamed Polygon: autoDraw = True
110.0343 	EXP 	unnamed Polygon: autoDraw = True
110.0506 	EXP 	unnamed Polygon: autoDraw = True
110.0674 	EXP 	unnamed Polygon: autoDraw = False
119.5350 	EXP 	unnamed Polygon: autoDraw = True
119.5350 	EXP 	unnamed Polygon: autoDraw = True
119.5518 	EXP 	unnamed Polygon: autoDraw = True
119.5684 	EXP 	unnamed Polygon: autoDraw = True
119.5849 	EXP 	unnamed Polygon: autoDraw = True
119.6019 	EXP 	unnamed Polygon: autoDraw = True
119.6184 	EXP 	unnamed Polygon: autoDraw = True
119.6349 	EXP 	unnamed Polygon: autoDraw = True
119.6518 	EXP 	unnamed Polygon: autoDraw = True
119.6681 	EXP 	unnamed Polygon: autoDraw = True
119.6849 	EXP 	unnamed Polygon: autoDraw = True
119.7015 	EXP 	unnamed Polygon: autoDraw = True
119.7183 	EXP 	unnamed Polygon: autoDraw = True
119.7346 	EXP 	unnamed Polygon: autoDraw = True
119.7513 	EXP 	unnamed Polygon: autoDraw = True
119.7693 	EXP 	unnamed Polygon: autoDraw = True
119.7857 	EXP 	unnamed Polygon: autoDraw = True
119.8028 	EXP 	unnamed Polygon: autoDraw = True
119.8185 	EXP 	unnamed Polygon: autoDraw = True
119.8353 	EXP 	unnamed Polygon: autoDraw = True
119.8516 	EXP 	unnamed Polygon: autoDraw = True
119.8682 	EXP 	unnamed Polygon: autoDraw = True
119.8849 	EXP 	unnamed Polygon: autoDraw = True
119.9017 	EXP 	unnamed Polygon: autoDraw = True
119.9181 	EXP 	unnamed Polygon: autoDraw = True
119.9353 	EXP 	unnamed Polygon: autoDraw = True
119.9522 	EXP 	unnamed Polygon: autoDraw = True
119.9684 	EXP 	unnamed Polygon: autoDraw = True
119.9852 	EXP 	unnamed Polygon: autoDraw = True
120.0016 	EXP 	unnamed Polygon: autoDraw = True
120.0179 	EXP 	unnamed Polygon: autoDraw = True
120.0354 	EXP 	unnamed Polygon: autoDraw = True
120.0514 	EXP 	unnamed Polygon: autoDraw = True
120.0683 	EXP 	unnamed Polygon: autoDraw = False
127.5356 	EXP 	unnamed Polygon: autoDraw = True
127.5356 	EXP 	unnamed Polygon: autoDraw = True
127.5520 	EXP 	unnamed Polygon: autoDraw = True
127.5688 	EXP 	unnamed Polygon: autoDraw = True
127.5859 	EXP 	unnamed Polygon: autoDraw = True
127.6024 	EXP 	unnamed Polygon: autoDraw = True
127.6189 	EXP 	unnamed Polygon: autoDraw = True
127.6356 	EXP 	unnamed Polygon: autoDraw = True
127.6524 	EXP 	unnamed Polygon: autoDraw = True
127.6690 	EXP 	unnamed Polygon: autoDraw = True
127.6857 	EXP 	unnamed Polygon: autoDraw = True
127.7025 	EXP 	unnamed Polygon: autoDraw = True
127.7189 	EXP 	unnamed Polygon: autoDraw = True
127.7356 	EXP 	unnamed Polygon: autoDraw = True
127.7524 	EXP 	unnamed Polygon: autoDraw = True
127.7690 	EXP 	unnamed Polygon: autoDraw = True
127.7858 	EXP 	unnamed Polygon: autoDraw = True
127.8021 	EXP 	unnamed Polygon: autoDraw = True
127.8187 	EXP 	unnamed Polygon: autoDraw = True
127.8520 	EXP 	unnamed Polygon: autoDraw = True
127.8881 	EXP 	unnamed Polygon: autoDraw = True
127.9032 	EXP 	unnamed Polygon: autoDraw = True
127.9193 	EXP 	unnamed Polygon: autoDraw = True
127.9382 	EXP 	unnamed Polygon: autoDraw = True
127.9531 	EXP 	unnamed Polygon: autoDraw = True
127.9693 	EXP 	unnamed Polygon: autoDraw = True
127.9860 	EXP 	unnamed Polygon: autoDraw = True
128.0044 	EXP 	unnamed Polygon: autoDraw = True
128.0196 	EXP 	unnamed Polygon: autoDraw = True
128.0367 	EXP 	unnamed Polygon: autoDraw = False
137.5367 	EXP 	unnamed Polygon: autoDraw = True
137.5367 	EXP 	unnamed Polygon: autoDraw = True
137.5533 	EXP 	unnamed Polygon: autoDraw = True
137.5698 	EXP 	unnamed Polygon: autoDraw = True
137.5868 	EXP 	unnamed Polygon: autoDraw = True
137.6030 	EXP 	unnamed Polygon: autoDraw = True
137.6197 	EXP 	unnamed Polygon: autoDraw = True
137.6365 	EXP 	unnamed Polygon: autoDraw = True
137.6535 	EXP 	unnamed Polygon: autoDraw = True
137.6697 	EXP 	unnamed Polygon: autoDraw = True
137.6864 	EXP 	unnamed Polygon: autoDraw = True
137.7030 	EXP 	unnamed Polygon: autoDraw = True
137.7197 	EXP 	unnamed Polygon: autoDraw = True
137.7363 	EXP 	unnamed Polygon: autoDraw = True
137.7530 	EXP 	unnamed Polygon: autoDraw = True
137.7696 	EXP 	unnamed Polygon: autoDraw = True
137.7863 	EXP 	unnamed Polygon: autoDraw = True
137.8029 	EXP 	unnamed Polygon: autoDraw = True
137.8196 	EXP 	unnamed Polygon: autoDraw = True
137.8361 	EXP 	unnamed Polygon: autoDraw = True
137.8529 	EXP 	unnamed Polygon: autoDraw = True
137.8696 	EXP 	unnamed Polygon: autoDraw = True
137.8864 	EXP 	unnamed Polygon: autoDraw = True
137.9032 	EXP 	unnamed Polygon: autoDraw = True
137.9198 	EXP 	unnamed Polygon: autoDraw = True
137.9364 	EXP 	unnamed Polygon: autoDraw = True
137.9539 	EXP 	unnamed Polygon: autoDraw = True
137.9695 	EXP 	unnamed Polygon: autoDraw = True
137.9872 	EXP 	unnamed Polygon: autoDraw = True
138.0035 	EXP 	unnamed Polygon: autoDraw = True
138.0197 	EXP 	unnamed Polygon: autoDraw = True
138.0399 	EXP 	unnamed Polygon: autoDraw = True
138.0528 	EXP 	unnamed Polygon: autoDraw = True
138.0695 	EXP 	unnamed Polygon: autoDraw = True
138.0863 	EXP 	unnamed Polygon: autoDraw = False
145.5368 	EXP 	unnamed Polygon: autoDraw = True
145.5368 	EXP 	unnamed Polygon: autoDraw = True
145.5538 	EXP 	unnamed Polygon: autoDraw = True
145.5704 	EXP 	unnamed Polygon: autoDraw = True
145.5867 	EXP 	unnamed Polygon: autoDraw = True
145.6034 	EXP 	unnamed Polygon: autoDraw = True
145.6197 	EXP 	unnamed Polygon: autoDraw = True
145.6365 	EXP 	unnamed Polygon: autoDraw = True
145.6536 	EXP 	unnamed Polygon: autoDraw = True
145.6703 	EXP 	unnamed Polygon: autoDraw = True
145.6869 	EXP 	unnamed Polygon: autoDraw = True
145.7038 	EXP 	unnamed Polygon: autoDraw = True
145.7201 	EXP 	unnamed Polygon: autoDraw = True
145.7371 	EXP 	unnamed Polygon: autoDraw = True
145.7538 	EXP 	unnamed Polygon: autoDraw = True
145.7699 	EXP 	unnamed Polygon: autoDraw = True
145.7863 	EXP 	unnamed Polygon: autoDraw = True
145.8032 	EXP 	unnamed Polygon: autoDraw = True
145.8199 	EXP 	unnamed Polygon: autoDraw = True
145.8365 	EXP 	unnamed Polygon: autoDraw = True
145.8537 	EXP 	unnamed Polygon: autoDraw = True
145.8705 	EXP 	unnamed Polygon: autoDraw = True
145.8868 	EXP 	unnamed Polygon: autoDraw = True
145.9036 	EXP 	unnamed Polygon: autoDraw = True
145.9204 	EXP 	unnamed Polygon: autoDraw = True
145.9373 	EXP 	unnamed Polygon: autoDraw = True
145.9534 	EXP 	unnamed Polygon: autoDraw = True
145.9700 	EXP 	unnamed Polygon: autoDraw = True
145.9870 	EXP 	unnamed Polygon: autoDraw = True
146.0033 	EXP 	unnamed Polygon: autoDraw = True
146.0203 	EXP 	unnamed Polygon: autoDraw = True
146.0369 	EXP 	unnamed Polygon: autoDraw = True
146.0533 	EXP 	unnamed Polygon: autoDraw = True
146.0705 	EXP 	unnamed Polygon: autoDraw = True
146.0873 	EXP 	unnamed Polygon: autoDraw = False
151.5546 	EXP 	unnamed Polygon: autoDraw = True
151.5546 	EXP 	unnamed Polygon: autoDraw = True
151.5710 	EXP 	unnamed Polygon: autoDraw = True
151.5876 	EXP 	unnamed Polygon: autoDraw = True
151.6040 	EXP 	unnamed Polygon: autoDraw = True
151.6215 	EXP 	unnamed Polygon: autoDraw = True
151.6378 	EXP 	unnamed Polygon: autoDraw = True
151.6544 	EXP 	unnamed Polygon: autoDraw = True
151.6712 	EXP 	unnamed Polygon: autoDraw = True
151.6881 	EXP 	unnamed Polygon: autoDraw = True
151.7043 	EXP 	unnamed Polygon: autoDraw = True
151.7215 	EXP 	unnamed Polygon: autoDraw = True
151.7376 	EXP 	unnamed Polygon: autoDraw = True
151.7540 	EXP 	unnamed Polygon: autoDraw = True
151.7709 	EXP 	unnamed Polygon: autoDraw = True
151.7874 	EXP 	unnamed Polygon: autoDraw = True
151.8042 	EXP 	unnamed Polygon: autoDraw = True
151.8207 	EXP 	unnamed Polygon: autoDraw = True
151.8369 	EXP 	unnamed Polygon: autoDraw = True
151.8538 	EXP 	unnamed Polygon: autoDraw = True
151.8705 	EXP 	unnamed Polygon: autoDraw = True
151.8873 	EXP 	unnamed Polygon: autoDraw = True
151.9040 	EXP 	unnamed Polygon: autoDraw = True
151.9206 	EXP 	unnamed Polygon: autoDraw = True
151.9373 	EXP 	unnamed Polygon: autoDraw = True
151.9540 	EXP 	unnamed Polygon: autoDraw = True
151.9705 	EXP 	unnamed Polygon: autoDraw = True
151.9875 	EXP 	unnamed Polygon: autoDraw = True
152.0037 	EXP 	unnamed Polygon: autoDraw = True
152.0206 	EXP 	unnamed Polygon: autoDraw = True
152.0390 	EXP 	unnamed Polygon: autoDraw = True
152.0548 	EXP 	unnamed Polygon: autoDraw = True
152.0718 	EXP 	unnamed Polygon: autoDraw = True
152.0876 	EXP 	unnamed Polygon: autoDraw = True
152.1038 	EXP 	unnamed Polygon: autoDraw = False
159.5710 	EXP 	unnamed Polygon: autoDraw = True
159.5710 	EXP 	unnamed Polygon: autoDraw = True
159.5882 	EXP 	unnamed Polygon: autoDraw = True
159.6045 	EXP 	unnamed Polygon: autoDraw = True
159.6212 	EXP 	unnamed Polygon: autoDraw = True
159.6375 	EXP 	unnamed Polygon: autoDraw = True
159.6546 	EXP 	unnamed Polygon: autoDraw = True
159.6718 	EXP 	unnamed Polygon: autoDraw = True
159.6887 	EXP 	unnamed Polygon: autoDraw = True
159.7048 	EXP 	unnamed Polygon: autoDraw = True
159.7214 	EXP 	unnamed Polygon: autoDraw = True
159.7379 	EXP 	unnamed Polygon: autoDraw = True
159.7548 	EXP 	unnamed Polygon: autoDraw = True
159.7714 	EXP 	unnamed Polygon: autoDraw = True
159.7883 	EXP 	unnamed Polygon: autoDraw = True
159.8069 	EXP 	unnamed Polygon: autoDraw = True
159.8213 	EXP 	unnamed Polygon: autoDraw = True
159.8378 	EXP 	unnamed Polygon: autoDraw = True
159.8548 	EXP 	unnamed Polygon: autoDraw = True
159.8720 	EXP 	unnamed Polygon: autoDraw = True
159.8882 	EXP 	unnamed Polygon: autoDraw = True
159.9042 	EXP 	unnamed Polygon: autoDraw = True
159.9217 	EXP 	unnamed Polygon: autoDraw = True
159.9382 	EXP 	unnamed Polygon: autoDraw = True
159.9548 	EXP 	unnamed Polygon: autoDraw = True
159.9713 	EXP 	unnamed Polygon: autoDraw = True
159.9880 	EXP 	unnamed Polygon: autoDraw = True
160.0045 	EXP 	unnamed Polygon: autoDraw = True
160.0215 	EXP 	unnamed Polygon: autoDraw = True
160.0378 	EXP 	unnamed Polygon: autoDraw = True
160.0548 	EXP 	unnamed Polygon: autoDraw = True
160.0713 	EXP 	unnamed Polygon: autoDraw = True
160.0879 	EXP 	unnamed Polygon: autoDraw = True
160.1048 	EXP 	unnamed Polygon: autoDraw = False
167.5716 	EXP 	unnamed Polygon: autoDraw = True
167.5716 	EXP 	unnamed Polygon: autoDraw = True
167.5884 	EXP 	unnamed Polygon: autoDraw = True
167.6053 	EXP 	unnamed Polygon: autoDraw = True
167.6217 	EXP 	unnamed Polygon: autoDraw = True
167.6384 	EXP 	unnamed Polygon: autoDraw = True
167.6551 	EXP 	unnamed Polygon: autoDraw = True
167.6717 	EXP 	unnamed Polygon: autoDraw = True
167.6886 	EXP 	unnamed Polygon: autoDraw = True
167.7052 	EXP 	unnamed Polygon: autoDraw = True
167.7217 	EXP 	unnamed Polygon: autoDraw = True
167.7382 	EXP 	unnamed Polygon: autoDraw = True
167.7549 	EXP 	unnamed Polygon: autoDraw = True
167.7716 	EXP 	unnamed Polygon: autoDraw = True
167.7880 	EXP 	unnamed Polygon: autoDraw = True
167.8047 	EXP 	unnamed Polygon: autoDraw = True
167.8218 	EXP 	unnamed Polygon: autoDraw = True
167.8384 	EXP 	unnamed Polygon: autoDraw = True
167.8550 	EXP 	unnamed Polygon: autoDraw = True
167.8718 	EXP 	unnamed Polygon: autoDraw = True
167.8885 	EXP 	unnamed Polygon: autoDraw = True
167.9050 	EXP 	unnamed Polygon: autoDraw = True
167.9219 	EXP 	unnamed Polygon: autoDraw = True
167.9385 	EXP 	unnamed Polygon: autoDraw = True
167.9548 	EXP 	unnamed Polygon: autoDraw = True
167.9716 	EXP 	unnamed Polygon: autoDraw = True
167.9881 	EXP 	unnamed Polygon: autoDraw = True
168.0050 	EXP 	unnamed Polygon: autoDraw = True
168.0218 	EXP 	unnamed Polygon: autoDraw = True
168.0383 	EXP 	unnamed Polygon: autoDraw = True
168.0550 	EXP 	unnamed Polygon: autoDraw = True
168.0713 	EXP 	unnamed Polygon: autoDraw = True
168.0880 	EXP 	unnamed Polygon: autoDraw = True
168.1049 	EXP 	unnamed Polygon: autoDraw = False
628.3897 	DATA 	Keypress: 1
628.4217 	EXP 	window1: mouseVisible = False
629.1739 	DATA 	Keypress: return
638.4379 	EXP 	unnamed TextStim: height = 0.04
638.4379 	EXP 	unnamed TextStim: height = 0.04
638.4379 	EXP 	unnamed TextStim: height = 0.04
638.4379 	EXP 	unnamed TextStim: text = 'Welcome!'
639.1568 	DATA 	Keypress: 1
639.1733 	EXP 	unnamed TextStim: height = 0.04
639.1733 	EXP 	unnamed TextStim: height = 0.04
639.1733 	EXP 	unnamed TextStim: height = 0.04
639.1733 	EXP 	unnamed TextStim: text = 'First you will see a cross in the middle of the screen, like this:\n\n+\n\nThis means you should focus on the screen and get ready to play. '
640.1800 	DATA 	Keypress: 1
640.1920 	EXP 	window1: mouseVisible = True
640.1953 	EXP 	Created unnamed Polygon = Polygon(__class__=<class 'psychopy.visual.polygon.Polygon'>, anchor=('center', 'center'), autoDraw=False, autoLog=True, closeShape=True, color=method-wrapper(...), colorSpace='rgb', contrast=None, depth=0, draggable=False, fillColor=array([1, 1, 1]), fillColorSpace='rgb', fillRGB=array([1, 1, 1]), interpolate=True, lineColor=array([1., 1., 1.]), lineColorSpace='rgb', lineRGB=array([1, 1, 1]), lineWidth=1.5, name='unnamed Polygon', opacity=1.0, ori=0.0, pos=array([0. , 0.1]), size=array([1., 1.]), units='height', vertices=ndarray(...), win=Window(...))
640.2000 	EXP 	unnamed TextStim: height = 0.04
640.2000 	EXP 	unnamed TextStim: height = 0.04
640.2000 	EXP 	unnamed TextStim: height = 0.04
640.2000 	EXP 	unnamed TextStim: text = 'Next, a small solid WHITE TRIANGLE will appear on the screen:\n\n \n\n \n\n \n\nPress the button as fast as you can when you see the solid white triangle. '
640.5974 	DATA 	Keypress: 1
640.6073 	EXP 	unnamed TextStim: height = 0.04
640.6073 	EXP 	unnamed TextStim: height = 0.04
640.6073 	EXP 	unnamed TextStim: height = 0.04
640.6073 	EXP 	unnamed TextStim: text = 'Any Questions?\n\nPlease ask them now.'
641.0214 	DATA 	Keypress: 1
641.8768 	DATA 	Keypress: 1
642.2795 	DATA 	Keypress: return
643.0914 	DATA 	Keypress: equal
648.1225 	EXP 	unnamed Polygon: autoDraw = True
648.1225 	EXP 	unnamed Polygon: autoDraw = True
648.1392 	EXP 	unnamed Polygon: autoDraw = True
648.1559 	EXP 	unnamed Polygon: autoDraw = True
648.1727 	EXP 	unnamed Polygon: autoDraw = True
648.1893 	EXP 	unnamed Polygon: autoDraw = True
648.2059 	EXP 	unnamed Polygon: autoDraw = True
648.2224 	EXP 	unnamed Polygon: autoDraw = True
648.2391 	EXP 	unnamed Polygon: autoDraw = True
648.2558 	EXP 	unnamed Polygon: autoDraw = True
648.2724 	EXP 	unnamed Polygon: autoDraw = True
648.2892 	EXP 	unnamed Polygon: autoDraw = True
648.3048 	EXP 	unnamed Polygon: autoDraw = True
648.3215 	EXP 	unnamed Polygon: autoDraw = True
648.3379 	EXP 	unnamed Polygon: autoDraw = True
648.3548 	EXP 	unnamed Polygon: autoDraw = True
648.3715 	EXP 	unnamed Polygon: autoDraw = True
648.3877 	EXP 	unnamed Polygon: autoDraw = True
648.4047 	EXP 	unnamed Polygon: autoDraw = True
648.4211 	EXP 	unnamed Polygon: autoDraw = True
648.4381 	EXP 	unnamed Polygon: autoDraw = True
648.4552 	EXP 	unnamed Polygon: autoDraw = True
648.4714 	EXP 	unnamed Polygon: autoDraw = True
648.4885 	EXP 	unnamed Polygon: autoDraw = True
648.5044 	EXP 	unnamed Polygon: autoDraw = True
648.5216 	EXP 	unnamed Polygon: autoDraw = True
648.5384 	EXP 	unnamed Polygon: autoDraw = True
648.5549 	EXP 	unnamed Polygon: autoDraw = True
648.5718 	EXP 	unnamed Polygon: autoDraw = True
648.5883 	EXP 	unnamed Polygon: autoDraw = True
648.6050 	EXP 	unnamed Polygon: autoDraw = True
648.6214 	EXP 	unnamed Polygon: autoDraw = True
648.6381 	EXP 	unnamed Polygon: autoDraw = False
656.1231 	EXP 	unnamed Polygon: autoDraw = True
656.1231 	EXP 	unnamed Polygon: autoDraw = True
656.1395 	EXP 	unnamed Polygon: autoDraw = True
656.1551 	EXP 	unnamed Polygon: autoDraw = True
656.1719 	EXP 	unnamed Polygon: autoDraw = True
656.1884 	EXP 	unnamed Polygon: autoDraw = True
656.2052 	EXP 	unnamed Polygon: autoDraw = True
656.2218 	EXP 	unnamed Polygon: autoDraw = True
656.2382 	EXP 	unnamed Polygon: autoDraw = True
656.2551 	EXP 	unnamed Polygon: autoDraw = True
656.2717 	EXP 	unnamed Polygon: autoDraw = True
656.2883 	EXP 	unnamed Polygon: autoDraw = True
656.3051 	EXP 	unnamed Polygon: autoDraw = True
656.3222 	EXP 	unnamed Polygon: autoDraw = True
656.3385 	EXP 	unnamed Polygon: autoDraw = True
656.3552 	EXP 	unnamed Polygon: autoDraw = True
656.3723 	EXP 	unnamed Polygon: autoDraw = True
656.3884 	EXP 	unnamed Polygon: autoDraw = True
656.4056 	EXP 	unnamed Polygon: autoDraw = True
656.4219 	EXP 	unnamed Polygon: autoDraw = True
656.4388 	EXP 	unnamed Polygon: autoDraw = True
656.4551 	EXP 	unnamed Polygon: autoDraw = True
656.4718 	EXP 	unnamed Polygon: autoDraw = True
656.4890 	EXP 	unnamed Polygon: autoDraw = True
656.5050 	EXP 	unnamed Polygon: autoDraw = True
656.5219 	EXP 	unnamed Polygon: autoDraw = True
656.5388 	EXP 	unnamed Polygon: autoDraw = True
656.5559 	EXP 	unnamed Polygon: autoDraw = True
656.5723 	EXP 	unnamed Polygon: autoDraw = True
656.5886 	EXP 	unnamed Polygon: autoDraw = True
656.6059 	EXP 	unnamed Polygon: autoDraw = True
656.6219 	EXP 	unnamed Polygon: autoDraw = True
656.6387 	EXP 	unnamed Polygon: autoDraw = False
666.1225 	EXP 	unnamed Polygon: autoDraw = True
666.1225 	EXP 	unnamed Polygon: autoDraw = True
666.1391 	EXP 	unnamed Polygon: autoDraw = True
666.1560 	EXP 	unnamed Polygon: autoDraw = True
666.1731 	EXP 	unnamed Polygon: autoDraw = True
666.1904 	EXP 	unnamed Polygon: autoDraw = True
666.2070 	EXP 	unnamed Polygon: autoDraw = True
666.2237 	EXP 	unnamed Polygon: autoDraw = True
666.2401 	EXP 	unnamed Polygon: autoDraw = True
666.2570 	EXP 	unnamed Polygon: autoDraw = True
666.2737 	EXP 	unnamed Polygon: autoDraw = True
666.2909 	EXP 	unnamed Polygon: autoDraw = True
666.3058 	EXP 	unnamed Polygon: autoDraw = True
666.3225 	EXP 	unnamed Polygon: autoDraw = True
666.3391 	EXP 	unnamed Polygon: autoDraw = True
666.3558 	EXP 	unnamed Polygon: autoDraw = True
666.3724 	EXP 	unnamed Polygon: autoDraw = True
666.3891 	EXP 	unnamed Polygon: autoDraw = True
666.4055 	EXP 	unnamed Polygon: autoDraw = True
666.4223 	EXP 	unnamed Polygon: autoDraw = True
666.4393 	EXP 	unnamed Polygon: autoDraw = True
666.4555 	EXP 	unnamed Polygon: autoDraw = True
666.4726 	EXP 	unnamed Polygon: autoDraw = True
666.4895 	EXP 	unnamed Polygon: autoDraw = True
666.5064 	EXP 	unnamed Polygon: autoDraw = True
666.5226 	EXP 	unnamed Polygon: autoDraw = True
666.5399 	EXP 	unnamed Polygon: autoDraw = True
666.5559 	EXP 	unnamed Polygon: autoDraw = True
666.5728 	EXP 	unnamed Polygon: autoDraw = True
666.5894 	EXP 	unnamed Polygon: autoDraw = True
666.6061 	EXP 	unnamed Polygon: autoDraw = True
666.6224 	EXP 	unnamed Polygon: autoDraw = False
676.1065 	EXP 	unnamed Polygon: autoDraw = True
676.1065 	EXP 	unnamed Polygon: autoDraw = True
676.1238 	EXP 	unnamed Polygon: autoDraw = True
676.1402 	EXP 	unnamed Polygon: autoDraw = True
676.1581 	EXP 	unnamed Polygon: autoDraw = True
676.1744 	EXP 	unnamed Polygon: autoDraw = True
676.1910 	EXP 	unnamed Polygon: autoDraw = True
676.2077 	EXP 	unnamed Polygon: autoDraw = True
676.2242 	EXP 	unnamed Polygon: autoDraw = True
676.2411 	EXP 	unnamed Polygon: autoDraw = True
676.2582 	EXP 	unnamed Polygon: autoDraw = True
676.2735 	EXP 	unnamed Polygon: autoDraw = True
676.2901 	EXP 	unnamed Polygon: autoDraw = True
676.3066 	EXP 	unnamed Polygon: autoDraw = True
676.3235 	EXP 	unnamed Polygon: autoDraw = True
676.3402 	EXP 	unnamed Polygon: autoDraw = True
676.3568 	EXP 	unnamed Polygon: autoDraw = True
676.3736 	EXP 	unnamed Polygon: autoDraw = True
676.3902 	EXP 	unnamed Polygon: autoDraw = True
676.4065 	EXP 	unnamed Polygon: autoDraw = True
676.4236 	EXP 	unnamed Polygon: autoDraw = True
676.4403 	EXP 	unnamed Polygon: autoDraw = True
676.4568 	EXP 	unnamed Polygon: autoDraw = True
676.4741 	EXP 	unnamed Polygon: autoDraw = True
676.4900 	EXP 	unnamed Polygon: autoDraw = True
676.5067 	EXP 	unnamed Polygon: autoDraw = True
676.5233 	EXP 	unnamed Polygon: autoDraw = True
676.5400 	EXP 	unnamed Polygon: autoDraw = True
676.5569 	EXP 	unnamed Polygon: autoDraw = True
676.5734 	EXP 	unnamed Polygon: autoDraw = True
676.5901 	EXP 	unnamed Polygon: autoDraw = True
676.6069 	EXP 	unnamed Polygon: autoDraw = True
676.6235 	EXP 	unnamed Polygon: autoDraw = False
682.1248 	EXP 	unnamed Polygon: autoDraw = True
682.1248 	EXP 	unnamed Polygon: autoDraw = True
682.1414 	EXP 	unnamed Polygon: autoDraw = True
682.1582 	EXP 	unnamed Polygon: autoDraw = True
682.1736 	EXP 	unnamed Polygon: autoDraw = True
682.1904 	EXP 	unnamed Polygon: autoDraw = True
682.2069 	EXP 	unnamed Polygon: autoDraw = True
682.2238 	EXP 	unnamed Polygon: autoDraw = True
682.2403 	EXP 	unnamed Polygon: autoDraw = True
682.2576 	EXP 	unnamed Polygon: autoDraw = True
682.2747 	EXP 	unnamed Polygon: autoDraw = True
682.2915 	EXP 	unnamed Polygon: autoDraw = True
682.3079 	EXP 	unnamed Polygon: autoDraw = True
682.3234 	EXP 	unnamed Polygon: autoDraw = True
682.3406 	EXP 	unnamed Polygon: autoDraw = True
682.3571 	EXP 	unnamed Polygon: autoDraw = True
682.3738 	EXP 	unnamed Polygon: autoDraw = True
682.3901 	EXP 	unnamed Polygon: autoDraw = True
682.4070 	EXP 	unnamed Polygon: autoDraw = True
682.4237 	EXP 	unnamed Polygon: autoDraw = True
682.4403 	EXP 	unnamed Polygon: autoDraw = True
682.4569 	EXP 	unnamed Polygon: autoDraw = True
682.4740 	EXP 	unnamed Polygon: autoDraw = True
682.4915 	EXP 	unnamed Polygon: autoDraw = True
682.5080 	EXP 	unnamed Polygon: autoDraw = True
682.5249 	EXP 	unnamed Polygon: autoDraw = True
682.5413 	EXP 	unnamed Polygon: autoDraw = True
682.5578 	EXP 	unnamed Polygon: autoDraw = True
682.5747 	EXP 	unnamed Polygon: autoDraw = True
682.5914 	EXP 	unnamed Polygon: autoDraw = True
682.6085 	EXP 	unnamed Polygon: autoDraw = True
682.6250 	EXP 	unnamed Polygon: autoDraw = True
682.6415 	EXP 	unnamed Polygon: autoDraw = True
682.6580 	EXP 	unnamed Polygon: autoDraw = False
688.1244 	EXP 	unnamed Polygon: autoDraw = True
688.1244 	EXP 	unnamed Polygon: autoDraw = True
688.1411 	EXP 	unnamed Polygon: autoDraw = True
688.1576 	EXP 	unnamed Polygon: autoDraw = True
688.1744 	EXP 	unnamed Polygon: autoDraw = True
688.1915 	EXP 	unnamed Polygon: autoDraw = True
688.2088 	EXP 	unnamed Polygon: autoDraw = True
688.2252 	EXP 	unnamed Polygon: autoDraw = True
688.2420 	EXP 	unnamed Polygon: autoDraw = True
688.2586 	EXP 	unnamed Polygon: autoDraw = True
688.2753 	EXP 	unnamed Polygon: autoDraw = True
688.2919 	EXP 	unnamed Polygon: autoDraw = True
688.3095 	EXP 	unnamed Polygon: autoDraw = True
688.3242 	EXP 	unnamed Polygon: autoDraw = True
688.3409 	EXP 	unnamed Polygon: autoDraw = True
688.3575 	EXP 	unnamed Polygon: autoDraw = True
688.3743 	EXP 	unnamed Polygon: autoDraw = True
688.3911 	EXP 	unnamed Polygon: autoDraw = True
688.4075 	EXP 	unnamed Polygon: autoDraw = True
688.4245 	EXP 	unnamed Polygon: autoDraw = True
688.4415 	EXP 	unnamed Polygon: autoDraw = True
688.4592 	EXP 	unnamed Polygon: autoDraw = True
688.4744 	EXP 	unnamed Polygon: autoDraw = True
688.4913 	EXP 	unnamed Polygon: autoDraw = True
688.5077 	EXP 	unnamed Polygon: autoDraw = True
688.5247 	EXP 	unnamed Polygon: autoDraw = True
688.5415 	EXP 	unnamed Polygon: autoDraw = True
688.5577 	EXP 	unnamed Polygon: autoDraw = True
688.5743 	EXP 	unnamed Polygon: autoDraw = True
688.5914 	EXP 	unnamed Polygon: autoDraw = True
688.6074 	EXP 	unnamed Polygon: autoDraw = True
688.6243 	EXP 	unnamed Polygon: autoDraw = True
688.6409 	EXP 	unnamed Polygon: autoDraw = False
696.1412 	EXP 	unnamed Polygon: autoDraw = True
696.1412 	EXP 	unnamed Polygon: autoDraw = True
696.1578 	EXP 	unnamed Polygon: autoDraw = True
696.1748 	EXP 	unnamed Polygon: autoDraw = True
696.1925 	EXP 	unnamed Polygon: autoDraw = True
696.2092 	EXP 	unnamed Polygon: autoDraw = True
696.2258 	EXP 	unnamed Polygon: autoDraw = True
696.2414 	EXP 	unnamed Polygon: autoDraw = True
696.2582 	EXP 	unnamed Polygon: autoDraw = True
696.2749 	EXP 	unnamed Polygon: autoDraw = True
696.2913 	EXP 	unnamed Polygon: autoDraw = True
696.3082 	EXP 	unnamed Polygon: autoDraw = True
696.3250 	EXP 	unnamed Polygon: autoDraw = True
696.3420 	EXP 	unnamed Polygon: autoDraw = True
696.3592 	EXP 	unnamed Polygon: autoDraw = True
696.3746 	EXP 	unnamed Polygon: autoDraw = True
696.3915 	EXP 	unnamed Polygon: autoDraw = True
696.4079 	EXP 	unnamed Polygon: autoDraw = True
696.4252 	EXP 	unnamed Polygon: autoDraw = True
696.4412 	EXP 	unnamed Polygon: autoDraw = True
696.4578 	EXP 	unnamed Polygon: autoDraw = True
696.4747 	EXP 	unnamed Polygon: autoDraw = True
696.4914 	EXP 	unnamed Polygon: autoDraw = True
696.5095 	EXP 	unnamed Polygon: autoDraw = True
696.5249 	EXP 	unnamed Polygon: autoDraw = True
696.5412 	EXP 	unnamed Polygon: autoDraw = True
696.5582 	EXP 	unnamed Polygon: autoDraw = True
696.5752 	EXP 	unnamed Polygon: autoDraw = True
696.5918 	EXP 	unnamed Polygon: autoDraw = True
696.6085 	EXP 	unnamed Polygon: autoDraw = True
696.6249 	EXP 	unnamed Polygon: autoDraw = True
696.6415 	EXP 	unnamed Polygon: autoDraw = True
696.6580 	EXP 	unnamed Polygon: autoDraw = True
696.6749 	EXP 	unnamed Polygon: autoDraw = False
706.1431 	EXP 	unnamed Polygon: autoDraw = True
706.1431 	EXP 	unnamed Polygon: autoDraw = True
706.1597 	EXP 	unnamed Polygon: autoDraw = True
706.1766 	EXP 	unnamed Polygon: autoDraw = True
706.1931 	EXP 	unnamed Polygon: autoDraw = True
706.2097 	EXP 	unnamed Polygon: autoDraw = True
706.2253 	EXP 	unnamed Polygon: autoDraw = True
706.2420 	EXP 	unnamed Polygon: autoDraw = True
706.2592 	EXP 	unnamed Polygon: autoDraw = True
706.2756 	EXP 	unnamed Polygon: autoDraw = True
706.2925 	EXP 	unnamed Polygon: autoDraw = True
706.3092 	EXP 	unnamed Polygon: autoDraw = True
706.3258 	EXP 	unnamed Polygon: autoDraw = True
706.3422 	EXP 	unnamed Polygon: autoDraw = True
706.3593 	EXP 	unnamed Polygon: autoDraw = True
706.3757 	EXP 	unnamed Polygon: autoDraw = True
706.3921 	EXP 	unnamed Polygon: autoDraw = True
706.4091 	EXP 	unnamed Polygon: autoDraw = True
706.4256 	EXP 	unnamed Polygon: autoDraw = True
706.4422 	EXP 	unnamed Polygon: autoDraw = True
706.4589 	EXP 	unnamed Polygon: autoDraw = True
706.4753 	EXP 	unnamed Polygon: autoDraw = True
706.4924 	EXP 	unnamed Polygon: autoDraw = True
706.5089 	EXP 	unnamed Polygon: autoDraw = True
706.5257 	EXP 	unnamed Polygon: autoDraw = True
706.5425 	EXP 	unnamed Polygon: autoDraw = True
706.5589 	EXP 	unnamed Polygon: autoDraw = True
706.5758 	EXP 	unnamed Polygon: autoDraw = True
706.5930 	EXP 	unnamed Polygon: autoDraw = True
706.6092 	EXP 	unnamed Polygon: autoDraw = True
706.6262 	EXP 	unnamed Polygon: autoDraw = True
706.6423 	EXP 	unnamed Polygon: autoDraw = True
706.6592 	EXP 	unnamed Polygon: autoDraw = True
706.6755 	EXP 	unnamed Polygon: autoDraw = False
714.1428 	EXP 	unnamed Polygon: autoDraw = True
714.1428 	EXP 	unnamed Polygon: autoDraw = True
714.1596 	EXP 	unnamed Polygon: autoDraw = True
714.1759 	EXP 	unnamed Polygon: autoDraw = True
714.1926 	EXP 	unnamed Polygon: autoDraw = True
714.2096 	EXP 	unnamed Polygon: autoDraw = True
714.2267 	EXP 	unnamed Polygon: autoDraw = True
714.2437 	EXP 	unnamed Polygon: autoDraw = True
714.2610 	EXP 	unnamed Polygon: autoDraw = True
714.2761 	EXP 	unnamed Polygon: autoDraw = True
714.2926 	EXP 	unnamed Polygon: autoDraw = True
714.3103 	EXP 	unnamed Polygon: autoDraw = True
714.3278 	EXP 	unnamed Polygon: autoDraw = True
714.3430 	EXP 	unnamed Polygon: autoDraw = True
714.3594 	EXP 	unnamed Polygon: autoDraw = True
714.3759 	EXP 	unnamed Polygon: autoDraw = True
714.3931 	EXP 	unnamed Polygon: autoDraw = True
714.4092 	EXP 	unnamed Polygon: autoDraw = True
714.4256 	EXP 	unnamed Polygon: autoDraw = True
714.4427 	EXP 	unnamed Polygon: autoDraw = True
714.4592 	EXP 	unnamed Polygon: autoDraw = True
714.4759 	EXP 	unnamed Polygon: autoDraw = True
714.4927 	EXP 	unnamed Polygon: autoDraw = True
714.5095 	EXP 	unnamed Polygon: autoDraw = True
714.5261 	EXP 	unnamed Polygon: autoDraw = True
714.5425 	EXP 	unnamed Polygon: autoDraw = True
714.5594 	EXP 	unnamed Polygon: autoDraw = True
714.5761 	EXP 	unnamed Polygon: autoDraw = True
714.5925 	EXP 	unnamed Polygon: autoDraw = True
714.6094 	EXP 	unnamed Polygon: autoDraw = True
714.6262 	EXP 	unnamed Polygon: autoDraw = True
714.6425 	EXP 	unnamed Polygon: autoDraw = True
714.6592 	EXP 	unnamed Polygon: autoDraw = True
714.6766 	EXP 	unnamed Polygon: autoDraw = False
720.1432 	EXP 	unnamed Polygon: autoDraw = True
720.1432 	EXP 	unnamed Polygon: autoDraw = True
720.1600 	EXP 	unnamed Polygon: autoDraw = True
720.1774 	EXP 	unnamed Polygon: autoDraw = True
720.1943 	EXP 	unnamed Polygon: autoDraw = True
720.2104 	EXP 	unnamed Polygon: autoDraw = True
720.2274 	EXP 	unnamed Polygon: autoDraw = True
720.2434 	EXP 	unnamed Polygon: autoDraw = True
720.2606 	EXP 	unnamed Polygon: autoDraw = True
720.2778 	EXP 	unnamed Polygon: autoDraw = True
720.2934 	EXP 	unnamed Polygon: autoDraw = True
720.3104 	EXP 	unnamed Polygon: autoDraw = True
720.3279 	EXP 	unnamed Polygon: autoDraw = True
720.3437 	EXP 	unnamed Polygon: autoDraw = True
720.3601 	EXP 	unnamed Polygon: autoDraw = True
720.3773 	EXP 	unnamed Polygon: autoDraw = True
720.3934 	EXP 	unnamed Polygon: autoDraw = True
720.4103 	EXP 	unnamed Polygon: autoDraw = True
720.4275 	EXP 	unnamed Polygon: autoDraw = True
720.4446 	EXP 	unnamed Polygon: autoDraw = True
720.4603 	EXP 	unnamed Polygon: autoDraw = True
720.4775 	EXP 	unnamed Polygon: autoDraw = True
720.4936 	EXP 	unnamed Polygon: autoDraw = True
720.5103 	EXP 	unnamed Polygon: autoDraw = True
720.5274 	EXP 	unnamed Polygon: autoDraw = True
720.5433 	EXP 	unnamed Polygon: autoDraw = True
720.5604 	EXP 	unnamed Polygon: autoDraw = True
720.5769 	EXP 	unnamed Polygon: autoDraw = True
720.5933 	EXP 	unnamed Polygon: autoDraw = True
720.6102 	EXP 	unnamed Polygon: autoDraw = True
720.6275 	EXP 	unnamed Polygon: autoDraw = True
720.6431 	EXP 	unnamed Polygon: autoDraw = False
730.1437 	EXP 	unnamed Polygon: autoDraw = True
730.1437 	EXP 	unnamed Polygon: autoDraw = True
730.1602 	EXP 	unnamed Polygon: autoDraw = True
730.1770 	EXP 	unnamed Polygon: autoDraw = True
730.1940 	EXP 	unnamed Polygon: autoDraw = True
730.2101 	EXP 	unnamed Polygon: autoDraw = True
730.2268 	EXP 	unnamed Polygon: autoDraw = True
730.2435 	EXP 	unnamed Polygon: autoDraw = True
730.2599 	EXP 	unnamed Polygon: autoDraw = True
730.2770 	EXP 	unnamed Polygon: autoDraw = True
730.2935 	EXP 	unnamed Polygon: autoDraw = True
730.3105 	EXP 	unnamed Polygon: autoDraw = True
730.3270 	EXP 	unnamed Polygon: autoDraw = True
730.3440 	EXP 	unnamed Polygon: autoDraw = True
730.3606 	EXP 	unnamed Polygon: autoDraw = True
730.3776 	EXP 	unnamed Polygon: autoDraw = True
730.3938 	EXP 	unnamed Polygon: autoDraw = True
730.4102 	EXP 	unnamed Polygon: autoDraw = True
730.4274 	EXP 	unnamed Polygon: autoDraw = True
730.4440 	EXP 	unnamed Polygon: autoDraw = True
730.4608 	EXP 	unnamed Polygon: autoDraw = True
730.4772 	EXP 	unnamed Polygon: autoDraw = True
730.4934 	EXP 	unnamed Polygon: autoDraw = True
730.5104 	EXP 	unnamed Polygon: autoDraw = True
730.5269 	EXP 	unnamed Polygon: autoDraw = True
730.5440 	EXP 	unnamed Polygon: autoDraw = True
730.5603 	EXP 	unnamed Polygon: autoDraw = True
730.5772 	EXP 	unnamed Polygon: autoDraw = True
730.5937 	EXP 	unnamed Polygon: autoDraw = True
730.6106 	EXP 	unnamed Polygon: autoDraw = True
730.6271 	EXP 	unnamed Polygon: autoDraw = True
730.6437 	EXP 	unnamed Polygon: autoDraw = True
730.6605 	EXP 	unnamed Polygon: autoDraw = True
730.6771 	EXP 	unnamed Polygon: autoDraw = True
730.6947 	EXP 	unnamed Polygon: autoDraw = False
740.1445 	EXP 	unnamed Polygon: autoDraw = True
740.1445 	EXP 	unnamed Polygon: autoDraw = True
740.1610 	EXP 	unnamed Polygon: autoDraw = True
740.1778 	EXP 	unnamed Polygon: autoDraw = True
740.1945 	EXP 	unnamed Polygon: autoDraw = True
740.2111 	EXP 	unnamed Polygon: autoDraw = True
740.2278 	EXP 	unnamed Polygon: autoDraw = True
740.2443 	EXP 	unnamed Polygon: autoDraw = True
740.2613 	EXP 	unnamed Polygon: autoDraw = True
740.2778 	EXP 	unnamed Polygon: autoDraw = True
740.2948 	EXP 	unnamed Polygon: autoDraw = True
740.3113 	EXP 	unnamed Polygon: autoDraw = True
740.3278 	EXP 	unnamed Polygon: autoDraw = True
740.3448 	EXP 	unnamed Polygon: autoDraw = True
740.3622 	EXP 	unnamed Polygon: autoDraw = True
740.3788 	EXP 	unnamed Polygon: autoDraw = True
740.3956 	EXP 	unnamed Polygon: autoDraw = True
740.4115 	EXP 	unnamed Polygon: autoDraw = True
740.4278 	EXP 	unnamed Polygon: autoDraw = True
740.4444 	EXP 	unnamed Polygon: autoDraw = True
740.4609 	EXP 	unnamed Polygon: autoDraw = True
740.4776 	EXP 	unnamed Polygon: autoDraw = True
740.4944 	EXP 	unnamed Polygon: autoDraw = True
740.5110 	EXP 	unnamed Polygon: autoDraw = True
740.5279 	EXP 	unnamed Polygon: autoDraw = True
740.5443 	EXP 	unnamed Polygon: autoDraw = True
740.5612 	EXP 	unnamed Polygon: autoDraw = True
740.5779 	EXP 	unnamed Polygon: autoDraw = True
740.5945 	EXP 	unnamed Polygon: autoDraw = True
740.6112 	EXP 	unnamed Polygon: autoDraw = True
740.6275 	EXP 	unnamed Polygon: autoDraw = True
740.6446 	EXP 	unnamed Polygon: autoDraw = True
740.6612 	EXP 	unnamed Polygon: autoDraw = True
740.6779 	EXP 	unnamed Polygon: autoDraw = True
740.6945 	EXP 	unnamed Polygon: autoDraw = False
746.1614 	EXP 	unnamed Polygon: autoDraw = True
746.1614 	EXP 	unnamed Polygon: autoDraw = True
746.1784 	EXP 	unnamed Polygon: autoDraw = True
746.1954 	EXP 	unnamed Polygon: autoDraw = True
746.2114 	EXP 	unnamed Polygon: autoDraw = True
746.2283 	EXP 	unnamed Polygon: autoDraw = True
746.2450 	EXP 	unnamed Polygon: autoDraw = True
746.2617 	EXP 	unnamed Polygon: autoDraw = True
746.2783 	EXP 	unnamed Polygon: autoDraw = True
746.2952 	EXP 	unnamed Polygon: autoDraw = True
746.3120 	EXP 	unnamed Polygon: autoDraw = True
746.3284 	EXP 	unnamed Polygon: autoDraw = True
746.3450 	EXP 	unnamed Polygon: autoDraw = True
746.3618 	EXP 	unnamed Polygon: autoDraw = True
746.3783 	EXP 	unnamed Polygon: autoDraw = True
746.3952 	EXP 	unnamed Polygon: autoDraw = True
746.4116 	EXP 	unnamed Polygon: autoDraw = True
746.4290 	EXP 	unnamed Polygon: autoDraw = True
746.4447 	EXP 	unnamed Polygon: autoDraw = True
746.4618 	EXP 	unnamed Polygon: autoDraw = True
746.4787 	EXP 	unnamed Polygon: autoDraw = True
746.4961 	EXP 	unnamed Polygon: autoDraw = True
746.5131 	EXP 	unnamed Polygon: autoDraw = True
746.5289 	EXP 	unnamed Polygon: autoDraw = True
746.5454 	EXP 	unnamed Polygon: autoDraw = True
746.5615 	EXP 	unnamed Polygon: autoDraw = True
746.5790 	EXP 	unnamed Polygon: autoDraw = True
746.5955 	EXP 	unnamed Polygon: autoDraw = True
746.6118 	EXP 	unnamed Polygon: autoDraw = True
746.6290 	EXP 	unnamed Polygon: autoDraw = True
746.6450 	EXP 	unnamed Polygon: autoDraw = True
746.6615 	EXP 	unnamed Polygon: autoDraw = True
746.6783 	EXP 	unnamed Polygon: autoDraw = True
746.6957 	EXP 	unnamed Polygon: autoDraw = True
746.7115 	EXP 	unnamed Polygon: autoDraw = False
752.1619 	EXP 	unnamed Polygon: autoDraw = True
752.1619 	EXP 	unnamed Polygon: autoDraw = True
752.1786 	EXP 	unnamed Polygon: autoDraw = True
752.1952 	EXP 	unnamed Polygon: autoDraw = True
752.2120 	EXP 	unnamed Polygon: autoDraw = True
752.2287 	EXP 	unnamed Polygon: autoDraw = True
752.2454 	EXP 	unnamed Polygon: autoDraw = True
752.2619 	EXP 	unnamed Polygon: autoDraw = True
752.2788 	EXP 	unnamed Polygon: autoDraw = True
752.2952 	EXP 	unnamed Polygon: autoDraw = True
752.3121 	EXP 	unnamed Polygon: autoDraw = True
752.3287 	EXP 	unnamed Polygon: autoDraw = True
752.3455 	EXP 	unnamed Polygon: autoDraw = True
752.3620 	EXP 	unnamed Polygon: autoDraw = True
752.3785 	EXP 	unnamed Polygon: autoDraw = True
752.3952 	EXP 	unnamed Polygon: autoDraw = True
752.4119 	EXP 	unnamed Polygon: autoDraw = True
752.4287 	EXP 	unnamed Polygon: autoDraw = True
752.4452 	EXP 	unnamed Polygon: autoDraw = True
752.4620 	EXP 	unnamed Polygon: autoDraw = True
752.4789 	EXP 	unnamed Polygon: autoDraw = True
752.4953 	EXP 	unnamed Polygon: autoDraw = True
752.5120 	EXP 	unnamed Polygon: autoDraw = True
752.5288 	EXP 	unnamed Polygon: autoDraw = True
752.5454 	EXP 	unnamed Polygon: autoDraw = True
752.5630 	EXP 	unnamed Polygon: autoDraw = True
752.5797 	EXP 	unnamed Polygon: autoDraw = True
752.5961 	EXP 	unnamed Polygon: autoDraw = True
752.6122 	EXP 	unnamed Polygon: autoDraw = True
752.6284 	EXP 	unnamed Polygon: autoDraw = True
752.7162 	EXP 	unnamed Polygon: autoDraw = True
752.7221 	EXP 	unnamed Polygon: autoDraw = False
760.2123 	EXP 	unnamed Polygon: autoDraw = True
760.2123 	EXP 	unnamed Polygon: autoDraw = True
760.2292 	EXP 	unnamed Polygon: autoDraw = True
760.2458 	EXP 	unnamed Polygon: autoDraw = True
760.2625 	EXP 	unnamed Polygon: autoDraw = True
760.2796 	EXP 	unnamed Polygon: autoDraw = True
760.2960 	EXP 	unnamed Polygon: autoDraw = True
760.3124 	EXP 	unnamed Polygon: autoDraw = True
760.3291 	EXP 	unnamed Polygon: autoDraw = True
760.3461 	EXP 	unnamed Polygon: autoDraw = True
760.3622 	EXP 	unnamed Polygon: autoDraw = True
760.3792 	EXP 	unnamed Polygon: autoDraw = True
760.3961 	EXP 	unnamed Polygon: autoDraw = True
760.4122 	EXP 	unnamed Polygon: autoDraw = True
760.4292 	EXP 	unnamed Polygon: autoDraw = True
760.4460 	EXP 	unnamed Polygon: autoDraw = True
760.4624 	EXP 	unnamed Polygon: autoDraw = True
760.4791 	EXP 	unnamed Polygon: autoDraw = True
760.4959 	EXP 	unnamed Polygon: autoDraw = True
760.5128 	EXP 	unnamed Polygon: autoDraw = True
760.5289 	EXP 	unnamed Polygon: autoDraw = True
760.5459 	EXP 	unnamed Polygon: autoDraw = True
760.5627 	EXP 	unnamed Polygon: autoDraw = True
760.5796 	EXP 	unnamed Polygon: autoDraw = True
760.5958 	EXP 	unnamed Polygon: autoDraw = True
760.6129 	EXP 	unnamed Polygon: autoDraw = True
760.6292 	EXP 	unnamed Polygon: autoDraw = True
760.6457 	EXP 	unnamed Polygon: autoDraw = True
760.6637 	EXP 	unnamed Polygon: autoDraw = True
760.6800 	EXP 	unnamed Polygon: autoDraw = True
760.6960 	EXP 	unnamed Polygon: autoDraw = True
760.7127 	EXP 	unnamed Polygon: autoDraw = True
760.7293 	EXP 	unnamed Polygon: autoDraw = True
760.7457 	EXP 	unnamed Polygon: autoDraw = False
845.0257 	DATA 	Keypress: 1
845.0363 	EXP 	window1: mouseVisible = False
855.0904 	EXP 	unnamed TextStim: height = 0.04
855.0904 	EXP 	unnamed TextStim: height = 0.04
855.0904 	EXP 	unnamed TextStim: height = 0.04
855.0904 	EXP 	unnamed TextStim: text = 'Instructions...\n\nYour goal is to make as much money as possible.\n\nRemember:\nWIN CIRCLES = win money\nLOSE SQUARES = lose money\n\nQUICKLY press the button with your pointer finger when you see the solid white triangle.\n\nYou will get feedback on whether you pressed the button in time and if you won or lost money.'
857.2292 	DATA 	Keypress: 1
857.2306 	EXP 	window1: mouseVisible = True
857.2399 	EXP 	Created unnamed TextStim = TextStim(__class__=<class 'psychopy.visual.text.TextStim'>, alignHoriz=method-wrapper(...), alignText='center', alignVert=method-wrapper(...), anchorHoriz='center', anchorVert='center', antialias=True, autoDraw=False, autoLog=True, bold=False, color=array([1., 1., 1.]), colorSpace='rgb', contrast=1.0, depth=0, draggable=False, flipHoriz=False, flipVert=False, font='', fontFiles=[], height=0.08, italic=False, languageStyle='LTR', name='unnamed TextStim', opacity=1.0, ori=0.0, pos=array([-0.65,  0.15]), rgb=UNKNOWN, text='+', units='height', win=Window(...), wrapWidth=1)
857.2403 	EXP 	window1: mouseVisible = True
857.2908 	EXP 	Created unnamed ImageStim = ImageStim(__class__=<class 'psychopy.visual.image.ImageStim'>, anchor=('center', 'center'), autoLog=True, color=array([1., 1., 1.]), colorSpace='rgb', contrast=1.0, depth=0, draggable=False, flipHoriz=False, flipVert=False, image='../stimuli/reward_high.png', interpolate=False, mask=None, maskParams=None, name='unnamed ImageStim', opacity=1.0, ori=0.0, pos=array([-0.35,  0.15]), size=array([0.2, 0.2]), texRes=128, units='height', win=Window(...))
857.2910 	EXP 	window1: mouseVisible = True
857.2954 	EXP 	Created unnamed TextStim = TextStim(__class__=<class 'psychopy.visual.text.TextStim'>, alignHoriz=method-wrapper(...), alignText='center', alignVert=method-wrapper(...), anchorHoriz='center', anchorVert='center', antialias=True, autoDraw=False, autoLog=True, bold=False, color=array([1., 1., 1.]), colorSpace='rgb', contrast=1.0, depth=0, draggable=False, flipHoriz=False, flipVert=False, font='', fontFiles=[], height=0.08, italic=False, languageStyle='LTR', name='unnamed TextStim', opacity=1.0, ori=0.0, pos=array([-0.15,  0.15]), rgb=UNKNOWN, text='+', units='height', win=Window(...), wrapWidth=1)
857.2959 	EXP 	window1: mouseVisible = True
857.2989 	EXP 	Created unnamed Polygon = Polygon(__class__=<class 'psychopy.visual.polygon.Polygon'>, anchor=('center', 'center'), autoDraw=False, autoLog=True, closeShape=True, color=method-wrapper(...), colorSpace='rgb', contrast=None, depth=0, draggable=False, fillColor=array([1, 1, 1]), fillColorSpace='rgb', fillRGB=array([1, 1, 1]), interpolate=True, lineColor=array([1., 1., 1.]), lineColorSpace='rgb', lineRGB=array([1, 1, 1]), lineWidth=1.5, name='unnamed Polygon', opacity=1.0, ori=0.0, pos=array([0.15, 0.15]), size=array([1., 1.]), units='height', vertices=ndarray(...), win=Window(...))
857.2992 	EXP 	window1: mouseVisible = True
857.3040 	EXP 	Created unnamed TextStim = TextStim(__class__=<class 'psychopy.visual.text.TextStim'>, alignHoriz=method-wrapper(...), alignText='center', alignVert=method-wrapper(...), anchorHoriz='center', anchorVert='center', antialias=True, autoDraw=False, autoLog=True, bold=False, color=array([1., 1., 1.]), colorSpace='rgb', contrast=1.0, depth=0, draggable=False, flipHoriz=False, flipVert=False, font='', fontFiles=[], height=0.08, italic=False, languageStyle='LTR', name='unnamed TextStim', opacity=1.0, ori=0.0, pos=array([0.35, 0.15]), rgb=UNKNOWN, text='+', units='height', win=Window(...), wrapWidth=1)
857.3043 	EXP 	window1: mouseVisible = True
857.3156 	EXP 	Created unnamed TextStim = TextStim(__class__=<class 'psychopy.visual.text.TextStim'>, alignHoriz=method-wrapper(...), alignText='center', alignVert=method-wrapper(...), anchorHoriz='center', anchorVert='center', antialias=True, autoDraw=False, autoLog=True, bold=False, color=array([1., 1., 1.]), colorSpace='rgb', contrast=1.0, depth=0, draggable=False, flipHoriz=False, flipVert=False, font='', fontFiles=[], height=0.08, italic=False, languageStyle='LTR', name='unnamed TextStim', opacity=1.0, ori=0.0, pos=array([0.65, 0.15]), rgb=UNKNOWN, text='Hit!\n+$5.00', units='height', win=Window(...), wrapWidth=1)
857.3159 	EXP 	window1: mouseVisible = True
857.3160 	WARNING 	TextStim.alignHoriz is deprecated. Use alignText and anchorHoriz attributes instead
857.3260 	EXP 	Created unnamed TextStim = TextStim(__class__=<class 'psychopy.visual.text.TextStim'>, alignHoriz='center', alignText='center', alignVert=method-wrapper(...), anchorHoriz='center', anchorVert='center', antialias=True, autoDraw=False, autoLog=True, bold=False, color=array([1., 1., 1.]), colorSpace='rgb', contrast=1.0, depth=0, draggable=False, flipHoriz=False, flipVert=False, font='', fontFiles=[], height=0.04, italic=False, languageStyle='LTR', name='unnamed TextStim', opacity=1.0, ori=0.0, pos=array([-0.65, -0.15]), rgb=UNKNOWN, text='Pay attention', units='height', win=Window(...), wrapWidth=0.1)
857.3262 	EXP 	window1: mouseVisible = True
857.3264 	WARNING 	TextStim.alignHoriz is deprecated. Use alignText and anchorHoriz attributes instead
857.3365 	EXP 	Created unnamed TextStim = TextStim(__class__=<class 'psychopy.visual.text.TextStim'>, alignHoriz='center', alignText='center', alignVert=method-wrapper(...), anchorHoriz='center', anchorVert='center', antialias=True, autoDraw=False, autoLog=True, bold=False, color=array([1., 1., 1.]), colorSpace='rgb', contrast=1.0, depth=0, draggable=False, flipHoriz=False, flipVert=False, font='', fontFiles=[], height=0.04, italic=False, languageStyle='LTR', name='unnamed TextStim', opacity=1.0, ori=0.0, pos=array([-0.35, -0.15]), rgb=UNKNOWN, text="Cue: don't respond yet", units='height', win=Window(...), wrapWidth=0.1)
857.3368 	EXP 	window1: mouseVisible = True
857.3369 	WARNING 	TextStim.alignHoriz is deprecated. Use alignText and anchorHoriz attributes instead
857.3422 	EXP 	Created unnamed TextStim = TextStim(__class__=<class 'psychopy.visual.text.TextStim'>, alignHoriz='center', alignText='center', alignVert=method-wrapper(...), anchorHoriz='center', anchorVert='center', antialias=True, autoDraw=False, autoLog=True, bold=False, color=array([1., 1., 1.]), colorSpace='rgb', contrast=1.0, depth=0, draggable=False, flipHoriz=False, flipVert=False, font='', fontFiles=[], height=0.04, italic=False, languageStyle='LTR', name='unnamed TextStim', opacity=1.0, ori=0.0, pos=array([-0.15, -0.15]), rgb=UNKNOWN, text='Pay attention', units='height', win=Window(...), wrapWidth=0.1)
857.3425 	EXP 	window1: mouseVisible = True
857.3427 	WARNING 	TextStim.alignHoriz is deprecated. Use alignText and anchorHoriz attributes instead
857.3539 	EXP 	Created unnamed TextStim = TextStim(__class__=<class 'psychopy.visual.text.TextStim'>, alignHoriz='center', alignText='center', alignVert=method-wrapper(...), anchorHoriz='center', anchorVert='center', antialias=True, autoDraw=False, autoLog=True, bold=False, color=array([1., 1., 1.]), colorSpace='rgb', contrast=1.0, depth=0, draggable=False, flipHoriz=False, flipVert=False, font='', fontFiles=[], height=0.04, italic=False, languageStyle='LTR', name='unnamed TextStim', opacity=1.0, ori=0.0, pos=array([ 0.15, -0.15]), rgb=UNKNOWN, text='Respond when solid triangle is on screen', units='height', win=Window(...), wrapWidth=0.1)
857.3541 	EXP 	window1: mouseVisible = True
857.3543 	WARNING 	TextStim.alignHoriz is deprecated. Use alignText and anchorHoriz attributes instead
857.3591 	EXP 	Created unnamed TextStim = TextStim(__class__=<class 'psychopy.visual.text.TextStim'>, alignHoriz='center', alignText='center', alignVert=method-wrapper(...), anchorHoriz='center', anchorVert='center', antialias=True, autoDraw=False, autoLog=True, bold=False, color=array([1., 1., 1.]), colorSpace='rgb', contrast=1.0, depth=0, draggable=False, flipHoriz=False, flipVert=False, font='', fontFiles=[], height=0.04, italic=False, languageStyle='LTR', name='unnamed TextStim', opacity=1.0, ori=0.0, pos=array([ 0.35, -0.15]), rgb=UNKNOWN, text='Pay attention', units='height', win=Window(...), wrapWidth=0.1)
857.3593 	EXP 	window1: mouseVisible = True
857.3595 	WARNING 	TextStim.alignHoriz is deprecated. Use alignText and anchorHoriz attributes instead
857.3651 	EXP 	Created unnamed TextStim = TextStim(__class__=<class 'psychopy.visual.text.TextStim'>, alignHoriz='center', alignText='center', alignVert=method-wrapper(...), anchorHoriz='center', anchorVert='center', antialias=True, autoDraw=False, autoLog=True, bold=False, color=array([1., 1., 1.]), colorSpace='rgb', contrast=1.0, depth=0, draggable=False, flipHoriz=False, flipVert=False, font='', fontFiles=[], height=0.04, italic=False, languageStyle='LTR', name='unnamed TextStim', opacity=1.0, ori=0.0, pos=array([ 0.65, -0.15]), rgb=UNKNOWN, text='Feedback', units='height', win=Window(...), wrapWidth=0.1)
857.8681 	DATA 	Keypress: 1
858.3406 	DATA 	Keypress: 1
859.4057 	DATA 	Keypress: return
860.9230 	DATA 	Keypress: equal
870.4045 	EXP 	unnamed Polygon: autoDraw = True
870.4045 	EXP 	unnamed Polygon: autoDraw = True
870.4213 	EXP 	unnamed Polygon: autoDraw = True
870.4377 	EXP 	unnamed Polygon: autoDraw = True
870.4543 	EXP 	unnamed Polygon: autoDraw = True
870.4709 	EXP 	unnamed Polygon: autoDraw = True
870.4878 	EXP 	unnamed Polygon: autoDraw = True
870.5044 	EXP 	unnamed Polygon: autoDraw = True
870.5215 	EXP 	unnamed Polygon: autoDraw = True
870.5379 	EXP 	unnamed Polygon: autoDraw = True
870.5547 	EXP 	unnamed Polygon: autoDraw = True
870.5714 	EXP 	unnamed Polygon: autoDraw = True
870.5875 	EXP 	unnamed Polygon: autoDraw = True
870.6045 	EXP 	unnamed Polygon: autoDraw = True
870.6212 	EXP 	unnamed Polygon: autoDraw = True
870.6379 	EXP 	unnamed Polygon: autoDraw = True
870.6548 	EXP 	unnamed Polygon: autoDraw = True
870.6714 	EXP 	unnamed Polygon: autoDraw = True
870.6881 	EXP 	unnamed Polygon: autoDraw = True
870.7045 	EXP 	unnamed Polygon: autoDraw = True
870.7213 	EXP 	unnamed Polygon: autoDraw = True
870.7377 	EXP 	unnamed Polygon: autoDraw = True
870.7546 	EXP 	unnamed Polygon: autoDraw = True
870.7712 	EXP 	unnamed Polygon: autoDraw = True
870.7880 	EXP 	unnamed Polygon: autoDraw = True
870.8048 	EXP 	unnamed Polygon: autoDraw = True
870.8212 	EXP 	unnamed Polygon: autoDraw = True
870.8379 	EXP 	unnamed Polygon: autoDraw = True
870.8548 	EXP 	unnamed Polygon: autoDraw = True
870.8713 	EXP 	unnamed Polygon: autoDraw = True
870.8874 	EXP 	unnamed Polygon: autoDraw = True
870.9047 	EXP 	unnamed Polygon: autoDraw = True
870.9213 	EXP 	unnamed Polygon: autoDraw = True
870.9382 	EXP 	unnamed Polygon: autoDraw = True
870.9546 	EXP 	unnamed Polygon: autoDraw = False
871.9704 	EXP 	trial_feedback: height = 0.09
871.9704 	EXP 	trial_feedback: height = 0.09
871.9704 	EXP 	trial_feedback: height = 0.09
871.9704 	EXP 	trial_feedback: text = 'Miss!\n$0.00'
871.9704 	EXP 	trial_feedback: autoDraw = True
873.9707 	EXP 	trial_feedback: autoDraw = False
873.9707 	EXP 	exp_feedback: autoDraw = False
883.9887 	EXP 	unnamed Polygon: autoDraw = True
883.9887 	EXP 	unnamed Polygon: autoDraw = True
884.0054 	EXP 	unnamed Polygon: autoDraw = True
884.0223 	EXP 	unnamed Polygon: autoDraw = True
884.0379 	EXP 	unnamed Polygon: autoDraw = True
884.0543 	EXP 	unnamed Polygon: autoDraw = True
884.0709 	EXP 	unnamed Polygon: autoDraw = True
884.0879 	EXP 	unnamed Polygon: autoDraw = True
884.1044 	EXP 	unnamed Polygon: autoDraw = True
884.1210 	EXP 	unnamed Polygon: autoDraw = True
884.1382 	EXP 	unnamed Polygon: autoDraw = True
884.1553 	EXP 	unnamed Polygon: autoDraw = True
884.1721 	EXP 	unnamed Polygon: autoDraw = True
884.1876 	EXP 	unnamed Polygon: autoDraw = True
884.2044 	EXP 	unnamed Polygon: autoDraw = True
884.2211 	EXP 	unnamed Polygon: autoDraw = True
884.2378 	EXP 	unnamed Polygon: autoDraw = True
884.2544 	EXP 	unnamed Polygon: autoDraw = True
884.2718 	EXP 	unnamed Polygon: autoDraw = True
884.2887 	EXP 	unnamed Polygon: autoDraw = True
884.3057 	EXP 	unnamed Polygon: autoDraw = True
884.3210 	EXP 	unnamed Polygon: autoDraw = True
884.3376 	EXP 	unnamed Polygon: autoDraw = True
884.3544 	EXP 	unnamed Polygon: autoDraw = True
884.3713 	EXP 	unnamed Polygon: autoDraw = True
884.3880 	EXP 	unnamed Polygon: autoDraw = True
884.4044 	EXP 	unnamed Polygon: autoDraw = True
884.4213 	EXP 	unnamed Polygon: autoDraw = True
884.4376 	EXP 	unnamed Polygon: autoDraw = True
884.4543 	EXP 	unnamed Polygon: autoDraw = True
884.4710 	EXP 	unnamed Polygon: autoDraw = True
884.4878 	EXP 	unnamed Polygon: autoDraw = True
884.5043 	EXP 	unnamed Polygon: autoDraw = True
884.5210 	EXP 	unnamed Polygon: autoDraw = True
884.5376 	EXP 	unnamed Polygon: autoDraw = False
885.9717 	EXP 	trial_feedback: text = 'Miss!\n$0.00'
885.9717 	EXP 	trial_feedback: autoDraw = True
887.9714 	EXP 	trial_feedback: autoDraw = False
887.9714 	EXP 	exp_feedback: autoDraw = False
894.2717 	EXP 	unnamed Polygon: autoDraw = True
894.2717 	EXP 	unnamed Polygon: autoDraw = True
894.2886 	EXP 	unnamed Polygon: autoDraw = True
894.3059 	EXP 	unnamed Polygon: autoDraw = True
894.3228 	EXP 	unnamed Polygon: autoDraw = True
894.3384 	EXP 	unnamed Polygon: autoDraw = True
894.3553 	EXP 	unnamed Polygon: autoDraw = True
894.3718 	EXP 	unnamed Polygon: autoDraw = True
894.3884 	EXP 	unnamed Polygon: autoDraw = True
894.4050 	EXP 	unnamed Polygon: autoDraw = True
894.4227 	EXP 	unnamed Polygon: autoDraw = True
894.4394 	EXP 	unnamed Polygon: autoDraw = True
894.4555 	EXP 	unnamed Polygon: autoDraw = True
894.4718 	EXP 	unnamed Polygon: autoDraw = True
894.4886 	EXP 	unnamed Polygon: autoDraw = True
894.5051 	EXP 	unnamed Polygon: autoDraw = True
894.5217 	EXP 	unnamed Polygon: autoDraw = True
894.5388 	EXP 	unnamed Polygon: autoDraw = True
894.5559 	EXP 	unnamed Polygon: autoDraw = True
894.5730 	EXP 	unnamed Polygon: autoDraw = True
894.5883 	EXP 	unnamed Polygon: autoDraw = True
894.6052 	EXP 	unnamed Polygon: autoDraw = True
894.6217 	EXP 	unnamed Polygon: autoDraw = True
894.6388 	EXP 	unnamed Polygon: autoDraw = True
894.6562 	EXP 	unnamed Polygon: autoDraw = True
894.6717 	EXP 	unnamed Polygon: autoDraw = True
894.6884 	EXP 	unnamed Polygon: autoDraw = True
894.7061 	EXP 	unnamed Polygon: autoDraw = True
894.7226 	EXP 	unnamed Polygon: autoDraw = True
894.7394 	EXP 	unnamed Polygon: autoDraw = True
894.7563 	EXP 	unnamed Polygon: autoDraw = True
894.7727 	EXP 	unnamed Polygon: autoDraw = True
894.7886 	EXP 	unnamed Polygon: autoDraw = True
894.8052 	EXP 	unnamed Polygon: autoDraw = True
894.8218 	EXP 	unnamed Polygon: autoDraw = True
894.8390 	EXP 	unnamed Polygon: autoDraw = False
896.0007 	EXP 	trial_feedback: height = 0.09
896.0007 	EXP 	trial_feedback: height = 0.09
896.0007 	EXP 	trial_feedback: height = 0.09
896.0007 	EXP 	trial_feedback: text = 'Miss!\n-$1.50'
896.0007 	EXP 	trial_feedback: autoDraw = True
897.9885 	EXP 	trial_feedback: autoDraw = False
898.0053 	EXP 	trial_feedback: autoDraw = False
898.0053 	EXP 	exp_feedback: autoDraw = False
908.4404 	EXP 	unnamed Polygon: autoDraw = True
908.4404 	EXP 	unnamed Polygon: autoDraw = True
908.4570 	EXP 	unnamed Polygon: autoDraw = True
908.4737 	EXP 	unnamed Polygon: autoDraw = True
908.4906 	EXP 	unnamed Polygon: autoDraw = True
908.5070 	EXP 	unnamed Polygon: autoDraw = True
908.5237 	EXP 	unnamed Polygon: autoDraw = True
908.5405 	EXP 	unnamed Polygon: autoDraw = True
908.5570 	EXP 	unnamed Polygon: autoDraw = True
908.5741 	EXP 	unnamed Polygon: autoDraw = True
908.5904 	EXP 	unnamed Polygon: autoDraw = True
908.6072 	EXP 	unnamed Polygon: autoDraw = True
908.6238 	EXP 	unnamed Polygon: autoDraw = True
908.6404 	EXP 	unnamed Polygon: autoDraw = True
908.6570 	EXP 	unnamed Polygon: autoDraw = True
908.6734 	EXP 	unnamed Polygon: autoDraw = True
908.6913 	EXP 	unnamed Polygon: autoDraw = True
908.7070 	EXP 	unnamed Polygon: autoDraw = True
908.7236 	EXP 	unnamed Polygon: autoDraw = True
908.7408 	EXP 	unnamed Polygon: autoDraw = True
908.7571 	EXP 	unnamed Polygon: autoDraw = True
908.7737 	EXP 	unnamed Polygon: autoDraw = True
908.7902 	EXP 	unnamed Polygon: autoDraw = True
908.8069 	EXP 	unnamed Polygon: autoDraw = True
908.8237 	EXP 	unnamed Polygon: autoDraw = True
908.8403 	EXP 	unnamed Polygon: autoDraw = True
908.8577 	EXP 	unnamed Polygon: autoDraw = True
908.8727 	EXP 	unnamed Polygon: autoDraw = True
908.8893 	EXP 	unnamed Polygon: autoDraw = True
908.9057 	EXP 	unnamed Polygon: autoDraw = True
908.9229 	EXP 	unnamed Polygon: autoDraw = True
908.9391 	EXP 	unnamed Polygon: autoDraw = True
908.9556 	EXP 	unnamed Polygon: autoDraw = True
908.9726 	EXP 	unnamed Polygon: autoDraw = True
908.9896 	EXP 	unnamed Polygon: autoDraw = True
909.0058 	EXP 	unnamed Polygon: autoDraw = False
910.0398 	EXP 	trial_feedback: height = 0.09
910.0398 	EXP 	trial_feedback: height = 0.09
910.0398 	EXP 	trial_feedback: height = 0.09
910.0398 	EXP 	trial_feedback: text = 'Miss!\n-$5.00'
910.0398 	EXP 	trial_feedback: autoDraw = True
912.0398 	EXP 	trial_feedback: autoDraw = False
912.0398 	EXP 	exp_feedback: autoDraw = False
922.2908 	EXP 	unnamed Polygon: autoDraw = True
922.2908 	EXP 	unnamed Polygon: autoDraw = True
922.3078 	EXP 	unnamed Polygon: autoDraw = True
922.3242 	EXP 	unnamed Polygon: autoDraw = True
922.3415 	EXP 	unnamed Polygon: autoDraw = True
922.3576 	EXP 	unnamed Polygon: autoDraw = True
922.3737 	EXP 	unnamed Polygon: autoDraw = True
922.3900 	EXP 	unnamed Polygon: autoDraw = True
922.4070 	EXP 	unnamed Polygon: autoDraw = True
922.4233 	EXP 	unnamed Polygon: autoDraw = True
922.4401 	EXP 	unnamed Polygon: autoDraw = True
922.4572 	EXP 	unnamed Polygon: autoDraw = True
922.4733 	EXP 	unnamed Polygon: autoDraw = True
922.4904 	EXP 	unnamed Polygon: autoDraw = True
922.5065 	EXP 	unnamed Polygon: autoDraw = True
922.5235 	EXP 	unnamed Polygon: autoDraw = True
922.5408 	EXP 	unnamed Polygon: autoDraw = True
922.5566 	EXP 	unnamed Polygon: autoDraw = True
922.5738 	EXP 	unnamed Polygon: autoDraw = True
922.5902 	EXP 	unnamed Polygon: autoDraw = True
922.6066 	EXP 	unnamed Polygon: autoDraw = True
922.6241 	EXP 	unnamed Polygon: autoDraw = True
922.6404 	EXP 	unnamed Polygon: autoDraw = True
922.6574 	EXP 	unnamed Polygon: autoDraw = True
922.6735 	EXP 	unnamed Polygon: autoDraw = True
922.6905 	EXP 	unnamed Polygon: autoDraw = True
922.7067 	EXP 	unnamed Polygon: autoDraw = True
922.7238 	EXP 	unnamed Polygon: autoDraw = True
922.7403 	EXP 	unnamed Polygon: autoDraw = True
922.7570 	EXP 	unnamed Polygon: autoDraw = True
922.7735 	EXP 	unnamed Polygon: autoDraw = True
922.7905 	EXP 	unnamed Polygon: autoDraw = True
922.8075 	EXP 	unnamed Polygon: autoDraw = True
922.8234 	EXP 	unnamed Polygon: autoDraw = True
922.8404 	EXP 	unnamed Polygon: autoDraw = True
922.8573 	EXP 	unnamed Polygon: autoDraw = True
922.8741 	EXP 	unnamed Polygon: autoDraw = False
924.0746 	EXP 	trial_feedback: height = 0.09
924.0746 	EXP 	trial_feedback: height = 0.09
924.0746 	EXP 	trial_feedback: height = 0.09
924.0746 	EXP 	trial_feedback: text = 'Miss!\n-$1.50'
924.0746 	EXP 	trial_feedback: autoDraw = True
926.0752 	EXP 	trial_feedback: autoDraw = False
926.0752 	EXP 	exp_feedback: autoDraw = False
936.5584 	EXP 	unnamed Polygon: autoDraw = True
936.5584 	EXP 	unnamed Polygon: autoDraw = True
936.5748 	EXP 	unnamed Polygon: autoDraw = True
936.5913 	EXP 	unnamed Polygon: autoDraw = True
936.6079 	EXP 	unnamed Polygon: autoDraw = True
936.6247 	EXP 	unnamed Polygon: autoDraw = True
936.6414 	EXP 	unnamed Polygon: autoDraw = True
936.6585 	EXP 	unnamed Polygon: autoDraw = True
936.6750 	EXP 	unnamed Polygon: autoDraw = True
936.6913 	EXP 	unnamed Polygon: autoDraw = True
936.7081 	EXP 	unnamed Polygon: autoDraw = True
936.7247 	EXP 	unnamed Polygon: autoDraw = True
936.7414 	EXP 	unnamed Polygon: autoDraw = True
936.7581 	EXP 	unnamed Polygon: autoDraw = True
936.7748 	EXP 	unnamed Polygon: autoDraw = True
936.7913 	EXP 	unnamed Polygon: autoDraw = True
936.8080 	EXP 	unnamed Polygon: autoDraw = True
936.8252 	EXP 	unnamed Polygon: autoDraw = True
936.8416 	EXP 	unnamed Polygon: autoDraw = True
936.8586 	EXP 	unnamed Polygon: autoDraw = True
936.8755 	EXP 	unnamed Polygon: autoDraw = True
936.8922 	EXP 	unnamed Polygon: autoDraw = True
936.9088 	EXP 	unnamed Polygon: autoDraw = True
936.9257 	EXP 	unnamed Polygon: autoDraw = True
936.9428 	EXP 	unnamed Polygon: autoDraw = True
936.9585 	EXP 	unnamed Polygon: autoDraw = True
936.9745 	EXP 	unnamed Polygon: autoDraw = True
936.9914 	EXP 	unnamed Polygon: autoDraw = True
937.0082 	EXP 	unnamed Polygon: autoDraw = True
937.0248 	EXP 	unnamed Polygon: autoDraw = True
937.0412 	EXP 	unnamed Polygon: autoDraw = True
937.0582 	EXP 	unnamed Polygon: autoDraw = True
937.0749 	EXP 	unnamed Polygon: autoDraw = True
937.0915 	EXP 	unnamed Polygon: autoDraw = True
937.1081 	EXP 	unnamed Polygon: autoDraw = False
938.1081 	EXP 	trial_feedback: height = 0.09
938.1081 	EXP 	trial_feedback: height = 0.09
938.1081 	EXP 	trial_feedback: height = 0.09
938.1081 	EXP 	trial_feedback: text = 'Miss!\n$0.00'
938.1081 	EXP 	trial_feedback: autoDraw = True
940.1082 	EXP 	trial_feedback: autoDraw = False
940.1082 	EXP 	exp_feedback: autoDraw = False
950.4091 	EXP 	unnamed Polygon: autoDraw = True
950.4091 	EXP 	unnamed Polygon: autoDraw = True
950.4256 	EXP 	unnamed Polygon: autoDraw = True
950.4423 	EXP 	unnamed Polygon: autoDraw = True
950.4590 	EXP 	unnamed Polygon: autoDraw = True
950.4756 	EXP 	unnamed Polygon: autoDraw = True
950.4923 	EXP 	unnamed Polygon: autoDraw = True
950.5089 	EXP 	unnamed Polygon: autoDraw = True
950.5256 	EXP 	unnamed Polygon: autoDraw = True
950.5425 	EXP 	unnamed Polygon: autoDraw = True
950.5590 	EXP 	unnamed Polygon: autoDraw = True
950.5757 	EXP 	unnamed Polygon: autoDraw = True
950.5924 	EXP 	unnamed Polygon: autoDraw = True
950.6092 	EXP 	unnamed Polygon: autoDraw = True
950.6256 	EXP 	unnamed Polygon: autoDraw = True
950.6425 	EXP 	unnamed Polygon: autoDraw = True
950.6593 	EXP 	unnamed Polygon: autoDraw = True
950.6754 	EXP 	unnamed Polygon: autoDraw = True
950.6925 	EXP 	unnamed Polygon: autoDraw = True
950.7089 	EXP 	unnamed Polygon: autoDraw = True
950.7258 	EXP 	unnamed Polygon: autoDraw = True
950.7421 	EXP 	unnamed Polygon: autoDraw = True
950.7588 	EXP 	unnamed Polygon: autoDraw = True
950.7756 	EXP 	unnamed Polygon: autoDraw = True
950.7921 	EXP 	unnamed Polygon: autoDraw = True
950.8090 	EXP 	unnamed Polygon: autoDraw = True
950.8254 	EXP 	unnamed Polygon: autoDraw = True
950.8421 	EXP 	unnamed Polygon: autoDraw = True
950.8589 	EXP 	unnamed Polygon: autoDraw = True
950.8755 	EXP 	unnamed Polygon: autoDraw = True
950.8928 	EXP 	unnamed Polygon: autoDraw = True
950.9089 	EXP 	unnamed Polygon: autoDraw = True
950.9258 	EXP 	unnamed Polygon: autoDraw = True
950.9426 	EXP 	unnamed Polygon: autoDraw = True
950.9589 	EXP 	unnamed Polygon: autoDraw = False
952.1264 	EXP 	trial_feedback: height = 0.09
952.1264 	EXP 	trial_feedback: height = 0.09
952.1264 	EXP 	trial_feedback: height = 0.09
952.1264 	EXP 	trial_feedback: text = 'Miss!\n-$0.00'
952.1264 	EXP 	trial_feedback: autoDraw = True
954.1259 	EXP 	trial_feedback: autoDraw = False
954.1423 	EXP 	trial_feedback: autoDraw = False
954.1423 	EXP 	exp_feedback: autoDraw = False
960.3598 	EXP 	unnamed Polygon: autoDraw = True
960.3598 	EXP 	unnamed Polygon: autoDraw = True
960.3764 	EXP 	unnamed Polygon: autoDraw = True
960.3931 	EXP 	unnamed Polygon: autoDraw = True
960.4094 	EXP 	unnamed Polygon: autoDraw = True
960.4265 	EXP 	unnamed Polygon: autoDraw = True
960.4431 	EXP 	unnamed Polygon: autoDraw = True
960.4595 	EXP 	unnamed Polygon: autoDraw = True
960.4763 	EXP 	unnamed Polygon: autoDraw = True
960.4930 	EXP 	unnamed Polygon: autoDraw = True
960.5097 	EXP 	unnamed Polygon: autoDraw = True
960.5264 	EXP 	unnamed Polygon: autoDraw = True
960.5430 	EXP 	unnamed Polygon: autoDraw = True
960.5598 	EXP 	unnamed Polygon: autoDraw = True
960.5764 	EXP 	unnamed Polygon: autoDraw = True
960.5933 	EXP 	unnamed Polygon: autoDraw = True
960.6097 	EXP 	unnamed Polygon: autoDraw = True
960.6264 	EXP 	unnamed Polygon: autoDraw = True
960.6431 	EXP 	unnamed Polygon: autoDraw = True
960.6596 	EXP 	unnamed Polygon: autoDraw = True
960.6776 	EXP 	unnamed Polygon: autoDraw = True
960.6940 	EXP 	unnamed Polygon: autoDraw = True
960.7108 	EXP 	unnamed Polygon: autoDraw = True
960.7273 	EXP 	unnamed Polygon: autoDraw = True
960.7438 	EXP 	unnamed Polygon: autoDraw = True
960.7607 	EXP 	unnamed Polygon: autoDraw = True
960.7778 	EXP 	unnamed Polygon: autoDraw = True
960.7932 	EXP 	unnamed Polygon: autoDraw = True
960.8097 	EXP 	unnamed Polygon: autoDraw = True
960.8261 	EXP 	unnamed Polygon: autoDraw = True
960.8431 	EXP 	unnamed Polygon: autoDraw = True
960.8597 	EXP 	unnamed Polygon: autoDraw = True
960.8764 	EXP 	unnamed Polygon: autoDraw = True
960.8933 	EXP 	unnamed Polygon: autoDraw = True
960.9098 	EXP 	unnamed Polygon: autoDraw = True
960.9261 	EXP 	unnamed Polygon: autoDraw = True
960.9431 	EXP 	unnamed Polygon: autoDraw = False
962.1776 	EXP 	trial_feedback: height = 0.09
962.1776 	EXP 	trial_feedback: height = 0.09
962.1776 	EXP 	trial_feedback: height = 0.09
962.1776 	EXP 	trial_feedback: text = 'Miss!\n$0.00'
962.1776 	EXP 	trial_feedback: autoDraw = True
964.1763 	EXP 	trial_feedback: autoDraw = False
964.1931 	EXP 	trial_feedback: autoDraw = False
964.1931 	EXP 	exp_feedback: autoDraw = False
974.4274 	EXP 	unnamed Polygon: autoDraw = True
974.4274 	EXP 	unnamed Polygon: autoDraw = True
974.4440 	EXP 	unnamed Polygon: autoDraw = True
974.4610 	EXP 	unnamed Polygon: autoDraw = True
974.4777 	EXP 	unnamed Polygon: autoDraw = True
974.4938 	EXP 	unnamed Polygon: autoDraw = True
974.5105 	EXP 	unnamed Polygon: autoDraw = True
974.5274 	EXP 	unnamed Polygon: autoDraw = True
974.5440 	EXP 	unnamed Polygon: autoDraw = True
974.5607 	EXP 	unnamed Polygon: autoDraw = True
974.5774 	EXP 	unnamed Polygon: autoDraw = True
974.5940 	EXP 	unnamed Polygon: autoDraw = True
974.6105 	EXP 	unnamed Polygon: autoDraw = True
974.6274 	EXP 	unnamed Polygon: autoDraw = True
974.6440 	EXP 	unnamed Polygon: autoDraw = True
974.6608 	EXP 	unnamed Polygon: autoDraw = True
974.6775 	EXP 	unnamed Polygon: autoDraw = True
974.6940 	EXP 	unnamed Polygon: autoDraw = True
974.7106 	EXP 	unnamed Polygon: autoDraw = True
974.7273 	EXP 	unnamed Polygon: autoDraw = True
974.7439 	EXP 	unnamed Polygon: autoDraw = True
974.7606 	EXP 	unnamed Polygon: autoDraw = True
974.7785 	EXP 	unnamed Polygon: autoDraw = True
974.7940 	EXP 	unnamed Polygon: autoDraw = True
974.8109 	EXP 	unnamed Polygon: autoDraw = True
974.8274 	EXP 	unnamed Polygon: autoDraw = True
974.8440 	EXP 	unnamed Polygon: autoDraw = True
974.8611 	EXP 	unnamed Polygon: autoDraw = True
974.8778 	EXP 	unnamed Polygon: autoDraw = True
974.8940 	EXP 	unnamed Polygon: autoDraw = True
974.9107 	EXP 	unnamed Polygon: autoDraw = True
974.9273 	EXP 	unnamed Polygon: autoDraw = True
974.9437 	EXP 	unnamed Polygon: autoDraw = True
974.9604 	EXP 	unnamed Polygon: autoDraw = True
974.9771 	EXP 	unnamed Polygon: autoDraw = True
974.9935 	EXP 	unnamed Polygon: autoDraw = True
975.0106 	EXP 	unnamed Polygon: autoDraw = True
975.0269 	EXP 	unnamed Polygon: autoDraw = False
976.2273 	EXP 	trial_feedback: height = 0.09
976.2273 	EXP 	trial_feedback: height = 0.09
976.2273 	EXP 	trial_feedback: height = 0.09
976.2273 	EXP 	trial_feedback: text = 'Miss!\n-$1.50'
976.2273 	EXP 	trial_feedback: autoDraw = True
978.2280 	EXP 	trial_feedback: autoDraw = False
978.2438 	EXP 	trial_feedback: autoDraw = False
978.2438 	EXP 	exp_feedback: autoDraw = False
984.6447 	EXP 	unnamed Polygon: autoDraw = True
984.6447 	EXP 	unnamed Polygon: autoDraw = True
984.6614 	EXP 	unnamed Polygon: autoDraw = True
984.6783 	EXP 	unnamed Polygon: autoDraw = True
984.6948 	EXP 	unnamed Polygon: autoDraw = True
984.7114 	EXP 	unnamed Polygon: autoDraw = True
984.7281 	EXP 	unnamed Polygon: autoDraw = True
984.7447 	EXP 	unnamed Polygon: autoDraw = True
984.7617 	EXP 	unnamed Polygon: autoDraw = True
984.7793 	EXP 	unnamed Polygon: autoDraw = True
984.7959 	EXP 	unnamed Polygon: autoDraw = True
984.8126 	EXP 	unnamed Polygon: autoDraw = True
984.8289 	EXP 	unnamed Polygon: autoDraw = True
984.8458 	EXP 	unnamed Polygon: autoDraw = True
984.8625 	EXP 	unnamed Polygon: autoDraw = True
984.8797 	EXP 	unnamed Polygon: autoDraw = True
984.8948 	EXP 	unnamed Polygon: autoDraw = True
984.9114 	EXP 	unnamed Polygon: autoDraw = True
984.9281 	EXP 	unnamed Polygon: autoDraw = True
984.9448 	EXP 	unnamed Polygon: autoDraw = True
984.9615 	EXP 	unnamed Polygon: autoDraw = True
984.9780 	EXP 	unnamed Polygon: autoDraw = True
984.9947 	EXP 	unnamed Polygon: autoDraw = True
985.0118 	EXP 	unnamed Polygon: autoDraw = True
985.0280 	EXP 	unnamed Polygon: autoDraw = True
985.0449 	EXP 	unnamed Polygon: autoDraw = True
985.0616 	EXP 	unnamed Polygon: autoDraw = True
985.0780 	EXP 	unnamed Polygon: autoDraw = True
985.0945 	EXP 	unnamed Polygon: autoDraw = True
985.1113 	EXP 	unnamed Polygon: autoDraw = True
985.1282 	EXP 	unnamed Polygon: autoDraw = True
985.1447 	EXP 	unnamed Polygon: autoDraw = True
985.1613 	EXP 	unnamed Polygon: autoDraw = True
985.1779 	EXP 	unnamed Polygon: autoDraw = True
985.1947 	EXP 	unnamed Polygon: autoDraw = True
985.2118 	EXP 	unnamed Polygon: autoDraw = True
985.2282 	EXP 	unnamed Polygon: autoDraw = True
985.2448 	EXP 	unnamed Polygon: autoDraw = False
986.2615 	EXP 	trial_feedback: height = 0.09
986.2615 	EXP 	trial_feedback: height = 0.09
986.2615 	EXP 	trial_feedback: height = 0.09
986.2615 	EXP 	trial_feedback: text = 'Miss!\n$0.00'
986.2615 	EXP 	trial_feedback: autoDraw = True
988.2612 	EXP 	trial_feedback: autoDraw = False
988.2780 	EXP 	trial_feedback: autoDraw = False
988.2780 	EXP 	exp_feedback: autoDraw = False
996.5455 	EXP 	unnamed Polygon: autoDraw = True
996.5455 	EXP 	unnamed Polygon: autoDraw = True
996.5622 	EXP 	unnamed Polygon: autoDraw = True
996.5789 	EXP 	unnamed Polygon: autoDraw = True
996.5955 	EXP 	unnamed Polygon: autoDraw = True
996.6121 	EXP 	unnamed Polygon: autoDraw = True
996.6287 	EXP 	unnamed Polygon: autoDraw = True
996.6454 	EXP 	unnamed Polygon: autoDraw = True
996.6617 	EXP 	unnamed Polygon: autoDraw = True
996.6787 	EXP 	unnamed Polygon: autoDraw = True
996.6952 	EXP 	unnamed Polygon: autoDraw = True
996.7119 	EXP 	unnamed Polygon: autoDraw = True
996.7285 	EXP 	unnamed Polygon: autoDraw = True
996.7453 	EXP 	unnamed Polygon: autoDraw = True
996.7621 	EXP 	unnamed Polygon: autoDraw = True
996.7788 	EXP 	unnamed Polygon: autoDraw = True
996.7955 	EXP 	unnamed Polygon: autoDraw = True
996.8123 	EXP 	unnamed Polygon: autoDraw = True
996.8295 	EXP 	unnamed Polygon: autoDraw = True
996.8456 	EXP 	unnamed Polygon: autoDraw = True
996.8622 	EXP 	unnamed Polygon: autoDraw = True
996.8788 	EXP 	unnamed Polygon: autoDraw = True
996.8956 	EXP 	unnamed Polygon: autoDraw = True
996.9127 	EXP 	unnamed Polygon: autoDraw = True
996.9288 	EXP 	unnamed Polygon: autoDraw = True
996.9454 	EXP 	unnamed Polygon: autoDraw = True
996.9621 	EXP 	unnamed Polygon: autoDraw = True
996.9786 	EXP 	unnamed Polygon: autoDraw = True
996.9953 	EXP 	unnamed Polygon: autoDraw = True
997.0120 	EXP 	unnamed Polygon: autoDraw = True
997.0290 	EXP 	unnamed Polygon: autoDraw = True
997.0454 	EXP 	unnamed Polygon: autoDraw = True
997.0621 	EXP 	unnamed Polygon: autoDraw = True
997.0787 	EXP 	unnamed Polygon: autoDraw = True
997.0953 	EXP 	unnamed Polygon: autoDraw = True
997.1121 	EXP 	unnamed Polygon: autoDraw = True
997.1288 	EXP 	unnamed Polygon: autoDraw = False
998.2964 	EXP 	trial_feedback: height = 0.09
998.2964 	EXP 	trial_feedback: height = 0.09
998.2964 	EXP 	trial_feedback: height = 0.09
998.2964 	EXP 	trial_feedback: text = 'Miss!\n-$0.00'
998.2964 	EXP 	trial_feedback: autoDraw = True
1000.2955 	EXP 	trial_feedback: autoDraw = False
1000.3121 	EXP 	trial_feedback: autoDraw = False
1000.3121 	EXP 	exp_feedback: autoDraw = False
1006.6964 	EXP 	unnamed Polygon: autoDraw = True
1006.6964 	EXP 	unnamed Polygon: autoDraw = True
1006.7135 	EXP 	unnamed Polygon: autoDraw = True
1006.7302 	EXP 	unnamed Polygon: autoDraw = True
1006.7469 	EXP 	unnamed Polygon: autoDraw = True
1006.7634 	EXP 	unnamed Polygon: autoDraw = True
1006.7804 	EXP 	unnamed Polygon: autoDraw = True
1006.7969 	EXP 	unnamed Polygon: autoDraw = True
1006.8167 	EXP 	unnamed Polygon: autoDraw = True
1006.8298 	EXP 	unnamed Polygon: autoDraw = True
1006.8461 	EXP 	unnamed Polygon: autoDraw = True
1006.8626 	EXP 	unnamed Polygon: autoDraw = True
1006.8795 	EXP 	unnamed Polygon: autoDraw = True
1006.8960 	EXP 	unnamed Polygon: autoDraw = True
1006.9132 	EXP 	unnamed Polygon: autoDraw = True
1006.9302 	EXP 	unnamed Polygon: autoDraw = True
1006.9460 	EXP 	unnamed Polygon: autoDraw = True
1006.9630 	EXP 	unnamed Polygon: autoDraw = True
1006.9794 	EXP 	unnamed Polygon: autoDraw = True
1006.9961 	EXP 	unnamed Polygon: autoDraw = True
1007.0133 	EXP 	unnamed Polygon: autoDraw = True
1007.0308 	EXP 	unnamed Polygon: autoDraw = True
1007.0471 	EXP 	unnamed Polygon: autoDraw = True
1007.0638 	EXP 	unnamed Polygon: autoDraw = True
1007.0796 	EXP 	unnamed Polygon: autoDraw = True
1007.0962 	EXP 	unnamed Polygon: autoDraw = True
1007.1128 	EXP 	unnamed Polygon: autoDraw = True
1007.1296 	EXP 	unnamed Polygon: autoDraw = True
1007.1463 	EXP 	unnamed Polygon: autoDraw = True
1007.1630 	EXP 	unnamed Polygon: autoDraw = True
1007.1807 	EXP 	unnamed Polygon: autoDraw = True
1007.1974 	EXP 	unnamed Polygon: autoDraw = True
1007.2126 	EXP 	unnamed Polygon: autoDraw = True
1007.2295 	EXP 	unnamed Polygon: autoDraw = True
1007.2461 	EXP 	unnamed Polygon: autoDraw = True
1007.2633 	EXP 	unnamed Polygon: autoDraw = True
1007.2795 	EXP 	unnamed Polygon: autoDraw = False
1008.3468 	EXP 	trial_feedback: height = 0.09
1008.3468 	EXP 	trial_feedback: height = 0.09
1008.3468 	EXP 	trial_feedback: height = 0.09
1008.3468 	EXP 	trial_feedback: text = 'Miss!\n-$5.00'
1008.3468 	EXP 	trial_feedback: autoDraw = True
1010.3465 	EXP 	trial_feedback: autoDraw = False
1010.3632 	EXP 	trial_feedback: autoDraw = False
1010.3632 	EXP 	exp_feedback: autoDraw = False
1016.7808 	EXP 	unnamed Polygon: autoDraw = True
1016.7808 	EXP 	unnamed Polygon: autoDraw = True
1016.7975 	EXP 	unnamed Polygon: autoDraw = True
1016.8147 	EXP 	unnamed Polygon: autoDraw = True
1016.8310 	EXP 	unnamed Polygon: autoDraw = True
1016.8480 	EXP 	unnamed Polygon: autoDraw = True
1016.8639 	EXP 	unnamed Polygon: autoDraw = True
1016.8811 	EXP 	unnamed Polygon: autoDraw = True
1016.8974 	EXP 	unnamed Polygon: autoDraw = True
1016.9140 	EXP 	unnamed Polygon: autoDraw = True
1016.9308 	EXP 	unnamed Polygon: autoDraw = True
1016.9475 	EXP 	unnamed Polygon: autoDraw = True
1016.9641 	EXP 	unnamed Polygon: autoDraw = True
1016.9806 	EXP 	unnamed Polygon: autoDraw = True
1016.9973 	EXP 	unnamed Polygon: autoDraw = True
1017.0140 	EXP 	unnamed Polygon: autoDraw = True
1017.0310 	EXP 	unnamed Polygon: autoDraw = True
1017.0471 	EXP 	unnamed Polygon: autoDraw = True
1017.0642 	EXP 	unnamed Polygon: autoDraw = True
1017.0807 	EXP 	unnamed Polygon: autoDraw = True
1017.0975 	EXP 	unnamed Polygon: autoDraw = True
1017.1140 	EXP 	unnamed Polygon: autoDraw = True
1017.1312 	EXP 	unnamed Polygon: autoDraw = True
1017.1477 	EXP 	unnamed Polygon: autoDraw = True
1017.1641 	EXP 	unnamed Polygon: autoDraw = True
1017.1806 	EXP 	unnamed Polygon: autoDraw = True
1017.1976 	EXP 	unnamed Polygon: autoDraw = True
1017.2138 	EXP 	unnamed Polygon: autoDraw = True
1017.2310 	EXP 	unnamed Polygon: autoDraw = True
1017.2475 	EXP 	unnamed Polygon: autoDraw = True
1017.2640 	EXP 	unnamed Polygon: autoDraw = True
1017.2804 	EXP 	unnamed Polygon: autoDraw = True
1017.2976 	EXP 	unnamed Polygon: autoDraw = True
1017.3143 	EXP 	unnamed Polygon: autoDraw = True
1017.3313 	EXP 	unnamed Polygon: autoDraw = True
1017.3475 	EXP 	unnamed Polygon: autoDraw = True
1017.3640 	EXP 	unnamed Polygon: autoDraw = True
1017.3810 	EXP 	unnamed Polygon: autoDraw = False
1018.3807 	EXP 	trial_feedback: height = 0.09
1018.3807 	EXP 	trial_feedback: height = 0.09
1018.3807 	EXP 	trial_feedback: height = 0.09
1018.3807 	EXP 	trial_feedback: text = 'Miss!\n-$0.00'
1018.3807 	EXP 	trial_feedback: autoDraw = True
1020.3809 	EXP 	trial_feedback: autoDraw = False
1020.3977 	EXP 	trial_feedback: autoDraw = False
1020.3977 	EXP 	exp_feedback: autoDraw = False
1026.8985 	EXP 	unnamed Polygon: autoDraw = True
1026.8985 	EXP 	unnamed Polygon: autoDraw = True
1026.9141 	EXP 	unnamed Polygon: autoDraw = True
1026.9310 	EXP 	unnamed Polygon: autoDraw = True
1026.9478 	EXP 	unnamed Polygon: autoDraw = True
1026.9642 	EXP 	unnamed Polygon: autoDraw = True
1026.9806 	EXP 	unnamed Polygon: autoDraw = True
1026.9978 	EXP 	unnamed Polygon: autoDraw = True
1027.0153 	EXP 	unnamed Polygon: autoDraw = True
1027.0321 	EXP 	unnamed Polygon: autoDraw = True
1027.0488 	EXP 	unnamed Polygon: autoDraw = True
1027.0641 	EXP 	unnamed Polygon: autoDraw = True
1027.0811 	EXP 	unnamed Polygon: autoDraw = True
1027.0977 	EXP 	unnamed Polygon: autoDraw = True
1027.1144 	EXP 	unnamed Polygon: autoDraw = True
1027.1309 	EXP 	unnamed Polygon: autoDraw = True
1027.1478 	EXP 	unnamed Polygon: autoDraw = True
1027.1651 	EXP 	unnamed Polygon: autoDraw = True
1027.1822 	EXP 	unnamed Polygon: autoDraw = True
1027.1974 	EXP 	unnamed Polygon: autoDraw = True
1027.2143 	EXP 	unnamed Polygon: autoDraw = True
1027.2310 	EXP 	unnamed Polygon: autoDraw = True
1027.2481 	EXP 	unnamed Polygon: autoDraw = True
1027.2648 	EXP 	unnamed Polygon: autoDraw = True
1027.2809 	EXP 	unnamed Polygon: autoDraw = True
1027.2985 	EXP 	unnamed Polygon: autoDraw = True
1027.3150 	EXP 	unnamed Polygon: autoDraw = True
1027.3309 	EXP 	unnamed Polygon: autoDraw = True
1027.3478 	EXP 	unnamed Polygon: autoDraw = True
1027.3641 	EXP 	unnamed Polygon: autoDraw = True
1027.3811 	EXP 	unnamed Polygon: autoDraw = True
1027.3982 	EXP 	unnamed Polygon: autoDraw = True
1027.4144 	EXP 	unnamed Polygon: autoDraw = True
1027.4308 	EXP 	unnamed Polygon: autoDraw = True
1027.4486 	EXP 	unnamed Polygon: autoDraw = True
1027.4654 	EXP 	unnamed Polygon: autoDraw = True
1027.4821 	EXP 	unnamed Polygon: autoDraw = True
1027.4974 	EXP 	unnamed Polygon: autoDraw = False
1028.4485 	EXP 	trial_feedback: height = 0.09
1028.4485 	EXP 	trial_feedback: height = 0.09
1028.4485 	EXP 	trial_feedback: height = 0.09
1028.4485 	EXP 	trial_feedback: text = 'Miss!\n-$5.00'
1028.4485 	EXP 	trial_feedback: autoDraw = True
1030.4484 	EXP 	trial_feedback: autoDraw = False
1030.4643 	EXP 	trial_feedback: autoDraw = False
1030.4643 	EXP 	exp_feedback: autoDraw = False
1038.9320 	EXP 	unnamed Polygon: autoDraw = True
1038.9320 	EXP 	unnamed Polygon: autoDraw = True
1038.9489 	EXP 	unnamed Polygon: autoDraw = True
1038.9655 	EXP 	unnamed Polygon: autoDraw = True
1038.9818 	EXP 	unnamed Polygon: autoDraw = True
1038.9989 	EXP 	unnamed Polygon: autoDraw = True
1039.0157 	EXP 	unnamed Polygon: autoDraw = True
1039.0317 	EXP 	unnamed Polygon: autoDraw = True
1039.0489 	EXP 	unnamed Polygon: autoDraw = True
1039.0653 	EXP 	unnamed Polygon: autoDraw = True
1039.0817 	EXP 	unnamed Polygon: autoDraw = True
1039.0987 	EXP 	unnamed Polygon: autoDraw = True
1039.1154 	EXP 	unnamed Polygon: autoDraw = True
1039.1318 	EXP 	unnamed Polygon: autoDraw = True
1039.1491 	EXP 	unnamed Polygon: autoDraw = True
1039.1655 	EXP 	unnamed Polygon: autoDraw = True
1039.1818 	EXP 	unnamed Polygon: autoDraw = True
1039.1988 	EXP 	unnamed Polygon: autoDraw = True
1039.2158 	EXP 	unnamed Polygon: autoDraw = True
1039.2323 	EXP 	unnamed Polygon: autoDraw = True
1039.2489 	EXP 	unnamed Polygon: autoDraw = True
1039.2653 	EXP 	unnamed Polygon: autoDraw = True
1039.2818 	EXP 	unnamed Polygon: autoDraw = True
1039.2989 	EXP 	unnamed Polygon: autoDraw = True
1039.3156 	EXP 	unnamed Polygon: autoDraw = True
1039.3318 	EXP 	unnamed Polygon: autoDraw = True
1039.3488 	EXP 	unnamed Polygon: autoDraw = True
1039.3656 	EXP 	unnamed Polygon: autoDraw = True
1039.3818 	EXP 	unnamed Polygon: autoDraw = True
1039.3986 	EXP 	unnamed Polygon: autoDraw = True
1039.4153 	EXP 	unnamed Polygon: autoDraw = True
1039.4316 	EXP 	unnamed Polygon: autoDraw = True
1039.4487 	EXP 	unnamed Polygon: autoDraw = True
1039.4653 	EXP 	unnamed Polygon: autoDraw = True
1039.4825 	EXP 	unnamed Polygon: autoDraw = True
1039.4983 	EXP 	unnamed Polygon: autoDraw = True
1039.5152 	EXP 	unnamed Polygon: autoDraw = True
1039.5319 	EXP 	unnamed Polygon: autoDraw = True
1039.5482 	EXP 	unnamed Polygon: autoDraw = False
1040.4821 	EXP 	trial_feedback: height = 0.09
1040.4821 	EXP 	trial_feedback: height = 0.09
1040.4821 	EXP 	trial_feedback: height = 0.09
1040.4821 	EXP 	trial_feedback: text = 'Miss!\n-$1.50'
1040.4821 	EXP 	trial_feedback: autoDraw = True
1042.4820 	EXP 	trial_feedback: autoDraw = False
1042.4820 	EXP 	exp_feedback: autoDraw = False
1050.6999 	EXP 	unnamed Polygon: autoDraw = True
1050.6999 	EXP 	unnamed Polygon: autoDraw = True
1050.7163 	EXP 	unnamed Polygon: autoDraw = True
1050.7328 	EXP 	unnamed Polygon: autoDraw = True
1050.7494 	EXP 	unnamed Polygon: autoDraw = True
1050.7662 	EXP 	unnamed Polygon: autoDraw = True
1050.7828 	EXP 	unnamed Polygon: autoDraw = True
1050.7997 	EXP 	unnamed Polygon: autoDraw = True
1050.8163 	EXP 	unnamed Polygon: autoDraw = True
1050.8368 	EXP 	unnamed Polygon: autoDraw = True
1050.8497 	EXP 	unnamed Polygon: autoDraw = True
1050.8663 	EXP 	unnamed Polygon: autoDraw = True
1050.8828 	EXP 	unnamed Polygon: autoDraw = True
1050.8997 	EXP 	unnamed Polygon: autoDraw = True
1050.9161 	EXP 	unnamed Polygon: autoDraw = True
1050.9327 	EXP 	unnamed Polygon: autoDraw = True
1050.9495 	EXP 	unnamed Polygon: autoDraw = True
1050.9659 	EXP 	unnamed Polygon: autoDraw = True
1050.9829 	EXP 	unnamed Polygon: autoDraw = True
1050.9991 	EXP 	unnamed Polygon: autoDraw = True
1051.0165 	EXP 	unnamed Polygon: autoDraw = True
1051.0328 	EXP 	unnamed Polygon: autoDraw = True
1051.0494 	EXP 	unnamed Polygon: autoDraw = True
1051.0663 	EXP 	unnamed Polygon: autoDraw = True
1051.0826 	EXP 	unnamed Polygon: autoDraw = True
1051.0997 	EXP 	unnamed Polygon: autoDraw = True
1051.1161 	EXP 	unnamed Polygon: autoDraw = True
1051.1325 	EXP 	unnamed Polygon: autoDraw = True
1051.1497 	EXP 	unnamed Polygon: autoDraw = True
1051.1662 	EXP 	unnamed Polygon: autoDraw = True
1051.1828 	EXP 	unnamed Polygon: autoDraw = True
1051.1994 	EXP 	unnamed Polygon: autoDraw = True
1051.2162 	EXP 	unnamed Polygon: autoDraw = True
1051.2327 	EXP 	unnamed Polygon: autoDraw = True
1051.2497 	EXP 	unnamed Polygon: autoDraw = True
1051.2664 	EXP 	unnamed Polygon: autoDraw = True
1051.2828 	EXP 	unnamed Polygon: autoDraw = True
1051.2997 	EXP 	unnamed Polygon: autoDraw = True
1051.3169 	EXP 	unnamed Polygon: autoDraw = False
1052.5165 	EXP 	trial_feedback: height = 0.09
1052.5165 	EXP 	trial_feedback: height = 0.09
1052.5165 	EXP 	trial_feedback: height = 0.09
1052.5165 	EXP 	trial_feedback: text = 'Miss!\n-$5.00'
1052.5165 	EXP 	trial_feedback: autoDraw = True
1054.5162 	EXP 	trial_feedback: autoDraw = False
1054.5162 	EXP 	exp_feedback: autoDraw = False
1062.9168 	EXP 	unnamed Polygon: autoDraw = True
1062.9168 	EXP 	unnamed Polygon: autoDraw = True
1062.9333 	EXP 	unnamed Polygon: autoDraw = True
1062.9504 	EXP 	unnamed Polygon: autoDraw = True
1062.9669 	EXP 	unnamed Polygon: autoDraw = True
1062.9835 	EXP 	unnamed Polygon: autoDraw = True
1063.0000 	EXP 	unnamed Polygon: autoDraw = True
1063.0169 	EXP 	unnamed Polygon: autoDraw = True
1063.0340 	EXP 	unnamed Polygon: autoDraw = True
1063.0510 	EXP 	unnamed Polygon: autoDraw = True
1063.0670 	EXP 	unnamed Polygon: autoDraw = True
1063.0834 	EXP 	unnamed Polygon: autoDraw = True
1063.1002 	EXP 	unnamed Polygon: autoDraw = True
1063.1169 	EXP 	unnamed Polygon: autoDraw = True
1063.1335 	EXP 	unnamed Polygon: autoDraw = True
1063.1500 	EXP 	unnamed Polygon: autoDraw = True
1063.1667 	EXP 	unnamed Polygon: autoDraw = True
1063.1836 	EXP 	unnamed Polygon: autoDraw = True
1063.2004 	EXP 	unnamed Polygon: autoDraw = True
1063.2170 	EXP 	unnamed Polygon: autoDraw = True
1063.2349 	EXP 	unnamed Polygon: autoDraw = True
1063.2504 	EXP 	unnamed Polygon: autoDraw = True
1063.2673 	EXP 	unnamed Polygon: autoDraw = True
1063.2837 	EXP 	unnamed Polygon: autoDraw = True
1063.3001 	EXP 	unnamed Polygon: autoDraw = True
1063.3168 	EXP 	unnamed Polygon: autoDraw = True
1063.3336 	EXP 	unnamed Polygon: autoDraw = True
1063.3500 	EXP 	unnamed Polygon: autoDraw = True
1063.3666 	EXP 	unnamed Polygon: autoDraw = True
1063.3836 	EXP 	unnamed Polygon: autoDraw = True
1063.4000 	EXP 	unnamed Polygon: autoDraw = True
1063.4168 	EXP 	unnamed Polygon: autoDraw = True
1063.4336 	EXP 	unnamed Polygon: autoDraw = True
1063.4501 	EXP 	unnamed Polygon: autoDraw = True
1063.4673 	EXP 	unnamed Polygon: autoDraw = True
1063.4836 	EXP 	unnamed Polygon: autoDraw = True
1063.5001 	EXP 	unnamed Polygon: autoDraw = True
1063.5168 	EXP 	unnamed Polygon: autoDraw = True
1063.5336 	EXP 	unnamed Polygon: autoDraw = False
1064.5174 	EXP 	trial_feedback: height = 0.09
1064.5174 	EXP 	trial_feedback: height = 0.09
1064.5174 	EXP 	trial_feedback: height = 0.09
1064.5174 	EXP 	trial_feedback: text = 'Miss!\n$0.00'
1064.5174 	EXP 	trial_feedback: autoDraw = True
1066.5171 	EXP 	trial_feedback: autoDraw = False
1066.5171 	EXP 	exp_feedback: autoDraw = False
1074.5522 	EXP 	unnamed Polygon: autoDraw = True
1074.5522 	EXP 	unnamed Polygon: autoDraw = True
1074.5685 	EXP 	unnamed Polygon: autoDraw = True
1074.5840 	EXP 	unnamed Polygon: autoDraw = True
1074.6012 	EXP 	unnamed Polygon: autoDraw = True
1074.6176 	EXP 	unnamed Polygon: autoDraw = True
1074.6341 	EXP 	unnamed Polygon: autoDraw = True
1074.6513 	EXP 	unnamed Polygon: autoDraw = True
1074.6679 	EXP 	unnamed Polygon: autoDraw = True
1074.6842 	EXP 	unnamed Polygon: autoDraw = True
1074.7013 	EXP 	unnamed Polygon: autoDraw = True
1074.7180 	EXP 	unnamed Polygon: autoDraw = True
1074.7341 	EXP 	unnamed Polygon: autoDraw = True
1074.7511 	EXP 	unnamed Polygon: autoDraw = True
1074.7680 	EXP 	unnamed Polygon: autoDraw = True
1074.7841 	EXP 	unnamed Polygon: autoDraw = True
1074.8010 	EXP 	unnamed Polygon: autoDraw = True
1074.8175 	EXP 	unnamed Polygon: autoDraw = True
1074.8354 	EXP 	unnamed Polygon: autoDraw = True
1074.8513 	EXP 	unnamed Polygon: autoDraw = True
1074.8684 	EXP 	unnamed Polygon: autoDraw = True
1074.8851 	EXP 	unnamed Polygon: autoDraw = True
1074.9012 	EXP 	unnamed Polygon: autoDraw = True
1074.9178 	EXP 	unnamed Polygon: autoDraw = True
1074.9350 	EXP 	unnamed Polygon: autoDraw = True
1074.9513 	EXP 	unnamed Polygon: autoDraw = True
1074.9677 	EXP 	unnamed Polygon: autoDraw = True
1074.9849 	EXP 	unnamed Polygon: autoDraw = True
1075.0020 	EXP 	unnamed Polygon: autoDraw = True
1075.0175 	EXP 	unnamed Polygon: autoDraw = True
1075.0345 	EXP 	unnamed Polygon: autoDraw = True
1075.0516 	EXP 	unnamed Polygon: autoDraw = True
1075.0677 	EXP 	unnamed Polygon: autoDraw = True
1075.0842 	EXP 	unnamed Polygon: autoDraw = True
1075.1016 	EXP 	unnamed Polygon: autoDraw = True
1075.1179 	EXP 	unnamed Polygon: autoDraw = True
1075.1341 	EXP 	unnamed Polygon: autoDraw = True
1075.1524 	EXP 	unnamed Polygon: autoDraw = True
1075.1678 	EXP 	unnamed Polygon: autoDraw = False
1076.5511 	EXP 	trial_feedback: height = 0.09
1076.5511 	EXP 	trial_feedback: height = 0.09
1076.5511 	EXP 	trial_feedback: height = 0.09
1076.5511 	EXP 	trial_feedback: text = 'Miss!\n-$0.00'
1076.5511 	EXP 	trial_feedback: autoDraw = True
1078.5510 	EXP 	trial_feedback: autoDraw = False
1078.5510 	EXP 	exp_feedback: autoDraw = False
1088.8192 	EXP 	unnamed Polygon: autoDraw = True
1088.8192 	EXP 	unnamed Polygon: autoDraw = True
1088.8358 	EXP 	unnamed Polygon: autoDraw = True
1088.8521 	EXP 	unnamed Polygon: autoDraw = True
1088.8687 	EXP 	unnamed Polygon: autoDraw = True
1088.8858 	EXP 	unnamed Polygon: autoDraw = True
1088.9019 	EXP 	unnamed Polygon: autoDraw = True
1088.9196 	EXP 	unnamed Polygon: autoDraw = True
1088.9356 	EXP 	unnamed Polygon: autoDraw = True
1088.9521 	EXP 	unnamed Polygon: autoDraw = True
1088.9690 	EXP 	unnamed Polygon: autoDraw = True
1088.9858 	EXP 	unnamed Polygon: autoDraw = True
1089.0022 	EXP 	unnamed Polygon: autoDraw = True
1089.0188 	EXP 	unnamed Polygon: autoDraw = True
1089.0356 	EXP 	unnamed Polygon: autoDraw = True
1089.0523 	EXP 	unnamed Polygon: autoDraw = True
1089.0693 	EXP 	unnamed Polygon: autoDraw = True
1089.0858 	EXP 	unnamed Polygon: autoDraw = True
1089.1022 	EXP 	unnamed Polygon: autoDraw = True
1089.1186 	EXP 	unnamed Polygon: autoDraw = True
1089.1354 	EXP 	unnamed Polygon: autoDraw = True
1089.1524 	EXP 	unnamed Polygon: autoDraw = True
1089.1690 	EXP 	unnamed Polygon: autoDraw = True
1089.1859 	EXP 	unnamed Polygon: autoDraw = True
1089.2033 	EXP 	unnamed Polygon: autoDraw = True
1089.2191 	EXP 	unnamed Polygon: autoDraw = True
1089.2357 	EXP 	unnamed Polygon: autoDraw = True
1089.2524 	EXP 	unnamed Polygon: autoDraw = True
1089.2689 	EXP 	unnamed Polygon: autoDraw = True
1089.2862 	EXP 	unnamed Polygon: autoDraw = True
1089.3022 	EXP 	unnamed Polygon: autoDraw = True
1089.3192 	EXP 	unnamed Polygon: autoDraw = True
1089.3358 	EXP 	unnamed Polygon: autoDraw = True
1089.3526 	EXP 	unnamed Polygon: autoDraw = True
1089.3689 	EXP 	unnamed Polygon: autoDraw = True
1089.3854 	EXP 	unnamed Polygon: autoDraw = True
1089.4023 	EXP 	unnamed Polygon: autoDraw = True
1089.4192 	EXP 	unnamed Polygon: autoDraw = True
1089.4353 	EXP 	unnamed Polygon: autoDraw = True
1089.4528 	EXP 	unnamed Polygon: autoDraw = False
1090.5688 	EXP 	trial_feedback: height = 0.09
1090.5688 	EXP 	trial_feedback: height = 0.09
1090.5688 	EXP 	trial_feedback: height = 0.09
1090.5688 	EXP 	trial_feedback: text = 'Miss!\n$0.00'
1090.5688 	EXP 	trial_feedback: autoDraw = True
1092.5696 	EXP 	trial_feedback: autoDraw = False
1092.5696 	EXP 	exp_feedback: autoDraw = False
1098.6690 	EXP 	unnamed Polygon: autoDraw = True
1098.6690 	EXP 	unnamed Polygon: autoDraw = True
1098.6859 	EXP 	unnamed Polygon: autoDraw = True
1098.7027 	EXP 	unnamed Polygon: autoDraw = True
1098.7197 	EXP 	unnamed Polygon: autoDraw = True
1098.7360 	EXP 	unnamed Polygon: autoDraw = True
1098.7535 	EXP 	unnamed Polygon: autoDraw = True
1098.7702 	EXP 	unnamed Polygon: autoDraw = True
1098.7855 	EXP 	unnamed Polygon: autoDraw = True
1098.8022 	EXP 	unnamed Polygon: autoDraw = True
1098.8190 	EXP 	unnamed Polygon: autoDraw = True
1098.8360 	EXP 	unnamed Polygon: autoDraw = True
1098.8525 	EXP 	unnamed Polygon: autoDraw = True
1098.8694 	EXP 	unnamed Polygon: autoDraw = True
1098.8869 	EXP 	unnamed Polygon: autoDraw = True
1098.9037 	EXP 	unnamed Polygon: autoDraw = True
1098.9190 	EXP 	unnamed Polygon: autoDraw = True
1098.9356 	EXP 	unnamed Polygon: autoDraw = True
1098.9524 	EXP 	unnamed Polygon: autoDraw = True
1098.9696 	EXP 	unnamed Polygon: autoDraw = True
1098.9859 	EXP 	unnamed Polygon: autoDraw = True
1099.0032 	EXP 	unnamed Polygon: autoDraw = True
1099.0203 	EXP 	unnamed Polygon: autoDraw = True
1099.0356 	EXP 	unnamed Polygon: autoDraw = True
1099.0523 	EXP 	unnamed Polygon: autoDraw = True
1099.0693 	EXP 	unnamed Polygon: autoDraw = True
1099.0861 	EXP 	unnamed Polygon: autoDraw = True
1099.1025 	EXP 	unnamed Polygon: autoDraw = True
1099.1198 	EXP 	unnamed Polygon: autoDraw = True
1099.1369 	EXP 	unnamed Polygon: autoDraw = True
1099.1534 	EXP 	unnamed Polygon: autoDraw = True
1099.1690 	EXP 	unnamed Polygon: autoDraw = True
1099.1859 	EXP 	unnamed Polygon: autoDraw = True
1099.2025 	EXP 	unnamed Polygon: autoDraw = True
1099.2195 	EXP 	unnamed Polygon: autoDraw = True
1099.2358 	EXP 	unnamed Polygon: autoDraw = True
1099.2526 	EXP 	unnamed Polygon: autoDraw = False
1100.6035 	EXP 	trial_feedback: text = 'Miss!\n$0.00'
1100.6035 	EXP 	trial_feedback: autoDraw = True
1102.6038 	EXP 	trial_feedback: autoDraw = False
1102.6038 	EXP 	exp_feedback: autoDraw = False
1108.8536 	EXP 	unnamed Polygon: autoDraw = True
1108.8536 	EXP 	unnamed Polygon: autoDraw = True
1108.8696 	EXP 	unnamed Polygon: autoDraw = True
1108.8871 	EXP 	unnamed Polygon: autoDraw = True
1108.9032 	EXP 	unnamed Polygon: autoDraw = True
1108.9202 	EXP 	unnamed Polygon: autoDraw = True
1108.9364 	EXP 	unnamed Polygon: autoDraw = True
1108.9530 	EXP 	unnamed Polygon: autoDraw = True
1108.9701 	EXP 	unnamed Polygon: autoDraw = True
1108.9868 	EXP 	unnamed Polygon: autoDraw = True
1109.0032 	EXP 	unnamed Polygon: autoDraw = True
1109.0201 	EXP 	unnamed Polygon: autoDraw = True
1109.0362 	EXP 	unnamed Polygon: autoDraw = True
1109.0531 	EXP 	unnamed Polygon: autoDraw = True
1109.0697 	EXP 	unnamed Polygon: autoDraw = True
1109.0865 	EXP 	unnamed Polygon: autoDraw = True
1109.1032 	EXP 	unnamed Polygon: autoDraw = True
1109.1197 	EXP 	unnamed Polygon: autoDraw = True
1109.1365 	EXP 	unnamed Polygon: autoDraw = True
1109.1529 	EXP 	unnamed Polygon: autoDraw = True
1109.1699 	EXP 	unnamed Polygon: autoDraw = True
1109.1865 	EXP 	unnamed Polygon: autoDraw = True
1109.2033 	EXP 	unnamed Polygon: autoDraw = True
1109.2198 	EXP 	unnamed Polygon: autoDraw = True
1109.2375 	EXP 	unnamed Polygon: autoDraw = True
1109.2545 	EXP 	unnamed Polygon: autoDraw = True
1109.2698 	EXP 	unnamed Polygon: autoDraw = True
1109.2866 	EXP 	unnamed Polygon: autoDraw = True
1109.3032 	EXP 	unnamed Polygon: autoDraw = True
1109.3203 	EXP 	unnamed Polygon: autoDraw = True
1109.3377 	EXP 	unnamed Polygon: autoDraw = True
1109.3533 	EXP 	unnamed Polygon: autoDraw = True
1109.3699 	EXP 	unnamed Polygon: autoDraw = True
1109.3868 	EXP 	unnamed Polygon: autoDraw = True
1109.4041 	EXP 	unnamed Polygon: autoDraw = True
1109.4207 	EXP 	unnamed Polygon: autoDraw = True
1109.4371 	EXP 	unnamed Polygon: autoDraw = True
1109.4530 	EXP 	unnamed Polygon: autoDraw = True
1109.4702 	EXP 	unnamed Polygon: autoDraw = True
1109.4866 	EXP 	unnamed Polygon: autoDraw = True
1109.5034 	EXP 	unnamed Polygon: autoDraw = True
1109.5197 	EXP 	unnamed Polygon: autoDraw = False
1110.6543 	EXP 	trial_feedback: text = 'Miss!\n$0.00'
1110.6543 	EXP 	trial_feedback: autoDraw = True
1112.6543 	EXP 	trial_feedback: autoDraw = False
1112.6703 	EXP 	trial_feedback: autoDraw = False
1112.6703 	EXP 	exp_feedback: autoDraw = False
1119.1046 	EXP 	unnamed Polygon: autoDraw = True
1119.1046 	EXP 	unnamed Polygon: autoDraw = True
1119.1215 	EXP 	unnamed Polygon: autoDraw = True
1119.1386 	EXP 	unnamed Polygon: autoDraw = True
1119.1540 	EXP 	unnamed Polygon: autoDraw = True
1119.1705 	EXP 	unnamed Polygon: autoDraw = True
1119.1873 	EXP 	unnamed Polygon: autoDraw = True
1119.2039 	EXP 	unnamed Polygon: autoDraw = True
1119.2205 	EXP 	unnamed Polygon: autoDraw = True
1119.2372 	EXP 	unnamed Polygon: autoDraw = True
1119.2539 	EXP 	unnamed Polygon: autoDraw = True
1119.2705 	EXP 	unnamed Polygon: autoDraw = True
1119.2871 	EXP 	unnamed Polygon: autoDraw = True
1119.3037 	EXP 	unnamed Polygon: autoDraw = True
1119.3204 	EXP 	unnamed Polygon: autoDraw = True
1119.3370 	EXP 	unnamed Polygon: autoDraw = True
1119.3541 	EXP 	unnamed Polygon: autoDraw = True
1119.3705 	EXP 	unnamed Polygon: autoDraw = True
1119.3872 	EXP 	unnamed Polygon: autoDraw = True
1119.4040 	EXP 	unnamed Polygon: autoDraw = True
1119.4206 	EXP 	unnamed Polygon: autoDraw = True
1119.4374 	EXP 	unnamed Polygon: autoDraw = True
1119.4542 	EXP 	unnamed Polygon: autoDraw = True
1119.4707 	EXP 	unnamed Polygon: autoDraw = True
1119.4874 	EXP 	unnamed Polygon: autoDraw = True
1119.5039 	EXP 	unnamed Polygon: autoDraw = True
1119.5208 	EXP 	unnamed Polygon: autoDraw = True
1119.5382 	EXP 	unnamed Polygon: autoDraw = True
1119.5551 	EXP 	unnamed Polygon: autoDraw = True
1119.5719 	EXP 	unnamed Polygon: autoDraw = True
1119.5878 	EXP 	unnamed Polygon: autoDraw = True
1119.6036 	EXP 	unnamed Polygon: autoDraw = True
1119.6206 	EXP 	unnamed Polygon: autoDraw = True
1119.6373 	EXP 	unnamed Polygon: autoDraw = True
1119.6540 	EXP 	unnamed Polygon: autoDraw = True
1119.6705 	EXP 	unnamed Polygon: autoDraw = True
1119.6874 	EXP 	unnamed Polygon: autoDraw = True
1119.7040 	EXP 	unnamed Polygon: autoDraw = True
1119.7205 	EXP 	unnamed Polygon: autoDraw = True
1119.7374 	EXP 	unnamed Polygon: autoDraw = False
1120.7040 	EXP 	trial_feedback: height = 0.09
1120.7040 	EXP 	trial_feedback: height = 0.09
1120.7040 	EXP 	trial_feedback: height = 0.09
1120.7040 	EXP 	trial_feedback: text = 'Miss!\n-$1.50'
1120.7040 	EXP 	trial_feedback: autoDraw = True
1122.7038 	EXP 	trial_feedback: autoDraw = False
1122.7038 	EXP 	exp_feedback: autoDraw = False
1128.8380 	EXP 	unnamed Polygon: autoDraw = True
1128.8380 	EXP 	unnamed Polygon: autoDraw = True
1128.8547 	EXP 	unnamed Polygon: autoDraw = True
1128.8715 	EXP 	unnamed Polygon: autoDraw = True
1128.8879 	EXP 	unnamed Polygon: autoDraw = True
1128.9049 	EXP 	unnamed Polygon: autoDraw = True
1128.9213 	EXP 	unnamed Polygon: autoDraw = True
1128.9382 	EXP 	unnamed Polygon: autoDraw = True
1128.9549 	EXP 	unnamed Polygon: autoDraw = True
1128.9714 	EXP 	unnamed Polygon: autoDraw = True
1128.9882 	EXP 	unnamed Polygon: autoDraw = True
1129.0046 	EXP 	unnamed Polygon: autoDraw = True
1129.0215 	EXP 	unnamed Polygon: autoDraw = True
1129.0383 	EXP 	unnamed Polygon: autoDraw = True
1129.0550 	EXP 	unnamed Polygon: autoDraw = True
1129.0716 	EXP 	unnamed Polygon: autoDraw = True
1129.0886 	EXP 	unnamed Polygon: autoDraw = True
1129.1043 	EXP 	unnamed Polygon: autoDraw = True
1129.1213 	EXP 	unnamed Polygon: autoDraw = True
1129.1382 	EXP 	unnamed Polygon: autoDraw = True
1129.1550 	EXP 	unnamed Polygon: autoDraw = True
1129.1711 	EXP 	unnamed Polygon: autoDraw = True
1129.1884 	EXP 	unnamed Polygon: autoDraw = True
1129.2053 	EXP 	unnamed Polygon: autoDraw = True
1129.2215 	EXP 	unnamed Polygon: autoDraw = True
1129.2385 	EXP 	unnamed Polygon: autoDraw = True
1129.2552 	EXP 	unnamed Polygon: autoDraw = True
1129.2714 	EXP 	unnamed Polygon: autoDraw = True
1129.2884 	EXP 	unnamed Polygon: autoDraw = True
1129.3053 	EXP 	unnamed Polygon: autoDraw = True
1129.3218 	EXP 	unnamed Polygon: autoDraw = True
1129.3383 	EXP 	unnamed Polygon: autoDraw = True
1129.3552 	EXP 	unnamed Polygon: autoDraw = True
1129.3717 	EXP 	unnamed Polygon: autoDraw = True
1129.3883 	EXP 	unnamed Polygon: autoDraw = True
1129.4051 	EXP 	unnamed Polygon: autoDraw = True
1129.4218 	EXP 	unnamed Polygon: autoDraw = False
1130.7381 	EXP 	trial_feedback: height = 0.09
1130.7381 	EXP 	trial_feedback: height = 0.09
1130.7381 	EXP 	trial_feedback: height = 0.09
1130.7381 	EXP 	trial_feedback: text = 'Miss!\n$0.00'
1130.7381 	EXP 	trial_feedback: autoDraw = True
1132.7386 	EXP 	trial_feedback: autoDraw = False
1132.7386 	EXP 	exp_feedback: autoDraw = False
1142.9721 	EXP 	unnamed Polygon: autoDraw = True
1142.9721 	EXP 	unnamed Polygon: autoDraw = True
1142.9903 	EXP 	unnamed Polygon: autoDraw = True
1143.0069 	EXP 	unnamed Polygon: autoDraw = True
1143.0235 	EXP 	unnamed Polygon: autoDraw = True
1143.0389 	EXP 	unnamed Polygon: autoDraw = True
1143.0555 	EXP 	unnamed Polygon: autoDraw = True
1143.0719 	EXP 	unnamed Polygon: autoDraw = True
1143.0891 	EXP 	unnamed Polygon: autoDraw = True
1143.1056 	EXP 	unnamed Polygon: autoDraw = True
1143.1226 	EXP 	unnamed Polygon: autoDraw = True
1143.1403 	EXP 	unnamed Polygon: autoDraw = True
1143.1558 	EXP 	unnamed Polygon: autoDraw = True
1143.1721 	EXP 	unnamed Polygon: autoDraw = True
1143.1889 	EXP 	unnamed Polygon: autoDraw = True
1143.2053 	EXP 	unnamed Polygon: autoDraw = True
1143.2227 	EXP 	unnamed Polygon: autoDraw = True
1143.2388 	EXP 	unnamed Polygon: autoDraw = True
1143.2559 	EXP 	unnamed Polygon: autoDraw = True
1143.2735 	EXP 	unnamed Polygon: autoDraw = True
1143.2901 	EXP 	unnamed Polygon: autoDraw = True
1143.3058 	EXP 	unnamed Polygon: autoDraw = True
1143.3225 	EXP 	unnamed Polygon: autoDraw = True
1143.3390 	EXP 	unnamed Polygon: autoDraw = True
1143.3558 	EXP 	unnamed Polygon: autoDraw = True
1143.3723 	EXP 	unnamed Polygon: autoDraw = True
1143.3896 	EXP 	unnamed Polygon: autoDraw = True
1143.4068 	EXP 	unnamed Polygon: autoDraw = True
1143.4232 	EXP 	unnamed Polygon: autoDraw = True
1143.4394 	EXP 	unnamed Polygon: autoDraw = True
1143.4556 	EXP 	unnamed Polygon: autoDraw = True
1143.4726 	EXP 	unnamed Polygon: autoDraw = True
1143.4889 	EXP 	unnamed Polygon: autoDraw = True
1143.5068 	EXP 	unnamed Polygon: autoDraw = True
1143.5235 	EXP 	unnamed Polygon: autoDraw = True
1143.5401 	EXP 	unnamed Polygon: autoDraw = True
1143.5568 	EXP 	unnamed Polygon: autoDraw = True
1143.5741 	EXP 	unnamed Polygon: autoDraw = True
1143.5888 	EXP 	unnamed Polygon: autoDraw = True
1143.6054 	EXP 	unnamed Polygon: autoDraw = False
1144.7561 	EXP 	trial_feedback: height = 0.09
1144.7561 	EXP 	trial_feedback: height = 0.09
1144.7561 	EXP 	trial_feedback: height = 0.09
1144.7561 	EXP 	trial_feedback: text = 'Miss!\n-$0.00'
1144.7561 	EXP 	trial_feedback: autoDraw = True
1146.7560 	EXP 	trial_feedback: autoDraw = False
1146.7727 	EXP 	trial_feedback: autoDraw = False
1146.7727 	EXP 	exp_feedback: autoDraw = False
1155.2909 	EXP 	unnamed Polygon: autoDraw = True
1155.2909 	EXP 	unnamed Polygon: autoDraw = True
1155.3073 	EXP 	unnamed Polygon: autoDraw = True
1155.3235 	EXP 	unnamed Polygon: autoDraw = True
1155.3396 	EXP 	unnamed Polygon: autoDraw = True
1155.3569 	EXP 	unnamed Polygon: autoDraw = True
1155.3726 	EXP 	unnamed Polygon: autoDraw = True
1155.3896 	EXP 	unnamed Polygon: autoDraw = True
1155.4061 	EXP 	unnamed Polygon: autoDraw = True
1155.4228 	EXP 	unnamed Polygon: autoDraw = True
1155.4398 	EXP 	unnamed Polygon: autoDraw = True
1155.4563 	EXP 	unnamed Polygon: autoDraw = True
1155.4733 	EXP 	unnamed Polygon: autoDraw = True
1155.4894 	EXP 	unnamed Polygon: autoDraw = True
1155.5063 	EXP 	unnamed Polygon: autoDraw = True
1155.5230 	EXP 	unnamed Polygon: autoDraw = True
1155.5396 	EXP 	unnamed Polygon: autoDraw = True
1155.5566 	EXP 	unnamed Polygon: autoDraw = True
1155.5733 	EXP 	unnamed Polygon: autoDraw = True
1155.5896 	EXP 	unnamed Polygon: autoDraw = True
1155.6067 	EXP 	unnamed Polygon: autoDraw = True
1155.6232 	EXP 	unnamed Polygon: autoDraw = True
1155.6398 	EXP 	unnamed Polygon: autoDraw = True
1155.6564 	EXP 	unnamed Polygon: autoDraw = True
1155.6735 	EXP 	unnamed Polygon: autoDraw = True
1155.6901 	EXP 	unnamed Polygon: autoDraw = True
1155.7064 	EXP 	unnamed Polygon: autoDraw = True
1155.7233 	EXP 	unnamed Polygon: autoDraw = True
1155.7400 	EXP 	unnamed Polygon: autoDraw = True
1155.7565 	EXP 	unnamed Polygon: autoDraw = True
1155.7728 	EXP 	unnamed Polygon: autoDraw = True
1155.7896 	EXP 	unnamed Polygon: autoDraw = True
1155.8066 	EXP 	unnamed Polygon: autoDraw = True
1155.8232 	EXP 	unnamed Polygon: autoDraw = True
1155.8400 	EXP 	unnamed Polygon: autoDraw = True
1155.8566 	EXP 	unnamed Polygon: autoDraw = True
1155.8731 	EXP 	unnamed Polygon: autoDraw = True
1155.8899 	EXP 	unnamed Polygon: autoDraw = False
1156.8230 	EXP 	trial_feedback: height = 0.09
1156.8230 	EXP 	trial_feedback: height = 0.09
1156.8230 	EXP 	trial_feedback: height = 0.09
1156.8230 	EXP 	trial_feedback: text = 'Miss!\n$0.00'
1156.8230 	EXP 	trial_feedback: autoDraw = True
1158.8231 	EXP 	trial_feedback: autoDraw = False
1158.8231 	EXP 	exp_feedback: autoDraw = False
1165.3413 	EXP 	unnamed Polygon: autoDraw = True
1165.3413 	EXP 	unnamed Polygon: autoDraw = True
1165.3582 	EXP 	unnamed Polygon: autoDraw = True
1165.3746 	EXP 	unnamed Polygon: autoDraw = True
1165.3915 	EXP 	unnamed Polygon: autoDraw = True
1165.4082 	EXP 	unnamed Polygon: autoDraw = True
1165.4249 	EXP 	unnamed Polygon: autoDraw = True
1165.4417 	EXP 	unnamed Polygon: autoDraw = True
1165.4582 	EXP 	unnamed Polygon: autoDraw = True
1165.4746 	EXP 	unnamed Polygon: autoDraw = True
1165.4915 	EXP 	unnamed Polygon: autoDraw = True
1165.5075 	EXP 	unnamed Polygon: autoDraw = True
1165.5244 	EXP 	unnamed Polygon: autoDraw = True
1165.5415 	EXP 	unnamed Polygon: autoDraw = True
1165.5578 	EXP 	unnamed Polygon: autoDraw = True
1165.5747 	EXP 	unnamed Polygon: autoDraw = True
1165.5913 	EXP 	unnamed Polygon: autoDraw = True
1165.6077 	EXP 	unnamed Polygon: autoDraw = True
1165.6243 	EXP 	unnamed Polygon: autoDraw = True
1165.6414 	EXP 	unnamed Polygon: autoDraw = True
1165.6579 	EXP 	unnamed Polygon: autoDraw = True
1165.6745 	EXP 	unnamed Polygon: autoDraw = True
1165.6909 	EXP 	unnamed Polygon: autoDraw = True
1165.7077 	EXP 	unnamed Polygon: autoDraw = True
1165.7241 	EXP 	unnamed Polygon: autoDraw = True
1165.7413 	EXP 	unnamed Polygon: autoDraw = True
1165.7577 	EXP 	unnamed Polygon: autoDraw = True
1165.7745 	EXP 	unnamed Polygon: autoDraw = True
1165.7915 	EXP 	unnamed Polygon: autoDraw = True
1165.8077 	EXP 	unnamed Polygon: autoDraw = True
1165.8246 	EXP 	unnamed Polygon: autoDraw = True
1165.8408 	EXP 	unnamed Polygon: autoDraw = True
1165.8592 	EXP 	unnamed Polygon: autoDraw = True
1165.8747 	EXP 	unnamed Polygon: autoDraw = True
1165.8913 	EXP 	unnamed Polygon: autoDraw = True
1165.9082 	EXP 	unnamed Polygon: autoDraw = True
1165.9250 	EXP 	unnamed Polygon: autoDraw = True
1165.9416 	EXP 	unnamed Polygon: autoDraw = True
1165.9583 	EXP 	unnamed Polygon: autoDraw = False
1166.8575 	EXP 	trial_feedback: text = 'Miss!\n$0.00'
1166.8575 	EXP 	trial_feedback: autoDraw = True
1168.8572 	EXP 	trial_feedback: autoDraw = False
1168.8738 	EXP 	trial_feedback: autoDraw = False
1168.8738 	EXP 	exp_feedback: autoDraw = False
1179.3590 	EXP 	unnamed Polygon: autoDraw = True
1179.3590 	EXP 	unnamed Polygon: autoDraw = True
1179.3757 	EXP 	unnamed Polygon: autoDraw = True
1179.3926 	EXP 	unnamed Polygon: autoDraw = True
1179.4092 	EXP 	unnamed Polygon: autoDraw = True
1179.4254 	EXP 	unnamed Polygon: autoDraw = True
1179.4414 	EXP 	unnamed Polygon: autoDraw = True
1179.4581 	EXP 	unnamed Polygon: autoDraw = True
1179.4745 	EXP 	unnamed Polygon: autoDraw = True
1179.4911 	EXP 	unnamed Polygon: autoDraw = True
1179.5080 	EXP 	unnamed Polygon: autoDraw = True
1179.5243 	EXP 	unnamed Polygon: autoDraw = True
1179.5409 	EXP 	unnamed Polygon: autoDraw = True
1179.5580 	EXP 	unnamed Polygon: autoDraw = True
1179.5742 	EXP 	unnamed Polygon: autoDraw = True
1179.5912 	EXP 	unnamed Polygon: autoDraw = True
1179.6083 	EXP 	unnamed Polygon: autoDraw = True
1179.6247 	EXP 	unnamed Polygon: autoDraw = True
1179.6425 	EXP 	unnamed Polygon: autoDraw = True
1179.6580 	EXP 	unnamed Polygon: autoDraw = True
1179.6745 	EXP 	unnamed Polygon: autoDraw = True
1179.6919 	EXP 	unnamed Polygon: autoDraw = True
1179.7081 	EXP 	unnamed Polygon: autoDraw = True
1179.7250 	EXP 	unnamed Polygon: autoDraw = True
1179.7411 	EXP 	unnamed Polygon: autoDraw = True
1179.7589 	EXP 	unnamed Polygon: autoDraw = True
1179.7753 	EXP 	unnamed Polygon: autoDraw = True
1179.7913 	EXP 	unnamed Polygon: autoDraw = True
1179.8081 	EXP 	unnamed Polygon: autoDraw = True
1179.8250 	EXP 	unnamed Polygon: autoDraw = True
1179.8415 	EXP 	unnamed Polygon: autoDraw = True
1179.8585 	EXP 	unnamed Polygon: autoDraw = True
1179.8752 	EXP 	unnamed Polygon: autoDraw = True
1179.8914 	EXP 	unnamed Polygon: autoDraw = True
1179.9081 	EXP 	unnamed Polygon: autoDraw = True
1179.9245 	EXP 	unnamed Polygon: autoDraw = True
1179.9410 	EXP 	unnamed Polygon: autoDraw = True
1179.9582 	EXP 	unnamed Polygon: autoDraw = True
1179.9754 	EXP 	unnamed Polygon: autoDraw = True
1179.9912 	EXP 	unnamed Polygon: autoDraw = False
1180.8924 	EXP 	trial_feedback: text = 'Miss!\n$0.00'
1180.8924 	EXP 	trial_feedback: autoDraw = True
1182.8917 	EXP 	trial_feedback: autoDraw = False
1182.9084 	EXP 	trial_feedback: autoDraw = False
1182.9084 	EXP 	exp_feedback: autoDraw = False
1189.0098 	EXP 	unnamed Polygon: autoDraw = True
1189.0098 	EXP 	unnamed Polygon: autoDraw = True
1189.0264 	EXP 	unnamed Polygon: autoDraw = True
1189.0428 	EXP 	unnamed Polygon: autoDraw = True
1189.0598 	EXP 	unnamed Polygon: autoDraw = True
1189.0763 	EXP 	unnamed Polygon: autoDraw = True
1189.0933 	EXP 	unnamed Polygon: autoDraw = True
1189.1102 	EXP 	unnamed Polygon: autoDraw = True
1189.1265 	EXP 	unnamed Polygon: autoDraw = True
1189.1429 	EXP 	unnamed Polygon: autoDraw = True
1189.1597 	EXP 	unnamed Polygon: autoDraw = True
1189.1762 	EXP 	unnamed Polygon: autoDraw = True
1189.1931 	EXP 	unnamed Polygon: autoDraw = True
1189.2099 	EXP 	unnamed Polygon: autoDraw = True
1189.2264 	EXP 	unnamed Polygon: autoDraw = True
1189.2431 	EXP 	unnamed Polygon: autoDraw = True
1189.2597 	EXP 	unnamed Polygon: autoDraw = True
1189.2764 	EXP 	unnamed Polygon: autoDraw = True
1189.2928 	EXP 	unnamed Polygon: autoDraw = True
1189.3097 	EXP 	unnamed Polygon: autoDraw = True
1189.3263 	EXP 	unnamed Polygon: autoDraw = True
1189.3432 	EXP 	unnamed Polygon: autoDraw = True
1189.3596 	EXP 	unnamed Polygon: autoDraw = True
1189.3765 	EXP 	unnamed Polygon: autoDraw = True
1189.3930 	EXP 	unnamed Polygon: autoDraw = True
1189.4097 	EXP 	unnamed Polygon: autoDraw = True
1189.4262 	EXP 	unnamed Polygon: autoDraw = True
1189.4431 	EXP 	unnamed Polygon: autoDraw = True
1189.4597 	EXP 	unnamed Polygon: autoDraw = True
1189.4765 	EXP 	unnamed Polygon: autoDraw = True
1189.4932 	EXP 	unnamed Polygon: autoDraw = True
1189.5099 	EXP 	unnamed Polygon: autoDraw = True
1189.5264 	EXP 	unnamed Polygon: autoDraw = True
1189.5430 	EXP 	unnamed Polygon: autoDraw = True
1189.5595 	EXP 	unnamed Polygon: autoDraw = True
1189.5764 	EXP 	unnamed Polygon: autoDraw = True
1189.5931 	EXP 	unnamed Polygon: autoDraw = True
1189.6097 	EXP 	unnamed Polygon: autoDraw = True
1189.6268 	EXP 	unnamed Polygon: autoDraw = True
1189.6447 	EXP 	unnamed Polygon: autoDraw = True
1189.6593 	EXP 	unnamed Polygon: autoDraw = False
1190.9251 	EXP 	trial_feedback: text = 'Miss!\n$0.00'
1190.9251 	EXP 	trial_feedback: autoDraw = True
1192.9258 	EXP 	trial_feedback: autoDraw = False
1192.9258 	EXP 	exp_feedback: autoDraw = False
1200.9598 	EXP 	unnamed Polygon: autoDraw = True
1200.9598 	EXP 	unnamed Polygon: autoDraw = True
1200.9763 	EXP 	unnamed Polygon: autoDraw = True
1200.9930 	EXP 	unnamed Polygon: autoDraw = True
1201.0095 	EXP 	unnamed Polygon: autoDraw = True
1201.0259 	EXP 	unnamed Polygon: autoDraw = True
1201.0425 	EXP 	unnamed Polygon: autoDraw = True
1201.0595 	EXP 	unnamed Polygon: autoDraw = True
1201.0759 	EXP 	unnamed Polygon: autoDraw = True
1201.0925 	EXP 	unnamed Polygon: autoDraw = True
1201.1090 	EXP 	unnamed Polygon: autoDraw = True
1201.1261 	EXP 	unnamed Polygon: autoDraw = True
1201.1424 	EXP 	unnamed Polygon: autoDraw = True
1201.1594 	EXP 	unnamed Polygon: autoDraw = True
1201.1770 	EXP 	unnamed Polygon: autoDraw = True
1201.1934 	EXP 	unnamed Polygon: autoDraw = True
1201.2107 	EXP 	unnamed Polygon: autoDraw = True
1201.2263 	EXP 	unnamed Polygon: autoDraw = True
1201.2429 	EXP 	unnamed Polygon: autoDraw = True
1201.2602 	EXP 	unnamed Polygon: autoDraw = True
1201.2774 	EXP 	unnamed Polygon: autoDraw = True
1201.2938 	EXP 	unnamed Polygon: autoDraw = True
1201.3094 	EXP 	unnamed Polygon: autoDraw = True
1201.3264 	EXP 	unnamed Polygon: autoDraw = True
1201.3429 	EXP 	unnamed Polygon: autoDraw = True
1201.3595 	EXP 	unnamed Polygon: autoDraw = True
1201.3761 	EXP 	unnamed Polygon: autoDraw = True
1201.3934 	EXP 	unnamed Polygon: autoDraw = True
1201.4106 	EXP 	unnamed Polygon: autoDraw = True
1201.4275 	EXP 	unnamed Polygon: autoDraw = True
1201.4428 	EXP 	unnamed Polygon: autoDraw = True
1201.4596 	EXP 	unnamed Polygon: autoDraw = True
1201.4760 	EXP 	unnamed Polygon: autoDraw = True
1201.4932 	EXP 	unnamed Polygon: autoDraw = True
1201.5097 	EXP 	unnamed Polygon: autoDraw = True
1201.5261 	EXP 	unnamed Polygon: autoDraw = True
1201.5439 	EXP 	unnamed Polygon: autoDraw = True
1201.5607 	EXP 	unnamed Polygon: autoDraw = True
1201.5760 	EXP 	unnamed Polygon: autoDraw = True
1201.5928 	EXP 	unnamed Polygon: autoDraw = True
1201.6093 	EXP 	unnamed Polygon: autoDraw = True
1201.6263 	EXP 	unnamed Polygon: autoDraw = False
1202.9436 	EXP 	trial_feedback: height = 0.09
1202.9436 	EXP 	trial_feedback: height = 0.09
1202.9436 	EXP 	trial_feedback: height = 0.09
1202.9436 	EXP 	trial_feedback: text = 'Miss!\n-$0.00'
1202.9436 	EXP 	trial_feedback: autoDraw = True
1204.9442 	EXP 	trial_feedback: autoDraw = False
1204.9608 	EXP 	trial_feedback: autoDraw = False
1204.9608 	EXP 	exp_feedback: autoDraw = False
1213.2444 	EXP 	unnamed Polygon: autoDraw = True
1213.2444 	EXP 	unnamed Polygon: autoDraw = True
1213.2611 	EXP 	unnamed Polygon: autoDraw = True
1213.2775 	EXP 	unnamed Polygon: autoDraw = True
1213.2946 	EXP 	unnamed Polygon: autoDraw = True
1213.3106 	EXP 	unnamed Polygon: autoDraw = True
1213.3274 	EXP 	unnamed Polygon: autoDraw = True
1213.3440 	EXP 	unnamed Polygon: autoDraw = True
1213.3606 	EXP 	unnamed Polygon: autoDraw = True
1213.3779 	EXP 	unnamed Polygon: autoDraw = True
1213.3941 	EXP 	unnamed Polygon: autoDraw = True
1213.4107 	EXP 	unnamed Polygon: autoDraw = True
1213.4276 	EXP 	unnamed Polygon: autoDraw = True
1213.4440 	EXP 	unnamed Polygon: autoDraw = True
1213.4607 	EXP 	unnamed Polygon: autoDraw = True
1213.4774 	EXP 	unnamed Polygon: autoDraw = True
1213.4941 	EXP 	unnamed Polygon: autoDraw = True
1213.5107 	EXP 	unnamed Polygon: autoDraw = True
1213.5275 	EXP 	unnamed Polygon: autoDraw = True
1213.5443 	EXP 	unnamed Polygon: autoDraw = True
1213.5610 	EXP 	unnamed Polygon: autoDraw = True
1213.5774 	EXP 	unnamed Polygon: autoDraw = True
1213.5940 	EXP 	unnamed Polygon: autoDraw = True
1213.6106 	EXP 	unnamed Polygon: autoDraw = True
1213.6276 	EXP 	unnamed Polygon: autoDraw = True
1213.6443 	EXP 	unnamed Polygon: autoDraw = True
1213.6611 	EXP 	unnamed Polygon: autoDraw = True
1213.6775 	EXP 	unnamed Polygon: autoDraw = True
1213.6945 	EXP 	unnamed Polygon: autoDraw = True
1213.7109 	EXP 	unnamed Polygon: autoDraw = True
1213.7274 	EXP 	unnamed Polygon: autoDraw = True
1213.7439 	EXP 	unnamed Polygon: autoDraw = True
1213.7608 	EXP 	unnamed Polygon: autoDraw = True
1213.7774 	EXP 	unnamed Polygon: autoDraw = True
1213.7939 	EXP 	unnamed Polygon: autoDraw = True
1213.8109 	EXP 	unnamed Polygon: autoDraw = True
1213.8274 	EXP 	unnamed Polygon: autoDraw = True
1213.8440 	EXP 	unnamed Polygon: autoDraw = True
1213.8608 	EXP 	unnamed Polygon: autoDraw = True
1213.8773 	EXP 	unnamed Polygon: autoDraw = True
1213.8941 	EXP 	unnamed Polygon: autoDraw = True
1213.9105 	EXP 	unnamed Polygon: autoDraw = True
1213.9272 	EXP 	unnamed Polygon: autoDraw = False
1215.0115 	EXP 	trial_feedback: height = 0.09
1215.0115 	EXP 	trial_feedback: height = 0.09
1215.0115 	EXP 	trial_feedback: height = 0.09
1215.0115 	EXP 	trial_feedback: text = 'Miss!\n$0.00'
1215.0115 	EXP 	trial_feedback: autoDraw = True
1217.0104 	EXP 	trial_feedback: autoDraw = False
1217.0271 	EXP 	trial_feedback: autoDraw = False
1217.0271 	EXP 	exp_feedback: autoDraw = False
1223.1777 	EXP 	unnamed Polygon: autoDraw = True
1223.1777 	EXP 	unnamed Polygon: autoDraw = True
1223.1942 	EXP 	unnamed Polygon: autoDraw = True
1223.2105 	EXP 	unnamed Polygon: autoDraw = True
1223.2275 	EXP 	unnamed Polygon: autoDraw = True
1223.2440 	EXP 	unnamed Polygon: autoDraw = True
1223.2608 	EXP 	unnamed Polygon: autoDraw = True
1223.2775 	EXP 	unnamed Polygon: autoDraw = True
1223.2942 	EXP 	unnamed Polygon: autoDraw = True
1223.3116 	EXP 	unnamed Polygon: autoDraw = True
1223.3275 	EXP 	unnamed Polygon: autoDraw = True
1223.3443 	EXP 	unnamed Polygon: autoDraw = True
1223.3614 	EXP 	unnamed Polygon: autoDraw = True
1223.3774 	EXP 	unnamed Polygon: autoDraw = True
1223.3945 	EXP 	unnamed Polygon: autoDraw = True
1223.4113 	EXP 	unnamed Polygon: autoDraw = True
1223.4281 	EXP 	unnamed Polygon: autoDraw = True
1223.4443 	EXP 	unnamed Polygon: autoDraw = True
1223.4611 	EXP 	unnamed Polygon: autoDraw = True
1223.4776 	EXP 	unnamed Polygon: autoDraw = True
1223.4942 	EXP 	unnamed Polygon: autoDraw = True
1223.5111 	EXP 	unnamed Polygon: autoDraw = True
1223.5279 	EXP 	unnamed Polygon: autoDraw = True
1223.5444 	EXP 	unnamed Polygon: autoDraw = True
1223.5608 	EXP 	unnamed Polygon: autoDraw = True
1223.5778 	EXP 	unnamed Polygon: autoDraw = True
1223.5943 	EXP 	unnamed Polygon: autoDraw = True
1223.6108 	EXP 	unnamed Polygon: autoDraw = True
1223.6278 	EXP 	unnamed Polygon: autoDraw = True
1223.6447 	EXP 	unnamed Polygon: autoDraw = True
1223.6609 	EXP 	unnamed Polygon: autoDraw = True
1223.6782 	EXP 	unnamed Polygon: autoDraw = True
1223.6944 	EXP 	unnamed Polygon: autoDraw = True
1223.7109 	EXP 	unnamed Polygon: autoDraw = True
1223.7277 	EXP 	unnamed Polygon: autoDraw = True
1223.7442 	EXP 	unnamed Polygon: autoDraw = True
1223.7611 	EXP 	unnamed Polygon: autoDraw = True
1223.7782 	EXP 	unnamed Polygon: autoDraw = True
1223.7943 	EXP 	unnamed Polygon: autoDraw = True
1223.8109 	EXP 	unnamed Polygon: autoDraw = True
1223.8277 	EXP 	unnamed Polygon: autoDraw = True
1223.8449 	EXP 	unnamed Polygon: autoDraw = False
1225.0450 	EXP 	trial_feedback: height = 0.09
1225.0450 	EXP 	trial_feedback: height = 0.09
1225.0450 	EXP 	trial_feedback: height = 0.09
1225.0450 	EXP 	trial_feedback: text = 'Miss!\n-$1.50'
1225.0450 	EXP 	trial_feedback: autoDraw = True
1227.0444 	EXP 	trial_feedback: autoDraw = False
1227.0618 	EXP 	trial_feedback: autoDraw = False
1227.0618 	EXP 	exp_feedback: autoDraw = False
1233.3622 	EXP 	unnamed Polygon: autoDraw = True
1233.3622 	EXP 	unnamed Polygon: autoDraw = True
1233.3787 	EXP 	unnamed Polygon: autoDraw = True
1233.3954 	EXP 	unnamed Polygon: autoDraw = True
1233.4120 	EXP 	unnamed Polygon: autoDraw = True
1233.4289 	EXP 	unnamed Polygon: autoDraw = True
1233.4454 	EXP 	unnamed Polygon: autoDraw = True
1233.4620 	EXP 	unnamed Polygon: autoDraw = True
1233.4787 	EXP 	unnamed Polygon: autoDraw = True
1233.4955 	EXP 	unnamed Polygon: autoDraw = True
1233.5119 	EXP 	unnamed Polygon: autoDraw = True
1233.5287 	EXP 	unnamed Polygon: autoDraw = True
1233.5455 	EXP 	unnamed Polygon: autoDraw = True
1233.5623 	EXP 	unnamed Polygon: autoDraw = True
1233.5791 	EXP 	unnamed Polygon: autoDraw = True
1233.5957 	EXP 	unnamed Polygon: autoDraw = True
1233.6121 	EXP 	unnamed Polygon: autoDraw = True
1233.6286 	EXP 	unnamed Polygon: autoDraw = True
1233.6455 	EXP 	unnamed Polygon: autoDraw = True
1233.6623 	EXP 	unnamed Polygon: autoDraw = True
1233.6788 	EXP 	unnamed Polygon: autoDraw = True
1233.6956 	EXP 	unnamed Polygon: autoDraw = True
1233.7122 	EXP 	unnamed Polygon: autoDraw = True
1233.7288 	EXP 	unnamed Polygon: autoDraw = True
1233.7457 	EXP 	unnamed Polygon: autoDraw = True
1233.7622 	EXP 	unnamed Polygon: autoDraw = True
1233.7795 	EXP 	unnamed Polygon: autoDraw = True
1233.7961 	EXP 	unnamed Polygon: autoDraw = True
1233.8116 	EXP 	unnamed Polygon: autoDraw = True
1233.8283 	EXP 	unnamed Polygon: autoDraw = True
1233.8458 	EXP 	unnamed Polygon: autoDraw = True
1233.8620 	EXP 	unnamed Polygon: autoDraw = True
1233.8790 	EXP 	unnamed Polygon: autoDraw = True
1233.8957 	EXP 	unnamed Polygon: autoDraw = True
1233.9124 	EXP 	unnamed Polygon: autoDraw = True
1233.9290 	EXP 	unnamed Polygon: autoDraw = True
1233.9454 	EXP 	unnamed Polygon: autoDraw = True
1233.9623 	EXP 	unnamed Polygon: autoDraw = False
1235.0783 	EXP 	trial_feedback: height = 0.09
1235.0783 	EXP 	trial_feedback: height = 0.09
1235.0783 	EXP 	trial_feedback: height = 0.09
1235.0783 	EXP 	trial_feedback: text = 'Miss!\n$0.00'
1235.0783 	EXP 	trial_feedback: autoDraw = True
1237.0797 	EXP 	trial_feedback: autoDraw = False
1237.0797 	EXP 	exp_feedback: autoDraw = False
1247.5796 	EXP 	unnamed Polygon: autoDraw = True
1247.5796 	EXP 	unnamed Polygon: autoDraw = True
1247.5961 	EXP 	unnamed Polygon: autoDraw = True
1247.6128 	EXP 	unnamed Polygon: autoDraw = True
1247.6296 	EXP 	unnamed Polygon: autoDraw = True
1247.6460 	EXP 	unnamed Polygon: autoDraw = True
1247.6626 	EXP 	unnamed Polygon: autoDraw = True
1247.6793 	EXP 	unnamed Polygon: autoDraw = True
1247.6957 	EXP 	unnamed Polygon: autoDraw = True
1247.7126 	EXP 	unnamed Polygon: autoDraw = True
1247.7291 	EXP 	unnamed Polygon: autoDraw = True
1247.7461 	EXP 	unnamed Polygon: autoDraw = True
1247.7625 	EXP 	unnamed Polygon: autoDraw = True
1247.7793 	EXP 	unnamed Polygon: autoDraw = True
1247.7964 	EXP 	unnamed Polygon: autoDraw = True
1247.8126 	EXP 	unnamed Polygon: autoDraw = True
1247.8299 	EXP 	unnamed Polygon: autoDraw = True
1247.8462 	EXP 	unnamed Polygon: autoDraw = True
1247.8626 	EXP 	unnamed Polygon: autoDraw = True
1247.8797 	EXP 	unnamed Polygon: autoDraw = True
1247.8980 	EXP 	unnamed Polygon: autoDraw = True
1247.9129 	EXP 	unnamed Polygon: autoDraw = True
1247.9294 	EXP 	unnamed Polygon: autoDraw = True
1247.9461 	EXP 	unnamed Polygon: autoDraw = True
1247.9633 	EXP 	unnamed Polygon: autoDraw = True
1247.9790 	EXP 	unnamed Polygon: autoDraw = True
1247.9960 	EXP 	unnamed Polygon: autoDraw = True
1248.0129 	EXP 	unnamed Polygon: autoDraw = True
1248.0297 	EXP 	unnamed Polygon: autoDraw = True
1248.0460 	EXP 	unnamed Polygon: autoDraw = True
1248.0629 	EXP 	unnamed Polygon: autoDraw = True
1248.0791 	EXP 	unnamed Polygon: autoDraw = True
1248.0962 	EXP 	unnamed Polygon: autoDraw = True
1248.1131 	EXP 	unnamed Polygon: autoDraw = True
1248.1296 	EXP 	unnamed Polygon: autoDraw = True
1248.1461 	EXP 	unnamed Polygon: autoDraw = True
1248.1633 	EXP 	unnamed Polygon: autoDraw = True
1248.1796 	EXP 	unnamed Polygon: autoDraw = True
1248.1958 	EXP 	unnamed Polygon: autoDraw = True
1248.2131 	EXP 	unnamed Polygon: autoDraw = True
1248.2296 	EXP 	unnamed Polygon: autoDraw = True
1248.2458 	EXP 	unnamed Polygon: autoDraw = True
1248.2629 	EXP 	unnamed Polygon: autoDraw = True
1248.2796 	EXP 	unnamed Polygon: autoDraw = False
1249.0965 	EXP 	trial_feedback: text = 'Miss!\n$0.00'
1249.0965 	EXP 	trial_feedback: autoDraw = True
1251.0962 	EXP 	trial_feedback: autoDraw = False
1251.1132 	EXP 	trial_feedback: autoDraw = False
1251.1132 	EXP 	exp_feedback: autoDraw = False
1259.5146 	EXP 	unnamed Polygon: autoDraw = True
1259.5146 	EXP 	unnamed Polygon: autoDraw = True
1259.5313 	EXP 	unnamed Polygon: autoDraw = True
1259.5480 	EXP 	unnamed Polygon: autoDraw = True
1259.5636 	EXP 	unnamed Polygon: autoDraw = True
1259.5802 	EXP 	unnamed Polygon: autoDraw = True
1259.5971 	EXP 	unnamed Polygon: autoDraw = True
1259.6137 	EXP 	unnamed Polygon: autoDraw = True
1259.6300 	EXP 	unnamed Polygon: autoDraw = True
1259.6476 	EXP 	unnamed Polygon: autoDraw = True
1259.6648 	EXP 	unnamed Polygon: autoDraw = True
1259.6817 	EXP 	unnamed Polygon: autoDraw = True
1259.6967 	EXP 	unnamed Polygon: autoDraw = True
1259.7134 	EXP 	unnamed Polygon: autoDraw = True
1259.7301 	EXP 	unnamed Polygon: autoDraw = True
1259.7468 	EXP 	unnamed Polygon: autoDraw = True
1259.7637 	EXP 	unnamed Polygon: autoDraw = True
1259.7807 	EXP 	unnamed Polygon: autoDraw = True
1259.7979 	EXP 	unnamed Polygon: autoDraw = True
1259.8148 	EXP 	unnamed Polygon: autoDraw = True
1259.8303 	EXP 	unnamed Polygon: autoDraw = True
1259.8468 	EXP 	unnamed Polygon: autoDraw = True
1259.8639 	EXP 	unnamed Polygon: autoDraw = True
1259.8803 	EXP 	unnamed Polygon: autoDraw = True
1259.8969 	EXP 	unnamed Polygon: autoDraw = True
1259.9137 	EXP 	unnamed Polygon: autoDraw = True
1259.9304 	EXP 	unnamed Polygon: autoDraw = True
1259.9481 	EXP 	unnamed Polygon: autoDraw = True
1259.9648 	EXP 	unnamed Polygon: autoDraw = True
1259.9805 	EXP 	unnamed Polygon: autoDraw = True
1259.9975 	EXP 	unnamed Polygon: autoDraw = True
1260.0142 	EXP 	unnamed Polygon: autoDraw = True
1260.0303 	EXP 	unnamed Polygon: autoDraw = True
1260.0475 	EXP 	unnamed Polygon: autoDraw = True
1260.0639 	EXP 	unnamed Polygon: autoDraw = True
1260.0804 	EXP 	unnamed Polygon: autoDraw = True
1260.0972 	EXP 	unnamed Polygon: autoDraw = True
1260.1138 	EXP 	unnamed Polygon: autoDraw = True
1260.1302 	EXP 	unnamed Polygon: autoDraw = False
1261.1315 	EXP 	trial_feedback: text = 'Miss!\n$0.00'
1261.1315 	EXP 	trial_feedback: autoDraw = True
1263.1315 	EXP 	trial_feedback: autoDraw = False
1263.1485 	EXP 	trial_feedback: autoDraw = False
1263.1485 	EXP 	exp_feedback: autoDraw = False
1271.3312 	EXP 	unnamed Polygon: autoDraw = True
1271.3312 	EXP 	unnamed Polygon: autoDraw = True
1271.3482 	EXP 	unnamed Polygon: autoDraw = True
1271.3649 	EXP 	unnamed Polygon: autoDraw = True
1271.3814 	EXP 	unnamed Polygon: autoDraw = True
1271.3980 	EXP 	unnamed Polygon: autoDraw = True
1271.4146 	EXP 	unnamed Polygon: autoDraw = True
1271.4313 	EXP 	unnamed Polygon: autoDraw = True
1271.4480 	EXP 	unnamed Polygon: autoDraw = True
1271.4645 	EXP 	unnamed Polygon: autoDraw = True
1271.4812 	EXP 	unnamed Polygon: autoDraw = True
1271.4980 	EXP 	unnamed Polygon: autoDraw = True
1271.5147 	EXP 	unnamed Polygon: autoDraw = True
1271.5313 	EXP 	unnamed Polygon: autoDraw = True
1271.5480 	EXP 	unnamed Polygon: autoDraw = True
1271.5647 	EXP 	unnamed Polygon: autoDraw = True
1271.5811 	EXP 	unnamed Polygon: autoDraw = True
1271.5980 	EXP 	unnamed Polygon: autoDraw = True
1271.6147 	EXP 	unnamed Polygon: autoDraw = True
1271.6314 	EXP 	unnamed Polygon: autoDraw = True
1271.6482 	EXP 	unnamed Polygon: autoDraw = True
1271.6646 	EXP 	unnamed Polygon: autoDraw = True
1271.6812 	EXP 	unnamed Polygon: autoDraw = True
1271.6980 	EXP 	unnamed Polygon: autoDraw = True
1271.7146 	EXP 	unnamed Polygon: autoDraw = True
1271.7312 	EXP 	unnamed Polygon: autoDraw = True
1271.7479 	EXP 	unnamed Polygon: autoDraw = True
1271.7647 	EXP 	unnamed Polygon: autoDraw = True
1271.7813 	EXP 	unnamed Polygon: autoDraw = True
1271.7982 	EXP 	unnamed Polygon: autoDraw = True
1271.8146 	EXP 	unnamed Polygon: autoDraw = True
1271.8314 	EXP 	unnamed Polygon: autoDraw = True
1271.8482 	EXP 	unnamed Polygon: autoDraw = True
1271.8645 	EXP 	unnamed Polygon: autoDraw = True
1271.8811 	EXP 	unnamed Polygon: autoDraw = True
1271.8975 	EXP 	unnamed Polygon: autoDraw = True
1271.9143 	EXP 	unnamed Polygon: autoDraw = True
1271.9310 	EXP 	unnamed Polygon: autoDraw = True
1271.9489 	EXP 	unnamed Polygon: autoDraw = True
1271.9641 	EXP 	unnamed Polygon: autoDraw = False
1273.1819 	EXP 	trial_feedback: height = 0.09
1273.1819 	EXP 	trial_feedback: height = 0.09
1273.1819 	EXP 	trial_feedback: height = 0.09
1273.1819 	EXP 	trial_feedback: text = 'Miss!\n-$5.00'
1273.1819 	EXP 	trial_feedback: autoDraw = True
1275.1817 	EXP 	trial_feedback: autoDraw = False
1275.1980 	EXP 	trial_feedback: autoDraw = False
1275.1980 	EXP 	exp_feedback: autoDraw = False
1281.3316 	EXP 	unnamed Polygon: autoDraw = True
1281.3316 	EXP 	unnamed Polygon: autoDraw = True
1281.3490 	EXP 	unnamed Polygon: autoDraw = True
1281.3658 	EXP 	unnamed Polygon: autoDraw = True
1281.3818 	EXP 	unnamed Polygon: autoDraw = True
1281.3990 	EXP 	unnamed Polygon: autoDraw = True
1281.4155 	EXP 	unnamed Polygon: autoDraw = True
1281.4318 	EXP 	unnamed Polygon: autoDraw = True
1281.4490 	EXP 	unnamed Polygon: autoDraw = True
1281.4655 	EXP 	unnamed Polygon: autoDraw = True
1281.4816 	EXP 	unnamed Polygon: autoDraw = True
1281.4989 	EXP 	unnamed Polygon: autoDraw = True
1281.5157 	EXP 	unnamed Polygon: autoDraw = True
1281.5325 	EXP 	unnamed Polygon: autoDraw = True
1281.5487 	EXP 	unnamed Polygon: autoDraw = True
1281.5659 	EXP 	unnamed Polygon: autoDraw = True
1281.5819 	EXP 	unnamed Polygon: autoDraw = True
1281.5983 	EXP 	unnamed Polygon: autoDraw = True
1281.6153 	EXP 	unnamed Polygon: autoDraw = True
1281.6321 	EXP 	unnamed Polygon: autoDraw = True
1281.6492 	EXP 	unnamed Polygon: autoDraw = True
1281.6653 	EXP 	unnamed Polygon: autoDraw = True
1281.6820 	EXP 	unnamed Polygon: autoDraw = True
1281.6988 	EXP 	unnamed Polygon: autoDraw = True
1281.7156 	EXP 	unnamed Polygon: autoDraw = True
1281.7316 	EXP 	unnamed Polygon: autoDraw = True
1281.7485 	EXP 	unnamed Polygon: autoDraw = True
1281.7652 	EXP 	unnamed Polygon: autoDraw = True
1281.7814 	EXP 	unnamed Polygon: autoDraw = True
1281.7985 	EXP 	unnamed Polygon: autoDraw = True
1281.8155 	EXP 	unnamed Polygon: autoDraw = True
1281.8316 	EXP 	unnamed Polygon: autoDraw = True
1281.8485 	EXP 	unnamed Polygon: autoDraw = True
1281.8653 	EXP 	unnamed Polygon: autoDraw = True
1281.8818 	EXP 	unnamed Polygon: autoDraw = True
1281.8989 	EXP 	unnamed Polygon: autoDraw = True
1281.9155 	EXP 	unnamed Polygon: autoDraw = True
1281.9318 	EXP 	unnamed Polygon: autoDraw = True
1281.9487 	EXP 	unnamed Polygon: autoDraw = True
1281.9656 	EXP 	unnamed Polygon: autoDraw = True
1281.9815 	EXP 	unnamed Polygon: autoDraw = True
1281.9985 	EXP 	unnamed Polygon: autoDraw = False
1283.2321 	EXP 	trial_feedback: text = 'Miss!\n-$5.00'
1283.2321 	EXP 	trial_feedback: autoDraw = True
1285.2319 	EXP 	trial_feedback: autoDraw = False
1285.2484 	EXP 	trial_feedback: autoDraw = False
1285.2484 	EXP 	exp_feedback: autoDraw = False
1295.7327 	EXP 	unnamed Polygon: autoDraw = True
1295.7327 	EXP 	unnamed Polygon: autoDraw = True
1295.7492 	EXP 	unnamed Polygon: autoDraw = True
1295.7661 	EXP 	unnamed Polygon: autoDraw = True
1295.7828 	EXP 	unnamed Polygon: autoDraw = True
1295.7994 	EXP 	unnamed Polygon: autoDraw = True
1295.8162 	EXP 	unnamed Polygon: autoDraw = True
1295.8328 	EXP 	unnamed Polygon: autoDraw = True
1295.8496 	EXP 	unnamed Polygon: autoDraw = True
1295.8662 	EXP 	unnamed Polygon: autoDraw = True
1295.8829 	EXP 	unnamed Polygon: autoDraw = True
1295.8995 	EXP 	unnamed Polygon: autoDraw = True
1295.9167 	EXP 	unnamed Polygon: autoDraw = True
1295.9325 	EXP 	unnamed Polygon: autoDraw = True
1295.9492 	EXP 	unnamed Polygon: autoDraw = True
1295.9662 	EXP 	unnamed Polygon: autoDraw = True
1295.9828 	EXP 	unnamed Polygon: autoDraw = True
1295.9995 	EXP 	unnamed Polygon: autoDraw = True
1296.0159 	EXP 	unnamed Polygon: autoDraw = True
1296.0327 	EXP 	unnamed Polygon: autoDraw = True
1296.0494 	EXP 	unnamed Polygon: autoDraw = True
1296.0664 	EXP 	unnamed Polygon: autoDraw = True
1296.0828 	EXP 	unnamed Polygon: autoDraw = True
1296.0996 	EXP 	unnamed Polygon: autoDraw = True
1296.1162 	EXP 	unnamed Polygon: autoDraw = True
1296.1328 	EXP 	unnamed Polygon: autoDraw = True
1296.1495 	EXP 	unnamed Polygon: autoDraw = True
1296.1670 	EXP 	unnamed Polygon: autoDraw = True
1296.1828 	EXP 	unnamed Polygon: autoDraw = True
1296.1996 	EXP 	unnamed Polygon: autoDraw = True
1296.2161 	EXP 	unnamed Polygon: autoDraw = True
1296.2330 	EXP 	unnamed Polygon: autoDraw = True
1296.2496 	EXP 	unnamed Polygon: autoDraw = True
1296.2664 	EXP 	unnamed Polygon: autoDraw = True
1296.2827 	EXP 	unnamed Polygon: autoDraw = True
1296.2995 	EXP 	unnamed Polygon: autoDraw = True
1296.3165 	EXP 	unnamed Polygon: autoDraw = True
1296.3327 	EXP 	unnamed Polygon: autoDraw = True
1296.3493 	EXP 	unnamed Polygon: autoDraw = True
1296.3663 	EXP 	unnamed Polygon: autoDraw = True
1296.3829 	EXP 	unnamed Polygon: autoDraw = True
1296.3993 	EXP 	unnamed Polygon: autoDraw = True
1296.4162 	EXP 	unnamed Polygon: autoDraw = False
1297.2661 	EXP 	trial_feedback: height = 0.09
1297.2661 	EXP 	trial_feedback: height = 0.09
1297.2661 	EXP 	trial_feedback: height = 0.09
1297.2661 	EXP 	trial_feedback: text = 'Miss!\n$0.00'
1297.2661 	EXP 	trial_feedback: autoDraw = True
1299.2676 	EXP 	trial_feedback: autoDraw = False
1299.2676 	EXP 	exp_feedback: autoDraw = False
1307.7168 	EXP 	unnamed Polygon: autoDraw = True
1307.7168 	EXP 	unnamed Polygon: autoDraw = True
1307.7338 	EXP 	unnamed Polygon: autoDraw = True
1307.7505 	EXP 	unnamed Polygon: autoDraw = True
1307.7673 	EXP 	unnamed Polygon: autoDraw = True
1307.7839 	EXP 	unnamed Polygon: autoDraw = True
1307.8003 	EXP 	unnamed Polygon: autoDraw = True
1307.8172 	EXP 	unnamed Polygon: autoDraw = True
1307.8336 	EXP 	unnamed Polygon: autoDraw = True
1307.8503 	EXP 	unnamed Polygon: autoDraw = True
1307.8670 	EXP 	unnamed Polygon: autoDraw = True
1307.8836 	EXP 	unnamed Polygon: autoDraw = True
1307.9005 	EXP 	unnamed Polygon: autoDraw = True
1307.9170 	EXP 	unnamed Polygon: autoDraw = True
1307.9338 	EXP 	unnamed Polygon: autoDraw = True
1307.9502 	EXP 	unnamed Polygon: autoDraw = True
1307.9671 	EXP 	unnamed Polygon: autoDraw = True
1307.9847 	EXP 	unnamed Polygon: autoDraw = True
1308.0014 	EXP 	unnamed Polygon: autoDraw = True
1308.0181 	EXP 	unnamed Polygon: autoDraw = True
1308.0351 	EXP 	unnamed Polygon: autoDraw = True
1308.0505 	EXP 	unnamed Polygon: autoDraw = True
1308.0680 	EXP 	unnamed Polygon: autoDraw = True
1308.0850 	EXP 	unnamed Polygon: autoDraw = True
1308.1006 	EXP 	unnamed Polygon: autoDraw = True
1308.1168 	EXP 	unnamed Polygon: autoDraw = True
1308.1337 	EXP 	unnamed Polygon: autoDraw = True
1308.1504 	EXP 	unnamed Polygon: autoDraw = True
1308.1672 	EXP 	unnamed Polygon: autoDraw = True
1308.1838 	EXP 	unnamed Polygon: autoDraw = True
1308.2004 	EXP 	unnamed Polygon: autoDraw = True
1308.2169 	EXP 	unnamed Polygon: autoDraw = True
1308.2337 	EXP 	unnamed Polygon: autoDraw = True
1308.2502 	EXP 	unnamed Polygon: autoDraw = True
1308.2670 	EXP 	unnamed Polygon: autoDraw = True
1308.2835 	EXP 	unnamed Polygon: autoDraw = True
1308.3001 	EXP 	unnamed Polygon: autoDraw = True
1308.3169 	EXP 	unnamed Polygon: autoDraw = True
1308.3336 	EXP 	unnamed Polygon: autoDraw = True
1308.3504 	EXP 	unnamed Polygon: autoDraw = True
1308.3671 	EXP 	unnamed Polygon: autoDraw = True
1308.3837 	EXP 	unnamed Polygon: autoDraw = True
1308.4004 	EXP 	unnamed Polygon: autoDraw = False
1309.3004 	EXP 	trial_feedback: height = 0.09
1309.3004 	EXP 	trial_feedback: height = 0.09
1309.3004 	EXP 	trial_feedback: height = 0.09
1309.3004 	EXP 	trial_feedback: text = 'Miss!\n-$5.00'
1309.3004 	EXP 	trial_feedback: autoDraw = True
1311.3021 	EXP 	trial_feedback: autoDraw = False
1311.3021 	EXP 	exp_feedback: autoDraw = False
1319.4843 	EXP 	unnamed Polygon: autoDraw = True
1319.4843 	EXP 	unnamed Polygon: autoDraw = True
1319.5010 	EXP 	unnamed Polygon: autoDraw = True
1319.5177 	EXP 	unnamed Polygon: autoDraw = True
1319.5344 	EXP 	unnamed Polygon: autoDraw = True
1319.5510 	EXP 	unnamed Polygon: autoDraw = True
1319.5682 	EXP 	unnamed Polygon: autoDraw = True
1319.5842 	EXP 	unnamed Polygon: autoDraw = True
1319.6008 	EXP 	unnamed Polygon: autoDraw = True
1319.6177 	EXP 	unnamed Polygon: autoDraw = True
1319.6344 	EXP 	unnamed Polygon: autoDraw = True
1319.6511 	EXP 	unnamed Polygon: autoDraw = True
1319.6678 	EXP 	unnamed Polygon: autoDraw = True
1319.6845 	EXP 	unnamed Polygon: autoDraw = True
1319.7013 	EXP 	unnamed Polygon: autoDraw = True
1319.7178 	EXP 	unnamed Polygon: autoDraw = True
1319.7344 	EXP 	unnamed Polygon: autoDraw = True
1319.7512 	EXP 	unnamed Polygon: autoDraw = True
1319.7679 	EXP 	unnamed Polygon: autoDraw = True
1319.7844 	EXP 	unnamed Polygon: autoDraw = True
1319.8011 	EXP 	unnamed Polygon: autoDraw = True
1319.8180 	EXP 	unnamed Polygon: autoDraw = True
1319.8341 	EXP 	unnamed Polygon: autoDraw = True
1319.8509 	EXP 	unnamed Polygon: autoDraw = True
1319.8681 	EXP 	unnamed Polygon: autoDraw = True
1319.8842 	EXP 	unnamed Polygon: autoDraw = True
1319.9010 	EXP 	unnamed Polygon: autoDraw = True
1319.9186 	EXP 	unnamed Polygon: autoDraw = True
1319.9346 	EXP 	unnamed Polygon: autoDraw = True
1319.9513 	EXP 	unnamed Polygon: autoDraw = True
1319.9680 	EXP 	unnamed Polygon: autoDraw = True
1319.9844 	EXP 	unnamed Polygon: autoDraw = True
1320.0011 	EXP 	unnamed Polygon: autoDraw = True
1320.0177 	EXP 	unnamed Polygon: autoDraw = True
1320.0345 	EXP 	unnamed Polygon: autoDraw = True
1320.0510 	EXP 	unnamed Polygon: autoDraw = True
1320.0679 	EXP 	unnamed Polygon: autoDraw = True
1320.0847 	EXP 	unnamed Polygon: autoDraw = True
1320.1011 	EXP 	unnamed Polygon: autoDraw = True
1320.1178 	EXP 	unnamed Polygon: autoDraw = True
1320.1344 	EXP 	unnamed Polygon: autoDraw = True
1320.1515 	EXP 	unnamed Polygon: autoDraw = True
1320.1678 	EXP 	unnamed Polygon: autoDraw = False
1321.3349 	EXP 	trial_feedback: height = 0.09
1321.3349 	EXP 	trial_feedback: height = 0.09
1321.3349 	EXP 	trial_feedback: height = 0.09
1321.3349 	EXP 	trial_feedback: text = 'Miss!\n-$1.50'
1321.3349 	EXP 	trial_feedback: autoDraw = True
1323.3345 	EXP 	trial_feedback: autoDraw = False
1323.3345 	EXP 	exp_feedback: autoDraw = False
1333.7518 	EXP 	unnamed Polygon: autoDraw = True
1333.7518 	EXP 	unnamed Polygon: autoDraw = True
1333.7687 	EXP 	unnamed Polygon: autoDraw = True
1333.7857 	EXP 	unnamed Polygon: autoDraw = True
1333.8023 	EXP 	unnamed Polygon: autoDraw = True
1333.8191 	EXP 	unnamed Polygon: autoDraw = True
1333.8358 	EXP 	unnamed Polygon: autoDraw = True
1333.8526 	EXP 	unnamed Polygon: autoDraw = True
1333.8687 	EXP 	unnamed Polygon: autoDraw = True
1333.8856 	EXP 	unnamed Polygon: autoDraw = True
1333.9026 	EXP 	unnamed Polygon: autoDraw = True
1333.9192 	EXP 	unnamed Polygon: autoDraw = True
1333.9359 	EXP 	unnamed Polygon: autoDraw = True
1333.9527 	EXP 	unnamed Polygon: autoDraw = True
1333.9689 	EXP 	unnamed Polygon: autoDraw = True
1333.9855 	EXP 	unnamed Polygon: autoDraw = True
1334.0027 	EXP 	unnamed Polygon: autoDraw = True
1334.0192 	EXP 	unnamed Polygon: autoDraw = True
1334.0357 	EXP 	unnamed Polygon: autoDraw = True
1334.0527 	EXP 	unnamed Polygon: autoDraw = True
1334.0693 	EXP 	unnamed Polygon: autoDraw = True
1334.0854 	EXP 	unnamed Polygon: autoDraw = True
1334.1022 	EXP 	unnamed Polygon: autoDraw = True
1334.1191 	EXP 	unnamed Polygon: autoDraw = True
1334.1355 	EXP 	unnamed Polygon: autoDraw = True
1334.1518 	EXP 	unnamed Polygon: autoDraw = True
1334.1687 	EXP 	unnamed Polygon: autoDraw = True
1334.1852 	EXP 	unnamed Polygon: autoDraw = True
1334.2020 	EXP 	unnamed Polygon: autoDraw = True
1334.2194 	EXP 	unnamed Polygon: autoDraw = True
1334.2359 	EXP 	unnamed Polygon: autoDraw = True
1334.2521 	EXP 	unnamed Polygon: autoDraw = True
1334.2688 	EXP 	unnamed Polygon: autoDraw = True
1334.2856 	EXP 	unnamed Polygon: autoDraw = True
1334.3032 	EXP 	unnamed Polygon: autoDraw = True
1334.3192 	EXP 	unnamed Polygon: autoDraw = True
1334.3352 	EXP 	unnamed Polygon: autoDraw = True
1334.3520 	EXP 	unnamed Polygon: autoDraw = True
1334.3687 	EXP 	unnamed Polygon: autoDraw = True
1334.3855 	EXP 	unnamed Polygon: autoDraw = False
1335.3526 	EXP 	trial_feedback: height = 0.09
1335.3526 	EXP 	trial_feedback: height = 0.09
1335.3526 	EXP 	trial_feedback: height = 0.09
1335.3526 	EXP 	trial_feedback: text = 'Miss!\n$0.00'
1335.3526 	EXP 	trial_feedback: autoDraw = True
1337.3522 	EXP 	trial_feedback: autoDraw = False
1337.3691 	EXP 	trial_feedback: autoDraw = False
1337.3691 	EXP 	exp_feedback: autoDraw = False
1347.4195 	EXP 	unnamed Polygon: autoDraw = True
1347.4195 	EXP 	unnamed Polygon: autoDraw = True
1347.4363 	EXP 	unnamed Polygon: autoDraw = True
1347.4535 	EXP 	unnamed Polygon: autoDraw = True
1347.4708 	EXP 	unnamed Polygon: autoDraw = True
1347.4874 	EXP 	unnamed Polygon: autoDraw = True
1347.5035 	EXP 	unnamed Polygon: autoDraw = True
1347.5198 	EXP 	unnamed Polygon: autoDraw = True
1347.5366 	EXP 	unnamed Polygon: autoDraw = True
1347.5529 	EXP 	unnamed Polygon: autoDraw = True
1347.5702 	EXP 	unnamed Polygon: autoDraw = True
1347.5865 	EXP 	unnamed Polygon: autoDraw = True
1347.6039 	EXP 	unnamed Polygon: autoDraw = True
1347.6209 	EXP 	unnamed Polygon: autoDraw = True
1347.6376 	EXP 	unnamed Polygon: autoDraw = True
1347.6529 	EXP 	unnamed Polygon: autoDraw = True
1347.6697 	EXP 	unnamed Polygon: autoDraw = True
1347.6863 	EXP 	unnamed Polygon: autoDraw = True
1347.7030 	EXP 	unnamed Polygon: autoDraw = True
1347.7197 	EXP 	unnamed Polygon: autoDraw = True
1347.7365 	EXP 	unnamed Polygon: autoDraw = True
1347.7530 	EXP 	unnamed Polygon: autoDraw = True
1347.7708 	EXP 	unnamed Polygon: autoDraw = True
1347.7873 	EXP 	unnamed Polygon: autoDraw = True
1347.8039 	EXP 	unnamed Polygon: autoDraw = True
1347.8195 	EXP 	unnamed Polygon: autoDraw = True
1347.8366 	EXP 	unnamed Polygon: autoDraw = True
1347.8532 	EXP 	unnamed Polygon: autoDraw = True
1347.8695 	EXP 	unnamed Polygon: autoDraw = True
1347.8863 	EXP 	unnamed Polygon: autoDraw = True
1347.9040 	EXP 	unnamed Polygon: autoDraw = True
1347.9202 	EXP 	unnamed Polygon: autoDraw = True
1347.9373 	EXP 	unnamed Polygon: autoDraw = True
1347.9532 	EXP 	unnamed Polygon: autoDraw = True
1347.9696 	EXP 	unnamed Polygon: autoDraw = True
1347.9864 	EXP 	unnamed Polygon: autoDraw = True
1348.0032 	EXP 	unnamed Polygon: autoDraw = True
1348.0196 	EXP 	unnamed Polygon: autoDraw = True
1348.0365 	EXP 	unnamed Polygon: autoDraw = True
1348.0530 	EXP 	unnamed Polygon: autoDraw = True
1348.0696 	EXP 	unnamed Polygon: autoDraw = True
1348.0860 	EXP 	unnamed Polygon: autoDraw = False
1349.4029 	EXP 	trial_feedback: text = 'Miss!\n$0.00'
1349.4029 	EXP 	trial_feedback: autoDraw = True
1351.4042 	EXP 	trial_feedback: autoDraw = False
1351.4042 	EXP 	exp_feedback: autoDraw = False
1359.5049 	EXP 	unnamed Polygon: autoDraw = True
1359.5049 	EXP 	unnamed Polygon: autoDraw = True
1359.5216 	EXP 	unnamed Polygon: autoDraw = True
1359.5383 	EXP 	unnamed Polygon: autoDraw = True
1359.5547 	EXP 	unnamed Polygon: autoDraw = True
1359.5720 	EXP 	unnamed Polygon: autoDraw = True
1359.5880 	EXP 	unnamed Polygon: autoDraw = True
1359.6047 	EXP 	unnamed Polygon: autoDraw = True
1359.6214 	EXP 	unnamed Polygon: autoDraw = True
1359.6381 	EXP 	unnamed Polygon: autoDraw = True
1359.6549 	EXP 	unnamed Polygon: autoDraw = True
1359.6716 	EXP 	unnamed Polygon: autoDraw = True
1359.6882 	EXP 	unnamed Polygon: autoDraw = True
1359.7048 	EXP 	unnamed Polygon: autoDraw = True
1359.7213 	EXP 	unnamed Polygon: autoDraw = True
1359.7381 	EXP 	unnamed Polygon: autoDraw = True
1359.7549 	EXP 	unnamed Polygon: autoDraw = True
1359.7715 	EXP 	unnamed Polygon: autoDraw = True
1359.7881 	EXP 	unnamed Polygon: autoDraw = True
1359.8045 	EXP 	unnamed Polygon: autoDraw = True
1359.8212 	EXP 	unnamed Polygon: autoDraw = True
1359.8378 	EXP 	unnamed Polygon: autoDraw = True
1359.8548 	EXP 	unnamed Polygon: autoDraw = True
1359.8716 	EXP 	unnamed Polygon: autoDraw = True
1359.8882 	EXP 	unnamed Polygon: autoDraw = True
1359.9048 	EXP 	unnamed Polygon: autoDraw = True
1359.9218 	EXP 	unnamed Polygon: autoDraw = True
1359.9382 	EXP 	unnamed Polygon: autoDraw = True
1359.9549 	EXP 	unnamed Polygon: autoDraw = True
1359.9717 	EXP 	unnamed Polygon: autoDraw = True
1359.9882 	EXP 	unnamed Polygon: autoDraw = True
1360.0048 	EXP 	unnamed Polygon: autoDraw = True
1360.0216 	EXP 	unnamed Polygon: autoDraw = True
1360.0383 	EXP 	unnamed Polygon: autoDraw = True
1360.0550 	EXP 	unnamed Polygon: autoDraw = True
1360.0715 	EXP 	unnamed Polygon: autoDraw = True
1360.0880 	EXP 	unnamed Polygon: autoDraw = True
1360.1048 	EXP 	unnamed Polygon: autoDraw = True
1360.1214 	EXP 	unnamed Polygon: autoDraw = True
1360.1381 	EXP 	unnamed Polygon: autoDraw = True
1360.1548 	EXP 	unnamed Polygon: autoDraw = True
1360.1716 	EXP 	unnamed Polygon: autoDraw = True
1360.1882 	EXP 	unnamed Polygon: autoDraw = True
1360.2036 	EXP 	unnamed Polygon: autoDraw = False
1361.4374 	EXP 	trial_feedback: height = 0.09
1361.4374 	EXP 	trial_feedback: height = 0.09
1361.4374 	EXP 	trial_feedback: height = 0.09
1361.4374 	EXP 	trial_feedback: text = 'Miss!\n-$1.50'
1361.4374 	EXP 	trial_feedback: autoDraw = True
1363.4375 	EXP 	trial_feedback: autoDraw = False
1363.4536 	EXP 	trial_feedback: autoDraw = False
1363.4536 	EXP 	exp_feedback: autoDraw = False
1373.6217 	EXP 	unnamed Polygon: autoDraw = True
1373.6217 	EXP 	unnamed Polygon: autoDraw = True
1373.6379 	EXP 	unnamed Polygon: autoDraw = True
1373.6550 	EXP 	unnamed Polygon: autoDraw = True
1373.6718 	EXP 	unnamed Polygon: autoDraw = True
1373.6877 	EXP 	unnamed Polygon: autoDraw = True
1373.7048 	EXP 	unnamed Polygon: autoDraw = True
1373.7214 	EXP 	unnamed Polygon: autoDraw = True
1373.7384 	EXP 	unnamed Polygon: autoDraw = True
1373.7545 	EXP 	unnamed Polygon: autoDraw = True
1373.7720 	EXP 	unnamed Polygon: autoDraw = True
1373.7883 	EXP 	unnamed Polygon: autoDraw = True
1373.8050 	EXP 	unnamed Polygon: autoDraw = True
1373.8219 	EXP 	unnamed Polygon: autoDraw = True
1373.8378 	EXP 	unnamed Polygon: autoDraw = True
1373.8553 	EXP 	unnamed Polygon: autoDraw = True
1373.8718 	EXP 	unnamed Polygon: autoDraw = True
1373.8885 	EXP 	unnamed Polygon: autoDraw = True
1373.9051 	EXP 	unnamed Polygon: autoDraw = True
1373.9216 	EXP 	unnamed Polygon: autoDraw = True
1373.9385 	EXP 	unnamed Polygon: autoDraw = True
1373.9547 	EXP 	unnamed Polygon: autoDraw = True
1373.9713 	EXP 	unnamed Polygon: autoDraw = True
1373.9878 	EXP 	unnamed Polygon: autoDraw = True
1374.0048 	EXP 	unnamed Polygon: autoDraw = True
1374.0212 	EXP 	unnamed Polygon: autoDraw = True
1374.0382 	EXP 	unnamed Polygon: autoDraw = True
1374.0545 	EXP 	unnamed Polygon: autoDraw = True
1374.0714 	EXP 	unnamed Polygon: autoDraw = True
1374.0882 	EXP 	unnamed Polygon: autoDraw = True
1374.1044 	EXP 	unnamed Polygon: autoDraw = True
1374.1225 	EXP 	unnamed Polygon: autoDraw = True
1374.1392 	EXP 	unnamed Polygon: autoDraw = True
1374.1562 	EXP 	unnamed Polygon: autoDraw = True
1374.1716 	EXP 	unnamed Polygon: autoDraw = True
1374.1882 	EXP 	unnamed Polygon: autoDraw = True
1374.2048 	EXP 	unnamed Polygon: autoDraw = True
1374.2217 	EXP 	unnamed Polygon: autoDraw = True
1374.2381 	EXP 	unnamed Polygon: autoDraw = True
1374.2548 	EXP 	unnamed Polygon: autoDraw = True
1374.2727 	EXP 	unnamed Polygon: autoDraw = True
1374.2894 	EXP 	unnamed Polygon: autoDraw = True
1374.3050 	EXP 	unnamed Polygon: autoDraw = True
1374.3214 	EXP 	unnamed Polygon: autoDraw = False
1375.4728 	EXP 	trial_feedback: height = 0.09
1375.4728 	EXP 	trial_feedback: height = 0.09
1375.4728 	EXP 	trial_feedback: height = 0.09
1375.4728 	EXP 	trial_feedback: text = 'Miss!\n-$5.00'
1375.4728 	EXP 	trial_feedback: autoDraw = True
1377.4720 	EXP 	trial_feedback: autoDraw = False
1377.4882 	EXP 	trial_feedback: autoDraw = False
1377.4882 	EXP 	exp_feedback: autoDraw = False
1385.5734 	EXP 	unnamed Polygon: autoDraw = True
1385.5734 	EXP 	unnamed Polygon: autoDraw = True
1385.5900 	EXP 	unnamed Polygon: autoDraw = True
1385.6067 	EXP 	unnamed Polygon: autoDraw = True
1385.6232 	EXP 	unnamed Polygon: autoDraw = True
1385.6401 	EXP 	unnamed Polygon: autoDraw = True
1385.6568 	EXP 	unnamed Polygon: autoDraw = True
1385.6734 	EXP 	unnamed Polygon: autoDraw = True
1385.6902 	EXP 	unnamed Polygon: autoDraw = True
1385.7068 	EXP 	unnamed Polygon: autoDraw = True
1385.7233 	EXP 	unnamed Polygon: autoDraw = True
1385.7399 	EXP 	unnamed Polygon: autoDraw = True
1385.7565 	EXP 	unnamed Polygon: autoDraw = True
1385.7734 	EXP 	unnamed Polygon: autoDraw = True
1385.7899 	EXP 	unnamed Polygon: autoDraw = True
1385.8067 	EXP 	unnamed Polygon: autoDraw = True
1385.8236 	EXP 	unnamed Polygon: autoDraw = True
1385.8400 	EXP 	unnamed Polygon: autoDraw = True
1385.8572 	EXP 	unnamed Polygon: autoDraw = True
1385.8733 	EXP 	unnamed Polygon: autoDraw = True
1385.8901 	EXP 	unnamed Polygon: autoDraw = True
1385.9066 	EXP 	unnamed Polygon: autoDraw = True
1385.9234 	EXP 	unnamed Polygon: autoDraw = True
1385.9399 	EXP 	unnamed Polygon: autoDraw = True
1385.9572 	EXP 	unnamed Polygon: autoDraw = True
1385.9738 	EXP 	unnamed Polygon: autoDraw = True
1385.9900 	EXP 	unnamed Polygon: autoDraw = True
1386.0066 	EXP 	unnamed Polygon: autoDraw = True
1386.0237 	EXP 	unnamed Polygon: autoDraw = True
1386.0397 	EXP 	unnamed Polygon: autoDraw = True
1386.0564 	EXP 	unnamed Polygon: autoDraw = True
1386.0730 	EXP 	unnamed Polygon: autoDraw = True
1386.0902 	EXP 	unnamed Polygon: autoDraw = True
1386.1065 	EXP 	unnamed Polygon: autoDraw = True
1386.1230 	EXP 	unnamed Polygon: autoDraw = True
1386.1400 	EXP 	unnamed Polygon: autoDraw = True
1386.1563 	EXP 	unnamed Polygon: autoDraw = True
1386.1729 	EXP 	unnamed Polygon: autoDraw = True
1386.1901 	EXP 	unnamed Polygon: autoDraw = True
1386.2068 	EXP 	unnamed Polygon: autoDraw = True
1386.2235 	EXP 	unnamed Polygon: autoDraw = True
1386.2402 	EXP 	unnamed Polygon: autoDraw = True
1386.2567 	EXP 	unnamed Polygon: autoDraw = False
1387.5393 	EXP 	trial_feedback: height = 0.09
1387.5393 	EXP 	trial_feedback: height = 0.09
1387.5393 	EXP 	trial_feedback: height = 0.09
1387.5393 	EXP 	trial_feedback: text = 'Miss!\n-$0.00'
1387.5393 	EXP 	trial_feedback: autoDraw = True
1389.5392 	EXP 	trial_feedback: autoDraw = False
1389.5392 	EXP 	exp_feedback: autoDraw = False
1399.5910 	EXP 	unnamed Polygon: autoDraw = True
1399.5910 	EXP 	unnamed Polygon: autoDraw = True
1399.6073 	EXP 	unnamed Polygon: autoDraw = True
1399.6242 	EXP 	unnamed Polygon: autoDraw = True
1399.6408 	EXP 	unnamed Polygon: autoDraw = True
1399.6576 	EXP 	unnamed Polygon: autoDraw = True
1399.6744 	EXP 	unnamed Polygon: autoDraw = True
1399.6904 	EXP 	unnamed Polygon: autoDraw = True
1399.7065 	EXP 	unnamed Polygon: autoDraw = True
1399.7230 	EXP 	unnamed Polygon: autoDraw = True
1399.7400 	EXP 	unnamed Polygon: autoDraw = True
1399.7564 	EXP 	unnamed Polygon: autoDraw = True
1399.7730 	EXP 	unnamed Polygon: autoDraw = True
1399.7900 	EXP 	unnamed Polygon: autoDraw = True
1399.8062 	EXP 	unnamed Polygon: autoDraw = True
1399.8230 	EXP 	unnamed Polygon: autoDraw = True
1399.8395 	EXP 	unnamed Polygon: autoDraw = True
1399.8565 	EXP 	unnamed Polygon: autoDraw = True
1399.8731 	EXP 	unnamed Polygon: autoDraw = True
1399.8902 	EXP 	unnamed Polygon: autoDraw = True
1399.9064 	EXP 	unnamed Polygon: autoDraw = True
1399.9232 	EXP 	unnamed Polygon: autoDraw = True
1399.9399 	EXP 	unnamed Polygon: autoDraw = True
1399.9564 	EXP 	unnamed Polygon: autoDraw = True
1399.9732 	EXP 	unnamed Polygon: autoDraw = True
1399.9902 	EXP 	unnamed Polygon: autoDraw = True
1400.0069 	EXP 	unnamed Polygon: autoDraw = True
1400.0232 	EXP 	unnamed Polygon: autoDraw = True
1400.0402 	EXP 	unnamed Polygon: autoDraw = True
1400.0565 	EXP 	unnamed Polygon: autoDraw = True
1400.0732 	EXP 	unnamed Polygon: autoDraw = True
1400.0899 	EXP 	unnamed Polygon: autoDraw = True
1400.1068 	EXP 	unnamed Polygon: autoDraw = True
1400.1230 	EXP 	unnamed Polygon: autoDraw = True
1400.1399 	EXP 	unnamed Polygon: autoDraw = True
1400.1563 	EXP 	unnamed Polygon: autoDraw = True
1400.1734 	EXP 	unnamed Polygon: autoDraw = True
1400.1901 	EXP 	unnamed Polygon: autoDraw = True
1400.2068 	EXP 	unnamed Polygon: autoDraw = True
1400.2232 	EXP 	unnamed Polygon: autoDraw = True
1400.2401 	EXP 	unnamed Polygon: autoDraw = True
1400.2568 	EXP 	unnamed Polygon: autoDraw = True
1400.2733 	EXP 	unnamed Polygon: autoDraw = False
1401.5567 	EXP 	trial_feedback: height = 0.09
1401.5567 	EXP 	trial_feedback: height = 0.09
1401.5567 	EXP 	trial_feedback: height = 0.09
1401.5567 	EXP 	trial_feedback: text = 'Miss!\n$0.00'
1401.5567 	EXP 	trial_feedback: autoDraw = True
1403.5569 	EXP 	trial_feedback: autoDraw = False
1403.5737 	EXP 	trial_feedback: autoDraw = False
1403.5737 	EXP 	exp_feedback: autoDraw = False
1412.0743 	EXP 	unnamed Polygon: autoDraw = True
1412.0743 	EXP 	unnamed Polygon: autoDraw = True
1412.0914 	EXP 	unnamed Polygon: autoDraw = True
1412.1079 	EXP 	unnamed Polygon: autoDraw = True
1412.1244 	EXP 	unnamed Polygon: autoDraw = True
1412.1410 	EXP 	unnamed Polygon: autoDraw = True
1412.1571 	EXP 	unnamed Polygon: autoDraw = True
1412.1741 	EXP 	unnamed Polygon: autoDraw = True
1412.1909 	EXP 	unnamed Polygon: autoDraw = True
1412.2074 	EXP 	unnamed Polygon: autoDraw = True
1412.2245 	EXP 	unnamed Polygon: autoDraw = True
1412.2408 	EXP 	unnamed Polygon: autoDraw = True
1412.2577 	EXP 	unnamed Polygon: autoDraw = True
1412.2743 	EXP 	unnamed Polygon: autoDraw = True
1412.2909 	EXP 	unnamed Polygon: autoDraw = True
1412.3075 	EXP 	unnamed Polygon: autoDraw = True
1412.3244 	EXP 	unnamed Polygon: autoDraw = True
1412.3406 	EXP 	unnamed Polygon: autoDraw = True
1412.3573 	EXP 	unnamed Polygon: autoDraw = True
1412.3748 	EXP 	unnamed Polygon: autoDraw = True
1412.3922 	EXP 	unnamed Polygon: autoDraw = True
1412.4081 	EXP 	unnamed Polygon: autoDraw = True
1412.4242 	EXP 	unnamed Polygon: autoDraw = True
1412.4406 	EXP 	unnamed Polygon: autoDraw = True
1412.4576 	EXP 	unnamed Polygon: autoDraw = True
1412.4743 	EXP 	unnamed Polygon: autoDraw = True
1412.4912 	EXP 	unnamed Polygon: autoDraw = True
1412.5077 	EXP 	unnamed Polygon: autoDraw = True
1412.5240 	EXP 	unnamed Polygon: autoDraw = True
1412.5418 	EXP 	unnamed Polygon: autoDraw = True
1412.5582 	EXP 	unnamed Polygon: autoDraw = True
1412.5743 	EXP 	unnamed Polygon: autoDraw = True
1412.5910 	EXP 	unnamed Polygon: autoDraw = True
1412.6079 	EXP 	unnamed Polygon: autoDraw = True
1412.6247 	EXP 	unnamed Polygon: autoDraw = True
1412.6409 	EXP 	unnamed Polygon: autoDraw = True
1412.6573 	EXP 	unnamed Polygon: autoDraw = True
1412.6746 	EXP 	unnamed Polygon: autoDraw = True
1412.6911 	EXP 	unnamed Polygon: autoDraw = True
1412.7083 	EXP 	unnamed Polygon: autoDraw = True
1412.7248 	EXP 	unnamed Polygon: autoDraw = True
1412.7418 	EXP 	unnamed Polygon: autoDraw = True
1412.7577 	EXP 	unnamed Polygon: autoDraw = True
1412.7743 	EXP 	unnamed Polygon: autoDraw = False
1413.6077 	EXP 	trial_feedback: text = 'Miss!\n$0.00'
1413.6077 	EXP 	trial_feedback: autoDraw = True
1415.6078 	EXP 	trial_feedback: autoDraw = False
1415.6078 	EXP 	exp_feedback: autoDraw = False
1425.7420 	EXP 	unnamed Polygon: autoDraw = True
1425.7420 	EXP 	unnamed Polygon: autoDraw = True
1425.7586 	EXP 	unnamed Polygon: autoDraw = True
1425.7751 	EXP 	unnamed Polygon: autoDraw = True
1425.7927 	EXP 	unnamed Polygon: autoDraw = True
1425.8096 	EXP 	unnamed Polygon: autoDraw = True
1425.8264 	EXP 	unnamed Polygon: autoDraw = True
1425.8428 	EXP 	unnamed Polygon: autoDraw = True
1425.8596 	EXP 	unnamed Polygon: autoDraw = True
1425.8762 	EXP 	unnamed Polygon: autoDraw = True
1425.8930 	EXP 	unnamed Polygon: autoDraw = True
1425.9088 	EXP 	unnamed Polygon: autoDraw = True
1425.9248 	EXP 	unnamed Polygon: autoDraw = True
1425.9422 	EXP 	unnamed Polygon: autoDraw = True
1425.9582 	EXP 	unnamed Polygon: autoDraw = True
1425.9750 	EXP 	unnamed Polygon: autoDraw = True
1425.9916 	EXP 	unnamed Polygon: autoDraw = True
1426.0088 	EXP 	unnamed Polygon: autoDraw = True
1426.0246 	EXP 	unnamed Polygon: autoDraw = True
1426.0418 	EXP 	unnamed Polygon: autoDraw = True
1426.0582 	EXP 	unnamed Polygon: autoDraw = True
1426.0751 	EXP 	unnamed Polygon: autoDraw = True
1426.0916 	EXP 	unnamed Polygon: autoDraw = True
1426.1082 	EXP 	unnamed Polygon: autoDraw = True
1426.1251 	EXP 	unnamed Polygon: autoDraw = True
1426.1414 	EXP 	unnamed Polygon: autoDraw = True
1426.1586 	EXP 	unnamed Polygon: autoDraw = True
1426.1754 	EXP 	unnamed Polygon: autoDraw = True
1426.1917 	EXP 	unnamed Polygon: autoDraw = True
1426.2084 	EXP 	unnamed Polygon: autoDraw = True
1426.2251 	EXP 	unnamed Polygon: autoDraw = True
1426.2418 	EXP 	unnamed Polygon: autoDraw = True
1426.2584 	EXP 	unnamed Polygon: autoDraw = True
1426.2751 	EXP 	unnamed Polygon: autoDraw = True
1426.2918 	EXP 	unnamed Polygon: autoDraw = True
1426.3083 	EXP 	unnamed Polygon: autoDraw = True
1426.3250 	EXP 	unnamed Polygon: autoDraw = True
1426.3421 	EXP 	unnamed Polygon: autoDraw = True
1426.3586 	EXP 	unnamed Polygon: autoDraw = True
1426.3749 	EXP 	unnamed Polygon: autoDraw = True
1426.3919 	EXP 	unnamed Polygon: autoDraw = True
1426.4081 	EXP 	unnamed Polygon: autoDraw = True
1426.4252 	EXP 	unnamed Polygon: autoDraw = True
1426.4420 	EXP 	unnamed Polygon: autoDraw = False
1427.6586 	EXP 	trial_feedback: height = 0.09
1427.6586 	EXP 	trial_feedback: height = 0.09
1427.6586 	EXP 	trial_feedback: height = 0.09
1427.6586 	EXP 	trial_feedback: text = 'Miss!\n-$0.00'
1427.6586 	EXP 	trial_feedback: autoDraw = True
1429.6589 	EXP 	trial_feedback: autoDraw = False
1429.6589 	EXP 	exp_feedback: autoDraw = False
1438.0262 	EXP 	unnamed Polygon: autoDraw = True
1438.0262 	EXP 	unnamed Polygon: autoDraw = True
1438.0424 	EXP 	unnamed Polygon: autoDraw = True
1438.0593 	EXP 	unnamed Polygon: autoDraw = True
1438.0757 	EXP 	unnamed Polygon: autoDraw = True
1438.0926 	EXP 	unnamed Polygon: autoDraw = True
1438.1095 	EXP 	unnamed Polygon: autoDraw = True
1438.1259 	EXP 	unnamed Polygon: autoDraw = True
1438.1423 	EXP 	unnamed Polygon: autoDraw = True
1438.1594 	EXP 	unnamed Polygon: autoDraw = True
1438.1761 	EXP 	unnamed Polygon: autoDraw = True
1438.1926 	EXP 	unnamed Polygon: autoDraw = True
1438.2097 	EXP 	unnamed Polygon: autoDraw = True
1438.2263 	EXP 	unnamed Polygon: autoDraw = True
1438.2425 	EXP 	unnamed Polygon: autoDraw = True
1438.2599 	EXP 	unnamed Polygon: autoDraw = True
1438.2762 	EXP 	unnamed Polygon: autoDraw = True
1438.2929 	EXP 	unnamed Polygon: autoDraw = True
1438.3095 	EXP 	unnamed Polygon: autoDraw = True
1438.3263 	EXP 	unnamed Polygon: autoDraw = True
1438.3428 	EXP 	unnamed Polygon: autoDraw = True
1438.3597 	EXP 	unnamed Polygon: autoDraw = True
1438.3761 	EXP 	unnamed Polygon: autoDraw = True
1438.3927 	EXP 	unnamed Polygon: autoDraw = True
1438.4096 	EXP 	unnamed Polygon: autoDraw = True
1438.4261 	EXP 	unnamed Polygon: autoDraw = True
1438.4425 	EXP 	unnamed Polygon: autoDraw = True
1438.4598 	EXP 	unnamed Polygon: autoDraw = True
1438.4760 	EXP 	unnamed Polygon: autoDraw = True
1438.4929 	EXP 	unnamed Polygon: autoDraw = True
1438.5094 	EXP 	unnamed Polygon: autoDraw = True
1438.5262 	EXP 	unnamed Polygon: autoDraw = True
1438.5424 	EXP 	unnamed Polygon: autoDraw = True
1438.5596 	EXP 	unnamed Polygon: autoDraw = True
1438.5763 	EXP 	unnamed Polygon: autoDraw = True
1438.5922 	EXP 	unnamed Polygon: autoDraw = True
1438.6094 	EXP 	unnamed Polygon: autoDraw = True
1438.6261 	EXP 	unnamed Polygon: autoDraw = True
1438.6426 	EXP 	unnamed Polygon: autoDraw = True
1438.6596 	EXP 	unnamed Polygon: autoDraw = True
1438.6763 	EXP 	unnamed Polygon: autoDraw = True
1438.6928 	EXP 	unnamed Polygon: autoDraw = True
1438.7094 	EXP 	unnamed Polygon: autoDraw = True
1438.7257 	EXP 	unnamed Polygon: autoDraw = False
1439.6935 	EXP 	trial_feedback: height = 0.09
1439.6935 	EXP 	trial_feedback: height = 0.09
1439.6935 	EXP 	trial_feedback: height = 0.09
1439.6935 	EXP 	trial_feedback: text = 'Miss!\n$0.00'
1439.6935 	EXP 	trial_feedback: autoDraw = True
1441.6933 	EXP 	trial_feedback: autoDraw = False
1441.6933 	EXP 	exp_feedback: autoDraw = False
3357.5102 	DATA 	Keypress: 1
3357.5154 	EXP 	window1: mouseVisible = False
3367.5492 	EXP 	unnamed TextStim: text = 'Instructions...\n\nYour goal is to make as much money as possible.\n\nRemember:\nWIN CIRCLES = win money\nLOSE SQUARES = lose money\n\nQUICKLY press the button with your pointer finger when you see the solid white triangle.\n\nYou will get feedback on whether you pressed the button in time and if you won or lost money.'
3372.1141 	DATA 	Keypress: 1
3372.1169 	EXP 	window1: mouseVisible = True
3372.1382 	EXP 	Created unnamed TextStim = TextStim(__class__=<class 'psychopy.visual.text.TextStim'>, alignHoriz=method-wrapper(...), alignText='center', alignVert=method-wrapper(...), anchorHoriz='center', anchorVert='center', antialias=True, autoDraw=False, autoLog=True, bold=False, color=array([1., 1., 1.]), colorSpace='rgb', contrast=1.0, depth=0, draggable=False, flipHoriz=False, flipVert=False, font='', fontFiles=[], height=0.08, italic=False, languageStyle='LTR', name='unnamed TextStim', opacity=1.0, ori=0.0, pos=array([-0.65,  0.15]), rgb=UNKNOWN, text='+', units='height', win=Window(...), wrapWidth=1)
3372.1385 	EXP 	window1: mouseVisible = True
3372.2061 	EXP 	Created unnamed ImageStim = ImageStim(__class__=<class 'psychopy.visual.image.ImageStim'>, anchor=('center', 'center'), autoLog=True, color=array([1., 1., 1.]), colorSpace='rgb', contrast=1.0, depth=0, draggable=False, flipHoriz=False, flipVert=False, image='../stimuli/reward_high.png', interpolate=False, mask=None, maskParams=None, name='unnamed ImageStim', opacity=1.0, ori=0.0, pos=array([-0.35,  0.15]), size=array([0.2, 0.2]), texRes=128, units='height', win=Window(...))
3372.2066 	EXP 	window1: mouseVisible = True
3372.2158 	EXP 	Created unnamed TextStim = TextStim(__class__=<class 'psychopy.visual.text.TextStim'>, alignHoriz=method-wrapper(...), alignText='center', alignVert=method-wrapper(...), anchorHoriz='center', anchorVert='center', antialias=True, autoDraw=False, autoLog=True, bold=False, color=array([1., 1., 1.]), colorSpace='rgb', contrast=1.0, depth=0, draggable=False, flipHoriz=False, flipVert=False, font='', fontFiles=[], height=0.08, italic=False, languageStyle='LTR', name='unnamed TextStim', opacity=1.0, ori=0.0, pos=array([-0.15,  0.15]), rgb=UNKNOWN, text='+', units='height', win=Window(...), wrapWidth=1)
3372.2173 	EXP 	window1: mouseVisible = True
3372.2242 	EXP 	Created unnamed Polygon = Polygon(__class__=<class 'psychopy.visual.polygon.Polygon'>, anchor=('center', 'center'), autoDraw=False, autoLog=True, closeShape=True, color=method-wrapper(...), colorSpace='rgb', contrast=None, depth=0, draggable=False, fillColor=array([1, 1, 1]), fillColorSpace='rgb', fillRGB=array([1, 1, 1]), interpolate=True, lineColor=array([1., 1., 1.]), lineColorSpace='rgb', lineRGB=array([1, 1, 1]), lineWidth=1.5, name='unnamed Polygon', opacity=1.0, ori=0.0, pos=array([0.15, 0.15]), size=array([1., 1.]), units='height', vertices=ndarray(...), win=Window(...))
3372.2246 	EXP 	window1: mouseVisible = True
3372.2328 	EXP 	Created unnamed TextStim = TextStim(__class__=<class 'psychopy.visual.text.TextStim'>, alignHoriz=method-wrapper(...), alignText='center', alignVert=method-wrapper(...), anchorHoriz='center', anchorVert='center', antialias=True, autoDraw=False, autoLog=True, bold=False, color=array([1., 1., 1.]), colorSpace='rgb', contrast=1.0, depth=0, draggable=False, flipHoriz=False, flipVert=False, font='', fontFiles=[], height=0.08, italic=False, languageStyle='LTR', name='unnamed TextStim', opacity=1.0, ori=0.0, pos=array([0.35, 0.15]), rgb=UNKNOWN, text='+', units='height', win=Window(...), wrapWidth=1)
3372.2332 	EXP 	window1: mouseVisible = True
3372.2426 	EXP 	Created unnamed TextStim = TextStim(__class__=<class 'psychopy.visual.text.TextStim'>, alignHoriz=method-wrapper(...), alignText='center', alignVert=method-wrapper(...), anchorHoriz='center', anchorVert='center', antialias=True, autoDraw=False, autoLog=True, bold=False, color=array([1., 1., 1.]), colorSpace='rgb', contrast=1.0, depth=0, draggable=False, flipHoriz=False, flipVert=False, font='', fontFiles=[], height=0.08, italic=False, languageStyle='LTR', name='unnamed TextStim', opacity=1.0, ori=0.0, pos=array([0.65, 0.15]), rgb=UNKNOWN, text='Hit!\n+$5.00', units='height', win=Window(...), wrapWidth=1)
3372.2429 	EXP 	window1: mouseVisible = True
3372.2431 	WARNING 	TextStim.alignHoriz is deprecated. Use alignText and anchorHoriz attributes instead
3372.2542 	EXP 	Created unnamed TextStim = TextStim(__class__=<class 'psychopy.visual.text.TextStim'>, alignHoriz='center', alignText='center', alignVert=method-wrapper(...), anchorHoriz='center', anchorVert='center', antialias=True, autoDraw=False, autoLog=True, bold=False, color=array([1., 1., 1.]), colorSpace='rgb', contrast=1.0, depth=0, draggable=False, flipHoriz=False, flipVert=False, font='', fontFiles=[], height=0.04, italic=False, languageStyle='LTR', name='unnamed TextStim', opacity=1.0, ori=0.0, pos=array([-0.65, -0.15]), rgb=UNKNOWN, text='Pay attention', units='height', win=Window(...), wrapWidth=0.1)
3372.2544 	EXP 	window1: mouseVisible = True
3372.2546 	WARNING 	TextStim.alignHoriz is deprecated. Use alignText and anchorHoriz attributes instead
3372.2693 	EXP 	Created unnamed TextStim = TextStim(__class__=<class 'psychopy.visual.text.TextStim'>, alignHoriz='center', alignText='center', alignVert=method-wrapper(...), anchorHoriz='center', anchorVert='center', antialias=True, autoDraw=False, autoLog=True, bold=False, color=array([1., 1., 1.]), colorSpace='rgb', contrast=1.0, depth=0, draggable=False, flipHoriz=False, flipVert=False, font='', fontFiles=[], height=0.04, italic=False, languageStyle='LTR', name='unnamed TextStim', opacity=1.0, ori=0.0, pos=array([-0.35, -0.15]), rgb=UNKNOWN, text="Cue: don't respond yet", units='height', win=Window(...), wrapWidth=0.1)
3372.2697 	EXP 	window1: mouseVisible = True
3372.2699 	WARNING 	TextStim.alignHoriz is deprecated. Use alignText and anchorHoriz attributes instead
3372.2748 	EXP 	Created unnamed TextStim = TextStim(__class__=<class 'psychopy.visual.text.TextStim'>, alignHoriz='center', alignText='center', alignVert=method-wrapper(...), anchorHoriz='center', anchorVert='center', antialias=True, autoDraw=False, autoLog=True, bold=False, color=array([1., 1., 1.]), colorSpace='rgb', contrast=1.0, depth=0, draggable=False, flipHoriz=False, flipVert=False, font='', fontFiles=[], height=0.04, italic=False, languageStyle='LTR', name='unnamed TextStim', opacity=1.0, ori=0.0, pos=array([-0.15, -0.15]), rgb=UNKNOWN, text='Pay attention', units='height', win=Window(...), wrapWidth=0.1)
3372.2750 	EXP 	window1: mouseVisible = True
3372.2752 	WARNING 	TextStim.alignHoriz is deprecated. Use alignText and anchorHoriz attributes instead
3372.2864 	EXP 	Created unnamed TextStim = TextStim(__class__=<class 'psychopy.visual.text.TextStim'>, alignHoriz='center', alignText='center', alignVert=method-wrapper(...), anchorHoriz='center', anchorVert='center', antialias=True, autoDraw=False, autoLog=True, bold=False, color=array([1., 1., 1.]), colorSpace='rgb', contrast=1.0, depth=0, draggable=False, flipHoriz=False, flipVert=False, font='', fontFiles=[], height=0.04, italic=False, languageStyle='LTR', name='unnamed TextStim', opacity=1.0, ori=0.0, pos=array([ 0.15, -0.15]), rgb=UNKNOWN, text='Respond when solid triangle is on screen', units='height', win=Window(...), wrapWidth=0.1)
3372.2867 	EXP 	window1: mouseVisible = True
3372.2869 	WARNING 	TextStim.alignHoriz is deprecated. Use alignText and anchorHoriz attributes instead
3372.2919 	EXP 	Created unnamed TextStim = TextStim(__class__=<class 'psychopy.visual.text.TextStim'>, alignHoriz='center', alignText='center', alignVert=method-wrapper(...), anchorHoriz='center', anchorVert='center', antialias=True, autoDraw=False, autoLog=True, bold=False, color=array([1., 1., 1.]), colorSpace='rgb', contrast=1.0, depth=0, draggable=False, flipHoriz=False, flipVert=False, font='', fontFiles=[], height=0.04, italic=False, languageStyle='LTR', name='unnamed TextStim', opacity=1.0, ori=0.0, pos=array([ 0.35, -0.15]), rgb=UNKNOWN, text='Pay attention', units='height', win=Window(...), wrapWidth=0.1)
3372.2922 	EXP 	window1: mouseVisible = True
3372.2923 	WARNING 	TextStim.alignHoriz is deprecated. Use alignText and anchorHoriz attributes instead
3372.2984 	EXP 	Created unnamed TextStim = TextStim(__class__=<class 'psychopy.visual.text.TextStim'>, alignHoriz='center', alignText='center', alignVert=method-wrapper(...), anchorHoriz='center', anchorVert='center', antialias=True, autoDraw=False, autoLog=True, bold=False, color=array([1., 1., 1.]), colorSpace='rgb', contrast=1.0, depth=0, draggable=False, flipHoriz=False, flipVert=False, font='', fontFiles=[], height=0.04, italic=False, languageStyle='LTR', name='unnamed TextStim', opacity=1.0, ori=0.0, pos=array([ 0.65, -0.15]), rgb=UNKNOWN, text='Feedback', units='height', win=Window(...), wrapWidth=0.1)
3372.8687 	DATA 	Keypress: 1
3373.4902 	DATA 	Keypress: 1
3374.4310 	DATA 	Keypress: return
3375.0365 	DATA 	Keypress: equal
3384.3433 	EXP 	unnamed Polygon: autoDraw = True
3384.3433 	EXP 	unnamed Polygon: autoDraw = True
3384.3600 	EXP 	unnamed Polygon: autoDraw = True
3384.3775 	EXP 	unnamed Polygon: autoDraw = True
3384.3943 	EXP 	unnamed Polygon: autoDraw = True
3384.4107 	EXP 	unnamed Polygon: autoDraw = True
3384.4280 	EXP 	unnamed Polygon: autoDraw = True
3384.4436 	EXP 	unnamed Polygon: autoDraw = True
3384.4607 	EXP 	unnamed Polygon: autoDraw = True
3384.4772 	EXP 	unnamed Polygon: autoDraw = True
3384.4936 	EXP 	unnamed Polygon: autoDraw = True
3384.5103 	EXP 	unnamed Polygon: autoDraw = True
3384.5271 	EXP 	unnamed Polygon: autoDraw = True
3384.5447 	EXP 	unnamed Polygon: autoDraw = True
3384.5607 	EXP 	unnamed Polygon: autoDraw = True
3384.5774 	EXP 	unnamed Polygon: autoDraw = True
3384.5946 	EXP 	unnamed Polygon: autoDraw = True
3384.6107 	EXP 	unnamed Polygon: autoDraw = True
3384.6277 	EXP 	unnamed Polygon: autoDraw = True
3384.6448 	EXP 	unnamed Polygon: autoDraw = True
3384.6611 	EXP 	unnamed Polygon: autoDraw = True
3384.6771 	EXP 	unnamed Polygon: autoDraw = True
3384.6946 	EXP 	unnamed Polygon: autoDraw = True
3384.7109 	EXP 	unnamed Polygon: autoDraw = True
3384.7272 	EXP 	unnamed Polygon: autoDraw = True
3384.7436 	EXP 	unnamed Polygon: autoDraw = True
3384.7604 	EXP 	unnamed Polygon: autoDraw = True
3384.7777 	EXP 	unnamed Polygon: autoDraw = True
3384.7935 	EXP 	unnamed Polygon: autoDraw = True
3384.8118 	EXP 	unnamed Polygon: autoDraw = True
3384.8282 	EXP 	unnamed Polygon: autoDraw = True
3384.8445 	EXP 	unnamed Polygon: autoDraw = True
3384.8605 	EXP 	unnamed Polygon: autoDraw = True
3384.8769 	EXP 	unnamed Polygon: autoDraw = True
3384.8941 	EXP 	unnamed Polygon: autoDraw = True
3384.9103 	EXP 	unnamed Polygon: autoDraw = True
3384.9270 	EXP 	unnamed Polygon: autoDraw = True
3384.9433 	EXP 	unnamed Polygon: autoDraw = True
3384.9610 	EXP 	unnamed Polygon: autoDraw = True
3384.9767 	EXP 	unnamed Polygon: autoDraw = True
3384.9931 	EXP 	unnamed Polygon: autoDraw = True
3385.0100 	EXP 	unnamed Polygon: autoDraw = True
3385.0272 	EXP 	unnamed Polygon: autoDraw = True
3385.0440 	EXP 	unnamed Polygon: autoDraw = True
3385.0607 	EXP 	unnamed Polygon: autoDraw = False
3386.0770 	EXP 	trial_feedback: height = 0.09
3386.0770 	EXP 	trial_feedback: height = 0.09
3386.0770 	EXP 	trial_feedback: height = 0.09
3386.0770 	EXP 	trial_feedback: text = 'Miss!\n-$1.50'
3386.0770 	EXP 	trial_feedback: autoDraw = True
3388.0780 	EXP 	trial_feedback: autoDraw = False
3388.0780 	EXP 	exp_feedback: autoDraw = False
3398.2779 	EXP 	unnamed Polygon: autoDraw = True
3398.2779 	EXP 	unnamed Polygon: autoDraw = True
3398.2944 	EXP 	unnamed Polygon: autoDraw = True
3398.3109 	EXP 	unnamed Polygon: autoDraw = True
3398.3278 	EXP 	unnamed Polygon: autoDraw = True
3398.3448 	EXP 	unnamed Polygon: autoDraw = True
3398.3622 	EXP 	unnamed Polygon: autoDraw = True
3398.3796 	EXP 	unnamed Polygon: autoDraw = True
3398.3950 	EXP 	unnamed Polygon: autoDraw = True
3398.4111 	EXP 	unnamed Polygon: autoDraw = True
3398.4277 	EXP 	unnamed Polygon: autoDraw = True
3398.4446 	EXP 	unnamed Polygon: autoDraw = True
3398.4611 	EXP 	unnamed Polygon: autoDraw = True
3398.4779 	EXP 	unnamed Polygon: autoDraw = True
3398.4946 	EXP 	unnamed Polygon: autoDraw = True
3398.5112 	EXP 	unnamed Polygon: autoDraw = True
3398.5277 	EXP 	unnamed Polygon: autoDraw = True
3398.5447 	EXP 	unnamed Polygon: autoDraw = True
3398.5614 	EXP 	unnamed Polygon: autoDraw = True
3398.5782 	EXP 	unnamed Polygon: autoDraw = True
3398.5945 	EXP 	unnamed Polygon: autoDraw = True
3398.6112 	EXP 	unnamed Polygon: autoDraw = True
3398.6278 	EXP 	unnamed Polygon: autoDraw = True
3398.6446 	EXP 	unnamed Polygon: autoDraw = True
3398.6613 	EXP 	unnamed Polygon: autoDraw = True
3398.6778 	EXP 	unnamed Polygon: autoDraw = True
3398.6947 	EXP 	unnamed Polygon: autoDraw = True
3398.7116 	EXP 	unnamed Polygon: autoDraw = True
3398.7281 	EXP 	unnamed Polygon: autoDraw = True
3398.7447 	EXP 	unnamed Polygon: autoDraw = True
3398.7614 	EXP 	unnamed Polygon: autoDraw = True
3398.7783 	EXP 	unnamed Polygon: autoDraw = True
3398.7957 	EXP 	unnamed Polygon: autoDraw = True
3398.8124 	EXP 	unnamed Polygon: autoDraw = True
3398.8291 	EXP 	unnamed Polygon: autoDraw = True
3398.8458 	EXP 	unnamed Polygon: autoDraw = True
3398.8624 	EXP 	unnamed Polygon: autoDraw = True
3398.8789 	EXP 	unnamed Polygon: autoDraw = True
3398.8963 	EXP 	unnamed Polygon: autoDraw = True
3398.9116 	EXP 	unnamed Polygon: autoDraw = True
3398.9278 	EXP 	unnamed Polygon: autoDraw = True
3398.9446 	EXP 	unnamed Polygon: autoDraw = True
3398.9614 	EXP 	unnamed Polygon: autoDraw = True
3398.9780 	EXP 	unnamed Polygon: autoDraw = True
3398.9945 	EXP 	unnamed Polygon: autoDraw = False
3400.0950 	EXP 	trial_feedback: height = 0.09
3400.0950 	EXP 	trial_feedback: height = 0.09
3400.0950 	EXP 	trial_feedback: height = 0.09
3400.0950 	EXP 	trial_feedback: text = 'Miss!\n$0.00'
3400.0950 	EXP 	trial_feedback: autoDraw = True
3402.0946 	EXP 	trial_feedback: autoDraw = False
3402.1112 	EXP 	trial_feedback: autoDraw = False
3402.1112 	EXP 	exp_feedback: autoDraw = False
3408.3287 	EXP 	unnamed Polygon: autoDraw = True
3408.3287 	EXP 	unnamed Polygon: autoDraw = True
3408.3451 	EXP 	unnamed Polygon: autoDraw = True
3408.3620 	EXP 	unnamed Polygon: autoDraw = True
3408.3783 	EXP 	unnamed Polygon: autoDraw = True
3408.3951 	EXP 	unnamed Polygon: autoDraw = True
3408.4119 	EXP 	unnamed Polygon: autoDraw = True
3408.4287 	EXP 	unnamed Polygon: autoDraw = True
3408.4455 	EXP 	unnamed Polygon: autoDraw = True
3408.4617 	EXP 	unnamed Polygon: autoDraw = True
3408.4784 	EXP 	unnamed Polygon: autoDraw = True
3408.4958 	EXP 	unnamed Polygon: autoDraw = True
3408.5120 	EXP 	unnamed Polygon: autoDraw = True
3408.5288 	EXP 	unnamed Polygon: autoDraw = True
3408.5454 	EXP 	unnamed Polygon: autoDraw = True
3408.5619 	EXP 	unnamed Polygon: autoDraw = True
3408.5785 	EXP 	unnamed Polygon: autoDraw = True
3408.5949 	EXP 	unnamed Polygon: autoDraw = True
3408.6117 	EXP 	unnamed Polygon: autoDraw = True
3408.6281 	EXP 	unnamed Polygon: autoDraw = True
3408.6450 	EXP 	unnamed Polygon: autoDraw = True
3408.6615 	EXP 	unnamed Polygon: autoDraw = True
3408.6781 	EXP 	unnamed Polygon: autoDraw = True
3408.6951 	EXP 	unnamed Polygon: autoDraw = True
3408.7114 	EXP 	unnamed Polygon: autoDraw = True
3408.7283 	EXP 	unnamed Polygon: autoDraw = True
3408.7452 	EXP 	unnamed Polygon: autoDraw = True
3408.7617 	EXP 	unnamed Polygon: autoDraw = True
3408.7790 	EXP 	unnamed Polygon: autoDraw = True
3408.7963 	EXP 	unnamed Polygon: autoDraw = True
3408.8128 	EXP 	unnamed Polygon: autoDraw = True
3408.8288 	EXP 	unnamed Polygon: autoDraw = True
3408.8456 	EXP 	unnamed Polygon: autoDraw = True
3408.8618 	EXP 	unnamed Polygon: autoDraw = True
3408.8786 	EXP 	unnamed Polygon: autoDraw = True
3408.8962 	EXP 	unnamed Polygon: autoDraw = True
3408.9119 	EXP 	unnamed Polygon: autoDraw = True
3408.9291 	EXP 	unnamed Polygon: autoDraw = True
3408.9465 	EXP 	unnamed Polygon: autoDraw = True
3408.9632 	EXP 	unnamed Polygon: autoDraw = True
3408.9784 	EXP 	unnamed Polygon: autoDraw = True
3408.9954 	EXP 	unnamed Polygon: autoDraw = True
3409.0117 	EXP 	unnamed Polygon: autoDraw = True
3409.0290 	EXP 	unnamed Polygon: autoDraw = True
3409.0452 	EXP 	unnamed Polygon: autoDraw = False
3410.1288 	EXP 	trial_feedback: text = 'Miss!\n$0.00'
3410.1288 	EXP 	trial_feedback: autoDraw = True
3412.1288 	EXP 	trial_feedback: autoDraw = False
3412.1288 	EXP 	exp_feedback: autoDraw = False
3420.3804 	EXP 	unnamed Polygon: autoDraw = True
3420.3804 	EXP 	unnamed Polygon: autoDraw = True
3420.3970 	EXP 	unnamed Polygon: autoDraw = True
3420.4138 	EXP 	unnamed Polygon: autoDraw = True
3420.4304 	EXP 	unnamed Polygon: autoDraw = True
3420.4470 	EXP 	unnamed Polygon: autoDraw = True
3420.4636 	EXP 	unnamed Polygon: autoDraw = True
3420.4803 	EXP 	unnamed Polygon: autoDraw = True
3420.4970 	EXP 	unnamed Polygon: autoDraw = True
3420.5137 	EXP 	unnamed Polygon: autoDraw = True
3420.5305 	EXP 	unnamed Polygon: autoDraw = True
3420.5471 	EXP 	unnamed Polygon: autoDraw = True
3420.5637 	EXP 	unnamed Polygon: autoDraw = True
3420.5802 	EXP 	unnamed Polygon: autoDraw = True
3420.5970 	EXP 	unnamed Polygon: autoDraw = True
3420.6136 	EXP 	unnamed Polygon: autoDraw = True
3420.6303 	EXP 	unnamed Polygon: autoDraw = True
3420.6471 	EXP 	unnamed Polygon: autoDraw = True
3420.6638 	EXP 	unnamed Polygon: autoDraw = True
3420.6805 	EXP 	unnamed Polygon: autoDraw = True
3420.6970 	EXP 	unnamed Polygon: autoDraw = True
3420.7136 	EXP 	unnamed Polygon: autoDraw = True
3420.7302 	EXP 	unnamed Polygon: autoDraw = True
3420.7471 	EXP 	unnamed Polygon: autoDraw = True
3420.7637 	EXP 	unnamed Polygon: autoDraw = True
3420.7804 	EXP 	unnamed Polygon: autoDraw = True
3420.7972 	EXP 	unnamed Polygon: autoDraw = True
3420.8138 	EXP 	unnamed Polygon: autoDraw = True
3420.8305 	EXP 	unnamed Polygon: autoDraw = True
3420.8471 	EXP 	unnamed Polygon: autoDraw = True
3420.8636 	EXP 	unnamed Polygon: autoDraw = True
3420.8806 	EXP 	unnamed Polygon: autoDraw = True
3420.8968 	EXP 	unnamed Polygon: autoDraw = True
3420.9136 	EXP 	unnamed Polygon: autoDraw = True
3420.9305 	EXP 	unnamed Polygon: autoDraw = True
3420.9471 	EXP 	unnamed Polygon: autoDraw = True
3420.9639 	EXP 	unnamed Polygon: autoDraw = True
3420.9802 	EXP 	unnamed Polygon: autoDraw = True
3420.9968 	EXP 	unnamed Polygon: autoDraw = True
3421.0137 	EXP 	unnamed Polygon: autoDraw = True
3421.0306 	EXP 	unnamed Polygon: autoDraw = True
3421.0474 	EXP 	unnamed Polygon: autoDraw = True
3421.0640 	EXP 	unnamed Polygon: autoDraw = True
3421.0793 	EXP 	unnamed Polygon: autoDraw = True
3421.0960 	EXP 	unnamed Polygon: autoDraw = True
3421.1124 	EXP 	unnamed Polygon: autoDraw = False
3422.1631 	EXP 	trial_feedback: text = 'Miss!\n$0.00'
3422.1631 	EXP 	trial_feedback: autoDraw = True
3424.1629 	EXP 	trial_feedback: autoDraw = False
3424.1629 	EXP 	exp_feedback: autoDraw = False
3432.1971 	EXP 	unnamed Polygon: autoDraw = True
3432.1971 	EXP 	unnamed Polygon: autoDraw = True
3432.2140 	EXP 	unnamed Polygon: autoDraw = True
3432.2305 	EXP 	unnamed Polygon: autoDraw = True
3432.2476 	EXP 	unnamed Polygon: autoDraw = True
3432.2640 	EXP 	unnamed Polygon: autoDraw = True
3432.2806 	EXP 	unnamed Polygon: autoDraw = True
3432.2969 	EXP 	unnamed Polygon: autoDraw = True
3432.3139 	EXP 	unnamed Polygon: autoDraw = True
3432.3306 	EXP 	unnamed Polygon: autoDraw = True
3432.3475 	EXP 	unnamed Polygon: autoDraw = True
3432.3640 	EXP 	unnamed Polygon: autoDraw = True
3432.3807 	EXP 	unnamed Polygon: autoDraw = True
3432.3972 	EXP 	unnamed Polygon: autoDraw = True
3432.4140 	EXP 	unnamed Polygon: autoDraw = True
3432.4306 	EXP 	unnamed Polygon: autoDraw = True
3432.4474 	EXP 	unnamed Polygon: autoDraw = True
3432.4639 	EXP 	unnamed Polygon: autoDraw = True
3432.4806 	EXP 	unnamed Polygon: autoDraw = True
3432.4972 	EXP 	unnamed Polygon: autoDraw = True
3432.5138 	EXP 	unnamed Polygon: autoDraw = True
3432.5306 	EXP 	unnamed Polygon: autoDraw = True
3432.5472 	EXP 	unnamed Polygon: autoDraw = True
3432.5641 	EXP 	unnamed Polygon: autoDraw = True
3432.5809 	EXP 	unnamed Polygon: autoDraw = True
3432.5973 	EXP 	unnamed Polygon: autoDraw = True
3432.6141 	EXP 	unnamed Polygon: autoDraw = True
3432.6304 	EXP 	unnamed Polygon: autoDraw = True
3432.6475 	EXP 	unnamed Polygon: autoDraw = True
3432.6639 	EXP 	unnamed Polygon: autoDraw = True
3432.6806 	EXP 	unnamed Polygon: autoDraw = True
3432.6971 	EXP 	unnamed Polygon: autoDraw = True
3432.7140 	EXP 	unnamed Polygon: autoDraw = True
3432.7308 	EXP 	unnamed Polygon: autoDraw = True
3432.7473 	EXP 	unnamed Polygon: autoDraw = True
3432.7637 	EXP 	unnamed Polygon: autoDraw = True
3432.7806 	EXP 	unnamed Polygon: autoDraw = True
3432.7974 	EXP 	unnamed Polygon: autoDraw = True
3432.8138 	EXP 	unnamed Polygon: autoDraw = True
3432.8305 	EXP 	unnamed Polygon: autoDraw = True
3432.8472 	EXP 	unnamed Polygon: autoDraw = True
3432.8638 	EXP 	unnamed Polygon: autoDraw = True
3432.8808 	EXP 	unnamed Polygon: autoDraw = True
3432.8973 	EXP 	unnamed Polygon: autoDraw = True
3432.9136 	EXP 	unnamed Polygon: autoDraw = False
3434.1802 	EXP 	trial_feedback: text = 'Miss!\n$0.00'
3434.1802 	EXP 	trial_feedback: autoDraw = True
3436.1815 	EXP 	trial_feedback: autoDraw = False
3436.1815 	EXP 	exp_feedback: autoDraw = False
3442.5808 	EXP 	unnamed Polygon: autoDraw = True
3442.5808 	EXP 	unnamed Polygon: autoDraw = True
3442.5973 	EXP 	unnamed Polygon: autoDraw = True
3442.6147 	EXP 	unnamed Polygon: autoDraw = True
3442.6318 	EXP 	unnamed Polygon: autoDraw = True
3442.6484 	EXP 	unnamed Polygon: autoDraw = True
3442.6641 	EXP 	unnamed Polygon: autoDraw = True
3442.6809 	EXP 	unnamed Polygon: autoDraw = True
3442.6976 	EXP 	unnamed Polygon: autoDraw = True
3442.7143 	EXP 	unnamed Polygon: autoDraw = True
3442.7310 	EXP 	unnamed Polygon: autoDraw = True
3442.7480 	EXP 	unnamed Polygon: autoDraw = True
3442.7654 	EXP 	unnamed Polygon: autoDraw = True
3442.7821 	EXP 	unnamed Polygon: autoDraw = True
3442.7973 	EXP 	unnamed Polygon: autoDraw = True
3442.8141 	EXP 	unnamed Polygon: autoDraw = True
3442.8308 	EXP 	unnamed Polygon: autoDraw = True
3442.8477 	EXP 	unnamed Polygon: autoDraw = True
3442.8640 	EXP 	unnamed Polygon: autoDraw = True
3442.8809 	EXP 	unnamed Polygon: autoDraw = True
3442.8975 	EXP 	unnamed Polygon: autoDraw = True
3442.9143 	EXP 	unnamed Polygon: autoDraw = True
3442.9306 	EXP 	unnamed Polygon: autoDraw = True
3442.9476 	EXP 	unnamed Polygon: autoDraw = True
3442.9653 	EXP 	unnamed Polygon: autoDraw = True
3442.9819 	EXP 	unnamed Polygon: autoDraw = True
3442.9987 	EXP 	unnamed Polygon: autoDraw = True
3443.0152 	EXP 	unnamed Polygon: autoDraw = True
3443.0322 	EXP 	unnamed Polygon: autoDraw = True
3443.0489 	EXP 	unnamed Polygon: autoDraw = True
3443.0655 	EXP 	unnamed Polygon: autoDraw = True
3443.0823 	EXP 	unnamed Polygon: autoDraw = True
3443.1003 	EXP 	unnamed Polygon: autoDraw = True
3443.1153 	EXP 	unnamed Polygon: autoDraw = True
3443.1323 	EXP 	unnamed Polygon: autoDraw = True
3443.1486 	EXP 	unnamed Polygon: autoDraw = True
3443.1653 	EXP 	unnamed Polygon: autoDraw = True
3443.1821 	EXP 	unnamed Polygon: autoDraw = True
3443.1989 	EXP 	unnamed Polygon: autoDraw = True
3443.2158 	EXP 	unnamed Polygon: autoDraw = True
3443.2322 	EXP 	unnamed Polygon: autoDraw = True
3443.2492 	EXP 	unnamed Polygon: autoDraw = True
3443.2652 	EXP 	unnamed Polygon: autoDraw = True
3443.2824 	EXP 	unnamed Polygon: autoDraw = True
3443.2983 	EXP 	unnamed Polygon: autoDraw = False
3444.1974 	EXP 	trial_feedback: height = 0.09
3444.1974 	EXP 	trial_feedback: height = 0.09
3444.1974 	EXP 	trial_feedback: height = 0.09
3444.1974 	EXP 	trial_feedback: text = 'Miss!\n-$5.00'
3444.1974 	EXP 	trial_feedback: autoDraw = True
3446.1990 	EXP 	trial_feedback: autoDraw = False
3446.1990 	EXP 	exp_feedback: autoDraw = False
3454.2992 	EXP 	unnamed Polygon: autoDraw = True
3454.2992 	EXP 	unnamed Polygon: autoDraw = True
3454.3157 	EXP 	unnamed Polygon: autoDraw = True
3454.3329 	EXP 	unnamed Polygon: autoDraw = True
3454.3490 	EXP 	unnamed Polygon: autoDraw = True
3454.3657 	EXP 	unnamed Polygon: autoDraw = True
3454.3825 	EXP 	unnamed Polygon: autoDraw = True
3454.3994 	EXP 	unnamed Polygon: autoDraw = True
3454.4161 	EXP 	unnamed Polygon: autoDraw = True
3454.4327 	EXP 	unnamed Polygon: autoDraw = True
3454.4494 	EXP 	unnamed Polygon: autoDraw = True
3454.4661 	EXP 	unnamed Polygon: autoDraw = True
3454.4825 	EXP 	unnamed Polygon: autoDraw = True
3454.4994 	EXP 	unnamed Polygon: autoDraw = True
3454.5160 	EXP 	unnamed Polygon: autoDraw = True
3454.5326 	EXP 	unnamed Polygon: autoDraw = True
3454.5495 	EXP 	unnamed Polygon: autoDraw = True
3454.5661 	EXP 	unnamed Polygon: autoDraw = True
3454.5822 	EXP 	unnamed Polygon: autoDraw = True
3454.5996 	EXP 	unnamed Polygon: autoDraw = True
3454.6162 	EXP 	unnamed Polygon: autoDraw = True
3454.6332 	EXP 	unnamed Polygon: autoDraw = True
3454.6491 	EXP 	unnamed Polygon: autoDraw = True
3454.6657 	EXP 	unnamed Polygon: autoDraw = True
3454.6817 	EXP 	unnamed Polygon: autoDraw = True
3454.6982 	EXP 	unnamed Polygon: autoDraw = True
3454.7147 	EXP 	unnamed Polygon: autoDraw = True
3454.7316 	EXP 	unnamed Polygon: autoDraw = True
3454.7481 	EXP 	unnamed Polygon: autoDraw = True
3454.7646 	EXP 	unnamed Polygon: autoDraw = True
3454.7813 	EXP 	unnamed Polygon: autoDraw = True
3454.7982 	EXP 	unnamed Polygon: autoDraw = True
3454.8146 	EXP 	unnamed Polygon: autoDraw = True
3454.8315 	EXP 	unnamed Polygon: autoDraw = True
3454.8485 	EXP 	unnamed Polygon: autoDraw = True
3454.8650 	EXP 	unnamed Polygon: autoDraw = True
3454.8816 	EXP 	unnamed Polygon: autoDraw = True
3454.8983 	EXP 	unnamed Polygon: autoDraw = True
3454.9147 	EXP 	unnamed Polygon: autoDraw = True
3454.9322 	EXP 	unnamed Polygon: autoDraw = True
3454.9484 	EXP 	unnamed Polygon: autoDraw = True
3454.9649 	EXP 	unnamed Polygon: autoDraw = True
3454.9815 	EXP 	unnamed Polygon: autoDraw = True
3454.9982 	EXP 	unnamed Polygon: autoDraw = True
3455.0146 	EXP 	unnamed Polygon: autoDraw = True
3455.0316 	EXP 	unnamed Polygon: autoDraw = False
3456.2316 	EXP 	trial_feedback: height = 0.09
3456.2316 	EXP 	trial_feedback: height = 0.09
3456.2316 	EXP 	trial_feedback: height = 0.09
3456.2316 	EXP 	trial_feedback: text = 'Miss!\n$0.00'
3456.2316 	EXP 	trial_feedback: autoDraw = True
3458.2325 	EXP 	trial_feedback: autoDraw = False
3458.2488 	EXP 	trial_feedback: autoDraw = False
3458.2488 	EXP 	exp_feedback: autoDraw = False
3468.6998 	EXP 	unnamed Polygon: autoDraw = True
3468.6998 	EXP 	unnamed Polygon: autoDraw = True
3468.7166 	EXP 	unnamed Polygon: autoDraw = True
3468.7335 	EXP 	unnamed Polygon: autoDraw = True
3468.7507 	EXP 	unnamed Polygon: autoDraw = True
3468.7665 	EXP 	unnamed Polygon: autoDraw = True
3468.7833 	EXP 	unnamed Polygon: autoDraw = True
3468.8005 	EXP 	unnamed Polygon: autoDraw = True
3468.8160 	EXP 	unnamed Polygon: autoDraw = True
3468.8329 	EXP 	unnamed Polygon: autoDraw = True
3468.8495 	EXP 	unnamed Polygon: autoDraw = True
3468.8661 	EXP 	unnamed Polygon: autoDraw = True
3468.8831 	EXP 	unnamed Polygon: autoDraw = True
3468.8995 	EXP 	unnamed Polygon: autoDraw = True
3468.9162 	EXP 	unnamed Polygon: autoDraw = True
3468.9340 	EXP 	unnamed Polygon: autoDraw = True
3468.9504 	EXP 	unnamed Polygon: autoDraw = True
3468.9670 	EXP 	unnamed Polygon: autoDraw = True
3468.9827 	EXP 	unnamed Polygon: autoDraw = True
3468.9997 	EXP 	unnamed Polygon: autoDraw = True
3469.0161 	EXP 	unnamed Polygon: autoDraw = True
3469.0327 	EXP 	unnamed Polygon: autoDraw = True
3469.0492 	EXP 	unnamed Polygon: autoDraw = True
3469.0672 	EXP 	unnamed Polygon: autoDraw = True
3469.0838 	EXP 	unnamed Polygon: autoDraw = True
3469.0993 	EXP 	unnamed Polygon: autoDraw = True
3469.1160 	EXP 	unnamed Polygon: autoDraw = True
3469.1327 	EXP 	unnamed Polygon: autoDraw = True
3469.1495 	EXP 	unnamed Polygon: autoDraw = True
3469.1659 	EXP 	unnamed Polygon: autoDraw = True
3469.1830 	EXP 	unnamed Polygon: autoDraw = True
3469.2005 	EXP 	unnamed Polygon: autoDraw = True
3469.2172 	EXP 	unnamed Polygon: autoDraw = True
3469.2339 	EXP 	unnamed Polygon: autoDraw = True
3469.2494 	EXP 	unnamed Polygon: autoDraw = True
3469.2660 	EXP 	unnamed Polygon: autoDraw = True
3469.2826 	EXP 	unnamed Polygon: autoDraw = True
3469.2997 	EXP 	unnamed Polygon: autoDraw = True
3469.3160 	EXP 	unnamed Polygon: autoDraw = True
3469.3339 	EXP 	unnamed Polygon: autoDraw = True
3469.3504 	EXP 	unnamed Polygon: autoDraw = True
3469.3666 	EXP 	unnamed Polygon: autoDraw = True
3469.3826 	EXP 	unnamed Polygon: autoDraw = True
3469.3997 	EXP 	unnamed Polygon: autoDraw = True
3469.4160 	EXP 	unnamed Polygon: autoDraw = True
3469.4328 	EXP 	unnamed Polygon: autoDraw = True
3469.4493 	EXP 	unnamed Polygon: autoDraw = True
3469.4661 	EXP 	unnamed Polygon: autoDraw = False
3470.3006 	EXP 	trial_feedback: text = 'Miss!\n$0.00'
3470.3006 	EXP 	trial_feedback: autoDraw = True
3472.3002 	EXP 	trial_feedback: autoDraw = False
3472.3174 	EXP 	trial_feedback: autoDraw = False
3472.3174 	EXP 	exp_feedback: autoDraw = False
3482.7503 	EXP 	unnamed Polygon: autoDraw = True
3482.7503 	EXP 	unnamed Polygon: autoDraw = True
3482.7667 	EXP 	unnamed Polygon: autoDraw = True
3482.7841 	EXP 	unnamed Polygon: autoDraw = True
3482.8014 	EXP 	unnamed Polygon: autoDraw = True
3482.8185 	EXP 	unnamed Polygon: autoDraw = True
3482.8335 	EXP 	unnamed Polygon: autoDraw = True
3482.8503 	EXP 	unnamed Polygon: autoDraw = True
3482.8668 	EXP 	unnamed Polygon: autoDraw = True
3482.8837 	EXP 	unnamed Polygon: autoDraw = True
3482.9003 	EXP 	unnamed Polygon: autoDraw = True
3482.9175 	EXP 	unnamed Polygon: autoDraw = True
3482.9347 	EXP 	unnamed Polygon: autoDraw = True
3482.9513 	EXP 	unnamed Polygon: autoDraw = True
3482.9668 	EXP 	unnamed Polygon: autoDraw = True
3482.9836 	EXP 	unnamed Polygon: autoDraw = True
3483.0002 	EXP 	unnamed Polygon: autoDraw = True
3483.0171 	EXP 	unnamed Polygon: autoDraw = True
3483.0337 	EXP 	unnamed Polygon: autoDraw = True
3483.0501 	EXP 	unnamed Polygon: autoDraw = True
3483.0669 	EXP 	unnamed Polygon: autoDraw = True
3483.0837 	EXP 	unnamed Polygon: autoDraw = True
3483.1002 	EXP 	unnamed Polygon: autoDraw = True
3483.1173 	EXP 	unnamed Polygon: autoDraw = True
3483.1338 	EXP 	unnamed Polygon: autoDraw = True
3483.1502 	EXP 	unnamed Polygon: autoDraw = True
3483.1669 	EXP 	unnamed Polygon: autoDraw = True
3483.1839 	EXP 	unnamed Polygon: autoDraw = True
3483.2005 	EXP 	unnamed Polygon: autoDraw = True
3483.2170 	EXP 	unnamed Polygon: autoDraw = True
3483.2337 	EXP 	unnamed Polygon: autoDraw = True
3483.2503 	EXP 	unnamed Polygon: autoDraw = True
3483.2671 	EXP 	unnamed Polygon: autoDraw = True
3483.2837 	EXP 	unnamed Polygon: autoDraw = True
3483.3005 	EXP 	unnamed Polygon: autoDraw = True
3483.3171 	EXP 	unnamed Polygon: autoDraw = True
3483.3337 	EXP 	unnamed Polygon: autoDraw = True
3483.3502 	EXP 	unnamed Polygon: autoDraw = True
3483.3667 	EXP 	unnamed Polygon: autoDraw = True
3483.3834 	EXP 	unnamed Polygon: autoDraw = True
3483.4002 	EXP 	unnamed Polygon: autoDraw = True
3483.4169 	EXP 	unnamed Polygon: autoDraw = True
3483.4337 	EXP 	unnamed Polygon: autoDraw = True
3483.4504 	EXP 	unnamed Polygon: autoDraw = True
3483.4673 	EXP 	unnamed Polygon: autoDraw = True
3483.4839 	EXP 	unnamed Polygon: autoDraw = False
3484.3172 	EXP 	trial_feedback: text = 'Miss!\n$0.00'
3484.3172 	EXP 	trial_feedback: autoDraw = True
3486.3173 	EXP 	trial_feedback: autoDraw = False
3486.3341 	EXP 	trial_feedback: autoDraw = False
3486.3341 	EXP 	exp_feedback: autoDraw = False
3494.7508 	EXP 	unnamed Polygon: autoDraw = True
3494.7508 	EXP 	unnamed Polygon: autoDraw = True
3494.7677 	EXP 	unnamed Polygon: autoDraw = True
3494.7840 	EXP 	unnamed Polygon: autoDraw = True
3494.8011 	EXP 	unnamed Polygon: autoDraw = True
3494.8178 	EXP 	unnamed Polygon: autoDraw = True
3494.8342 	EXP 	unnamed Polygon: autoDraw = True
3494.8513 	EXP 	unnamed Polygon: autoDraw = True
3494.8678 	EXP 	unnamed Polygon: autoDraw = True
3494.8842 	EXP 	unnamed Polygon: autoDraw = True
3494.9011 	EXP 	unnamed Polygon: autoDraw = True
3494.9178 	EXP 	unnamed Polygon: autoDraw = True
3494.9342 	EXP 	unnamed Polygon: autoDraw = True
3494.9512 	EXP 	unnamed Polygon: autoDraw = True
3494.9675 	EXP 	unnamed Polygon: autoDraw = True
3494.9841 	EXP 	unnamed Polygon: autoDraw = True
3495.0010 	EXP 	unnamed Polygon: autoDraw = True
3495.0182 	EXP 	unnamed Polygon: autoDraw = True
3495.0341 	EXP 	unnamed Polygon: autoDraw = True
3495.0509 	EXP 	unnamed Polygon: autoDraw = True
3495.0685 	EXP 	unnamed Polygon: autoDraw = True
3495.0842 	EXP 	unnamed Polygon: autoDraw = True
3495.1010 	EXP 	unnamed Polygon: autoDraw = True
3495.1176 	EXP 	unnamed Polygon: autoDraw = True
3495.1344 	EXP 	unnamed Polygon: autoDraw = True
3495.1509 	EXP 	unnamed Polygon: autoDraw = True
3495.1676 	EXP 	unnamed Polygon: autoDraw = True
3495.1846 	EXP 	unnamed Polygon: autoDraw = True
3495.2007 	EXP 	unnamed Polygon: autoDraw = True
3495.2176 	EXP 	unnamed Polygon: autoDraw = True
3495.2346 	EXP 	unnamed Polygon: autoDraw = True
3495.2508 	EXP 	unnamed Polygon: autoDraw = True
3495.2675 	EXP 	unnamed Polygon: autoDraw = True
3495.2845 	EXP 	unnamed Polygon: autoDraw = True
3495.3010 	EXP 	unnamed Polygon: autoDraw = True
3495.3177 	EXP 	unnamed Polygon: autoDraw = True
3495.3345 	EXP 	unnamed Polygon: autoDraw = True
3495.3516 	EXP 	unnamed Polygon: autoDraw = True
3495.3676 	EXP 	unnamed Polygon: autoDraw = True
3495.3851 	EXP 	unnamed Polygon: autoDraw = True
3495.4012 	EXP 	unnamed Polygon: autoDraw = True
3495.4182 	EXP 	unnamed Polygon: autoDraw = True
3495.4347 	EXP 	unnamed Polygon: autoDraw = True
3495.4508 	EXP 	unnamed Polygon: autoDraw = True
3495.4679 	EXP 	unnamed Polygon: autoDraw = True
3495.4847 	EXP 	unnamed Polygon: autoDraw = True
3495.5013 	EXP 	unnamed Polygon: autoDraw = True
3495.5179 	EXP 	unnamed Polygon: autoDraw = True
3495.5342 	EXP 	unnamed Polygon: autoDraw = False
3496.3844 	EXP 	trial_feedback: text = 'Miss!\n$0.00'
3496.3844 	EXP 	trial_feedback: autoDraw = True
3498.3849 	EXP 	trial_feedback: autoDraw = False
3498.4016 	EXP 	trial_feedback: autoDraw = False
3498.4016 	EXP 	exp_feedback: autoDraw = False
3508.8687 	EXP 	unnamed Polygon: autoDraw = True
3508.8687 	EXP 	unnamed Polygon: autoDraw = True
3508.8854 	EXP 	unnamed Polygon: autoDraw = True
3508.9021 	EXP 	unnamed Polygon: autoDraw = True
3508.9188 	EXP 	unnamed Polygon: autoDraw = True
3508.9353 	EXP 	unnamed Polygon: autoDraw = True
3508.9526 	EXP 	unnamed Polygon: autoDraw = True
3508.9689 	EXP 	unnamed Polygon: autoDraw = True
3508.9866 	EXP 	unnamed Polygon: autoDraw = True
3509.0033 	EXP 	unnamed Polygon: autoDraw = True
3509.0198 	EXP 	unnamed Polygon: autoDraw = True
3509.0362 	EXP 	unnamed Polygon: autoDraw = True
3509.0530 	EXP 	unnamed Polygon: autoDraw = True
3509.0698 	EXP 	unnamed Polygon: autoDraw = True
3509.0874 	EXP 	unnamed Polygon: autoDraw = True
3509.1024 	EXP 	unnamed Polygon: autoDraw = True
3509.1187 	EXP 	unnamed Polygon: autoDraw = True
3509.1355 	EXP 	unnamed Polygon: autoDraw = True
3509.1522 	EXP 	unnamed Polygon: autoDraw = True
3509.1690 	EXP 	unnamed Polygon: autoDraw = True
3509.1857 	EXP 	unnamed Polygon: autoDraw = True
3509.2022 	EXP 	unnamed Polygon: autoDraw = True
3509.2191 	EXP 	unnamed Polygon: autoDraw = True
3509.2356 	EXP 	unnamed Polygon: autoDraw = True
3509.2524 	EXP 	unnamed Polygon: autoDraw = True
3509.2691 	EXP 	unnamed Polygon: autoDraw = True
3509.2857 	EXP 	unnamed Polygon: autoDraw = True
3509.3022 	EXP 	unnamed Polygon: autoDraw = True
3509.3187 	EXP 	unnamed Polygon: autoDraw = True
3509.3354 	EXP 	unnamed Polygon: autoDraw = True
3509.3521 	EXP 	unnamed Polygon: autoDraw = True
3509.3688 	EXP 	unnamed Polygon: autoDraw = True
3509.3855 	EXP 	unnamed Polygon: autoDraw = True
3509.4022 	EXP 	unnamed Polygon: autoDraw = True
3509.4191 	EXP 	unnamed Polygon: autoDraw = True
3509.4357 	EXP 	unnamed Polygon: autoDraw = True
3509.4523 	EXP 	unnamed Polygon: autoDraw = True
3509.4688 	EXP 	unnamed Polygon: autoDraw = True
3509.4856 	EXP 	unnamed Polygon: autoDraw = True
3509.5020 	EXP 	unnamed Polygon: autoDraw = True
3509.5188 	EXP 	unnamed Polygon: autoDraw = True
3509.5357 	EXP 	unnamed Polygon: autoDraw = True
3509.5521 	EXP 	unnamed Polygon: autoDraw = True
3509.5694 	EXP 	unnamed Polygon: autoDraw = True
3509.5855 	EXP 	unnamed Polygon: autoDraw = True
3509.6022 	EXP 	unnamed Polygon: autoDraw = True
3509.6187 	EXP 	unnamed Polygon: autoDraw = False
3510.4191 	EXP 	trial_feedback: text = 'Miss!\n$0.00'
3510.4191 	EXP 	trial_feedback: autoDraw = True
3512.4188 	EXP 	trial_feedback: autoDraw = False
3512.4356 	EXP 	trial_feedback: autoDraw = False
3512.4356 	EXP 	exp_feedback: autoDraw = False
3522.5864 	EXP 	unnamed Polygon: autoDraw = True
3522.5864 	EXP 	unnamed Polygon: autoDraw = True
3522.6031 	EXP 	unnamed Polygon: autoDraw = True
3522.6197 	EXP 	unnamed Polygon: autoDraw = True
3522.6364 	EXP 	unnamed Polygon: autoDraw = True
3522.6531 	EXP 	unnamed Polygon: autoDraw = True
3522.6698 	EXP 	unnamed Polygon: autoDraw = True
3522.6866 	EXP 	unnamed Polygon: autoDraw = True
3522.7030 	EXP 	unnamed Polygon: autoDraw = True
3522.7197 	EXP 	unnamed Polygon: autoDraw = True
3522.7364 	EXP 	unnamed Polygon: autoDraw = True
3522.7532 	EXP 	unnamed Polygon: autoDraw = True
3522.7698 	EXP 	unnamed Polygon: autoDraw = True
3522.7865 	EXP 	unnamed Polygon: autoDraw = True
3522.8032 	EXP 	unnamed Polygon: autoDraw = True
3522.8199 	EXP 	unnamed Polygon: autoDraw = True
3522.8367 	EXP 	unnamed Polygon: autoDraw = True
3522.8532 	EXP 	unnamed Polygon: autoDraw = True
3522.8700 	EXP 	unnamed Polygon: autoDraw = True
3522.8870 	EXP 	unnamed Polygon: autoDraw = True
3522.9031 	EXP 	unnamed Polygon: autoDraw = True
3522.9200 	EXP 	unnamed Polygon: autoDraw = True
3522.9367 	EXP 	unnamed Polygon: autoDraw = True
3522.9532 	EXP 	unnamed Polygon: autoDraw = True
3522.9698 	EXP 	unnamed Polygon: autoDraw = True
3522.9865 	EXP 	unnamed Polygon: autoDraw = True
3523.0033 	EXP 	unnamed Polygon: autoDraw = True
3523.0199 	EXP 	unnamed Polygon: autoDraw = True
3523.0366 	EXP 	unnamed Polygon: autoDraw = True
3523.0532 	EXP 	unnamed Polygon: autoDraw = True
3523.0700 	EXP 	unnamed Polygon: autoDraw = True
3523.0869 	EXP 	unnamed Polygon: autoDraw = True
3523.1034 	EXP 	unnamed Polygon: autoDraw = True
3523.1197 	EXP 	unnamed Polygon: autoDraw = True
3523.1366 	EXP 	unnamed Polygon: autoDraw = True
3523.1534 	EXP 	unnamed Polygon: autoDraw = True
3523.1700 	EXP 	unnamed Polygon: autoDraw = True
3523.1865 	EXP 	unnamed Polygon: autoDraw = True
3523.2034 	EXP 	unnamed Polygon: autoDraw = True
3523.2202 	EXP 	unnamed Polygon: autoDraw = True
3523.2368 	EXP 	unnamed Polygon: autoDraw = True
3523.2533 	EXP 	unnamed Polygon: autoDraw = True
3523.2700 	EXP 	unnamed Polygon: autoDraw = True
3523.2871 	EXP 	unnamed Polygon: autoDraw = True
3523.3031 	EXP 	unnamed Polygon: autoDraw = True
3523.3200 	EXP 	unnamed Polygon: autoDraw = False
3524.4533 	EXP 	trial_feedback: height = 0.09
3524.4533 	EXP 	trial_feedback: height = 0.09
3524.4533 	EXP 	trial_feedback: height = 0.09
3524.4533 	EXP 	trial_feedback: text = 'Miss!\n-$1.50'
3524.4533 	EXP 	trial_feedback: autoDraw = True
3526.4530 	EXP 	trial_feedback: autoDraw = False
3526.4698 	EXP 	trial_feedback: autoDraw = False
3526.4698 	EXP 	exp_feedback: autoDraw = False
3532.5879 	EXP 	unnamed Polygon: autoDraw = True
3532.5879 	EXP 	unnamed Polygon: autoDraw = True
3532.6045 	EXP 	unnamed Polygon: autoDraw = True
3532.6207 	EXP 	unnamed Polygon: autoDraw = True
3532.6375 	EXP 	unnamed Polygon: autoDraw = True
3532.6542 	EXP 	unnamed Polygon: autoDraw = True
3532.6712 	EXP 	unnamed Polygon: autoDraw = True
3532.6876 	EXP 	unnamed Polygon: autoDraw = True
3532.7041 	EXP 	unnamed Polygon: autoDraw = True
3532.7207 	EXP 	unnamed Polygon: autoDraw = True
3532.7377 	EXP 	unnamed Polygon: autoDraw = True
3532.7542 	EXP 	unnamed Polygon: autoDraw = True
3532.7704 	EXP 	unnamed Polygon: autoDraw = True
3532.7875 	EXP 	unnamed Polygon: autoDraw = True
3532.8042 	EXP 	unnamed Polygon: autoDraw = True
3532.8217 	EXP 	unnamed Polygon: autoDraw = True
3532.8375 	EXP 	unnamed Polygon: autoDraw = True
3532.8554 	EXP 	unnamed Polygon: autoDraw = True
3532.8712 	EXP 	unnamed Polygon: autoDraw = True
3532.8875 	EXP 	unnamed Polygon: autoDraw = True
3532.9043 	EXP 	unnamed Polygon: autoDraw = True
3532.9209 	EXP 	unnamed Polygon: autoDraw = True
3532.9381 	EXP 	unnamed Polygon: autoDraw = True
3532.9542 	EXP 	unnamed Polygon: autoDraw = True
3532.9708 	EXP 	unnamed Polygon: autoDraw = True
3532.9875 	EXP 	unnamed Polygon: autoDraw = True
3533.0046 	EXP 	unnamed Polygon: autoDraw = True
3533.0210 	EXP 	unnamed Polygon: autoDraw = True
3533.0379 	EXP 	unnamed Polygon: autoDraw = True
3533.0542 	EXP 	unnamed Polygon: autoDraw = True
3533.0710 	EXP 	unnamed Polygon: autoDraw = True
3533.0880 	EXP 	unnamed Polygon: autoDraw = True
3533.1045 	EXP 	unnamed Polygon: autoDraw = True
3533.1217 	EXP 	unnamed Polygon: autoDraw = True
3533.1381 	EXP 	unnamed Polygon: autoDraw = True
3533.1541 	EXP 	unnamed Polygon: autoDraw = True
3533.1708 	EXP 	unnamed Polygon: autoDraw = True
3533.1875 	EXP 	unnamed Polygon: autoDraw = True
3533.2040 	EXP 	unnamed Polygon: autoDraw = True
3533.2210 	EXP 	unnamed Polygon: autoDraw = True
3533.2381 	EXP 	unnamed Polygon: autoDraw = True
3533.2544 	EXP 	unnamed Polygon: autoDraw = True
3533.2708 	EXP 	unnamed Polygon: autoDraw = True
3533.2874 	EXP 	unnamed Polygon: autoDraw = True
3533.3055 	EXP 	unnamed Polygon: autoDraw = True
3533.3228 	EXP 	unnamed Polygon: autoDraw = True
3533.3380 	EXP 	unnamed Polygon: autoDraw = False
3534.4877 	EXP 	trial_feedback: text = 'Miss!\n-$1.50'
3534.4877 	EXP 	trial_feedback: autoDraw = True
3536.4875 	EXP 	trial_feedback: autoDraw = False
3536.4875 	EXP 	exp_feedback: autoDraw = False
3542.9211 	EXP 	unnamed Polygon: autoDraw = True
3542.9211 	EXP 	unnamed Polygon: autoDraw = True
3542.9382 	EXP 	unnamed Polygon: autoDraw = True
3542.9542 	EXP 	unnamed Polygon: autoDraw = True
3542.9716 	EXP 	unnamed Polygon: autoDraw = True
3542.9887 	EXP 	unnamed Polygon: autoDraw = True
3543.0046 	EXP 	unnamed Polygon: autoDraw = True
3543.0212 	EXP 	unnamed Polygon: autoDraw = True
3543.0377 	EXP 	unnamed Polygon: autoDraw = True
3543.0541 	EXP 	unnamed Polygon: autoDraw = True
3543.0715 	EXP 	unnamed Polygon: autoDraw = True
3543.0881 	EXP 	unnamed Polygon: autoDraw = True
3543.1048 	EXP 	unnamed Polygon: autoDraw = True
3543.1211 	EXP 	unnamed Polygon: autoDraw = True
3543.1376 	EXP 	unnamed Polygon: autoDraw = True
3543.1541 	EXP 	unnamed Polygon: autoDraw = True
3543.1708 	EXP 	unnamed Polygon: autoDraw = True
3543.1876 	EXP 	unnamed Polygon: autoDraw = True
3543.2041 	EXP 	unnamed Polygon: autoDraw = True
3543.2210 	EXP 	unnamed Polygon: autoDraw = True
3543.2376 	EXP 	unnamed Polygon: autoDraw = True
3543.2540 	EXP 	unnamed Polygon: autoDraw = True
3543.2709 	EXP 	unnamed Polygon: autoDraw = True
3543.2876 	EXP 	unnamed Polygon: autoDraw = True
3543.3050 	EXP 	unnamed Polygon: autoDraw = True
3543.3225 	EXP 	unnamed Polygon: autoDraw = True
3543.3377 	EXP 	unnamed Polygon: autoDraw = True
3543.3542 	EXP 	unnamed Polygon: autoDraw = True
3543.3715 	EXP 	unnamed Polygon: autoDraw = True
3543.3890 	EXP 	unnamed Polygon: autoDraw = True
3543.4049 	EXP 	unnamed Polygon: autoDraw = True
3543.4211 	EXP 	unnamed Polygon: autoDraw = True
3543.4379 	EXP 	unnamed Polygon: autoDraw = True
3543.4544 	EXP 	unnamed Polygon: autoDraw = True
3543.4711 	EXP 	unnamed Polygon: autoDraw = True
3543.4876 	EXP 	unnamed Polygon: autoDraw = True
3543.5053 	EXP 	unnamed Polygon: autoDraw = True
3543.5221 	EXP 	unnamed Polygon: autoDraw = True
3543.5389 	EXP 	unnamed Polygon: autoDraw = True
3543.5543 	EXP 	unnamed Polygon: autoDraw = True
3543.5715 	EXP 	unnamed Polygon: autoDraw = True
3543.5877 	EXP 	unnamed Polygon: autoDraw = True
3543.6045 	EXP 	unnamed Polygon: autoDraw = True
3543.6213 	EXP 	unnamed Polygon: autoDraw = True
3543.6377 	EXP 	unnamed Polygon: autoDraw = False
3544.5049 	EXP 	trial_feedback: height = 0.09
3544.5049 	EXP 	trial_feedback: height = 0.09
3544.5049 	EXP 	trial_feedback: height = 0.09
3544.5049 	EXP 	trial_feedback: text = 'Miss!\n-$0.00'
3544.5049 	EXP 	trial_feedback: autoDraw = True
3546.5047 	EXP 	trial_feedback: autoDraw = False
3546.5047 	EXP 	exp_feedback: autoDraw = False
3552.9560 	EXP 	unnamed Polygon: autoDraw = True
3552.9560 	EXP 	unnamed Polygon: autoDraw = True
3552.9730 	EXP 	unnamed Polygon: autoDraw = True
3552.9897 	EXP 	unnamed Polygon: autoDraw = True
3553.0067 	EXP 	unnamed Polygon: autoDraw = True
3553.0225 	EXP 	unnamed Polygon: autoDraw = True
3553.0389 	EXP 	unnamed Polygon: autoDraw = True
3553.0563 	EXP 	unnamed Polygon: autoDraw = True
3553.0725 	EXP 	unnamed Polygon: autoDraw = True
3553.0893 	EXP 	unnamed Polygon: autoDraw = True
3553.1057 	EXP 	unnamed Polygon: autoDraw = True
3553.1228 	EXP 	unnamed Polygon: autoDraw = True
3553.1393 	EXP 	unnamed Polygon: autoDraw = True
3553.1564 	EXP 	unnamed Polygon: autoDraw = True
3553.1726 	EXP 	unnamed Polygon: autoDraw = True
3553.1893 	EXP 	unnamed Polygon: autoDraw = True
3553.2057 	EXP 	unnamed Polygon: autoDraw = True
3553.2225 	EXP 	unnamed Polygon: autoDraw = True
3553.2391 	EXP 	unnamed Polygon: autoDraw = True
3553.2563 	EXP 	unnamed Polygon: autoDraw = True
3553.2725 	EXP 	unnamed Polygon: autoDraw = True
3553.2891 	EXP 	unnamed Polygon: autoDraw = True
3553.3064 	EXP 	unnamed Polygon: autoDraw = True
3553.3226 	EXP 	unnamed Polygon: autoDraw = True
3553.3389 	EXP 	unnamed Polygon: autoDraw = True
3553.3563 	EXP 	unnamed Polygon: autoDraw = True
3553.3724 	EXP 	unnamed Polygon: autoDraw = True
3553.3893 	EXP 	unnamed Polygon: autoDraw = True
3553.4063 	EXP 	unnamed Polygon: autoDraw = True
3553.4224 	EXP 	unnamed Polygon: autoDraw = True
3553.4394 	EXP 	unnamed Polygon: autoDraw = True
3553.4562 	EXP 	unnamed Polygon: autoDraw = True
3553.4723 	EXP 	unnamed Polygon: autoDraw = True
3553.4888 	EXP 	unnamed Polygon: autoDraw = True
3553.5064 	EXP 	unnamed Polygon: autoDraw = True
3553.5224 	EXP 	unnamed Polygon: autoDraw = True
3553.5396 	EXP 	unnamed Polygon: autoDraw = True
3553.5564 	EXP 	unnamed Polygon: autoDraw = True
3553.5725 	EXP 	unnamed Polygon: autoDraw = True
3553.5888 	EXP 	unnamed Polygon: autoDraw = True
3553.6060 	EXP 	unnamed Polygon: autoDraw = True
3553.6238 	EXP 	unnamed Polygon: autoDraw = True
3553.6397 	EXP 	unnamed Polygon: autoDraw = True
3553.6564 	EXP 	unnamed Polygon: autoDraw = True
3553.6730 	EXP 	unnamed Polygon: autoDraw = True
3553.6889 	EXP 	unnamed Polygon: autoDraw = False
3554.5389 	EXP 	trial_feedback: text = 'Miss!\n-$0.00'
3554.5389 	EXP 	trial_feedback: autoDraw = True
3556.5398 	EXP 	trial_feedback: autoDraw = False
3556.5398 	EXP 	exp_feedback: autoDraw = False
3564.8236 	EXP 	unnamed Polygon: autoDraw = True
3564.8236 	EXP 	unnamed Polygon: autoDraw = True
3564.8405 	EXP 	unnamed Polygon: autoDraw = True
3564.8557 	EXP 	unnamed Polygon: autoDraw = True
3564.8730 	EXP 	unnamed Polygon: autoDraw = True
3564.8891 	EXP 	unnamed Polygon: autoDraw = True
3564.9061 	EXP 	unnamed Polygon: autoDraw = True
3564.9225 	EXP 	unnamed Polygon: autoDraw = True
3564.9406 	EXP 	unnamed Polygon: autoDraw = True
3564.9573 	EXP 	unnamed Polygon: autoDraw = True
3564.9736 	EXP 	unnamed Polygon: autoDraw = True
3564.9890 	EXP 	unnamed Polygon: autoDraw = True
3565.0058 	EXP 	unnamed Polygon: autoDraw = True
3565.0228 	EXP 	unnamed Polygon: autoDraw = True
3565.0394 	EXP 	unnamed Polygon: autoDraw = True
3565.0559 	EXP 	unnamed Polygon: autoDraw = True
3565.0732 	EXP 	unnamed Polygon: autoDraw = True
3565.0906 	EXP 	unnamed Polygon: autoDraw = True
3565.1057 	EXP 	unnamed Polygon: autoDraw = True
3565.1226 	EXP 	unnamed Polygon: autoDraw = True
3565.1390 	EXP 	unnamed Polygon: autoDraw = True
3565.1561 	EXP 	unnamed Polygon: autoDraw = True
3565.1730 	EXP 	unnamed Polygon: autoDraw = True
3565.1892 	EXP 	unnamed Polygon: autoDraw = True
3565.2069 	EXP 	unnamed Polygon: autoDraw = True
3565.2237 	EXP 	unnamed Polygon: autoDraw = True
3565.2408 	EXP 	unnamed Polygon: autoDraw = True
3565.2559 	EXP 	unnamed Polygon: autoDraw = True
3565.2724 	EXP 	unnamed Polygon: autoDraw = True
3565.2891 	EXP 	unnamed Polygon: autoDraw = True
3565.3064 	EXP 	unnamed Polygon: autoDraw = True
3565.3239 	EXP 	unnamed Polygon: autoDraw = True
3565.3403 	EXP 	unnamed Polygon: autoDraw = True
3565.3560 	EXP 	unnamed Polygon: autoDraw = True
3565.3727 	EXP 	unnamed Polygon: autoDraw = True
3565.3900 	EXP 	unnamed Polygon: autoDraw = True
3565.4072 	EXP 	unnamed Polygon: autoDraw = True
3565.4238 	EXP 	unnamed Polygon: autoDraw = True
3565.4391 	EXP 	unnamed Polygon: autoDraw = True
3565.4560 	EXP 	unnamed Polygon: autoDraw = True
3565.4727 	EXP 	unnamed Polygon: autoDraw = True
3565.4895 	EXP 	unnamed Polygon: autoDraw = True
3565.5061 	EXP 	unnamed Polygon: autoDraw = True
3565.5223 	EXP 	unnamed Polygon: autoDraw = True
3565.5394 	EXP 	unnamed Polygon: autoDraw = True
3565.5557 	EXP 	unnamed Polygon: autoDraw = True
3565.5725 	EXP 	unnamed Polygon: autoDraw = True
3565.5892 	EXP 	unnamed Polygon: autoDraw = True
3565.6064 	EXP 	unnamed Polygon: autoDraw = False
3566.5897 	EXP 	trial_feedback: height = 0.09
3566.5897 	EXP 	trial_feedback: height = 0.09
3566.5897 	EXP 	trial_feedback: height = 0.09
3566.5897 	EXP 	trial_feedback: text = 'Miss!\n-$1.50'
3566.5897 	EXP 	trial_feedback: autoDraw = True
3568.5893 	EXP 	trial_feedback: autoDraw = False
3568.6060 	EXP 	trial_feedback: autoDraw = False
3568.6060 	EXP 	exp_feedback: autoDraw = False
3578.8241 	EXP 	unnamed Polygon: autoDraw = True
3578.8241 	EXP 	unnamed Polygon: autoDraw = True
3578.8404 	EXP 	unnamed Polygon: autoDraw = True
3578.8572 	EXP 	unnamed Polygon: autoDraw = True
3578.8737 	EXP 	unnamed Polygon: autoDraw = True
3578.8901 	EXP 	unnamed Polygon: autoDraw = True
3578.9074 	EXP 	unnamed Polygon: autoDraw = True
3578.9240 	EXP 	unnamed Polygon: autoDraw = True
3578.9401 	EXP 	unnamed Polygon: autoDraw = True
3578.9569 	EXP 	unnamed Polygon: autoDraw = True
3578.9735 	EXP 	unnamed Polygon: autoDraw = True
3578.9902 	EXP 	unnamed Polygon: autoDraw = True
3579.0070 	EXP 	unnamed Polygon: autoDraw = True
3579.0251 	EXP 	unnamed Polygon: autoDraw = True
3579.0416 	EXP 	unnamed Polygon: autoDraw = True
3579.0580 	EXP 	unnamed Polygon: autoDraw = True
3579.0736 	EXP 	unnamed Polygon: autoDraw = True
3579.0903 	EXP 	unnamed Polygon: autoDraw = True
3579.1069 	EXP 	unnamed Polygon: autoDraw = True
3579.1237 	EXP 	unnamed Polygon: autoDraw = True
3579.1404 	EXP 	unnamed Polygon: autoDraw = True
3579.1569 	EXP 	unnamed Polygon: autoDraw = True
3579.1737 	EXP 	unnamed Polygon: autoDraw = True
3579.1903 	EXP 	unnamed Polygon: autoDraw = True
3579.2068 	EXP 	unnamed Polygon: autoDraw = True
3579.2237 	EXP 	unnamed Polygon: autoDraw = True
3579.2416 	EXP 	unnamed Polygon: autoDraw = True
3579.2582 	EXP 	unnamed Polygon: autoDraw = True
3579.2746 	EXP 	unnamed Polygon: autoDraw = True
3579.2915 	EXP 	unnamed Polygon: autoDraw = True
3579.3084 	EXP 	unnamed Polygon: autoDraw = True
3579.3249 	EXP 	unnamed Polygon: autoDraw = True
3579.3415 	EXP 	unnamed Polygon: autoDraw = True
3579.3579 	EXP 	unnamed Polygon: autoDraw = True
3579.3745 	EXP 	unnamed Polygon: autoDraw = True
3579.3916 	EXP 	unnamed Polygon: autoDraw = True
3579.4081 	EXP 	unnamed Polygon: autoDraw = True
3579.4250 	EXP 	unnamed Polygon: autoDraw = True
3579.4419 	EXP 	unnamed Polygon: autoDraw = True
3579.4573 	EXP 	unnamed Polygon: autoDraw = True
3579.4744 	EXP 	unnamed Polygon: autoDraw = True
3579.4910 	EXP 	unnamed Polygon: autoDraw = True
3579.5080 	EXP 	unnamed Polygon: autoDraw = True
3579.5248 	EXP 	unnamed Polygon: autoDraw = True
3579.5415 	EXP 	unnamed Polygon: autoDraw = True
3579.5583 	EXP 	unnamed Polygon: autoDraw = True
3579.5741 	EXP 	unnamed Polygon: autoDraw = False
3580.6074 	EXP 	trial_feedback: height = 0.09
3580.6074 	EXP 	trial_feedback: height = 0.09
3580.6074 	EXP 	trial_feedback: height = 0.09
3580.6074 	EXP 	trial_feedback: text = 'Miss!\n$0.00'
3580.6074 	EXP 	trial_feedback: autoDraw = True
3582.6073 	EXP 	trial_feedback: autoDraw = False
3582.6073 	EXP 	exp_feedback: autoDraw = False
3593.0921 	EXP 	unnamed Polygon: autoDraw = True
3593.0921 	EXP 	unnamed Polygon: autoDraw = True
3593.1090 	EXP 	unnamed Polygon: autoDraw = True
3593.1256 	EXP 	unnamed Polygon: autoDraw = True
3593.1426 	EXP 	unnamed Polygon: autoDraw = True
3593.1591 	EXP 	unnamed Polygon: autoDraw = True
3593.1757 	EXP 	unnamed Polygon: autoDraw = True
3593.1922 	EXP 	unnamed Polygon: autoDraw = True
3593.2090 	EXP 	unnamed Polygon: autoDraw = True
3593.2255 	EXP 	unnamed Polygon: autoDraw = True
3593.2423 	EXP 	unnamed Polygon: autoDraw = True
3593.2589 	EXP 	unnamed Polygon: autoDraw = True
3593.2758 	EXP 	unnamed Polygon: autoDraw = True
3593.2925 	EXP 	unnamed Polygon: autoDraw = True
3593.3091 	EXP 	unnamed Polygon: autoDraw = True
3593.3257 	EXP 	unnamed Polygon: autoDraw = True
3593.3422 	EXP 	unnamed Polygon: autoDraw = True
3593.3592 	EXP 	unnamed Polygon: autoDraw = True
3593.3757 	EXP 	unnamed Polygon: autoDraw = True
3593.3923 	EXP 	unnamed Polygon: autoDraw = True
3593.4091 	EXP 	unnamed Polygon: autoDraw = True
3593.4260 	EXP 	unnamed Polygon: autoDraw = True
3593.4425 	EXP 	unnamed Polygon: autoDraw = True
3593.4590 	EXP 	unnamed Polygon: autoDraw = True
3593.4756 	EXP 	unnamed Polygon: autoDraw = True
3593.4924 	EXP 	unnamed Polygon: autoDraw = True
3593.5090 	EXP 	unnamed Polygon: autoDraw = True
3593.5260 	EXP 	unnamed Polygon: autoDraw = True
3593.5424 	EXP 	unnamed Polygon: autoDraw = True
3593.5617 	EXP 	unnamed Polygon: autoDraw = True
3593.5761 	EXP 	unnamed Polygon: autoDraw = True
3593.5925 	EXP 	unnamed Polygon: autoDraw = True
3593.6089 	EXP 	unnamed Polygon: autoDraw = True
3593.6257 	EXP 	unnamed Polygon: autoDraw = True
3593.6424 	EXP 	unnamed Polygon: autoDraw = True
3593.6591 	EXP 	unnamed Polygon: autoDraw = True
3593.6759 	EXP 	unnamed Polygon: autoDraw = True
3593.6915 	EXP 	unnamed Polygon: autoDraw = True
3593.7092 	EXP 	unnamed Polygon: autoDraw = True
3593.7258 	EXP 	unnamed Polygon: autoDraw = True
3593.7424 	EXP 	unnamed Polygon: autoDraw = True
3593.7592 	EXP 	unnamed Polygon: autoDraw = True
3593.7757 	EXP 	unnamed Polygon: autoDraw = True
3593.7925 	EXP 	unnamed Polygon: autoDraw = True
3593.8093 	EXP 	unnamed Polygon: autoDraw = True
3593.8258 	EXP 	unnamed Polygon: autoDraw = True
3593.8425 	EXP 	unnamed Polygon: autoDraw = True
3593.8591 	EXP 	unnamed Polygon: autoDraw = True
3593.8753 	EXP 	unnamed Polygon: autoDraw = False
3594.6249 	EXP 	trial_feedback: text = 'Miss!\n$0.00'
3594.6249 	EXP 	trial_feedback: autoDraw = True
3596.6250 	EXP 	trial_feedback: autoDraw = False
3596.6417 	EXP 	trial_feedback: autoDraw = False
3596.6417 	EXP 	exp_feedback: autoDraw = False
3606.8765 	EXP 	unnamed Polygon: autoDraw = True
3606.8765 	EXP 	unnamed Polygon: autoDraw = True
3606.8934 	EXP 	unnamed Polygon: autoDraw = True
3606.9101 	EXP 	unnamed Polygon: autoDraw = True
3606.9266 	EXP 	unnamed Polygon: autoDraw = True
3606.9432 	EXP 	unnamed Polygon: autoDraw = True
3606.9600 	EXP 	unnamed Polygon: autoDraw = True
3606.9766 	EXP 	unnamed Polygon: autoDraw = True
3606.9932 	EXP 	unnamed Polygon: autoDraw = True
3607.0099 	EXP 	unnamed Polygon: autoDraw = True
3607.0267 	EXP 	unnamed Polygon: autoDraw = True
3607.0432 	EXP 	unnamed Polygon: autoDraw = True
3607.0598 	EXP 	unnamed Polygon: autoDraw = True
3607.0766 	EXP 	unnamed Polygon: autoDraw = True
3607.0931 	EXP 	unnamed Polygon: autoDraw = True
3607.1094 	EXP 	unnamed Polygon: autoDraw = True
3607.1257 	EXP 	unnamed Polygon: autoDraw = True
3607.1423 	EXP 	unnamed Polygon: autoDraw = True
3607.1590 	EXP 	unnamed Polygon: autoDraw = True
3607.1758 	EXP 	unnamed Polygon: autoDraw = True
3607.1920 	EXP 	unnamed Polygon: autoDraw = True
3607.2088 	EXP 	unnamed Polygon: autoDraw = True
3607.2256 	EXP 	unnamed Polygon: autoDraw = True
3607.2418 	EXP 	unnamed Polygon: autoDraw = True
3607.2587 	EXP 	unnamed Polygon: autoDraw = True
3607.2752 	EXP 	unnamed Polygon: autoDraw = True
3607.2920 	EXP 	unnamed Polygon: autoDraw = True
3607.3089 	EXP 	unnamed Polygon: autoDraw = True
3607.3257 	EXP 	unnamed Polygon: autoDraw = True
3607.3420 	EXP 	unnamed Polygon: autoDraw = True
3607.3590 	EXP 	unnamed Polygon: autoDraw = True
3607.3752 	EXP 	unnamed Polygon: autoDraw = True
3607.3925 	EXP 	unnamed Polygon: autoDraw = True
3607.4090 	EXP 	unnamed Polygon: autoDraw = True
3607.4257 	EXP 	unnamed Polygon: autoDraw = True
3607.4419 	EXP 	unnamed Polygon: autoDraw = True
3607.4588 	EXP 	unnamed Polygon: autoDraw = True
3607.4752 	EXP 	unnamed Polygon: autoDraw = True
3607.4921 	EXP 	unnamed Polygon: autoDraw = True
3607.5090 	EXP 	unnamed Polygon: autoDraw = True
3607.5255 	EXP 	unnamed Polygon: autoDraw = True
3607.5420 	EXP 	unnamed Polygon: autoDraw = True
3607.5587 	EXP 	unnamed Polygon: autoDraw = True
3607.5756 	EXP 	unnamed Polygon: autoDraw = True
3607.5918 	EXP 	unnamed Polygon: autoDraw = True
3607.6086 	EXP 	unnamed Polygon: autoDraw = True
3607.6256 	EXP 	unnamed Polygon: autoDraw = True
3607.6431 	EXP 	unnamed Polygon: autoDraw = True
3607.6587 	EXP 	unnamed Polygon: autoDraw = True
3607.6755 	EXP 	unnamed Polygon: autoDraw = False
3608.6589 	EXP 	trial_feedback: height = 0.09
3608.6589 	EXP 	trial_feedback: height = 0.09
3608.6589 	EXP 	trial_feedback: height = 0.09
3608.6589 	EXP 	trial_feedback: text = 'Miss!\n-$1.50'
3608.6589 	EXP 	trial_feedback: autoDraw = True
3610.6591 	EXP 	trial_feedback: autoDraw = False
3610.6591 	EXP 	exp_feedback: autoDraw = False
3617.0433 	EXP 	unnamed Polygon: autoDraw = True
3617.0433 	EXP 	unnamed Polygon: autoDraw = True
3617.0607 	EXP 	unnamed Polygon: autoDraw = True
3617.0774 	EXP 	unnamed Polygon: autoDraw = True
3617.0933 	EXP 	unnamed Polygon: autoDraw = True
3617.1111 	EXP 	unnamed Polygon: autoDraw = True
3617.1267 	EXP 	unnamed Polygon: autoDraw = True
3617.1439 	EXP 	unnamed Polygon: autoDraw = True
3617.1606 	EXP 	unnamed Polygon: autoDraw = True
3617.1773 	EXP 	unnamed Polygon: autoDraw = True
3617.1939 	EXP 	unnamed Polygon: autoDraw = True
3617.2108 	EXP 	unnamed Polygon: autoDraw = True
3617.2273 	EXP 	unnamed Polygon: autoDraw = True
3617.2441 	EXP 	unnamed Polygon: autoDraw = True
3617.2608 	EXP 	unnamed Polygon: autoDraw = True
3617.2771 	EXP 	unnamed Polygon: autoDraw = True
3617.2940 	EXP 	unnamed Polygon: autoDraw = True
3617.3109 	EXP 	unnamed Polygon: autoDraw = True
3617.3266 	EXP 	unnamed Polygon: autoDraw = True
3617.3434 	EXP 	unnamed Polygon: autoDraw = True
3617.3595 	EXP 	unnamed Polygon: autoDraw = True
3617.3761 	EXP 	unnamed Polygon: autoDraw = True
3617.3927 	EXP 	unnamed Polygon: autoDraw = True
3617.4096 	EXP 	unnamed Polygon: autoDraw = True
3617.4260 	EXP 	unnamed Polygon: autoDraw = True
3617.4426 	EXP 	unnamed Polygon: autoDraw = True
3617.4592 	EXP 	unnamed Polygon: autoDraw = True
3617.4762 	EXP 	unnamed Polygon: autoDraw = True
3617.4926 	EXP 	unnamed Polygon: autoDraw = True
3617.5099 	EXP 	unnamed Polygon: autoDraw = True
3617.5264 	EXP 	unnamed Polygon: autoDraw = True
3617.5427 	EXP 	unnamed Polygon: autoDraw = True
3617.5596 	EXP 	unnamed Polygon: autoDraw = True
3617.5761 	EXP 	unnamed Polygon: autoDraw = True
3617.5927 	EXP 	unnamed Polygon: autoDraw = True
3617.6103 	EXP 	unnamed Polygon: autoDraw = True
3617.6263 	EXP 	unnamed Polygon: autoDraw = True
3617.6435 	EXP 	unnamed Polygon: autoDraw = True
3617.6594 	EXP 	unnamed Polygon: autoDraw = True
3617.6761 	EXP 	unnamed Polygon: autoDraw = True
3617.6935 	EXP 	unnamed Polygon: autoDraw = True
3617.7094 	EXP 	unnamed Polygon: autoDraw = True
3617.7260 	EXP 	unnamed Polygon: autoDraw = True
3617.7431 	EXP 	unnamed Polygon: autoDraw = True
3617.7597 	EXP 	unnamed Polygon: autoDraw = True
3617.7761 	EXP 	unnamed Polygon: autoDraw = True
3617.7928 	EXP 	unnamed Polygon: autoDraw = True
3617.8092 	EXP 	unnamed Polygon: autoDraw = True
3617.8262 	EXP 	unnamed Polygon: autoDraw = True
3617.8432 	EXP 	unnamed Polygon: autoDraw = True
3617.8607 	EXP 	unnamed Polygon: autoDraw = False
3618.6765 	EXP 	trial_feedback: text = 'Miss!\n-$1.50'
3618.6765 	EXP 	trial_feedback: autoDraw = True
3620.6771 	EXP 	trial_feedback: autoDraw = False
3620.6771 	EXP 	exp_feedback: autoDraw = False
3626.9768 	EXP 	unnamed Polygon: autoDraw = True
3626.9768 	EXP 	unnamed Polygon: autoDraw = True
3626.9950 	EXP 	unnamed Polygon: autoDraw = True
3627.0112 	EXP 	unnamed Polygon: autoDraw = True
3627.0271 	EXP 	unnamed Polygon: autoDraw = True
3627.0436 	EXP 	unnamed Polygon: autoDraw = True
3627.0601 	EXP 	unnamed Polygon: autoDraw = True
3627.0774 	EXP 	unnamed Polygon: autoDraw = True
3627.0936 	EXP 	unnamed Polygon: autoDraw = True
3627.1108 	EXP 	unnamed Polygon: autoDraw = True
3627.1282 	EXP 	unnamed Polygon: autoDraw = True
3627.1449 	EXP 	unnamed Polygon: autoDraw = True
3627.1604 	EXP 	unnamed Polygon: autoDraw = True
3627.1768 	EXP 	unnamed Polygon: autoDraw = True
3627.1938 	EXP 	unnamed Polygon: autoDraw = True
3627.2106 	EXP 	unnamed Polygon: autoDraw = True
3627.2269 	EXP 	unnamed Polygon: autoDraw = True
3627.2434 	EXP 	unnamed Polygon: autoDraw = True
3627.2613 	EXP 	unnamed Polygon: autoDraw = True
3627.2776 	EXP 	unnamed Polygon: autoDraw = True
3627.2936 	EXP 	unnamed Polygon: autoDraw = True
3627.3101 	EXP 	unnamed Polygon: autoDraw = True
3627.3270 	EXP 	unnamed Polygon: autoDraw = True
3627.3435 	EXP 	unnamed Polygon: autoDraw = True
3627.3604 	EXP 	unnamed Polygon: autoDraw = True
3627.3769 	EXP 	unnamed Polygon: autoDraw = True
3627.3936 	EXP 	unnamed Polygon: autoDraw = True
3627.4113 	EXP 	unnamed Polygon: autoDraw = True
3627.4281 	EXP 	unnamed Polygon: autoDraw = True
3627.4434 	EXP 	unnamed Polygon: autoDraw = True
3627.4602 	EXP 	unnamed Polygon: autoDraw = True
3627.4770 	EXP 	unnamed Polygon: autoDraw = True
3627.4934 	EXP 	unnamed Polygon: autoDraw = True
3627.5103 	EXP 	unnamed Polygon: autoDraw = True
3627.5271 	EXP 	unnamed Polygon: autoDraw = True
3627.5437 	EXP 	unnamed Polygon: autoDraw = True
3627.5614 	EXP 	unnamed Polygon: autoDraw = True
3627.5775 	EXP 	unnamed Polygon: autoDraw = True
3627.5948 	EXP 	unnamed Polygon: autoDraw = True
3627.6102 	EXP 	unnamed Polygon: autoDraw = True
3627.6270 	EXP 	unnamed Polygon: autoDraw = True
3627.6436 	EXP 	unnamed Polygon: autoDraw = True
3627.6609 	EXP 	unnamed Polygon: autoDraw = True
3627.6771 	EXP 	unnamed Polygon: autoDraw = True
3627.6936 	EXP 	unnamed Polygon: autoDraw = True
3627.7105 	EXP 	unnamed Polygon: autoDraw = True
3627.7270 	EXP 	unnamed Polygon: autoDraw = True
3627.7433 	EXP 	unnamed Polygon: autoDraw = True
3627.7606 	EXP 	unnamed Polygon: autoDraw = False
3628.7107 	EXP 	trial_feedback: height = 0.09
3628.7107 	EXP 	trial_feedback: height = 0.09
3628.7107 	EXP 	trial_feedback: height = 0.09
3628.7107 	EXP 	trial_feedback: text = 'Miss!\n$0.00'
3628.7107 	EXP 	trial_feedback: autoDraw = True
3630.7106 	EXP 	trial_feedback: autoDraw = False
3630.7270 	EXP 	trial_feedback: autoDraw = False
3630.7270 	EXP 	exp_feedback: autoDraw = False
3639.2448 	EXP 	unnamed Polygon: autoDraw = True
3639.2448 	EXP 	unnamed Polygon: autoDraw = True
3639.2615 	EXP 	unnamed Polygon: autoDraw = True
3639.2781 	EXP 	unnamed Polygon: autoDraw = True
3639.2943 	EXP 	unnamed Polygon: autoDraw = True
3639.3110 	EXP 	unnamed Polygon: autoDraw = True
3639.3275 	EXP 	unnamed Polygon: autoDraw = True
3639.3444 	EXP 	unnamed Polygon: autoDraw = True
3639.3615 	EXP 	unnamed Polygon: autoDraw = True
3639.3779 	EXP 	unnamed Polygon: autoDraw = True
3639.3946 	EXP 	unnamed Polygon: autoDraw = True
3639.4113 	EXP 	unnamed Polygon: autoDraw = True
3639.4279 	EXP 	unnamed Polygon: autoDraw = True
3639.4442 	EXP 	unnamed Polygon: autoDraw = True
3639.4612 	EXP 	unnamed Polygon: autoDraw = True
3639.4780 	EXP 	unnamed Polygon: autoDraw = True
3639.4949 	EXP 	unnamed Polygon: autoDraw = True
3639.5117 	EXP 	unnamed Polygon: autoDraw = True
3639.5278 	EXP 	unnamed Polygon: autoDraw = True
3639.5447 	EXP 	unnamed Polygon: autoDraw = True
3639.5612 	EXP 	unnamed Polygon: autoDraw = True
3639.5783 	EXP 	unnamed Polygon: autoDraw = True
3639.5947 	EXP 	unnamed Polygon: autoDraw = True
3639.6113 	EXP 	unnamed Polygon: autoDraw = True
3639.6277 	EXP 	unnamed Polygon: autoDraw = True
3639.6446 	EXP 	unnamed Polygon: autoDraw = True
3639.6614 	EXP 	unnamed Polygon: autoDraw = True
3639.6778 	EXP 	unnamed Polygon: autoDraw = True
3639.6949 	EXP 	unnamed Polygon: autoDraw = True
3639.7115 	EXP 	unnamed Polygon: autoDraw = True
3639.7282 	EXP 	unnamed Polygon: autoDraw = True
3639.7446 	EXP 	unnamed Polygon: autoDraw = True
3639.7615 	EXP 	unnamed Polygon: autoDraw = True
3639.7783 	EXP 	unnamed Polygon: autoDraw = True
3639.7956 	EXP 	unnamed Polygon: autoDraw = True
3639.8115 	EXP 	unnamed Polygon: autoDraw = True
3639.8280 	EXP 	unnamed Polygon: autoDraw = True
3639.8448 	EXP 	unnamed Polygon: autoDraw = True
3639.8613 	EXP 	unnamed Polygon: autoDraw = True
3639.8779 	EXP 	unnamed Polygon: autoDraw = True
3639.8951 	EXP 	unnamed Polygon: autoDraw = True
3639.9117 	EXP 	unnamed Polygon: autoDraw = True
3639.9279 	EXP 	unnamed Polygon: autoDraw = True
3639.9447 	EXP 	unnamed Polygon: autoDraw = True
3639.9614 	EXP 	unnamed Polygon: autoDraw = True
3639.9781 	EXP 	unnamed Polygon: autoDraw = False
3640.7447 	EXP 	trial_feedback: height = 0.09
3640.7447 	EXP 	trial_feedback: height = 0.09
3640.7447 	EXP 	trial_feedback: height = 0.09
3640.7447 	EXP 	trial_feedback: text = 'Miss!\n-$5.00'
3640.7447 	EXP 	trial_feedback: autoDraw = True
3642.7446 	EXP 	trial_feedback: autoDraw = False
3642.7446 	EXP 	exp_feedback: autoDraw = False
3653.2626 	EXP 	unnamed Polygon: autoDraw = True
3653.2626 	EXP 	unnamed Polygon: autoDraw = True
3653.2793 	EXP 	unnamed Polygon: autoDraw = True
3653.2956 	EXP 	unnamed Polygon: autoDraw = True
3653.3118 	EXP 	unnamed Polygon: autoDraw = True
3653.3294 	EXP 	unnamed Polygon: autoDraw = True
3653.3450 	EXP 	unnamed Polygon: autoDraw = True
3653.3618 	EXP 	unnamed Polygon: autoDraw = True
3653.3790 	EXP 	unnamed Polygon: autoDraw = True
3653.3953 	EXP 	unnamed Polygon: autoDraw = True
3653.4123 	EXP 	unnamed Polygon: autoDraw = True
3653.4288 	EXP 	unnamed Polygon: autoDraw = True
3653.4453 	EXP 	unnamed Polygon: autoDraw = True
3653.4623 	EXP 	unnamed Polygon: autoDraw = True
3653.4791 	EXP 	unnamed Polygon: autoDraw = True
3653.4953 	EXP 	unnamed Polygon: autoDraw = True
3653.5121 	EXP 	unnamed Polygon: autoDraw = True
3653.5300 	EXP 	unnamed Polygon: autoDraw = True
3653.5462 	EXP 	unnamed Polygon: autoDraw = True
3653.5622 	EXP 	unnamed Polygon: autoDraw = True
3653.5789 	EXP 	unnamed Polygon: autoDraw = True
3653.5952 	EXP 	unnamed Polygon: autoDraw = True
3653.6118 	EXP 	unnamed Polygon: autoDraw = True
3653.6291 	EXP 	unnamed Polygon: autoDraw = True
3653.6453 	EXP 	unnamed Polygon: autoDraw = True
3653.6619 	EXP 	unnamed Polygon: autoDraw = True
3653.6788 	EXP 	unnamed Polygon: autoDraw = True
3653.6966 	EXP 	unnamed Polygon: autoDraw = True
3653.7122 	EXP 	unnamed Polygon: autoDraw = True
3653.7291 	EXP 	unnamed Polygon: autoDraw = True
3653.7454 	EXP 	unnamed Polygon: autoDraw = True
3653.7621 	EXP 	unnamed Polygon: autoDraw = True
3653.7792 	EXP 	unnamed Polygon: autoDraw = True
3653.7952 	EXP 	unnamed Polygon: autoDraw = True
3653.8121 	EXP 	unnamed Polygon: autoDraw = True
3653.8298 	EXP 	unnamed Polygon: autoDraw = True
3653.8466 	EXP 	unnamed Polygon: autoDraw = True
3653.8630 	EXP 	unnamed Polygon: autoDraw = True
3653.8787 	EXP 	unnamed Polygon: autoDraw = True
3653.8956 	EXP 	unnamed Polygon: autoDraw = True
3653.9123 	EXP 	unnamed Polygon: autoDraw = True
3653.9292 	EXP 	unnamed Polygon: autoDraw = True
3653.9454 	EXP 	unnamed Polygon: autoDraw = True
3653.9626 	EXP 	unnamed Polygon: autoDraw = True
3653.9791 	EXP 	unnamed Polygon: autoDraw = True
3653.9958 	EXP 	unnamed Polygon: autoDraw = True
3654.0126 	EXP 	unnamed Polygon: autoDraw = True
3654.0289 	EXP 	unnamed Polygon: autoDraw = True
3654.0455 	EXP 	unnamed Polygon: autoDraw = True
3654.0621 	EXP 	unnamed Polygon: autoDraw = False
3654.7788 	EXP 	trial_feedback: height = 0.09
3654.7788 	EXP 	trial_feedback: height = 0.09
3654.7788 	EXP 	trial_feedback: height = 0.09
3654.7788 	EXP 	trial_feedback: text = 'Miss!\n$0.00'
3654.7788 	EXP 	trial_feedback: autoDraw = True
3656.7790 	EXP 	trial_feedback: autoDraw = False
3656.7968 	EXP 	trial_feedback: autoDraw = False
3656.7968 	EXP 	exp_feedback: autoDraw = False
3663.0972 	EXP 	unnamed Polygon: autoDraw = True
3663.0972 	EXP 	unnamed Polygon: autoDraw = True
3663.1138 	EXP 	unnamed Polygon: autoDraw = True
3663.1304 	EXP 	unnamed Polygon: autoDraw = True
3663.1473 	EXP 	unnamed Polygon: autoDraw = True
3663.1637 	EXP 	unnamed Polygon: autoDraw = True
3663.1798 	EXP 	unnamed Polygon: autoDraw = True
3663.1960 	EXP 	unnamed Polygon: autoDraw = True
3663.2126 	EXP 	unnamed Polygon: autoDraw = True
3663.2293 	EXP 	unnamed Polygon: autoDraw = True
3663.2461 	EXP 	unnamed Polygon: autoDraw = True
3663.2627 	EXP 	unnamed Polygon: autoDraw = True
3663.2794 	EXP 	unnamed Polygon: autoDraw = True
3663.2960 	EXP 	unnamed Polygon: autoDraw = True
3663.3127 	EXP 	unnamed Polygon: autoDraw = True
3663.3297 	EXP 	unnamed Polygon: autoDraw = True
3663.3462 	EXP 	unnamed Polygon: autoDraw = True
3663.3627 	EXP 	unnamed Polygon: autoDraw = True
3663.3794 	EXP 	unnamed Polygon: autoDraw = True
3663.3958 	EXP 	unnamed Polygon: autoDraw = True
3663.4127 	EXP 	unnamed Polygon: autoDraw = True
3663.4293 	EXP 	unnamed Polygon: autoDraw = True
3663.4461 	EXP 	unnamed Polygon: autoDraw = True
3663.4626 	EXP 	unnamed Polygon: autoDraw = True
3663.4795 	EXP 	unnamed Polygon: autoDraw = True
3663.4961 	EXP 	unnamed Polygon: autoDraw = True
3663.5128 	EXP 	unnamed Polygon: autoDraw = True
3663.5295 	EXP 	unnamed Polygon: autoDraw = True
3663.5461 	EXP 	unnamed Polygon: autoDraw = True
3663.5635 	EXP 	unnamed Polygon: autoDraw = True
3663.5794 	EXP 	unnamed Polygon: autoDraw = True
3663.5960 	EXP 	unnamed Polygon: autoDraw = True
3663.6129 	EXP 	unnamed Polygon: autoDraw = True
3663.6294 	EXP 	unnamed Polygon: autoDraw = True
3663.6462 	EXP 	unnamed Polygon: autoDraw = True
3663.6626 	EXP 	unnamed Polygon: autoDraw = True
3663.6796 	EXP 	unnamed Polygon: autoDraw = True
3663.6959 	EXP 	unnamed Polygon: autoDraw = True
3663.7127 	EXP 	unnamed Polygon: autoDraw = True
3663.7294 	EXP 	unnamed Polygon: autoDraw = True
3663.7460 	EXP 	unnamed Polygon: autoDraw = True
3663.7630 	EXP 	unnamed Polygon: autoDraw = True
3663.7796 	EXP 	unnamed Polygon: autoDraw = True
3663.7960 	EXP 	unnamed Polygon: autoDraw = True
3663.8126 	EXP 	unnamed Polygon: autoDraw = True
3663.8293 	EXP 	unnamed Polygon: autoDraw = True
3663.8460 	EXP 	unnamed Polygon: autoDraw = True
3663.8630 	EXP 	unnamed Polygon: autoDraw = True
3663.8798 	EXP 	unnamed Polygon: autoDraw = True
3663.8964 	EXP 	unnamed Polygon: autoDraw = False
3664.8294 	EXP 	trial_feedback: text = 'Miss!\n$0.00'
3664.8294 	EXP 	trial_feedback: autoDraw = True
3666.8297 	EXP 	trial_feedback: autoDraw = False
3666.8297 	EXP 	exp_feedback: autoDraw = False
3673.2803 	EXP 	unnamed Polygon: autoDraw = True
3673.2803 	EXP 	unnamed Polygon: autoDraw = True
3673.2966 	EXP 	unnamed Polygon: autoDraw = True
3673.3136 	EXP 	unnamed Polygon: autoDraw = True
3673.3303 	EXP 	unnamed Polygon: autoDraw = True
3673.3467 	EXP 	unnamed Polygon: autoDraw = True
3673.3637 	EXP 	unnamed Polygon: autoDraw = True
3673.3805 	EXP 	unnamed Polygon: autoDraw = True
3673.3969 	EXP 	unnamed Polygon: autoDraw = True
3673.4137 	EXP 	unnamed Polygon: autoDraw = True
3673.4301 	EXP 	unnamed Polygon: autoDraw = True
3673.4468 	EXP 	unnamed Polygon: autoDraw = True
3673.4636 	EXP 	unnamed Polygon: autoDraw = True
3673.4802 	EXP 	unnamed Polygon: autoDraw = True
3673.4969 	EXP 	unnamed Polygon: autoDraw = True
3673.5135 	EXP 	unnamed Polygon: autoDraw = True
3673.5304 	EXP 	unnamed Polygon: autoDraw = True
3673.5471 	EXP 	unnamed Polygon: autoDraw = True
3673.5636 	EXP 	unnamed Polygon: autoDraw = True
3673.5804 	EXP 	unnamed Polygon: autoDraw = True
3673.5969 	EXP 	unnamed Polygon: autoDraw = True
3673.6144 	EXP 	unnamed Polygon: autoDraw = True
3673.6314 	EXP 	unnamed Polygon: autoDraw = True
3673.6478 	EXP 	unnamed Polygon: autoDraw = True
3673.6646 	EXP 	unnamed Polygon: autoDraw = True
3673.6814 	EXP 	unnamed Polygon: autoDraw = True
3673.6974 	EXP 	unnamed Polygon: autoDraw = True
3673.7136 	EXP 	unnamed Polygon: autoDraw = True
3673.7302 	EXP 	unnamed Polygon: autoDraw = True
3673.7466 	EXP 	unnamed Polygon: autoDraw = True
3673.7635 	EXP 	unnamed Polygon: autoDraw = True
3673.7801 	EXP 	unnamed Polygon: autoDraw = True
3673.7966 	EXP 	unnamed Polygon: autoDraw = True
3673.8135 	EXP 	unnamed Polygon: autoDraw = True
3673.8302 	EXP 	unnamed Polygon: autoDraw = True
3673.8467 	EXP 	unnamed Polygon: autoDraw = True
3673.8636 	EXP 	unnamed Polygon: autoDraw = True
3673.8809 	EXP 	unnamed Polygon: autoDraw = True
3673.8969 	EXP 	unnamed Polygon: autoDraw = True
3673.9137 	EXP 	unnamed Polygon: autoDraw = True
3673.9300 	EXP 	unnamed Polygon: autoDraw = True
3673.9465 	EXP 	unnamed Polygon: autoDraw = True
3673.9632 	EXP 	unnamed Polygon: autoDraw = True
3673.9801 	EXP 	unnamed Polygon: autoDraw = True
3673.9968 	EXP 	unnamed Polygon: autoDraw = True
3674.0137 	EXP 	unnamed Polygon: autoDraw = True
3674.0302 	EXP 	unnamed Polygon: autoDraw = True
3674.0469 	EXP 	unnamed Polygon: autoDraw = True
3674.0637 	EXP 	unnamed Polygon: autoDraw = True
3674.0803 	EXP 	unnamed Polygon: autoDraw = False
3674.8638 	EXP 	trial_feedback: text = 'Miss!\n$0.00'
3674.8638 	EXP 	trial_feedback: autoDraw = True
3676.8647 	EXP 	trial_feedback: autoDraw = False
3676.8647 	EXP 	exp_feedback: autoDraw = False
3683.2808 	EXP 	unnamed Polygon: autoDraw = True
3683.2808 	EXP 	unnamed Polygon: autoDraw = True
3683.2981 	EXP 	unnamed Polygon: autoDraw = True
3683.3155 	EXP 	unnamed Polygon: autoDraw = True
3683.3321 	EXP 	unnamed Polygon: autoDraw = True
3683.3473 	EXP 	unnamed Polygon: autoDraw = True
3683.3640 	EXP 	unnamed Polygon: autoDraw = True
3683.3808 	EXP 	unnamed Polygon: autoDraw = True
3683.3976 	EXP 	unnamed Polygon: autoDraw = True
3683.4140 	EXP 	unnamed Polygon: autoDraw = True
3683.4321 	EXP 	unnamed Polygon: autoDraw = True
3683.4488 	EXP 	unnamed Polygon: autoDraw = True
3683.4655 	EXP 	unnamed Polygon: autoDraw = True
3683.4806 	EXP 	unnamed Polygon: autoDraw = True
3683.4973 	EXP 	unnamed Polygon: autoDraw = True
3683.5140 	EXP 	unnamed Polygon: autoDraw = True
3683.5311 	EXP 	unnamed Polygon: autoDraw = True
3683.5473 	EXP 	unnamed Polygon: autoDraw = True
3683.5641 	EXP 	unnamed Polygon: autoDraw = True
3683.5813 	EXP 	unnamed Polygon: autoDraw = True
3683.5988 	EXP 	unnamed Polygon: autoDraw = True
3683.6152 	EXP 	unnamed Polygon: autoDraw = True
3683.6308 	EXP 	unnamed Polygon: autoDraw = True
3683.6473 	EXP 	unnamed Polygon: autoDraw = True
3683.6641 	EXP 	unnamed Polygon: autoDraw = True
3683.6809 	EXP 	unnamed Polygon: autoDraw = True
3683.6977 	EXP 	unnamed Polygon: autoDraw = True
3683.7143 	EXP 	unnamed Polygon: autoDraw = True
3683.7318 	EXP 	unnamed Polygon: autoDraw = True
3683.7475 	EXP 	unnamed Polygon: autoDraw = True
3683.7641 	EXP 	unnamed Polygon: autoDraw = True
3683.7810 	EXP 	unnamed Polygon: autoDraw = True
3683.7977 	EXP 	unnamed Polygon: autoDraw = True
3683.8143 	EXP 	unnamed Polygon: autoDraw = True
3683.8307 	EXP 	unnamed Polygon: autoDraw = True
3683.8475 	EXP 	unnamed Polygon: autoDraw = True
3683.8641 	EXP 	unnamed Polygon: autoDraw = True
3683.8805 	EXP 	unnamed Polygon: autoDraw = True
3683.8973 	EXP 	unnamed Polygon: autoDraw = True
3683.9148 	EXP 	unnamed Polygon: autoDraw = True
3683.9319 	EXP 	unnamed Polygon: autoDraw = True
3683.9486 	EXP 	unnamed Polygon: autoDraw = True
3683.9653 	EXP 	unnamed Polygon: autoDraw = True
3683.9818 	EXP 	unnamed Polygon: autoDraw = True
3683.9984 	EXP 	unnamed Polygon: autoDraw = True
3684.0158 	EXP 	unnamed Polygon: autoDraw = True
3684.0308 	EXP 	unnamed Polygon: autoDraw = True
3684.0476 	EXP 	unnamed Polygon: autoDraw = True
3684.0641 	EXP 	unnamed Polygon: autoDraw = True
3684.0817 	EXP 	unnamed Polygon: autoDraw = True
3684.0974 	EXP 	unnamed Polygon: autoDraw = False
3684.8977 	EXP 	trial_feedback: text = 'Miss!\n$0.00'
3684.8977 	EXP 	trial_feedback: autoDraw = True
3686.8989 	EXP 	trial_feedback: autoDraw = False
3686.8989 	EXP 	exp_feedback: autoDraw = False
3695.1651 	EXP 	unnamed Polygon: autoDraw = True
3695.1651 	EXP 	unnamed Polygon: autoDraw = True
3695.1819 	EXP 	unnamed Polygon: autoDraw = True
3695.1984 	EXP 	unnamed Polygon: autoDraw = True
3695.2160 	EXP 	unnamed Polygon: autoDraw = True
3695.2329 	EXP 	unnamed Polygon: autoDraw = True
3695.2491 	EXP 	unnamed Polygon: autoDraw = True
3695.2662 	EXP 	unnamed Polygon: autoDraw = True
3695.2826 	EXP 	unnamed Polygon: autoDraw = True
3695.2992 	EXP 	unnamed Polygon: autoDraw = True
3695.3160 	EXP 	unnamed Polygon: autoDraw = True
3695.3327 	EXP 	unnamed Polygon: autoDraw = True
3695.3495 	EXP 	unnamed Polygon: autoDraw = True
3695.3659 	EXP 	unnamed Polygon: autoDraw = True
3695.3829 	EXP 	unnamed Polygon: autoDraw = True
3695.3995 	EXP 	unnamed Polygon: autoDraw = True
3695.4159 	EXP 	unnamed Polygon: autoDraw = True
3695.4326 	EXP 	unnamed Polygon: autoDraw = True
3695.4495 	EXP 	unnamed Polygon: autoDraw = True
3695.4662 	EXP 	unnamed Polygon: autoDraw = True
3695.4829 	EXP 	unnamed Polygon: autoDraw = True
3695.4994 	EXP 	unnamed Polygon: autoDraw = True
3695.5159 	EXP 	unnamed Polygon: autoDraw = True
3695.5329 	EXP 	unnamed Polygon: autoDraw = True
3695.5495 	EXP 	unnamed Polygon: autoDraw = True
3695.5661 	EXP 	unnamed Polygon: autoDraw = True
3695.5821 	EXP 	unnamed Polygon: autoDraw = True
3695.5984 	EXP 	unnamed Polygon: autoDraw = True
3695.6149 	EXP 	unnamed Polygon: autoDraw = True
3695.6317 	EXP 	unnamed Polygon: autoDraw = True
3695.6481 	EXP 	unnamed Polygon: autoDraw = True
3695.6646 	EXP 	unnamed Polygon: autoDraw = True
3695.6814 	EXP 	unnamed Polygon: autoDraw = True
3695.6979 	EXP 	unnamed Polygon: autoDraw = True
3695.7154 	EXP 	unnamed Polygon: autoDraw = True
3695.7324 	EXP 	unnamed Polygon: autoDraw = True
3695.7481 	EXP 	unnamed Polygon: autoDraw = True
3695.7649 	EXP 	unnamed Polygon: autoDraw = True
3695.7818 	EXP 	unnamed Polygon: autoDraw = True
3695.7983 	EXP 	unnamed Polygon: autoDraw = True
3695.8152 	EXP 	unnamed Polygon: autoDraw = True
3695.8319 	EXP 	unnamed Polygon: autoDraw = True
3695.8483 	EXP 	unnamed Polygon: autoDraw = True
3695.8648 	EXP 	unnamed Polygon: autoDraw = True
3695.8817 	EXP 	unnamed Polygon: autoDraw = True
3695.8983 	EXP 	unnamed Polygon: autoDraw = True
3695.9147 	EXP 	unnamed Polygon: autoDraw = True
3695.9316 	EXP 	unnamed Polygon: autoDraw = False
3696.9317 	EXP 	trial_feedback: height = 0.09
3696.9317 	EXP 	trial_feedback: height = 0.09
3696.9317 	EXP 	trial_feedback: height = 0.09
3696.9317 	EXP 	trial_feedback: text = 'Miss!\n-$5.00'
3696.9317 	EXP 	trial_feedback: autoDraw = True
3698.9321 	EXP 	trial_feedback: autoDraw = False
3698.9321 	EXP 	exp_feedback: autoDraw = False
3709.2491 	EXP 	unnamed Polygon: autoDraw = True
3709.2491 	EXP 	unnamed Polygon: autoDraw = True
3709.2667 	EXP 	unnamed Polygon: autoDraw = True
3709.2835 	EXP 	unnamed Polygon: autoDraw = True
3709.3002 	EXP 	unnamed Polygon: autoDraw = True
3709.3169 	EXP 	unnamed Polygon: autoDraw = True
3709.3336 	EXP 	unnamed Polygon: autoDraw = True
3709.3505 	EXP 	unnamed Polygon: autoDraw = True
3709.3660 	EXP 	unnamed Polygon: autoDraw = True
3709.3835 	EXP 	unnamed Polygon: autoDraw = True
3709.4009 	EXP 	unnamed Polygon: autoDraw = True
3709.4161 	EXP 	unnamed Polygon: autoDraw = True
3709.4326 	EXP 	unnamed Polygon: autoDraw = True
3709.4491 	EXP 	unnamed Polygon: autoDraw = True
3709.4662 	EXP 	unnamed Polygon: autoDraw = True
3709.4829 	EXP 	unnamed Polygon: autoDraw = True
3709.4994 	EXP 	unnamed Polygon: autoDraw = True
3709.5161 	EXP 	unnamed Polygon: autoDraw = True
3709.5327 	EXP 	unnamed Polygon: autoDraw = True
3709.5491 	EXP 	unnamed Polygon: autoDraw = True
3709.5663 	EXP 	unnamed Polygon: autoDraw = True
3709.5833 	EXP 	unnamed Polygon: autoDraw = True
3709.5995 	EXP 	unnamed Polygon: autoDraw = True
3709.6159 	EXP 	unnamed Polygon: autoDraw = True
3709.6325 	EXP 	unnamed Polygon: autoDraw = True
3709.6493 	EXP 	unnamed Polygon: autoDraw = True
3709.6660 	EXP 	unnamed Polygon: autoDraw = True
3709.6827 	EXP 	unnamed Polygon: autoDraw = True
3709.6993 	EXP 	unnamed Polygon: autoDraw = True
3709.7161 	EXP 	unnamed Polygon: autoDraw = True
3709.7328 	EXP 	unnamed Polygon: autoDraw = True
3709.7495 	EXP 	unnamed Polygon: autoDraw = True
3709.7662 	EXP 	unnamed Polygon: autoDraw = True
3709.7827 	EXP 	unnamed Polygon: autoDraw = True
3709.7994 	EXP 	unnamed Polygon: autoDraw = True
3709.8162 	EXP 	unnamed Polygon: autoDraw = True
3709.8327 	EXP 	unnamed Polygon: autoDraw = True
3709.8494 	EXP 	unnamed Polygon: autoDraw = True
3709.8661 	EXP 	unnamed Polygon: autoDraw = True
3709.8826 	EXP 	unnamed Polygon: autoDraw = True
3709.8992 	EXP 	unnamed Polygon: autoDraw = True
3709.9159 	EXP 	unnamed Polygon: autoDraw = True
3709.9325 	EXP 	unnamed Polygon: autoDraw = True
3709.9491 	EXP 	unnamed Polygon: autoDraw = True
3709.9661 	EXP 	unnamed Polygon: autoDraw = True
3709.9828 	EXP 	unnamed Polygon: autoDraw = True
3709.9993 	EXP 	unnamed Polygon: autoDraw = True
3710.0158 	EXP 	unnamed Polygon: autoDraw = True
3710.0325 	EXP 	unnamed Polygon: autoDraw = False
3710.9664 	EXP 	trial_feedback: text = 'Miss!\n-$5.00'
3710.9664 	EXP 	trial_feedback: autoDraw = True
3712.9662 	EXP 	trial_feedback: autoDraw = False
3712.9831 	EXP 	trial_feedback: autoDraw = False
3712.9831 	EXP 	exp_feedback: autoDraw = False
3721.1833 	EXP 	unnamed Polygon: autoDraw = True
3721.1833 	EXP 	unnamed Polygon: autoDraw = True
3721.2001 	EXP 	unnamed Polygon: autoDraw = True
3721.2164 	EXP 	unnamed Polygon: autoDraw = True
3721.2333 	EXP 	unnamed Polygon: autoDraw = True
3721.2497 	EXP 	unnamed Polygon: autoDraw = True
3721.2667 	EXP 	unnamed Polygon: autoDraw = True
3721.2834 	EXP 	unnamed Polygon: autoDraw = True
3721.2998 	EXP 	unnamed Polygon: autoDraw = True
3721.3165 	EXP 	unnamed Polygon: autoDraw = True
3721.3334 	EXP 	unnamed Polygon: autoDraw = True
3721.3512 	EXP 	unnamed Polygon: autoDraw = True
3721.3682 	EXP 	unnamed Polygon: autoDraw = True
3721.3837 	EXP 	unnamed Polygon: autoDraw = True
3721.4000 	EXP 	unnamed Polygon: autoDraw = True
3721.4169 	EXP 	unnamed Polygon: autoDraw = True
3721.4348 	EXP 	unnamed Polygon: autoDraw = True
3721.4515 	EXP 	unnamed Polygon: autoDraw = True
3721.4680 	EXP 	unnamed Polygon: autoDraw = True
3721.4836 	EXP 	unnamed Polygon: autoDraw = True
3721.5003 	EXP 	unnamed Polygon: autoDraw = True
3721.5171 	EXP 	unnamed Polygon: autoDraw = True
3721.5339 	EXP 	unnamed Polygon: autoDraw = True
3721.5512 	EXP 	unnamed Polygon: autoDraw = True
3721.5672 	EXP 	unnamed Polygon: autoDraw = True
3721.5836 	EXP 	unnamed Polygon: autoDraw = True
3721.6014 	EXP 	unnamed Polygon: autoDraw = True
3721.6173 	EXP 	unnamed Polygon: autoDraw = True
3721.6338 	EXP 	unnamed Polygon: autoDraw = True
3721.6504 	EXP 	unnamed Polygon: autoDraw = True
3721.6674 	EXP 	unnamed Polygon: autoDraw = True
3721.6838 	EXP 	unnamed Polygon: autoDraw = True
3721.7006 	EXP 	unnamed Polygon: autoDraw = True
3721.7172 	EXP 	unnamed Polygon: autoDraw = True
3721.7341 	EXP 	unnamed Polygon: autoDraw = True
3721.7513 	EXP 	unnamed Polygon: autoDraw = True
3721.7678 	EXP 	unnamed Polygon: autoDraw = True
3721.7838 	EXP 	unnamed Polygon: autoDraw = True
3721.8004 	EXP 	unnamed Polygon: autoDraw = True
3721.8172 	EXP 	unnamed Polygon: autoDraw = True
3721.8340 	EXP 	unnamed Polygon: autoDraw = True
3721.8505 	EXP 	unnamed Polygon: autoDraw = True
3721.8675 	EXP 	unnamed Polygon: autoDraw = True
3721.8839 	EXP 	unnamed Polygon: autoDraw = True
3721.9009 	EXP 	unnamed Polygon: autoDraw = True
3721.9175 	EXP 	unnamed Polygon: autoDraw = True
3721.9340 	EXP 	unnamed Polygon: autoDraw = True
3721.9505 	EXP 	unnamed Polygon: autoDraw = True
3721.9676 	EXP 	unnamed Polygon: autoDraw = True
3721.9847 	EXP 	unnamed Polygon: autoDraw = True
3722.0003 	EXP 	unnamed Polygon: autoDraw = True
3722.0171 	EXP 	unnamed Polygon: autoDraw = False
3723.0024 	EXP 	trial_feedback: height = 0.09
3723.0024 	EXP 	trial_feedback: height = 0.09
3723.0024 	EXP 	trial_feedback: height = 0.09
3723.0024 	EXP 	trial_feedback: text = 'Miss!\n-$1.50'
3723.0024 	EXP 	trial_feedback: autoDraw = True
3725.0006 	EXP 	trial_feedback: autoDraw = False
3725.0006 	EXP 	exp_feedback: autoDraw = False
3735.2344 	EXP 	unnamed Polygon: autoDraw = True
3735.2344 	EXP 	unnamed Polygon: autoDraw = True
3735.2509 	EXP 	unnamed Polygon: autoDraw = True
3735.2682 	EXP 	unnamed Polygon: autoDraw = True
3735.2852 	EXP 	unnamed Polygon: autoDraw = True
3735.3025 	EXP 	unnamed Polygon: autoDraw = True
3735.3175 	EXP 	unnamed Polygon: autoDraw = True
3735.3343 	EXP 	unnamed Polygon: autoDraw = True
3735.3511 	EXP 	unnamed Polygon: autoDraw = True
3735.3681 	EXP 	unnamed Polygon: autoDraw = True
3735.3843 	EXP 	unnamed Polygon: autoDraw = True
3735.4010 	EXP 	unnamed Polygon: autoDraw = True
3735.4178 	EXP 	unnamed Polygon: autoDraw = True
3735.4344 	EXP 	unnamed Polygon: autoDraw = True
3735.4507 	EXP 	unnamed Polygon: autoDraw = True
3735.4678 	EXP 	unnamed Polygon: autoDraw = True
3735.4855 	EXP 	unnamed Polygon: autoDraw = True
3735.5023 	EXP 	unnamed Polygon: autoDraw = True
3735.5187 	EXP 	unnamed Polygon: autoDraw = True
3735.5352 	EXP 	unnamed Polygon: autoDraw = True
3735.5519 	EXP 	unnamed Polygon: autoDraw = True
3735.5692 	EXP 	unnamed Polygon: autoDraw = True
3735.5860 	EXP 	unnamed Polygon: autoDraw = True
3735.6012 	EXP 	unnamed Polygon: autoDraw = True
3735.6189 	EXP 	unnamed Polygon: autoDraw = True
3735.6360 	EXP 	unnamed Polygon: autoDraw = True
3735.6515 	EXP 	unnamed Polygon: autoDraw = True
3735.6677 	EXP 	unnamed Polygon: autoDraw = True
3735.6841 	EXP 	unnamed Polygon: autoDraw = True
3735.7012 	EXP 	unnamed Polygon: autoDraw = True
3735.7180 	EXP 	unnamed Polygon: autoDraw = True
3735.7345 	EXP 	unnamed Polygon: autoDraw = True
3735.7511 	EXP 	unnamed Polygon: autoDraw = True
3735.7680 	EXP 	unnamed Polygon: autoDraw = True
3735.7842 	EXP 	unnamed Polygon: autoDraw = True
3735.8012 	EXP 	unnamed Polygon: autoDraw = True
3735.8179 	EXP 	unnamed Polygon: autoDraw = True
3735.8348 	EXP 	unnamed Polygon: autoDraw = True
3735.8510 	EXP 	unnamed Polygon: autoDraw = True
3735.8678 	EXP 	unnamed Polygon: autoDraw = True
3735.8846 	EXP 	unnamed Polygon: autoDraw = True
3735.9011 	EXP 	unnamed Polygon: autoDraw = True
3735.9177 	EXP 	unnamed Polygon: autoDraw = True
3735.9344 	EXP 	unnamed Polygon: autoDraw = True
3735.9511 	EXP 	unnamed Polygon: autoDraw = True
3735.9677 	EXP 	unnamed Polygon: autoDraw = True
3735.9843 	EXP 	unnamed Polygon: autoDraw = True
3736.0012 	EXP 	unnamed Polygon: autoDraw = True
3736.0177 	EXP 	unnamed Polygon: autoDraw = True
3736.0347 	EXP 	unnamed Polygon: autoDraw = True
3736.0513 	EXP 	unnamed Polygon: autoDraw = False
3737.0178 	EXP 	trial_feedback: height = 0.09
3737.0178 	EXP 	trial_feedback: height = 0.09
3737.0178 	EXP 	trial_feedback: height = 0.09
3737.0178 	EXP 	trial_feedback: text = 'Miss!\n$0.00'
3737.0178 	EXP 	trial_feedback: autoDraw = True
3739.0185 	EXP 	trial_feedback: autoDraw = False
3739.0185 	EXP 	exp_feedback: autoDraw = False
3745.0695 	EXP 	unnamed Polygon: autoDraw = True
3745.0695 	EXP 	unnamed Polygon: autoDraw = True
3745.0850 	EXP 	unnamed Polygon: autoDraw = True
3745.1020 	EXP 	unnamed Polygon: autoDraw = True
3745.1185 	EXP 	unnamed Polygon: autoDraw = True
3745.1352 	EXP 	unnamed Polygon: autoDraw = True
3745.1524 	EXP 	unnamed Polygon: autoDraw = True
3745.1697 	EXP 	unnamed Polygon: autoDraw = True
3745.1850 	EXP 	unnamed Polygon: autoDraw = True
3745.2018 	EXP 	unnamed Polygon: autoDraw = True
3745.2184 	EXP 	unnamed Polygon: autoDraw = True
3745.2353 	EXP 	unnamed Polygon: autoDraw = True
3745.2518 	EXP 	unnamed Polygon: autoDraw = True
3745.2682 	EXP 	unnamed Polygon: autoDraw = True
3745.2851 	EXP 	unnamed Polygon: autoDraw = True
3745.3017 	EXP 	unnamed Polygon: autoDraw = True
3745.3182 	EXP 	unnamed Polygon: autoDraw = True
3745.3354 	EXP 	unnamed Polygon: autoDraw = True
3745.3522 	EXP 	unnamed Polygon: autoDraw = True
3745.3695 	EXP 	unnamed Polygon: autoDraw = True
3745.3861 	EXP 	unnamed Polygon: autoDraw = True
3745.4028 	EXP 	unnamed Polygon: autoDraw = True
3745.4194 	EXP 	unnamed Polygon: autoDraw = True
3745.4364 	EXP 	unnamed Polygon: autoDraw = True
3745.4530 	EXP 	unnamed Polygon: autoDraw = True
3745.4696 	EXP 	unnamed Polygon: autoDraw = True
3745.4862 	EXP 	unnamed Polygon: autoDraw = True
3745.5027 	EXP 	unnamed Polygon: autoDraw = True
3745.5195 	EXP 	unnamed Polygon: autoDraw = True
3745.5362 	EXP 	unnamed Polygon: autoDraw = True
3745.5527 	EXP 	unnamed Polygon: autoDraw = True
3745.5698 	EXP 	unnamed Polygon: autoDraw = True
3745.5863 	EXP 	unnamed Polygon: autoDraw = True
3745.6030 	EXP 	unnamed Polygon: autoDraw = True
3745.6195 	EXP 	unnamed Polygon: autoDraw = True
3745.6362 	EXP 	unnamed Polygon: autoDraw = True
3745.6529 	EXP 	unnamed Polygon: autoDraw = True
3745.6696 	EXP 	unnamed Polygon: autoDraw = True
3745.6862 	EXP 	unnamed Polygon: autoDraw = True
3745.7029 	EXP 	unnamed Polygon: autoDraw = True
3745.7196 	EXP 	unnamed Polygon: autoDraw = True
3745.7363 	EXP 	unnamed Polygon: autoDraw = True
3745.7530 	EXP 	unnamed Polygon: autoDraw = True
3745.7695 	EXP 	unnamed Polygon: autoDraw = True
3745.7860 	EXP 	unnamed Polygon: autoDraw = True
3745.8028 	EXP 	unnamed Polygon: autoDraw = True
3745.8195 	EXP 	unnamed Polygon: autoDraw = True
3745.8361 	EXP 	unnamed Polygon: autoDraw = True
3745.8530 	EXP 	unnamed Polygon: autoDraw = True
3745.8697 	EXP 	unnamed Polygon: autoDraw = True
3745.8857 	EXP 	unnamed Polygon: autoDraw = False
3747.0520 	EXP 	trial_feedback: text = 'Miss!\n$0.00'
3747.0520 	EXP 	trial_feedback: autoDraw = True
3749.0522 	EXP 	trial_feedback: autoDraw = False
3749.0522 	EXP 	exp_feedback: autoDraw = False
3757.2537 	EXP 	unnamed Polygon: autoDraw = True
3757.2537 	EXP 	unnamed Polygon: autoDraw = True
3757.2697 	EXP 	unnamed Polygon: autoDraw = True
3757.2861 	EXP 	unnamed Polygon: autoDraw = True
3757.3025 	EXP 	unnamed Polygon: autoDraw = True
3757.3191 	EXP 	unnamed Polygon: autoDraw = True
3757.3358 	EXP 	unnamed Polygon: autoDraw = True
3757.3524 	EXP 	unnamed Polygon: autoDraw = True
3757.3693 	EXP 	unnamed Polygon: autoDraw = True
3757.3855 	EXP 	unnamed Polygon: autoDraw = True
3757.4022 	EXP 	unnamed Polygon: autoDraw = True
3757.4190 	EXP 	unnamed Polygon: autoDraw = True
3757.4363 	EXP 	unnamed Polygon: autoDraw = True
3757.4525 	EXP 	unnamed Polygon: autoDraw = True
3757.4695 	EXP 	unnamed Polygon: autoDraw = True
3757.4859 	EXP 	unnamed Polygon: autoDraw = True
3757.5027 	EXP 	unnamed Polygon: autoDraw = True
3757.5192 	EXP 	unnamed Polygon: autoDraw = True
3757.5355 	EXP 	unnamed Polygon: autoDraw = True
3757.5530 	EXP 	unnamed Polygon: autoDraw = True
3757.5693 	EXP 	unnamed Polygon: autoDraw = True
3757.5860 	EXP 	unnamed Polygon: autoDraw = True
3757.6024 	EXP 	unnamed Polygon: autoDraw = True
3757.6194 	EXP 	unnamed Polygon: autoDraw = True
3757.6356 	EXP 	unnamed Polygon: autoDraw = True
3757.6528 	EXP 	unnamed Polygon: autoDraw = True
3757.6695 	EXP 	unnamed Polygon: autoDraw = True
3757.6863 	EXP 	unnamed Polygon: autoDraw = True
3757.7023 	EXP 	unnamed Polygon: autoDraw = True
3757.7190 	EXP 	unnamed Polygon: autoDraw = True
3757.7361 	EXP 	unnamed Polygon: autoDraw = True
3757.7526 	EXP 	unnamed Polygon: autoDraw = True
3757.7693 	EXP 	unnamed Polygon: autoDraw = True
3757.7861 	EXP 	unnamed Polygon: autoDraw = True
3757.8028 	EXP 	unnamed Polygon: autoDraw = True
3757.8190 	EXP 	unnamed Polygon: autoDraw = True
3757.8358 	EXP 	unnamed Polygon: autoDraw = True
3757.8530 	EXP 	unnamed Polygon: autoDraw = True
3757.8691 	EXP 	unnamed Polygon: autoDraw = True
3757.8859 	EXP 	unnamed Polygon: autoDraw = True
3757.9028 	EXP 	unnamed Polygon: autoDraw = True
3757.9189 	EXP 	unnamed Polygon: autoDraw = True
3757.9357 	EXP 	unnamed Polygon: autoDraw = True
3757.9527 	EXP 	unnamed Polygon: autoDraw = True
3757.9690 	EXP 	unnamed Polygon: autoDraw = True
3757.9857 	EXP 	unnamed Polygon: autoDraw = True
3758.0026 	EXP 	unnamed Polygon: autoDraw = True
3758.0195 	EXP 	unnamed Polygon: autoDraw = True
3758.0360 	EXP 	unnamed Polygon: autoDraw = True
3758.0531 	EXP 	unnamed Polygon: autoDraw = True
3758.0695 	EXP 	unnamed Polygon: autoDraw = True
3758.0860 	EXP 	unnamed Polygon: autoDraw = True
3758.1025 	EXP 	unnamed Polygon: autoDraw = True
3758.1191 	EXP 	unnamed Polygon: autoDraw = False
3759.0861 	EXP 	trial_feedback: height = 0.09
3759.0861 	EXP 	trial_feedback: height = 0.09
3759.0861 	EXP 	trial_feedback: height = 0.09
3759.0861 	EXP 	trial_feedback: text = 'Miss!\n-$1.50'
3759.0861 	EXP 	trial_feedback: autoDraw = True
3761.0861 	EXP 	trial_feedback: autoDraw = False
3761.1029 	EXP 	trial_feedback: autoDraw = False
3761.1029 	EXP 	exp_feedback: autoDraw = False
3771.5198 	EXP 	unnamed Polygon: autoDraw = True
3771.5198 	EXP 	unnamed Polygon: autoDraw = True
3771.5369 	EXP 	unnamed Polygon: autoDraw = True
3771.5534 	EXP 	unnamed Polygon: autoDraw = True
3771.5701 	EXP 	unnamed Polygon: autoDraw = True
3771.5869 	EXP 	unnamed Polygon: autoDraw = True
3771.6032 	EXP 	unnamed Polygon: autoDraw = True
3771.6205 	EXP 	unnamed Polygon: autoDraw = True
3771.6368 	EXP 	unnamed Polygon: autoDraw = True
3771.6547 	EXP 	unnamed Polygon: autoDraw = True
3771.6713 	EXP 	unnamed Polygon: autoDraw = True
3771.6881 	EXP 	unnamed Polygon: autoDraw = True
3771.7033 	EXP 	unnamed Polygon: autoDraw = True
3771.7204 	EXP 	unnamed Polygon: autoDraw = True
3771.7368 	EXP 	unnamed Polygon: autoDraw = True
3771.7536 	EXP 	unnamed Polygon: autoDraw = True
3771.7700 	EXP 	unnamed Polygon: autoDraw = True
3771.7880 	EXP 	unnamed Polygon: autoDraw = True
3771.8045 	EXP 	unnamed Polygon: autoDraw = True
3771.8205 	EXP 	unnamed Polygon: autoDraw = True
3771.8366 	EXP 	unnamed Polygon: autoDraw = True
3771.8536 	EXP 	unnamed Polygon: autoDraw = True
3771.8700 	EXP 	unnamed Polygon: autoDraw = True
3771.8870 	EXP 	unnamed Polygon: autoDraw = True
3771.9035 	EXP 	unnamed Polygon: autoDraw = True
3771.9210 	EXP 	unnamed Polygon: autoDraw = True
3771.9379 	EXP 	unnamed Polygon: autoDraw = True
3771.9546 	EXP 	unnamed Polygon: autoDraw = True
3771.9702 	EXP 	unnamed Polygon: autoDraw = True
3771.9869 	EXP 	unnamed Polygon: autoDraw = True
3772.0035 	EXP 	unnamed Polygon: autoDraw = True
3772.0205 	EXP 	unnamed Polygon: autoDraw = True
3772.0370 	EXP 	unnamed Polygon: autoDraw = True
3772.0535 	EXP 	unnamed Polygon: autoDraw = True
3772.0700 	EXP 	unnamed Polygon: autoDraw = True
3772.0876 	EXP 	unnamed Polygon: autoDraw = True
3772.1048 	EXP 	unnamed Polygon: autoDraw = True
3772.1217 	EXP 	unnamed Polygon: autoDraw = True
3772.1370 	EXP 	unnamed Polygon: autoDraw = True
3772.1539 	EXP 	unnamed Polygon: autoDraw = True
3772.1705 	EXP 	unnamed Polygon: autoDraw = True
3772.1872 	EXP 	unnamed Polygon: autoDraw = True
3772.2036 	EXP 	unnamed Polygon: autoDraw = True
3772.2205 	EXP 	unnamed Polygon: autoDraw = True
3772.2376 	EXP 	unnamed Polygon: autoDraw = True
3772.2546 	EXP 	unnamed Polygon: autoDraw = True
3772.2705 	EXP 	unnamed Polygon: autoDraw = False
3773.1206 	EXP 	trial_feedback: height = 0.09
3773.1206 	EXP 	trial_feedback: height = 0.09
3773.1206 	EXP 	trial_feedback: height = 0.09
3773.1206 	EXP 	trial_feedback: text = 'Miss!\n-$0.00'
3773.1206 	EXP 	trial_feedback: autoDraw = True
3775.1204 	EXP 	trial_feedback: autoDraw = False
3775.1371 	EXP 	trial_feedback: autoDraw = False
3775.1371 	EXP 	exp_feedback: autoDraw = False
3783.2541 	EXP 	unnamed Polygon: autoDraw = True
3783.2541 	EXP 	unnamed Polygon: autoDraw = True
3783.2712 	EXP 	unnamed Polygon: autoDraw = True
3783.2876 	EXP 	unnamed Polygon: autoDraw = True
3783.3041 	EXP 	unnamed Polygon: autoDraw = True
3783.3211 	EXP 	unnamed Polygon: autoDraw = True
3783.3377 	EXP 	unnamed Polygon: autoDraw = True
3783.3543 	EXP 	unnamed Polygon: autoDraw = True
3783.3710 	EXP 	unnamed Polygon: autoDraw = True
3783.3876 	EXP 	unnamed Polygon: autoDraw = True
3783.4043 	EXP 	unnamed Polygon: autoDraw = True
3783.4208 	EXP 	unnamed Polygon: autoDraw = True
3783.4378 	EXP 	unnamed Polygon: autoDraw = True
3783.4543 	EXP 	unnamed Polygon: autoDraw = True
3783.4709 	EXP 	unnamed Polygon: autoDraw = True
3783.4876 	EXP 	unnamed Polygon: autoDraw = True
3783.5043 	EXP 	unnamed Polygon: autoDraw = True
3783.5207 	EXP 	unnamed Polygon: autoDraw = True
3783.5376 	EXP 	unnamed Polygon: autoDraw = True
3783.5541 	EXP 	unnamed Polygon: autoDraw = True
3783.5715 	EXP 	unnamed Polygon: autoDraw = True
3783.5876 	EXP 	unnamed Polygon: autoDraw = True
3783.6043 	EXP 	unnamed Polygon: autoDraw = True
3783.6209 	EXP 	unnamed Polygon: autoDraw = True
3783.6378 	EXP 	unnamed Polygon: autoDraw = True
3783.6544 	EXP 	unnamed Polygon: autoDraw = True
3783.6710 	EXP 	unnamed Polygon: autoDraw = True
3783.6878 	EXP 	unnamed Polygon: autoDraw = True
3783.7045 	EXP 	unnamed Polygon: autoDraw = True
3783.7213 	EXP 	unnamed Polygon: autoDraw = True
3783.7378 	EXP 	unnamed Polygon: autoDraw = True
3783.7544 	EXP 	unnamed Polygon: autoDraw = True
3783.7712 	EXP 	unnamed Polygon: autoDraw = True
3783.7880 	EXP 	unnamed Polygon: autoDraw = True
3783.8047 	EXP 	unnamed Polygon: autoDraw = True
3783.8212 	EXP 	unnamed Polygon: autoDraw = True
3783.8381 	EXP 	unnamed Polygon: autoDraw = True
3783.8545 	EXP 	unnamed Polygon: autoDraw = True
3783.8710 	EXP 	unnamed Polygon: autoDraw = True
3783.8878 	EXP 	unnamed Polygon: autoDraw = True
3783.9045 	EXP 	unnamed Polygon: autoDraw = True
3783.9214 	EXP 	unnamed Polygon: autoDraw = True
3783.9377 	EXP 	unnamed Polygon: autoDraw = True
3783.9543 	EXP 	unnamed Polygon: autoDraw = True
3783.9710 	EXP 	unnamed Polygon: autoDraw = True
3783.9877 	EXP 	unnamed Polygon: autoDraw = True
3784.0043 	EXP 	unnamed Polygon: autoDraw = True
3784.0211 	EXP 	unnamed Polygon: autoDraw = True
3784.0377 	EXP 	unnamed Polygon: autoDraw = False
3785.1544 	EXP 	trial_feedback: text = 'Miss!\n-$0.00'
3785.1544 	EXP 	trial_feedback: autoDraw = True
3787.1550 	EXP 	trial_feedback: autoDraw = False
3787.1550 	EXP 	exp_feedback: autoDraw = False
3797.5234 	EXP 	unnamed Polygon: autoDraw = True
3797.5234 	EXP 	unnamed Polygon: autoDraw = True
3797.5401 	EXP 	unnamed Polygon: autoDraw = True
3797.5564 	EXP 	unnamed Polygon: autoDraw = True
3797.5735 	EXP 	unnamed Polygon: autoDraw = True
3797.5897 	EXP 	unnamed Polygon: autoDraw = True
3797.6065 	EXP 	unnamed Polygon: autoDraw = True
3797.6236 	EXP 	unnamed Polygon: autoDraw = True
3797.6392 	EXP 	unnamed Polygon: autoDraw = True
3797.6563 	EXP 	unnamed Polygon: autoDraw = True
3797.6725 	EXP 	unnamed Polygon: autoDraw = True
3797.6891 	EXP 	unnamed Polygon: autoDraw = True
3797.7059 	EXP 	unnamed Polygon: autoDraw = True
3797.7225 	EXP 	unnamed Polygon: autoDraw = True
3797.7389 	EXP 	unnamed Polygon: autoDraw = True
3797.7556 	EXP 	unnamed Polygon: autoDraw = True
3797.7722 	EXP 	unnamed Polygon: autoDraw = True
3797.7890 	EXP 	unnamed Polygon: autoDraw = True
3797.8055 	EXP 	unnamed Polygon: autoDraw = True
3797.8221 	EXP 	unnamed Polygon: autoDraw = True
3797.8387 	EXP 	unnamed Polygon: autoDraw = True
3797.8553 	EXP 	unnamed Polygon: autoDraw = True
3797.8720 	EXP 	unnamed Polygon: autoDraw = True
3797.8887 	EXP 	unnamed Polygon: autoDraw = True
3797.9054 	EXP 	unnamed Polygon: autoDraw = True
3797.9221 	EXP 	unnamed Polygon: autoDraw = True
3797.9388 	EXP 	unnamed Polygon: autoDraw = True
3797.9558 	EXP 	unnamed Polygon: autoDraw = True
3797.9723 	EXP 	unnamed Polygon: autoDraw = True
3797.9888 	EXP 	unnamed Polygon: autoDraw = True
3798.0056 	EXP 	unnamed Polygon: autoDraw = True
3798.0235 	EXP 	unnamed Polygon: autoDraw = True
3798.0399 	EXP 	unnamed Polygon: autoDraw = True
3798.0568 	EXP 	unnamed Polygon: autoDraw = True
3798.0732 	EXP 	unnamed Polygon: autoDraw = True
3798.0899 	EXP 	unnamed Polygon: autoDraw = True
3798.1065 	EXP 	unnamed Polygon: autoDraw = True
3798.1235 	EXP 	unnamed Polygon: autoDraw = True
3798.1406 	EXP 	unnamed Polygon: autoDraw = True
3798.1576 	EXP 	unnamed Polygon: autoDraw = True
3798.1722 	EXP 	unnamed Polygon: autoDraw = True
3798.1891 	EXP 	unnamed Polygon: autoDraw = True
3798.2058 	EXP 	unnamed Polygon: autoDraw = True
3798.2224 	EXP 	unnamed Polygon: autoDraw = True
3798.2390 	EXP 	unnamed Polygon: autoDraw = True
3798.2556 	EXP 	unnamed Polygon: autoDraw = True
3798.2724 	EXP 	unnamed Polygon: autoDraw = True
3798.2888 	EXP 	unnamed Polygon: autoDraw = True
3798.3057 	EXP 	unnamed Polygon: autoDraw = True
3798.3222 	EXP 	unnamed Polygon: autoDraw = False
3799.1885 	EXP 	trial_feedback: height = 0.09
3799.1885 	EXP 	trial_feedback: height = 0.09
3799.1885 	EXP 	trial_feedback: height = 0.09
3799.1885 	EXP 	trial_feedback: text = 'Miss!\n-$5.00'
3799.1885 	EXP 	trial_feedback: autoDraw = True
3801.1901 	EXP 	trial_feedback: autoDraw = False
3801.1901 	EXP 	exp_feedback: autoDraw = False
3811.7064 	EXP 	unnamed Polygon: autoDraw = True
3811.7064 	EXP 	unnamed Polygon: autoDraw = True
3811.7229 	EXP 	unnamed Polygon: autoDraw = True
3811.7397 	EXP 	unnamed Polygon: autoDraw = True
3811.7564 	EXP 	unnamed Polygon: autoDraw = True
3811.7730 	EXP 	unnamed Polygon: autoDraw = True
3811.7895 	EXP 	unnamed Polygon: autoDraw = True
3811.8062 	EXP 	unnamed Polygon: autoDraw = True
3811.8229 	EXP 	unnamed Polygon: autoDraw = True
3811.8396 	EXP 	unnamed Polygon: autoDraw = True
3811.8563 	EXP 	unnamed Polygon: autoDraw = True
3811.8729 	EXP 	unnamed Polygon: autoDraw = True
3811.8897 	EXP 	unnamed Polygon: autoDraw = True
3811.9063 	EXP 	unnamed Polygon: autoDraw = True
3811.9231 	EXP 	unnamed Polygon: autoDraw = True
3811.9396 	EXP 	unnamed Polygon: autoDraw = True
3811.9565 	EXP 	unnamed Polygon: autoDraw = True
3811.9732 	EXP 	unnamed Polygon: autoDraw = True
3811.9896 	EXP 	unnamed Polygon: autoDraw = True
3812.0063 	EXP 	unnamed Polygon: autoDraw = True
3812.0228 	EXP 	unnamed Polygon: autoDraw = True
3812.0395 	EXP 	unnamed Polygon: autoDraw = True
3812.0563 	EXP 	unnamed Polygon: autoDraw = True
3812.0728 	EXP 	unnamed Polygon: autoDraw = True
3812.0894 	EXP 	unnamed Polygon: autoDraw = True
3812.1062 	EXP 	unnamed Polygon: autoDraw = True
3812.1228 	EXP 	unnamed Polygon: autoDraw = True
3812.1397 	EXP 	unnamed Polygon: autoDraw = True
3812.1563 	EXP 	unnamed Polygon: autoDraw = True
3812.1731 	EXP 	unnamed Polygon: autoDraw = True
3812.1894 	EXP 	unnamed Polygon: autoDraw = True
3812.2061 	EXP 	unnamed Polygon: autoDraw = True
3812.2232 	EXP 	unnamed Polygon: autoDraw = True
3812.2395 	EXP 	unnamed Polygon: autoDraw = True
3812.2562 	EXP 	unnamed Polygon: autoDraw = True
3812.2733 	EXP 	unnamed Polygon: autoDraw = True
3812.2899 	EXP 	unnamed Polygon: autoDraw = True
3812.3060 	EXP 	unnamed Polygon: autoDraw = True
3812.3227 	EXP 	unnamed Polygon: autoDraw = True
3812.3396 	EXP 	unnamed Polygon: autoDraw = True
3812.3560 	EXP 	unnamed Polygon: autoDraw = True
3812.3732 	EXP 	unnamed Polygon: autoDraw = True
3812.3897 	EXP 	unnamed Polygon: autoDraw = True
3812.4065 	EXP 	unnamed Polygon: autoDraw = True
3812.4230 	EXP 	unnamed Polygon: autoDraw = True
3812.4395 	EXP 	unnamed Polygon: autoDraw = True
3812.4560 	EXP 	unnamed Polygon: autoDraw = True
3812.4729 	EXP 	unnamed Polygon: autoDraw = True
3812.4900 	EXP 	unnamed Polygon: autoDraw = True
3812.5065 	EXP 	unnamed Polygon: autoDraw = True
3812.5232 	EXP 	unnamed Polygon: autoDraw = True
3812.5403 	EXP 	unnamed Polygon: autoDraw = False
3813.2244 	EXP 	trial_feedback: height = 0.09
3813.2244 	EXP 	trial_feedback: height = 0.09
3813.2244 	EXP 	trial_feedback: height = 0.09
3813.2244 	EXP 	trial_feedback: text = 'Miss!\n$0.00'
3813.2244 	EXP 	trial_feedback: autoDraw = True
3815.2238 	EXP 	trial_feedback: autoDraw = False
3815.2238 	EXP 	exp_feedback: autoDraw = False
3825.6406 	EXP 	unnamed Polygon: autoDraw = True
3825.6406 	EXP 	unnamed Polygon: autoDraw = True
3825.6572 	EXP 	unnamed Polygon: autoDraw = True
3825.6735 	EXP 	unnamed Polygon: autoDraw = True
3825.6902 	EXP 	unnamed Polygon: autoDraw = True
3825.7072 	EXP 	unnamed Polygon: autoDraw = True
3825.7236 	EXP 	unnamed Polygon: autoDraw = True
3825.7405 	EXP 	unnamed Polygon: autoDraw = True
3825.7577 	EXP 	unnamed Polygon: autoDraw = True
3825.7747 	EXP 	unnamed Polygon: autoDraw = True
3825.7904 	EXP 	unnamed Polygon: autoDraw = True
3825.8076 	EXP 	unnamed Polygon: autoDraw = True
3825.8238 	EXP 	unnamed Polygon: autoDraw = True
3825.8405 	EXP 	unnamed Polygon: autoDraw = True
3825.8573 	EXP 	unnamed Polygon: autoDraw = True
3825.8744 	EXP 	unnamed Polygon: autoDraw = True
3825.8905 	EXP 	unnamed Polygon: autoDraw = True
3825.9073 	EXP 	unnamed Polygon: autoDraw = True
3825.9238 	EXP 	unnamed Polygon: autoDraw = True
3825.9406 	EXP 	unnamed Polygon: autoDraw = True
3825.9573 	EXP 	unnamed Polygon: autoDraw = True
3825.9741 	EXP 	unnamed Polygon: autoDraw = True
3825.9904 	EXP 	unnamed Polygon: autoDraw = True
3826.0073 	EXP 	unnamed Polygon: autoDraw = True
3826.0240 	EXP 	unnamed Polygon: autoDraw = True
3826.0404 	EXP 	unnamed Polygon: autoDraw = True
3826.0573 	EXP 	unnamed Polygon: autoDraw = True
3826.0740 	EXP 	unnamed Polygon: autoDraw = True
3826.0906 	EXP 	unnamed Polygon: autoDraw = True
3826.1073 	EXP 	unnamed Polygon: autoDraw = True
3826.1239 	EXP 	unnamed Polygon: autoDraw = True
3826.1406 	EXP 	unnamed Polygon: autoDraw = True
3826.1569 	EXP 	unnamed Polygon: autoDraw = True
3826.1738 	EXP 	unnamed Polygon: autoDraw = True
3826.1905 	EXP 	unnamed Polygon: autoDraw = True
3826.2069 	EXP 	unnamed Polygon: autoDraw = True
3826.2236 	EXP 	unnamed Polygon: autoDraw = True
3826.2406 	EXP 	unnamed Polygon: autoDraw = True
3826.2570 	EXP 	unnamed Polygon: autoDraw = True
3826.2739 	EXP 	unnamed Polygon: autoDraw = True
3826.2907 	EXP 	unnamed Polygon: autoDraw = True
3826.3075 	EXP 	unnamed Polygon: autoDraw = True
3826.3238 	EXP 	unnamed Polygon: autoDraw = True
3826.3412 	EXP 	unnamed Polygon: autoDraw = True
3826.3575 	EXP 	unnamed Polygon: autoDraw = True
3826.3746 	EXP 	unnamed Polygon: autoDraw = True
3826.3906 	EXP 	unnamed Polygon: autoDraw = True
3826.4072 	EXP 	unnamed Polygon: autoDraw = True
3826.4243 	EXP 	unnamed Polygon: autoDraw = True
3826.4407 	EXP 	unnamed Polygon: autoDraw = True
3826.4576 	EXP 	unnamed Polygon: autoDraw = False
3827.2409 	EXP 	trial_feedback: height = 0.09
3827.2409 	EXP 	trial_feedback: height = 0.09
3827.2409 	EXP 	trial_feedback: height = 0.09
3827.2409 	EXP 	trial_feedback: text = 'Miss!\n-$5.00'
3827.2409 	EXP 	trial_feedback: autoDraw = True
3829.2410 	EXP 	trial_feedback: autoDraw = False
3829.2577 	EXP 	trial_feedback: autoDraw = False
3829.2577 	EXP 	exp_feedback: autoDraw = False
3839.6915 	EXP 	unnamed Polygon: autoDraw = True
3839.6915 	EXP 	unnamed Polygon: autoDraw = True
3839.7084 	EXP 	unnamed Polygon: autoDraw = True
3839.7248 	EXP 	unnamed Polygon: autoDraw = True
3839.7415 	EXP 	unnamed Polygon: autoDraw = True
3839.7582 	EXP 	unnamed Polygon: autoDraw = True
3839.7761 	EXP 	unnamed Polygon: autoDraw = True
3839.7926 	EXP 	unnamed Polygon: autoDraw = True
3839.8100 	EXP 	unnamed Polygon: autoDraw = True
3839.8249 	EXP 	unnamed Polygon: autoDraw = True
3839.8415 	EXP 	unnamed Polygon: autoDraw = True
3839.8583 	EXP 	unnamed Polygon: autoDraw = True
3839.8755 	EXP 	unnamed Polygon: autoDraw = True
3839.8917 	EXP 	unnamed Polygon: autoDraw = True
3839.9082 	EXP 	unnamed Polygon: autoDraw = True
3839.9259 	EXP 	unnamed Polygon: autoDraw = True
3839.9423 	EXP 	unnamed Polygon: autoDraw = True
3839.9593 	EXP 	unnamed Polygon: autoDraw = True
3839.9762 	EXP 	unnamed Polygon: autoDraw = True
3839.9928 	EXP 	unnamed Polygon: autoDraw = True
3840.0096 	EXP 	unnamed Polygon: autoDraw = True
3840.0261 	EXP 	unnamed Polygon: autoDraw = True
3840.0425 	EXP 	unnamed Polygon: autoDraw = True
3840.0583 	EXP 	unnamed Polygon: autoDraw = True
3840.0749 	EXP 	unnamed Polygon: autoDraw = True
3840.0915 	EXP 	unnamed Polygon: autoDraw = True
3840.1084 	EXP 	unnamed Polygon: autoDraw = True
3840.1255 	EXP 	unnamed Polygon: autoDraw = True
3840.1430 	EXP 	unnamed Polygon: autoDraw = True
3840.1594 	EXP 	unnamed Polygon: autoDraw = True
3840.1751 	EXP 	unnamed Polygon: autoDraw = True
3840.1916 	EXP 	unnamed Polygon: autoDraw = True
3840.2094 	EXP 	unnamed Polygon: autoDraw = True
3840.2260 	EXP 	unnamed Polygon: autoDraw = True
3840.2429 	EXP 	unnamed Polygon: autoDraw = True
3840.2584 	EXP 	unnamed Polygon: autoDraw = True
3840.2749 	EXP 	unnamed Polygon: autoDraw = True
3840.2915 	EXP 	unnamed Polygon: autoDraw = True
3840.3086 	EXP 	unnamed Polygon: autoDraw = True
3840.3248 	EXP 	unnamed Polygon: autoDraw = True
3840.3421 	EXP 	unnamed Polygon: autoDraw = True
3840.3596 	EXP 	unnamed Polygon: autoDraw = True
3840.3763 	EXP 	unnamed Polygon: autoDraw = True
3840.3930 	EXP 	unnamed Polygon: autoDraw = True
3840.4083 	EXP 	unnamed Polygon: autoDraw = True
3840.4254 	EXP 	unnamed Polygon: autoDraw = True
3840.4416 	EXP 	unnamed Polygon: autoDraw = True
3840.4582 	EXP 	unnamed Polygon: autoDraw = True
3840.4753 	EXP 	unnamed Polygon: autoDraw = True
3840.4927 	EXP 	unnamed Polygon: autoDraw = True
3840.5095 	EXP 	unnamed Polygon: autoDraw = True
3840.5252 	EXP 	unnamed Polygon: autoDraw = False
3841.2924 	EXP 	trial_feedback: height = 0.09
3841.2924 	EXP 	trial_feedback: height = 0.09
3841.2924 	EXP 	trial_feedback: height = 0.09
3841.2924 	EXP 	trial_feedback: text = 'Miss!\n$0.00'
3841.2924 	EXP 	trial_feedback: autoDraw = True
3843.2916 	EXP 	trial_feedback: autoDraw = False
3843.3091 	EXP 	trial_feedback: autoDraw = False
3843.3091 	EXP 	exp_feedback: autoDraw = False
3849.5601 	EXP 	unnamed Polygon: autoDraw = True
3849.5601 	EXP 	unnamed Polygon: autoDraw = True
3849.5761 	EXP 	unnamed Polygon: autoDraw = True
3849.5936 	EXP 	unnamed Polygon: autoDraw = True
3849.6102 	EXP 	unnamed Polygon: autoDraw = True
3849.6266 	EXP 	unnamed Polygon: autoDraw = True
3849.6433 	EXP 	unnamed Polygon: autoDraw = True
3849.6602 	EXP 	unnamed Polygon: autoDraw = True
3849.6768 	EXP 	unnamed Polygon: autoDraw = True
3849.6935 	EXP 	unnamed Polygon: autoDraw = True
3849.7102 	EXP 	unnamed Polygon: autoDraw = True
3849.7269 	EXP 	unnamed Polygon: autoDraw = True
3849.7430 	EXP 	unnamed Polygon: autoDraw = True
3849.7594 	EXP 	unnamed Polygon: autoDraw = True
3849.7764 	EXP 	unnamed Polygon: autoDraw = True
3849.7935 	EXP 	unnamed Polygon: autoDraw = True
3849.8098 	EXP 	unnamed Polygon: autoDraw = True
3849.8263 	EXP 	unnamed Polygon: autoDraw = True
3849.8431 	EXP 	unnamed Polygon: autoDraw = True
3849.8597 	EXP 	unnamed Polygon: autoDraw = True
3849.8761 	EXP 	unnamed Polygon: autoDraw = True
3849.8928 	EXP 	unnamed Polygon: autoDraw = True
3849.9094 	EXP 	unnamed Polygon: autoDraw = True
3849.9261 	EXP 	unnamed Polygon: autoDraw = True
3849.9424 	EXP 	unnamed Polygon: autoDraw = True
3849.9591 	EXP 	unnamed Polygon: autoDraw = True
3849.9758 	EXP 	unnamed Polygon: autoDraw = True
3849.9925 	EXP 	unnamed Polygon: autoDraw = True
3850.0089 	EXP 	unnamed Polygon: autoDraw = True
3850.0258 	EXP 	unnamed Polygon: autoDraw = True
3850.0421 	EXP 	unnamed Polygon: autoDraw = True
3850.0593 	EXP 	unnamed Polygon: autoDraw = True
3850.0760 	EXP 	unnamed Polygon: autoDraw = True
3850.0926 	EXP 	unnamed Polygon: autoDraw = True
3850.1090 	EXP 	unnamed Polygon: autoDraw = True
3850.1259 	EXP 	unnamed Polygon: autoDraw = True
3850.1423 	EXP 	unnamed Polygon: autoDraw = True
3850.1588 	EXP 	unnamed Polygon: autoDraw = True
3850.1760 	EXP 	unnamed Polygon: autoDraw = True
3850.1926 	EXP 	unnamed Polygon: autoDraw = True
3850.2091 	EXP 	unnamed Polygon: autoDraw = True
3850.2258 	EXP 	unnamed Polygon: autoDraw = True
3850.2423 	EXP 	unnamed Polygon: autoDraw = True
3850.2597 	EXP 	unnamed Polygon: autoDraw = True
3850.2766 	EXP 	unnamed Polygon: autoDraw = True
3850.2923 	EXP 	unnamed Polygon: autoDraw = True
3850.3092 	EXP 	unnamed Polygon: autoDraw = True
3850.3258 	EXP 	unnamed Polygon: autoDraw = True
3850.3425 	EXP 	unnamed Polygon: autoDraw = True
3850.3590 	EXP 	unnamed Polygon: autoDraw = True
3850.3755 	EXP 	unnamed Polygon: autoDraw = True
3850.3922 	EXP 	unnamed Polygon: autoDraw = False
3851.3257 	EXP 	trial_feedback: height = 0.09
3851.3257 	EXP 	trial_feedback: height = 0.09
3851.3257 	EXP 	trial_feedback: height = 0.09
3851.3257 	EXP 	trial_feedback: text = 'Miss!\n-$5.00'
3851.3257 	EXP 	trial_feedback: autoDraw = True
3853.3260 	EXP 	trial_feedback: autoDraw = False
3853.3427 	EXP 	trial_feedback: autoDraw = False
3853.3427 	EXP 	exp_feedback: autoDraw = False
3861.8443 	EXP 	unnamed Polygon: autoDraw = True
3861.8443 	EXP 	unnamed Polygon: autoDraw = True
3861.8610 	EXP 	unnamed Polygon: autoDraw = True
3861.8777 	EXP 	unnamed Polygon: autoDraw = True
3861.8944 	EXP 	unnamed Polygon: autoDraw = True
3861.9107 	EXP 	unnamed Polygon: autoDraw = True
3861.9275 	EXP 	unnamed Polygon: autoDraw = True
3861.9442 	EXP 	unnamed Polygon: autoDraw = True
3861.9609 	EXP 	unnamed Polygon: autoDraw = True
3861.9776 	EXP 	unnamed Polygon: autoDraw = True
3861.9963 	EXP 	unnamed Polygon: autoDraw = True
3862.0111 	EXP 	unnamed Polygon: autoDraw = True
3862.0277 	EXP 	unnamed Polygon: autoDraw = True
3862.0442 	EXP 	unnamed Polygon: autoDraw = True
3862.0609 	EXP 	unnamed Polygon: autoDraw = True
3862.0773 	EXP 	unnamed Polygon: autoDraw = True
3862.0942 	EXP 	unnamed Polygon: autoDraw = True
3862.1109 	EXP 	unnamed Polygon: autoDraw = True
3862.1281 	EXP 	unnamed Polygon: autoDraw = True
3862.1444 	EXP 	unnamed Polygon: autoDraw = True
3862.1603 	EXP 	unnamed Polygon: autoDraw = True
3862.1773 	EXP 	unnamed Polygon: autoDraw = True
3862.1936 	EXP 	unnamed Polygon: autoDraw = True
3862.2103 	EXP 	unnamed Polygon: autoDraw = True
3862.2272 	EXP 	unnamed Polygon: autoDraw = True
3862.2442 	EXP 	unnamed Polygon: autoDraw = True
3862.2605 	EXP 	unnamed Polygon: autoDraw = True
3862.2770 	EXP 	unnamed Polygon: autoDraw = True
3862.2943 	EXP 	unnamed Polygon: autoDraw = True
3862.3109 	EXP 	unnamed Polygon: autoDraw = True
3862.3273 	EXP 	unnamed Polygon: autoDraw = True
3862.3442 	EXP 	unnamed Polygon: autoDraw = True
3862.3608 	EXP 	unnamed Polygon: autoDraw = True
3862.3775 	EXP 	unnamed Polygon: autoDraw = True
3862.3947 	EXP 	unnamed Polygon: autoDraw = True
3862.4112 	EXP 	unnamed Polygon: autoDraw = True
3862.4276 	EXP 	unnamed Polygon: autoDraw = True
3862.4441 	EXP 	unnamed Polygon: autoDraw = True
3862.4606 	EXP 	unnamed Polygon: autoDraw = True
3862.4776 	EXP 	unnamed Polygon: autoDraw = True
3862.4941 	EXP 	unnamed Polygon: autoDraw = True
3862.5108 	EXP 	unnamed Polygon: autoDraw = True
3862.5277 	EXP 	unnamed Polygon: autoDraw = True
3862.5443 	EXP 	unnamed Polygon: autoDraw = True
3862.5609 	EXP 	unnamed Polygon: autoDraw = True
3862.5773 	EXP 	unnamed Polygon: autoDraw = True
3862.5941 	EXP 	unnamed Polygon: autoDraw = True
3862.6109 	EXP 	unnamed Polygon: autoDraw = True
3862.6276 	EXP 	unnamed Polygon: autoDraw = True
3862.6445 	EXP 	unnamed Polygon: autoDraw = False
3863.3601 	EXP 	trial_feedback: height = 0.09
3863.3601 	EXP 	trial_feedback: height = 0.09
3863.3601 	EXP 	trial_feedback: height = 0.09
3863.3601 	EXP 	trial_feedback: text = 'Miss!\n-$0.00'
3863.3601 	EXP 	trial_feedback: autoDraw = True
3865.3615 	EXP 	trial_feedback: autoDraw = False
3865.3615 	EXP 	exp_feedback: autoDraw = False
3873.6950 	EXP 	unnamed Polygon: autoDraw = True
3873.6950 	EXP 	unnamed Polygon: autoDraw = True
3873.7116 	EXP 	unnamed Polygon: autoDraw = True
3873.7282 	EXP 	unnamed Polygon: autoDraw = True
3873.7451 	EXP 	unnamed Polygon: autoDraw = True
3873.7619 	EXP 	unnamed Polygon: autoDraw = True
3873.7784 	EXP 	unnamed Polygon: autoDraw = True
3873.7951 	EXP 	unnamed Polygon: autoDraw = True
3873.8118 	EXP 	unnamed Polygon: autoDraw = True
3873.8284 	EXP 	unnamed Polygon: autoDraw = True
3873.8448 	EXP 	unnamed Polygon: autoDraw = True
3873.8615 	EXP 	unnamed Polygon: autoDraw = True
3873.8783 	EXP 	unnamed Polygon: autoDraw = True
3873.8950 	EXP 	unnamed Polygon: autoDraw = True
3873.9117 	EXP 	unnamed Polygon: autoDraw = True
3873.9285 	EXP 	unnamed Polygon: autoDraw = True
3873.9450 	EXP 	unnamed Polygon: autoDraw = True
3873.9620 	EXP 	unnamed Polygon: autoDraw = True
3873.9784 	EXP 	unnamed Polygon: autoDraw = True
3873.9949 	EXP 	unnamed Polygon: autoDraw = True
3874.0115 	EXP 	unnamed Polygon: autoDraw = True
3874.0283 	EXP 	unnamed Polygon: autoDraw = True
3874.0451 	EXP 	unnamed Polygon: autoDraw = True
3874.0618 	EXP 	unnamed Polygon: autoDraw = True
3874.0773 	EXP 	unnamed Polygon: autoDraw = True
3874.0940 	EXP 	unnamed Polygon: autoDraw = True
3874.1104 	EXP 	unnamed Polygon: autoDraw = True
3874.1272 	EXP 	unnamed Polygon: autoDraw = True
3874.1438 	EXP 	unnamed Polygon: autoDraw = True
3874.1604 	EXP 	unnamed Polygon: autoDraw = True
3874.1772 	EXP 	unnamed Polygon: autoDraw = True
3874.1936 	EXP 	unnamed Polygon: autoDraw = True
3874.2105 	EXP 	unnamed Polygon: autoDraw = True
3874.2269 	EXP 	unnamed Polygon: autoDraw = True
3874.2438 	EXP 	unnamed Polygon: autoDraw = True
3874.2611 	EXP 	unnamed Polygon: autoDraw = True
3874.2773 	EXP 	unnamed Polygon: autoDraw = True
3874.2941 	EXP 	unnamed Polygon: autoDraw = True
3874.3108 	EXP 	unnamed Polygon: autoDraw = True
3874.3270 	EXP 	unnamed Polygon: autoDraw = True
3874.3444 	EXP 	unnamed Polygon: autoDraw = True
3874.3608 	EXP 	unnamed Polygon: autoDraw = True
3874.3778 	EXP 	unnamed Polygon: autoDraw = True
3874.3938 	EXP 	unnamed Polygon: autoDraw = True
3874.4105 	EXP 	unnamed Polygon: autoDraw = True
3874.4275 	EXP 	unnamed Polygon: autoDraw = True
3874.4437 	EXP 	unnamed Polygon: autoDraw = True
3874.4605 	EXP 	unnamed Polygon: autoDraw = True
3874.4773 	EXP 	unnamed Polygon: autoDraw = True
3874.4943 	EXP 	unnamed Polygon: autoDraw = True
3874.5104 	EXP 	unnamed Polygon: autoDraw = False
3875.3787 	EXP 	trial_feedback: text = 'Miss!\n-$0.00'
3875.3787 	EXP 	trial_feedback: autoDraw = True
3877.3778 	EXP 	trial_feedback: autoDraw = False
3877.3943 	EXP 	trial_feedback: autoDraw = False
3877.3943 	EXP 	exp_feedback: autoDraw = False
3883.4780 	EXP 	unnamed Polygon: autoDraw = True
3883.4780 	EXP 	unnamed Polygon: autoDraw = True
3883.4950 	EXP 	unnamed Polygon: autoDraw = True
3883.5114 	EXP 	unnamed Polygon: autoDraw = True
3883.5280 	EXP 	unnamed Polygon: autoDraw = True
3883.5448 	EXP 	unnamed Polygon: autoDraw = True
3883.5613 	EXP 	unnamed Polygon: autoDraw = True
3883.5781 	EXP 	unnamed Polygon: autoDraw = True
3883.5956 	EXP 	unnamed Polygon: autoDraw = True
3883.6124 	EXP 	unnamed Polygon: autoDraw = True
3883.6292 	EXP 	unnamed Polygon: autoDraw = True
3883.6458 	EXP 	unnamed Polygon: autoDraw = True
3883.6624 	EXP 	unnamed Polygon: autoDraw = True
3883.6785 	EXP 	unnamed Polygon: autoDraw = True
3883.6945 	EXP 	unnamed Polygon: autoDraw = True
3883.7112 	EXP 	unnamed Polygon: autoDraw = True
3883.7281 	EXP 	unnamed Polygon: autoDraw = True
3883.7447 	EXP 	unnamed Polygon: autoDraw = True
3883.7612 	EXP 	unnamed Polygon: autoDraw = True
3883.7778 	EXP 	unnamed Polygon: autoDraw = True
3883.7946 	EXP 	unnamed Polygon: autoDraw = True
3883.8112 	EXP 	unnamed Polygon: autoDraw = True
3883.8286 	EXP 	unnamed Polygon: autoDraw = True
3883.8444 	EXP 	unnamed Polygon: autoDraw = True
3883.8615 	EXP 	unnamed Polygon: autoDraw = True
3883.8782 	EXP 	unnamed Polygon: autoDraw = True
3883.8946 	EXP 	unnamed Polygon: autoDraw = True
3883.9113 	EXP 	unnamed Polygon: autoDraw = True
3883.9277 	EXP 	unnamed Polygon: autoDraw = True
3883.9447 	EXP 	unnamed Polygon: autoDraw = True
3883.9613 	EXP 	unnamed Polygon: autoDraw = True
3883.9780 	EXP 	unnamed Polygon: autoDraw = True
3883.9948 	EXP 	unnamed Polygon: autoDraw = True
3884.0113 	EXP 	unnamed Polygon: autoDraw = True
3884.0283 	EXP 	unnamed Polygon: autoDraw = True
3884.0445 	EXP 	unnamed Polygon: autoDraw = True
3884.0613 	EXP 	unnamed Polygon: autoDraw = True
3884.0790 	EXP 	unnamed Polygon: autoDraw = True
3884.0957 	EXP 	unnamed Polygon: autoDraw = True
3884.1125 	EXP 	unnamed Polygon: autoDraw = True
3884.1290 	EXP 	unnamed Polygon: autoDraw = True
3884.1458 	EXP 	unnamed Polygon: autoDraw = True
3884.1625 	EXP 	unnamed Polygon: autoDraw = True
3884.1783 	EXP 	unnamed Polygon: autoDraw = True
3884.1947 	EXP 	unnamed Polygon: autoDraw = True
3884.2113 	EXP 	unnamed Polygon: autoDraw = True
3884.2276 	EXP 	unnamed Polygon: autoDraw = True
3884.2445 	EXP 	unnamed Polygon: autoDraw = True
3884.2612 	EXP 	unnamed Polygon: autoDraw = True
3884.2777 	EXP 	unnamed Polygon: autoDraw = True
3884.2945 	EXP 	unnamed Polygon: autoDraw = True
3884.3112 	EXP 	unnamed Polygon: autoDraw = True
3884.3278 	EXP 	unnamed Polygon: autoDraw = True
3884.3445 	EXP 	unnamed Polygon: autoDraw = False
3885.4293 	EXP 	trial_feedback: height = 0.09
3885.4293 	EXP 	trial_feedback: height = 0.09
3885.4293 	EXP 	trial_feedback: height = 0.09
3885.4293 	EXP 	trial_feedback: text = 'Miss!\n-$5.00'
3885.4293 	EXP 	trial_feedback: autoDraw = True
3887.4279 	EXP 	trial_feedback: autoDraw = False
3887.4447 	EXP 	trial_feedback: autoDraw = False
3887.4447 	EXP 	exp_feedback: autoDraw = False
3893.9119 	EXP 	unnamed Polygon: autoDraw = True
3893.9119 	EXP 	unnamed Polygon: autoDraw = True
3893.9289 	EXP 	unnamed Polygon: autoDraw = True
3893.9453 	EXP 	unnamed Polygon: autoDraw = True
3893.9621 	EXP 	unnamed Polygon: autoDraw = True
3893.9790 	EXP 	unnamed Polygon: autoDraw = True
3893.9953 	EXP 	unnamed Polygon: autoDraw = True
3894.0121 	EXP 	unnamed Polygon: autoDraw = True
3894.0288 	EXP 	unnamed Polygon: autoDraw = True
3894.0453 	EXP 	unnamed Polygon: autoDraw = True
3894.0620 	EXP 	unnamed Polygon: autoDraw = True
3894.0787 	EXP 	unnamed Polygon: autoDraw = True
3894.0955 	EXP 	unnamed Polygon: autoDraw = True
3894.1125 	EXP 	unnamed Polygon: autoDraw = True
3894.1299 	EXP 	unnamed Polygon: autoDraw = True
3894.1468 	EXP 	unnamed Polygon: autoDraw = True
3894.1632 	EXP 	unnamed Polygon: autoDraw = True
3894.1797 	EXP 	unnamed Polygon: autoDraw = True
3894.1963 	EXP 	unnamed Polygon: autoDraw = True
3894.2130 	EXP 	unnamed Polygon: autoDraw = True
3894.2302 	EXP 	unnamed Polygon: autoDraw = True
3894.2454 	EXP 	unnamed Polygon: autoDraw = True
3894.2621 	EXP 	unnamed Polygon: autoDraw = True
3894.2788 	EXP 	unnamed Polygon: autoDraw = True
3894.2957 	EXP 	unnamed Polygon: autoDraw = True
3894.3122 	EXP 	unnamed Polygon: autoDraw = True
3894.3289 	EXP 	unnamed Polygon: autoDraw = True
3894.3455 	EXP 	unnamed Polygon: autoDraw = True
3894.3623 	EXP 	unnamed Polygon: autoDraw = True
3894.3787 	EXP 	unnamed Polygon: autoDraw = True
3894.3956 	EXP 	unnamed Polygon: autoDraw = True
3894.4125 	EXP 	unnamed Polygon: autoDraw = True
3894.4290 	EXP 	unnamed Polygon: autoDraw = True
3894.4456 	EXP 	unnamed Polygon: autoDraw = True
3894.4625 	EXP 	unnamed Polygon: autoDraw = True
3894.4787 	EXP 	unnamed Polygon: autoDraw = True
3894.4957 	EXP 	unnamed Polygon: autoDraw = True
3894.5122 	EXP 	unnamed Polygon: autoDraw = True
3894.5287 	EXP 	unnamed Polygon: autoDraw = True
3894.5455 	EXP 	unnamed Polygon: autoDraw = True
3894.5621 	EXP 	unnamed Polygon: autoDraw = True
3894.5788 	EXP 	unnamed Polygon: autoDraw = True
3894.5955 	EXP 	unnamed Polygon: autoDraw = True
3894.6123 	EXP 	unnamed Polygon: autoDraw = True
3894.6292 	EXP 	unnamed Polygon: autoDraw = True
3894.6453 	EXP 	unnamed Polygon: autoDraw = True
3894.6620 	EXP 	unnamed Polygon: autoDraw = True
3894.6789 	EXP 	unnamed Polygon: autoDraw = True
3894.6956 	EXP 	unnamed Polygon: autoDraw = True
3894.7120 	EXP 	unnamed Polygon: autoDraw = True
3894.7289 	EXP 	unnamed Polygon: autoDraw = True
3894.7457 	EXP 	unnamed Polygon: autoDraw = False
3895.4617 	EXP 	trial_feedback: height = 0.09
3895.4617 	EXP 	trial_feedback: height = 0.09
3895.4617 	EXP 	trial_feedback: height = 0.09
3895.4617 	EXP 	trial_feedback: text = 'Miss!\n$0.00'
3895.4617 	EXP 	trial_feedback: autoDraw = True
3897.4632 	EXP 	trial_feedback: autoDraw = False
3897.4632 	EXP 	exp_feedback: autoDraw = False
3905.6462 	EXP 	unnamed Polygon: autoDraw = True
3905.6462 	EXP 	unnamed Polygon: autoDraw = True
3905.6628 	EXP 	unnamed Polygon: autoDraw = True
3905.6794 	EXP 	unnamed Polygon: autoDraw = True
3905.6960 	EXP 	unnamed Polygon: autoDraw = True
3905.7127 	EXP 	unnamed Polygon: autoDraw = True
3905.7294 	EXP 	unnamed Polygon: autoDraw = True
3905.7462 	EXP 	unnamed Polygon: autoDraw = True
3905.7629 	EXP 	unnamed Polygon: autoDraw = True
3905.7795 	EXP 	unnamed Polygon: autoDraw = True
3905.7962 	EXP 	unnamed Polygon: autoDraw = True
3905.8128 	EXP 	unnamed Polygon: autoDraw = True
3905.8301 	EXP 	unnamed Polygon: autoDraw = True
3905.8471 	EXP 	unnamed Polygon: autoDraw = True
3905.8641 	EXP 	unnamed Polygon: autoDraw = True
3905.8814 	EXP 	unnamed Polygon: autoDraw = True
3905.8972 	EXP 	unnamed Polygon: autoDraw = True
3905.9129 	EXP 	unnamed Polygon: autoDraw = True
3905.9298 	EXP 	unnamed Polygon: autoDraw = True
3905.9464 	EXP 	unnamed Polygon: autoDraw = True
3905.9630 	EXP 	unnamed Polygon: autoDraw = True
3905.9797 	EXP 	unnamed Polygon: autoDraw = True
3905.9961 	EXP 	unnamed Polygon: autoDraw = True
3906.0129 	EXP 	unnamed Polygon: autoDraw = True
3906.0296 	EXP 	unnamed Polygon: autoDraw = True
3906.0465 	EXP 	unnamed Polygon: autoDraw = True
3906.0629 	EXP 	unnamed Polygon: autoDraw = True
3906.0796 	EXP 	unnamed Polygon: autoDraw = True
3906.0962 	EXP 	unnamed Polygon: autoDraw = True
3906.1128 	EXP 	unnamed Polygon: autoDraw = True
3906.1294 	EXP 	unnamed Polygon: autoDraw = True
3906.1461 	EXP 	unnamed Polygon: autoDraw = True
3906.1628 	EXP 	unnamed Polygon: autoDraw = True
3906.1794 	EXP 	unnamed Polygon: autoDraw = True
3906.1963 	EXP 	unnamed Polygon: autoDraw = True
3906.2129 	EXP 	unnamed Polygon: autoDraw = True
3906.2296 	EXP 	unnamed Polygon: autoDraw = True
3906.2461 	EXP 	unnamed Polygon: autoDraw = True
3906.2629 	EXP 	unnamed Polygon: autoDraw = True
3906.2806 	EXP 	unnamed Polygon: autoDraw = True
3906.2974 	EXP 	unnamed Polygon: autoDraw = True
3906.3140 	EXP 	unnamed Polygon: autoDraw = True
3906.3305 	EXP 	unnamed Polygon: autoDraw = True
3906.3471 	EXP 	unnamed Polygon: autoDraw = True
3906.3637 	EXP 	unnamed Polygon: autoDraw = True
3906.3808 	EXP 	unnamed Polygon: autoDraw = True
3906.3976 	EXP 	unnamed Polygon: autoDraw = True
3906.4134 	EXP 	unnamed Polygon: autoDraw = True
3906.4296 	EXP 	unnamed Polygon: autoDraw = True
3906.4462 	EXP 	unnamed Polygon: autoDraw = True
3906.4629 	EXP 	unnamed Polygon: autoDraw = True
3906.4797 	EXP 	unnamed Polygon: autoDraw = False
3907.4968 	EXP 	trial_feedback: height = 0.09
3907.4968 	EXP 	trial_feedback: height = 0.09
3907.4968 	EXP 	trial_feedback: height = 0.09
3907.4968 	EXP 	trial_feedback: text = 'Miss!\n-$0.00'
3907.4968 	EXP 	trial_feedback: autoDraw = True
3909.4962 	EXP 	trial_feedback: autoDraw = False
3909.4962 	EXP 	exp_feedback: autoDraw = False
3917.6645 	EXP 	unnamed Polygon: autoDraw = True
3917.6645 	EXP 	unnamed Polygon: autoDraw = True
3917.6807 	EXP 	unnamed Polygon: autoDraw = True
3917.6972 	EXP 	unnamed Polygon: autoDraw = True
3917.7139 	EXP 	unnamed Polygon: autoDraw = True
3917.7307 	EXP 	unnamed Polygon: autoDraw = True
3917.7475 	EXP 	unnamed Polygon: autoDraw = True
3917.7638 	EXP 	unnamed Polygon: autoDraw = True
3917.7811 	EXP 	unnamed Polygon: autoDraw = True
3917.7972 	EXP 	unnamed Polygon: autoDraw = True
3917.8140 	EXP 	unnamed Polygon: autoDraw = True
3917.8308 	EXP 	unnamed Polygon: autoDraw = True
3917.8474 	EXP 	unnamed Polygon: autoDraw = True
3917.8640 	EXP 	unnamed Polygon: autoDraw = True
3917.8806 	EXP 	unnamed Polygon: autoDraw = True
3917.8975 	EXP 	unnamed Polygon: autoDraw = True
3917.9139 	EXP 	unnamed Polygon: autoDraw = True
3917.9309 	EXP 	unnamed Polygon: autoDraw = True
3917.9474 	EXP 	unnamed Polygon: autoDraw = True
3917.9642 	EXP 	unnamed Polygon: autoDraw = True
3917.9814 	EXP 	unnamed Polygon: autoDraw = True
3917.9973 	EXP 	unnamed Polygon: autoDraw = True
3918.0141 	EXP 	unnamed Polygon: autoDraw = True
3918.0307 	EXP 	unnamed Polygon: autoDraw = True
3918.0480 	EXP 	unnamed Polygon: autoDraw = True
3918.0641 	EXP 	unnamed Polygon: autoDraw = True
3918.0807 	EXP 	unnamed Polygon: autoDraw = True
3918.0975 	EXP 	unnamed Polygon: autoDraw = True
3918.1141 	EXP 	unnamed Polygon: autoDraw = True
3918.1310 	EXP 	unnamed Polygon: autoDraw = True
3918.1474 	EXP 	unnamed Polygon: autoDraw = True
3918.1645 	EXP 	unnamed Polygon: autoDraw = True
3918.1807 	EXP 	unnamed Polygon: autoDraw = True
3918.1977 	EXP 	unnamed Polygon: autoDraw = True
3918.2147 	EXP 	unnamed Polygon: autoDraw = True
3918.2312 	EXP 	unnamed Polygon: autoDraw = True
3918.2474 	EXP 	unnamed Polygon: autoDraw = True
3918.2641 	EXP 	unnamed Polygon: autoDraw = True
3918.2808 	EXP 	unnamed Polygon: autoDraw = True
3918.2977 	EXP 	unnamed Polygon: autoDraw = True
3918.3145 	EXP 	unnamed Polygon: autoDraw = True
3918.3305 	EXP 	unnamed Polygon: autoDraw = True
3918.3475 	EXP 	unnamed Polygon: autoDraw = True
3918.3641 	EXP 	unnamed Polygon: autoDraw = True
3918.3809 	EXP 	unnamed Polygon: autoDraw = True
3918.3974 	EXP 	unnamed Polygon: autoDraw = True
3918.4141 	EXP 	unnamed Polygon: autoDraw = True
3918.4307 	EXP 	unnamed Polygon: autoDraw = True
3918.4478 	EXP 	unnamed Polygon: autoDraw = True
3918.4643 	EXP 	unnamed Polygon: autoDraw = True
3918.4808 	EXP 	unnamed Polygon: autoDraw = True
3918.4980 	EXP 	unnamed Polygon: autoDraw = True
3918.5143 	EXP 	unnamed Polygon: autoDraw = True
3918.5308 	EXP 	unnamed Polygon: autoDraw = False
3919.5474 	EXP 	trial_feedback: text = 'Miss!\n-$0.00'
3919.5474 	EXP 	trial_feedback: autoDraw = True
3921.5475 	EXP 	trial_feedback: autoDraw = False
3921.5475 	EXP 	exp_feedback: autoDraw = False
3927.7989 	EXP 	unnamed Polygon: autoDraw = True
3927.7989 	EXP 	unnamed Polygon: autoDraw = True
3927.8157 	EXP 	unnamed Polygon: autoDraw = True
3927.8320 	EXP 	unnamed Polygon: autoDraw = True
3927.8486 	EXP 	unnamed Polygon: autoDraw = True
3927.8654 	EXP 	unnamed Polygon: autoDraw = True
3927.8821 	EXP 	unnamed Polygon: autoDraw = True
3927.8988 	EXP 	unnamed Polygon: autoDraw = True
3927.9158 	EXP 	unnamed Polygon: autoDraw = True
3927.9322 	EXP 	unnamed Polygon: autoDraw = True
3927.9485 	EXP 	unnamed Polygon: autoDraw = True
3927.9647 	EXP 	unnamed Polygon: autoDraw = True
3927.9811 	EXP 	unnamed Polygon: autoDraw = True
3927.9977 	EXP 	unnamed Polygon: autoDraw = True
3928.0143 	EXP 	unnamed Polygon: autoDraw = True
3928.0308 	EXP 	unnamed Polygon: autoDraw = True
3928.0475 	EXP 	unnamed Polygon: autoDraw = True
3928.0640 	EXP 	unnamed Polygon: autoDraw = True
3928.0808 	EXP 	unnamed Polygon: autoDraw = True
3928.0976 	EXP 	unnamed Polygon: autoDraw = True
3928.1141 	EXP 	unnamed Polygon: autoDraw = True
3928.1308 	EXP 	unnamed Polygon: autoDraw = True
3928.1476 	EXP 	unnamed Polygon: autoDraw = True
3928.1646 	EXP 	unnamed Polygon: autoDraw = True
3928.1808 	EXP 	unnamed Polygon: autoDraw = True
3928.1982 	EXP 	unnamed Polygon: autoDraw = True
3928.2144 	EXP 	unnamed Polygon: autoDraw = True
3928.2308 	EXP 	unnamed Polygon: autoDraw = True
3928.2477 	EXP 	unnamed Polygon: autoDraw = True
3928.2645 	EXP 	unnamed Polygon: autoDraw = True
3928.2810 	EXP 	unnamed Polygon: autoDraw = True
3928.2975 	EXP 	unnamed Polygon: autoDraw = True
3928.3140 	EXP 	unnamed Polygon: autoDraw = True
3928.3308 	EXP 	unnamed Polygon: autoDraw = True
3928.3478 	EXP 	unnamed Polygon: autoDraw = True
3928.3648 	EXP 	unnamed Polygon: autoDraw = True
3928.3808 	EXP 	unnamed Polygon: autoDraw = True
3928.3975 	EXP 	unnamed Polygon: autoDraw = True
3928.4148 	EXP 	unnamed Polygon: autoDraw = True
3928.4309 	EXP 	unnamed Polygon: autoDraw = True
3928.4477 	EXP 	unnamed Polygon: autoDraw = True
3928.4646 	EXP 	unnamed Polygon: autoDraw = True
3928.4813 	EXP 	unnamed Polygon: autoDraw = True
3928.4974 	EXP 	unnamed Polygon: autoDraw = True
3928.5145 	EXP 	unnamed Polygon: autoDraw = True
3928.5311 	EXP 	unnamed Polygon: autoDraw = True
3928.5475 	EXP 	unnamed Polygon: autoDraw = True
3928.5643 	EXP 	unnamed Polygon: autoDraw = True
3928.5812 	EXP 	unnamed Polygon: autoDraw = True
3928.5976 	EXP 	unnamed Polygon: autoDraw = True
3928.6145 	EXP 	unnamed Polygon: autoDraw = True
3928.6313 	EXP 	unnamed Polygon: autoDraw = True
3928.6483 	EXP 	unnamed Polygon: autoDraw = True
3928.6644 	EXP 	unnamed Polygon: autoDraw = False
3929.5990 	EXP 	trial_feedback: height = 0.09
3929.5990 	EXP 	trial_feedback: height = 0.09
3929.5990 	EXP 	trial_feedback: height = 0.09
3929.5990 	EXP 	trial_feedback: text = 'Miss!\n$0.00'
3929.5990 	EXP 	trial_feedback: autoDraw = True
3931.5978 	EXP 	trial_feedback: autoDraw = False
3931.6146 	EXP 	trial_feedback: autoDraw = False
3931.6146 	EXP 	exp_feedback: autoDraw = False
3939.7497 	EXP 	unnamed Polygon: autoDraw = True
3939.7497 	EXP 	unnamed Polygon: autoDraw = True
3939.7649 	EXP 	unnamed Polygon: autoDraw = True
3939.7817 	EXP 	unnamed Polygon: autoDraw = True
3939.7984 	EXP 	unnamed Polygon: autoDraw = True
3939.8157 	EXP 	unnamed Polygon: autoDraw = True
3939.8325 	EXP 	unnamed Polygon: autoDraw = True
3939.8515 	EXP 	unnamed Polygon: autoDraw = True
3939.8659 	EXP 	unnamed Polygon: autoDraw = True
3939.8831 	EXP 	unnamed Polygon: autoDraw = True
3939.8988 	EXP 	unnamed Polygon: autoDraw = True
3939.9150 	EXP 	unnamed Polygon: autoDraw = True
3939.9317 	EXP 	unnamed Polygon: autoDraw = True
3939.9486 	EXP 	unnamed Polygon: autoDraw = True
3939.9653 	EXP 	unnamed Polygon: autoDraw = True
3939.9819 	EXP 	unnamed Polygon: autoDraw = True
3939.9984 	EXP 	unnamed Polygon: autoDraw = True
3940.0153 	EXP 	unnamed Polygon: autoDraw = True
3940.0318 	EXP 	unnamed Polygon: autoDraw = True
3940.0483 	EXP 	unnamed Polygon: autoDraw = True
3940.0656 	EXP 	unnamed Polygon: autoDraw = True
3940.0830 	EXP 	unnamed Polygon: autoDraw = True
3940.0997 	EXP 	unnamed Polygon: autoDraw = True
3940.1162 	EXP 	unnamed Polygon: autoDraw = True
3940.1331 	EXP 	unnamed Polygon: autoDraw = True
3940.1497 	EXP 	unnamed Polygon: autoDraw = True
3940.1660 	EXP 	unnamed Polygon: autoDraw = True
3940.1829 	EXP 	unnamed Polygon: autoDraw = True
3940.1995 	EXP 	unnamed Polygon: autoDraw = True
3940.2164 	EXP 	unnamed Polygon: autoDraw = True
3940.2331 	EXP 	unnamed Polygon: autoDraw = True
3940.2495 	EXP 	unnamed Polygon: autoDraw = True
3940.2661 	EXP 	unnamed Polygon: autoDraw = True
3940.2828 	EXP 	unnamed Polygon: autoDraw = True
3940.2996 	EXP 	unnamed Polygon: autoDraw = True
3940.3162 	EXP 	unnamed Polygon: autoDraw = True
3940.3331 	EXP 	unnamed Polygon: autoDraw = True
3940.3497 	EXP 	unnamed Polygon: autoDraw = True
3940.3662 	EXP 	unnamed Polygon: autoDraw = True
3940.3829 	EXP 	unnamed Polygon: autoDraw = True
3940.3995 	EXP 	unnamed Polygon: autoDraw = True
3940.4163 	EXP 	unnamed Polygon: autoDraw = True
3940.4329 	EXP 	unnamed Polygon: autoDraw = True
3940.4496 	EXP 	unnamed Polygon: autoDraw = True
3940.4663 	EXP 	unnamed Polygon: autoDraw = True
3940.4831 	EXP 	unnamed Polygon: autoDraw = True
3940.4997 	EXP 	unnamed Polygon: autoDraw = True
3940.5165 	EXP 	unnamed Polygon: autoDraw = True
3940.5328 	EXP 	unnamed Polygon: autoDraw = True
3940.5493 	EXP 	unnamed Polygon: autoDraw = True
3940.5662 	EXP 	unnamed Polygon: autoDraw = True
3940.5831 	EXP 	unnamed Polygon: autoDraw = True
3940.5990 	EXP 	unnamed Polygon: autoDraw = False
3941.6151 	EXP 	trial_feedback: text = 'Miss!\n$0.00'
3941.6151 	EXP 	trial_feedback: autoDraw = True
3943.6165 	EXP 	trial_feedback: autoDraw = False
3943.6165 	EXP 	exp_feedback: autoDraw = False
3951.6992 	EXP 	unnamed Polygon: autoDraw = True
3951.6992 	EXP 	unnamed Polygon: autoDraw = True
3951.7159 	EXP 	unnamed Polygon: autoDraw = True
3951.7327 	EXP 	unnamed Polygon: autoDraw = True
3951.7493 	EXP 	unnamed Polygon: autoDraw = True
3951.7674 	EXP 	unnamed Polygon: autoDraw = True
3951.7839 	EXP 	unnamed Polygon: autoDraw = True
3951.7993 	EXP 	unnamed Polygon: autoDraw = True
3951.8169 	EXP 	unnamed Polygon: autoDraw = True
3951.8325 	EXP 	unnamed Polygon: autoDraw = True
3951.8497 	EXP 	unnamed Polygon: autoDraw = True
3951.8659 	EXP 	unnamed Polygon: autoDraw = True
3951.8829 	EXP 	unnamed Polygon: autoDraw = True
3951.8995 	EXP 	unnamed Polygon: autoDraw = True
3951.9161 	EXP 	unnamed Polygon: autoDraw = True
3951.9325 	EXP 	unnamed Polygon: autoDraw = True
3951.9498 	EXP 	unnamed Polygon: autoDraw = True
3951.9671 	EXP 	unnamed Polygon: autoDraw = True
3951.9839 	EXP 	unnamed Polygon: autoDraw = True
3952.0007 	EXP 	unnamed Polygon: autoDraw = True
3952.0174 	EXP 	unnamed Polygon: autoDraw = True
3952.0341 	EXP 	unnamed Polygon: autoDraw = True
3952.0505 	EXP 	unnamed Polygon: autoDraw = True
3952.0672 	EXP 	unnamed Polygon: autoDraw = True
3952.0838 	EXP 	unnamed Polygon: autoDraw = True
3952.1004 	EXP 	unnamed Polygon: autoDraw = True
3952.1174 	EXP 	unnamed Polygon: autoDraw = True
3952.1339 	EXP 	unnamed Polygon: autoDraw = True
3952.1508 	EXP 	unnamed Polygon: autoDraw = True
3952.1673 	EXP 	unnamed Polygon: autoDraw = True
3952.1840 	EXP 	unnamed Polygon: autoDraw = True
3952.2006 	EXP 	unnamed Polygon: autoDraw = True
3952.2164 	EXP 	unnamed Polygon: autoDraw = True
3952.2336 	EXP 	unnamed Polygon: autoDraw = True
3952.2507 	EXP 	unnamed Polygon: autoDraw = True
3952.2669 	EXP 	unnamed Polygon: autoDraw = True
3952.2834 	EXP 	unnamed Polygon: autoDraw = True
3952.3005 	EXP 	unnamed Polygon: autoDraw = True
3952.3168 	EXP 	unnamed Polygon: autoDraw = True
3952.3336 	EXP 	unnamed Polygon: autoDraw = True
3952.3508 	EXP 	unnamed Polygon: autoDraw = True
3952.3667 	EXP 	unnamed Polygon: autoDraw = True
3952.3835 	EXP 	unnamed Polygon: autoDraw = True
3952.4006 	EXP 	unnamed Polygon: autoDraw = True
3952.4176 	EXP 	unnamed Polygon: autoDraw = True
3952.4340 	EXP 	unnamed Polygon: autoDraw = True
3952.4508 	EXP 	unnamed Polygon: autoDraw = True
3952.4670 	EXP 	unnamed Polygon: autoDraw = True
3952.4839 	EXP 	unnamed Polygon: autoDraw = True
3952.5007 	EXP 	unnamed Polygon: autoDraw = True
3952.5173 	EXP 	unnamed Polygon: autoDraw = True
3952.5341 	EXP 	unnamed Polygon: autoDraw = True
3952.5501 	EXP 	unnamed Polygon: autoDraw = False
3953.6494 	EXP 	trial_feedback: text = 'Miss!\n$0.00'
3953.6494 	EXP 	trial_feedback: autoDraw = True
3955.6498 	EXP 	trial_feedback: autoDraw = False
3955.6498 	EXP 	exp_feedback: autoDraw = False
4068.4339 	DATA 	Keypress: quoteleft
4068.6499 	DATA 	Keypress: 1
4069.5902 	DATA 	Keypress: return
4069.5909 	WARNING 	Total earnings: -104.0
4070.1920 	EXP 	window1: mouseVisible = True
18.0948 	WARNING 	Monitor specification not found. Creating a temporary one...
18.1102 	WARNING 	Requested an unavailable screen number - using first available.
18.1113 	WARNING 	User requested fullscreen with size [800 600], but screen is actually [1440, 900]. Using actual size
19.7926 	EXP 	Created window1 = Window(allowGUI=True, allowStencil=False, autoLog=True, backendConf=UNKNOWN, backgroundFit=<method-wrapper '__getattribute__' of attributeSetter object at 0x7fe230ed4700>, backgroundImage=<method-wrapper '__getattribute__' of attributeSetter object at 0x7fe230ed46a0>, bitsMode=UNKNOWN, blendMode='avg', bpc=(8, 8, 8), color=array([-1, -1, -1]), colorSpace='rgb', depthBits=8, fullscr=<method-wrapper '__getattribute__' of attributeSetter object at 0x7fe230ed4520>, gamma=None, gammaErrorPolicy='raise', lms=UNKNOWN, monitor=<psychopy.monitors.calibTools.Monitor object at 0x7fe230f28f10>, multiSample=False, name='window1', numSamples=2, pos=[0.0, 0.0], screen=1, size=array([1440,  900]), stencilBits=0, stereo=False, title='PsychoPy', units='height', useFBO=False, useRetina=False, viewOri=0.0, viewPos=None, viewScale=None, waitBlanking=True, winType='pyglet')
19.7929 	EXP 	window1: mouseVisible = True
19.7929 	EXP 	window1: backgroundImage = None
19.7929 	EXP 	window1: backgroundFit = 'cover'
19.7957 	EXP 	window1: Attempting to measure frame rate of screen (1) ...
19.7957 	EXP 	window1: recordFrameIntervals = False
19.9567 	EXP 	window1: recordFrameIntervals = True
20.1405 	EXP 	Screen (1) actual frame rate measured at 59.92Hz
20.1406 	EXP 	window1: recordFrameIntervals = False
20.1414 	EXP 	window1: mouseVisible = True
20.2458 	EXP 	Created unnamed TextStim = TextStim(__class__=<class 'psychopy.visual.text.TextStim'>, alignHoriz=method-wrapper(...), alignText='center', alignVert=method-wrapper(...), anchorHoriz='center', anchorVert='center', antialias=True, autoDraw=False, autoLog=True, bold=False, color=array([1., 1., 1.]), colorSpace='rgb', contrast=1.0, depth=0, draggable=False, flipHoriz=False, flipVert=False, font='', fontFiles=[], height=0.04, italic=False, languageStyle='LTR', name='unnamed TextStim', opacity=1.0, ori=0.0, pos=array([ 0.  , -0.25]), rgb=UNKNOWN, text='Press the button to continue.', units='height', win=Window(...), wrapWidth=1)
20.2461 	EXP 	window1: mouseVisible = True
20.2586 	EXP 	Created unnamed TextStim = TextStim(__class__=<class 'psychopy.visual.text.TextStim'>, alignHoriz=method-wrapper(...), alignText='center', alignVert=method-wrapper(...), anchorHoriz='center', anchorVert='center', antialias=True, autoDraw=False, autoLog=True, bold=False, color=array([1., 1., 1.]), colorSpace='rgb', contrast=1.0, depth=0, draggable=False, flipHoriz=False, flipVert=False, font='', fontFiles=[], height=0.08, italic=False, languageStyle='LTR', name='unnamed TextStim', opacity=1.0, ori=0.0, pos=array([0., 0.]), rgb=UNKNOWN, text='+', units='height', win=Window(...), wrapWidth=1)
20.2590 	EXP 	window1: mouseVisible = True
20.2955 	EXP 	Created unnamed TextStim = TextStim(__class__=<class 'psychopy.visual.text.TextStim'>, alignHoriz=method-wrapper(...), alignText='center', alignVert=method-wrapper(...), anchorHoriz='center', anchorVert='center', antialias=True, autoDraw=False, autoLog=True, bold=False, color=array([1., 1., 1.]), colorSpace='rgb', contrast=1.0, depth=0, draggable=False, flipHoriz=False, flipVert=False, font='', fontFiles=[], height=0.04, italic=False, languageStyle='LTR', name='unnamed TextStim', opacity=1.0, ori=0.0, pos=array([0., 0.]), rgb=UNKNOWN, text=str(...), units='height', win=Window(...), wrapWidth=0.8888888888888888)
20.2959 	EXP 	window1: mouseVisible = True
20.3383 	EXP 	Created unnamed TextStim = TextStim(__class__=<class 'psychopy.visual.text.TextStim'>, alignHoriz=method-wrapper(...), alignText='center', alignVert=method-wrapper(...), anchorHoriz='center', anchorVert='center', antialias=True, autoDraw=False, autoLog=True, bold=False, color=array([1., 1., 1.]), colorSpace='rgb', contrast=1.0, depth=0, draggable=False, flipHoriz=False, flipVert=False, font='Arial', fontFiles=[], height=0.04, italic=False, languageStyle='LTR', name='unnamed TextStim', opacity=1.0, ori=0.0, pos=array([0. , 0.1]), rgb=UNKNOWN, text='Hello World', units='height', win=Window(...), wrapWidth=0.8888888888888888)
20.3386 	EXP 	window1: mouseVisible = True
20.3909 	EXP 	Created unnamed TextStim = TextStim(__class__=<class 'psychopy.visual.text.TextStim'>, alignHoriz=method-wrapper(...), alignText='center', alignVert=method-wrapper(...), anchorHoriz='center', anchorVert='center', antialias=True, autoDraw=False, autoLog=True, bold=False, color=array([1., 1., 1.]), colorSpace='rgb', contrast=1.0, depth=0, draggable=False, flipHoriz=False, flipVert=False, font='', fontFiles=[], height=0.04, italic=False, languageStyle='LTR', name='unnamed TextStim', opacity=1.0, ori=0.0, pos=array([0., 0.]), rgb=UNKNOWN, text=str(...), units='height', win=Window(...), wrapWidth=0.8888888888888888)
20.3913 	EXP 	window1: mouseVisible = True
20.4064 	EXP 	Created unnamed TextStim = TextStim(__class__=<class 'psychopy.visual.text.TextStim'>, alignHoriz=method-wrapper(...), alignText='center', alignVert=method-wrapper(...), anchorHoriz='center', anchorVert='center', antialias=True, autoDraw=False, autoLog=True, bold=False, color=array([1., 1., 1.]), colorSpace='rgb', contrast=1.0, depth=0, draggable=False, flipHoriz=False, flipVert=False, font='', fontFiles=[], height=0.04, italic=False, languageStyle='LTR', name='unnamed TextStim', opacity=1.0, ori=0.0, pos=array([0., 0.]), rgb=UNKNOWN, text='The task will begin momentarily. Get ready...', units='height', win=Window(...), wrapWidth=1)
20.4068 	EXP 	window1: mouseVisible = True
20.4220 	EXP 	Created unnamed TextStim = TextStim(__class__=<class 'psychopy.visual.text.TextStim'>, alignHoriz=method-wrapper(...), alignText='center', alignVert=method-wrapper(...), anchorHoriz='center', anchorVert='center', antialias=True, autoDraw=False, autoLog=True, bold=False, color=array([1., 1., 1.]), colorSpace='rgb', contrast=1.0, depth=0, draggable=False, flipHoriz=False, flipVert=False, font='', fontFiles=[], height=0.04, italic=False, languageStyle='LTR', name='unnamed TextStim', opacity=1.0, ori=0.0, pos=array([0., 0.]), rgb=UNKNOWN, text=str(...), units='height', win=Window(...), wrapWidth=0.8888888888888888)
20.4223 	EXP 	window1: mouseVisible = True
20.5512 	EXP 	Created unnamed ImageStim = ImageStim(__class__=<class 'psychopy.visual.image.ImageStim'>, anchor=('center', 'center'), autoLog=True, color=array([1., 1., 1.]), colorSpace='rgb', contrast=1.0, depth=0, draggable=False, flipHoriz=False, flipVert=False, image='../stimuli/reward_low.png', interpolate=False, mask=None, maskParams=None, name='unnamed ImageStim', opacity=1.0, ori=0.0, pos=array([0., 0.]), size=array([0.3, 0.3]), texRes=128, units='height', win=Window(...))
20.5515 	EXP 	window1: mouseVisible = True
20.6460 	EXP 	Created unnamed ImageStim = ImageStim(__class__=<class 'psychopy.visual.image.ImageStim'>, anchor=('center', 'center'), autoLog=True, color=array([1., 1., 1.]), colorSpace='rgb', contrast=1.0, depth=0, draggable=False, flipHoriz=False, flipVert=False, image='../stimuli/reward_high.png', interpolate=False, mask=None, maskParams=None, name='unnamed ImageStim', opacity=1.0, ori=0.0, pos=array([0., 0.]), size=array([0.3, 0.3]), texRes=128, units='height', win=Window(...))
20.6462 	EXP 	window1: mouseVisible = True
20.7513 	EXP 	Created unnamed ImageStim = ImageStim(__class__=<class 'psychopy.visual.image.ImageStim'>, anchor=('center', 'center'), autoLog=True, color=array([1., 1., 1.]), colorSpace='rgb', contrast=1.0, depth=0, draggable=False, flipHoriz=False, flipVert=False, image='../stimuli/reward_neut.png', interpolate=False, mask=None, maskParams=None, name='unnamed ImageStim', opacity=1.0, ori=0.0, pos=array([0., 0.]), size=array([0.3, 0.3]), texRes=128, units='height', win=Window(...))
20.7516 	EXP 	window1: mouseVisible = True
20.8339 	EXP 	Created unnamed ImageStim = ImageStim(__class__=<class 'psychopy.visual.image.ImageStim'>, anchor=('center', 'center'), autoLog=True, color=array([1., 1., 1.]), colorSpace='rgb', contrast=1.0, depth=0, draggable=False, flipHoriz=False, flipVert=False, image='../stimuli/loss_low.png', interpolate=False, mask=None, maskParams=None, name='unnamed ImageStim', opacity=1.0, ori=0.0, pos=array([0., 0.]), size=array([0.3, 0.3]), texRes=128, units='height', win=Window(...))
20.8343 	EXP 	window1: mouseVisible = True
20.9158 	EXP 	Created unnamed ImageStim = ImageStim(__class__=<class 'psychopy.visual.image.ImageStim'>, anchor=('center', 'center'), autoLog=True, color=array([1., 1., 1.]), colorSpace='rgb', contrast=1.0, depth=0, draggable=False, flipHoriz=False, flipVert=False, image='../stimuli/loss_high.png', interpolate=False, mask=None, maskParams=None, name='unnamed ImageStim', opacity=1.0, ori=0.0, pos=array([0., 0.]), size=array([0.3, 0.3]), texRes=128, units='height', win=Window(...))
20.9162 	EXP 	window1: mouseVisible = True
20.9925 	EXP 	Created unnamed ImageStim = ImageStim(__class__=<class 'psychopy.visual.image.ImageStim'>, anchor=('center', 'center'), autoLog=True, color=array([1., 1., 1.]), colorSpace='rgb', contrast=1.0, depth=0, draggable=False, flipHoriz=False, flipVert=False, image='../stimuli/loss_neut.png', interpolate=False, mask=None, maskParams=None, name='unnamed ImageStim', opacity=1.0, ori=0.0, pos=array([0., 0.]), size=array([0.3, 0.3]), texRes=128, units='height', win=Window(...))
20.9967 	EXP 	window1: mouseVisible = True
21.0011 	EXP 	Created unnamed Polygon = Polygon(__class__=<class 'psychopy.visual.polygon.Polygon'>, anchor=('center', 'center'), autoDraw=False, autoLog=True, closeShape=True, color=method-wrapper(...), colorSpace='rgb', contrast=None, depth=0, draggable=False, fillColor=array([1, 1, 1]), fillColorSpace='rgb', fillRGB=array([1, 1, 1]), interpolate=True, lineColor=array([1., 1., 1.]), lineColorSpace='rgb', lineRGB=array([1, 1, 1]), lineWidth=1.5, name='unnamed Polygon', opacity=1.0, ori=0.0, pos=array([0., 0.]), size=array([1., 1.]), units='height', vertices=ndarray(...), win=Window(...))
21.0014 	EXP 	window1: mouseVisible = True
21.0164 	EXP 	Created trial_feedback = TextStim(__class__=<class 'psychopy.visual.text.TextStim'>, alignHoriz=method-wrapper(...), alignText='center', alignVert=method-wrapper(...), anchorHoriz='center', anchorVert='center', antialias=True, autoDraw=False, autoLog=True, bold=False, color=array([1., 1., 1.]), colorSpace='rgb', contrast=1.0, depth=0, draggable=False, flipHoriz=False, flipVert=False, font='Arial', fontFiles=[], height=0.09, italic=False, languageStyle='LTR', name='trial_feedback', opacity=1.0, ori=0, pos=array([0., 0.]), rgb=UNKNOWN, text='Trial:', units='height', win=Window(...), wrapWidth=1)
21.0167 	EXP 	window1: mouseVisible = True
21.0311 	EXP 	Created exp_feedback = TextStim(__class__=<class 'psychopy.visual.text.TextStim'>, alignHoriz=method-wrapper(...), alignText='center', alignVert=method-wrapper(...), anchorHoriz='center', anchorVert='center', antialias=True, autoDraw=False, autoLog=True, bold=False, color=array([1., 1., 1.]), colorSpace='rgb', contrast=1.0, depth=0, draggable=False, flipHoriz=False, flipVert=False, font='Arial', fontFiles=[], height=0.09, italic=False, languageStyle='LTR', name='exp_feedback', opacity=1.0, ori=0, pos=array([ 0.    , -0.0625]), rgb=UNKNOWN, text='Total:', units='height', win=Window(...), wrapWidth=1)
21.0315 	EXP 	window1: mouseVisible = True
21.0663 	EXP 	Created unnamed TextStim = TextStim(__class__=<class 'psychopy.visual.text.TextStim'>, alignHoriz=method-wrapper(...), alignText='center', alignVert=method-wrapper(...), anchorHoriz='center', anchorVert='center', antialias=True, autoDraw=False, autoLog=True, bold=False, color=array([1., 1., 1.]), colorSpace='rgb', contrast=1.0, depth=0, draggable=False, flipHoriz=False, flipVert=False, font='', fontFiles=[], height=0.04, italic=False, languageStyle='LTR', name='unnamed TextStim', opacity=1.0, ori=0.0, pos=array([0., 0.]), rgb=UNKNOWN, text=str(...), units='height', win=Window(...), wrapWidth=1)
21.0671 	EXP 	window1: mouseVisible = True
21.0766 	EXP 	Created unnamed TextStim = TextStim(__class__=<class 'psychopy.visual.text.TextStim'>, alignHoriz=method-wrapper(...), alignText='center', alignVert=method-wrapper(...), anchorHoriz='center', anchorVert='center', antialias=True, autoDraw=False, autoLog=True, bold=False, color=array([1., 1., 1.]), colorSpace='rgb', contrast=1.0, depth=0, draggable=False, flipHoriz=False, flipVert=False, font='', fontFiles=[], height=0.04, italic=False, languageStyle='LTR', name='unnamed TextStim', opacity=1.0, ori=0.0, pos=array([0., 0.]), rgb=UNKNOWN, text='Get ready', units='height', win=Window(...), wrapWidth=1)
21.0768 	EXP 	window1: mouseVisible = True
21.0934 	EXP 	Created unnamed TextStim = TextStim(__class__=<class 'psychopy.visual.text.TextStim'>, alignHoriz=method-wrapper(...), alignText='center', alignVert=method-wrapper(...), anchorHoriz='center', anchorVert='center', antialias=True, autoDraw=False, autoLog=True, bold=False, color=array([1., 1., 1.]), colorSpace='rgb', contrast=1.0, depth=0, draggable=False, flipHoriz=False, flipVert=False, font='', fontFiles=[], height=0.04, italic=False, languageStyle='LTR', name='unnamed TextStim', opacity=1.0, ori=0.0, pos=array([0., 0.]), rgb=UNKNOWN, text='Please wait\n\n', units='height', win=Window(...), wrapWidth=1)
21.3655 	EXP 	window1: mouseVisible = False
31.3943 	EXP 	unnamed TextStim: height = 0.04
31.3943 	EXP 	unnamed TextStim: height = 0.04
31.3943 	EXP 	unnamed TextStim: height = 0.04
31.3943 	EXP 	unnamed TextStim: text = 'Welcome!'
39.7970 	DATA 	Keypress: 1
39.8365 	EXP 	unnamed TextStim: height = 0.04
39.8365 	EXP 	unnamed TextStim: height = 0.04
39.8365 	EXP 	unnamed TextStim: height = 0.04
39.8365 	EXP 	unnamed TextStim: text = 'First you will see a cross in the middle of the screen, like this:\n\n+\n\nThis means you should focus on the screen and get ready to play. '
40.3062 	DATA 	Keypress: 1
40.3386 	EXP 	window1: mouseVisible = True
40.3424 	EXP 	Created unnamed Polygon = Polygon(__class__=<class 'psychopy.visual.polygon.Polygon'>, anchor=('center', 'center'), autoDraw=False, autoLog=True, closeShape=True, color=method-wrapper(...), colorSpace='rgb', contrast=None, depth=0, draggable=False, fillColor=array([1, 1, 1]), fillColorSpace='rgb', fillRGB=array([1, 1, 1]), interpolate=True, lineColor=array([1., 1., 1.]), lineColorSpace='rgb', lineRGB=array([1, 1, 1]), lineWidth=1.5, name='unnamed Polygon', opacity=1.0, ori=0.0, pos=array([0. , 0.1]), size=array([1., 1.]), units='height', vertices=ndarray(...), win=Window(...))
40.3499 	EXP 	unnamed TextStim: height = 0.04
40.3499 	EXP 	unnamed TextStim: height = 0.04
40.3499 	EXP 	unnamed TextStim: height = 0.04
40.3499 	EXP 	unnamed TextStim: text = 'Next, a small solid WHITE TRIANGLE will appear on the screen:\n\n \n\n \n\n \n\nPress the button as fast as you can when you see the solid white triangle. '
40.8431 	DATA 	Keypress: 1
40.8573 	EXP 	unnamed TextStim: height = 0.04
40.8573 	EXP 	unnamed TextStim: height = 0.04
40.8573 	EXP 	unnamed TextStim: height = 0.04
40.8573 	EXP 	unnamed TextStim: text = 'Any Questions?\n\nPlease ask them now.'
41.4703 	DATA 	Keypress: 1
42.5927 	DATA 	Keypress: return
9.3822 	WARNING 	Monitor specification not found. Creating a temporary one...
9.3967 	WARNING 	Requested an unavailable screen number - using first available.
9.3988 	WARNING 	User requested fullscreen with size [800 600], but screen is actually [1440, 900]. Using actual size
10.3453 	EXP 	Created window1 = Window(allowGUI=True, allowStencil=False, autoLog=True, backendConf=UNKNOWN, backgroundFit=<method-wrapper '__getattribute__' of attributeSetter object at 0x7fcfe77c7820>, backgroundImage=<method-wrapper '__getattribute__' of attributeSetter object at 0x7fcfe77c77c0>, bitsMode=UNKNOWN, blendMode='avg', bpc=(8, 8, 8), color=array([-1, -1, -1]), colorSpace='rgb', depthBits=8, fullscr=<method-wrapper '__getattribute__' of attributeSetter object at 0x7fcfe77c7640>, gamma=None, gammaErrorPolicy='raise', lms=UNKNOWN, monitor=<psychopy.monitors.calibTools.Monitor object at 0x7fcfe789d070>, multiSample=False, name='window1', numSamples=2, pos=[0.0, 0.0], screen=1, size=array([1440,  900]), stencilBits=0, stereo=False, title='PsychoPy', units='height', useFBO=False, useRetina=False, viewOri=0.0, viewPos=None, viewScale=None, waitBlanking=True, winType='pyglet')
10.3454 	EXP 	window1: mouseVisible = True
10.3455 	EXP 	window1: backgroundImage = None
10.3455 	EXP 	window1: backgroundFit = 'cover'
10.3481 	EXP 	window1: Attempting to measure frame rate of screen (1) ...
10.3482 	EXP 	window1: recordFrameIntervals = False
10.5115 	EXP 	window1: recordFrameIntervals = True
10.6955 	EXP 	Screen (1) actual frame rate measured at 59.63Hz
10.6955 	EXP 	window1: recordFrameIntervals = False
10.6964 	EXP 	window1: mouseVisible = True
10.7935 	EXP 	Created unnamed TextStim = TextStim(__class__=<class 'psychopy.visual.text.TextStim'>, alignHoriz=method-wrapper(...), alignText='center', alignVert=method-wrapper(...), anchorHoriz='center', anchorVert='center', antialias=True, autoDraw=False, autoLog=True, bold=False, color=array([1., 1., 1.]), colorSpace='rgb', contrast=1.0, depth=0, draggable=False, flipHoriz=False, flipVert=False, font='', fontFiles=[], height=0.04, italic=False, languageStyle='LTR', name='unnamed TextStim', opacity=1.0, ori=0.0, pos=array([ 0.  , -0.25]), rgb=UNKNOWN, text='Press the button to continue.', units='height', win=Window(...), wrapWidth=1)
10.7938 	EXP 	window1: mouseVisible = True
10.8024 	EXP 	Created unnamed TextStim = TextStim(__class__=<class 'psychopy.visual.text.TextStim'>, alignHoriz=method-wrapper(...), alignText='center', alignVert=method-wrapper(...), anchorHoriz='center', anchorVert='center', antialias=True, autoDraw=False, autoLog=True, bold=False, color=array([1., 1., 1.]), colorSpace='rgb', contrast=1.0, depth=0, draggable=False, flipHoriz=False, flipVert=False, font='', fontFiles=[], height=0.08, italic=False, languageStyle='LTR', name='unnamed TextStim', opacity=1.0, ori=0.0, pos=array([0., 0.]), rgb=UNKNOWN, text='+', units='height', win=Window(...), wrapWidth=1)
10.8027 	EXP 	window1: mouseVisible = True
10.8177 	EXP 	Created unnamed TextStim = TextStim(__class__=<class 'psychopy.visual.text.TextStim'>, alignHoriz=method-wrapper(...), alignText='center', alignVert=method-wrapper(...), anchorHoriz='center', anchorVert='center', antialias=True, autoDraw=False, autoLog=True, bold=False, color=array([1., 1., 1.]), colorSpace='rgb', contrast=1.0, depth=0, draggable=False, flipHoriz=False, flipVert=False, font='', fontFiles=[], height=0.04, italic=False, languageStyle='LTR', name='unnamed TextStim', opacity=1.0, ori=0.0, pos=array([0., 0.]), rgb=UNKNOWN, text=str(...), units='height', win=Window(...), wrapWidth=0.8888888888888888)
10.8180 	EXP 	window1: mouseVisible = True
10.8449 	EXP 	Created unnamed TextStim = TextStim(__class__=<class 'psychopy.visual.text.TextStim'>, alignHoriz=method-wrapper(...), alignText='center', alignVert=method-wrapper(...), anchorHoriz='center', anchorVert='center', antialias=True, autoDraw=False, autoLog=True, bold=False, color=array([1., 1., 1.]), colorSpace='rgb', contrast=1.0, depth=0, draggable=False, flipHoriz=False, flipVert=False, font='Arial', fontFiles=[], height=0.04, italic=False, languageStyle='LTR', name='unnamed TextStim', opacity=1.0, ori=0.0, pos=array([0. , 0.1]), rgb=UNKNOWN, text='Hello World', units='height', win=Window(...), wrapWidth=0.8888888888888888)
10.8454 	EXP 	window1: mouseVisible = True
10.8837 	EXP 	Created unnamed TextStim = TextStim(__class__=<class 'psychopy.visual.text.TextStim'>, alignHoriz=method-wrapper(...), alignText='center', alignVert=method-wrapper(...), anchorHoriz='center', anchorVert='center', antialias=True, autoDraw=False, autoLog=True, bold=False, color=array([1., 1., 1.]), colorSpace='rgb', contrast=1.0, depth=0, draggable=False, flipHoriz=False, flipVert=False, font='', fontFiles=[], height=0.04, italic=False, languageStyle='LTR', name='unnamed TextStim', opacity=1.0, ori=0.0, pos=array([0., 0.]), rgb=UNKNOWN, text=str(...), units='height', win=Window(...), wrapWidth=0.8888888888888888)
10.8840 	EXP 	window1: mouseVisible = True
10.8960 	EXP 	Created unnamed TextStim = TextStim(__class__=<class 'psychopy.visual.text.TextStim'>, alignHoriz=method-wrapper(...), alignText='center', alignVert=method-wrapper(...), anchorHoriz='center', anchorVert='center', antialias=True, autoDraw=False, autoLog=True, bold=False, color=array([1., 1., 1.]), colorSpace='rgb', contrast=1.0, depth=0, draggable=False, flipHoriz=False, flipVert=False, font='', fontFiles=[], height=0.04, italic=False, languageStyle='LTR', name='unnamed TextStim', opacity=1.0, ori=0.0, pos=array([0., 0.]), rgb=UNKNOWN, text='The task will begin momentarily. Get ready...', units='height', win=Window(...), wrapWidth=1)
10.8963 	EXP 	window1: mouseVisible = True
10.9075 	EXP 	Created unnamed TextStim = TextStim(__class__=<class 'psychopy.visual.text.TextStim'>, alignHoriz=method-wrapper(...), alignText='center', alignVert=method-wrapper(...), anchorHoriz='center', anchorVert='center', antialias=True, autoDraw=False, autoLog=True, bold=False, color=array([1., 1., 1.]), colorSpace='rgb', contrast=1.0, depth=0, draggable=False, flipHoriz=False, flipVert=False, font='', fontFiles=[], height=0.04, italic=False, languageStyle='LTR', name='unnamed TextStim', opacity=1.0, ori=0.0, pos=array([0., 0.]), rgb=UNKNOWN, text=str(...), units='height', win=Window(...), wrapWidth=0.8888888888888888)
10.9079 	EXP 	window1: mouseVisible = True
10.9846 	EXP 	Created unnamed ImageStim = ImageStim(__class__=<class 'psychopy.visual.image.ImageStim'>, anchor=('center', 'center'), autoLog=True, color=array([1., 1., 1.]), colorSpace='rgb', contrast=1.0, depth=0, draggable=False, flipHoriz=False, flipVert=False, image='../stimuli/reward_low.png', interpolate=False, mask=None, maskParams=None, name='unnamed ImageStim', opacity=1.0, ori=0.0, pos=array([0., 0.]), size=array([0.3, 0.3]), texRes=128, units='height', win=Window(...))
10.9848 	EXP 	window1: mouseVisible = True
11.0318 	EXP 	Created unnamed ImageStim = ImageStim(__class__=<class 'psychopy.visual.image.ImageStim'>, anchor=('center', 'center'), autoLog=True, color=array([1., 1., 1.]), colorSpace='rgb', contrast=1.0, depth=0, draggable=False, flipHoriz=False, flipVert=False, image='../stimuli/reward_high.png', interpolate=False, mask=None, maskParams=None, name='unnamed ImageStim', opacity=1.0, ori=0.0, pos=array([0., 0.]), size=array([0.3, 0.3]), texRes=128, units='height', win=Window(...))
11.0320 	EXP 	window1: mouseVisible = True
11.0818 	EXP 	Created unnamed ImageStim = ImageStim(__class__=<class 'psychopy.visual.image.ImageStim'>, anchor=('center', 'center'), autoLog=True, color=array([1., 1., 1.]), colorSpace='rgb', contrast=1.0, depth=0, draggable=False, flipHoriz=False, flipVert=False, image='../stimuli/reward_neut.png', interpolate=False, mask=None, maskParams=None, name='unnamed ImageStim', opacity=1.0, ori=0.0, pos=array([0., 0.]), size=array([0.3, 0.3]), texRes=128, units='height', win=Window(...))
11.0820 	EXP 	window1: mouseVisible = True
11.1328 	EXP 	Created unnamed ImageStim = ImageStim(__class__=<class 'psychopy.visual.image.ImageStim'>, anchor=('center', 'center'), autoLog=True, color=array([1., 1., 1.]), colorSpace='rgb', contrast=1.0, depth=0, draggable=False, flipHoriz=False, flipVert=False, image='../stimuli/loss_low.png', interpolate=False, mask=None, maskParams=None, name='unnamed ImageStim', opacity=1.0, ori=0.0, pos=array([0., 0.]), size=array([0.3, 0.3]), texRes=128, units='height', win=Window(...))
11.1331 	EXP 	window1: mouseVisible = True
11.1865 	EXP 	Created unnamed ImageStim = ImageStim(__class__=<class 'psychopy.visual.image.ImageStim'>, anchor=('center', 'center'), autoLog=True, color=array([1., 1., 1.]), colorSpace='rgb', contrast=1.0, depth=0, draggable=False, flipHoriz=False, flipVert=False, image='../stimuli/loss_high.png', interpolate=False, mask=None, maskParams=None, name='unnamed ImageStim', opacity=1.0, ori=0.0, pos=array([0., 0.]), size=array([0.3, 0.3]), texRes=128, units='height', win=Window(...))
11.1867 	EXP 	window1: mouseVisible = True
11.2350 	EXP 	Created unnamed ImageStim = ImageStim(__class__=<class 'psychopy.visual.image.ImageStim'>, anchor=('center', 'center'), autoLog=True, color=array([1., 1., 1.]), colorSpace='rgb', contrast=1.0, depth=0, draggable=False, flipHoriz=False, flipVert=False, image='../stimuli/loss_neut.png', interpolate=False, mask=None, maskParams=None, name='unnamed ImageStim', opacity=1.0, ori=0.0, pos=array([0., 0.]), size=array([0.3, 0.3]), texRes=128, units='height', win=Window(...))
11.2389 	EXP 	window1: mouseVisible = True
11.2420 	EXP 	Created unnamed Polygon = Polygon(__class__=<class 'psychopy.visual.polygon.Polygon'>, anchor=('center', 'center'), autoDraw=False, autoLog=True, closeShape=True, color=method-wrapper(...), colorSpace='rgb', contrast=None, depth=0, draggable=False, fillColor=array([1, 1, 1]), fillColorSpace='rgb', fillRGB=array([1, 1, 1]), interpolate=True, lineColor=array([1., 1., 1.]), lineColorSpace='rgb', lineRGB=array([1, 1, 1]), lineWidth=1.5, name='unnamed Polygon', opacity=1.0, ori=0.0, pos=array([0., 0.]), size=array([1., 1.]), units='height', vertices=ndarray(...), win=Window(...))
11.2422 	EXP 	window1: mouseVisible = True
11.2517 	EXP 	Created trial_feedback = TextStim(__class__=<class 'psychopy.visual.text.TextStim'>, alignHoriz=method-wrapper(...), alignText='center', alignVert=method-wrapper(...), anchorHoriz='center', anchorVert='center', antialias=True, autoDraw=False, autoLog=True, bold=False, color=array([1., 1., 1.]), colorSpace='rgb', contrast=1.0, depth=0, draggable=False, flipHoriz=False, flipVert=False, font='Arial', fontFiles=[], height=0.09, italic=False, languageStyle='LTR', name='trial_feedback', opacity=1.0, ori=0, pos=array([0., 0.]), rgb=UNKNOWN, text='Trial:', units='height', win=Window(...), wrapWidth=1)
11.2519 	EXP 	window1: mouseVisible = True
11.2620 	EXP 	Created exp_feedback = TextStim(__class__=<class 'psychopy.visual.text.TextStim'>, alignHoriz=method-wrapper(...), alignText='center', alignVert=method-wrapper(...), anchorHoriz='center', anchorVert='center', antialias=True, autoDraw=False, autoLog=True, bold=False, color=array([1., 1., 1.]), colorSpace='rgb', contrast=1.0, depth=0, draggable=False, flipHoriz=False, flipVert=False, font='Arial', fontFiles=[], height=0.09, italic=False, languageStyle='LTR', name='exp_feedback', opacity=1.0, ori=0, pos=array([ 0.    , -0.0625]), rgb=UNKNOWN, text='Total:', units='height', win=Window(...), wrapWidth=1)
11.2622 	EXP 	window1: mouseVisible = True
11.2801 	EXP 	Created unnamed TextStim = TextStim(__class__=<class 'psychopy.visual.text.TextStim'>, alignHoriz=method-wrapper(...), alignText='center', alignVert=method-wrapper(...), anchorHoriz='center', anchorVert='center', antialias=True, autoDraw=False, autoLog=True, bold=False, color=array([1., 1., 1.]), colorSpace='rgb', contrast=1.0, depth=0, draggable=False, flipHoriz=False, flipVert=False, font='', fontFiles=[], height=0.04, italic=False, languageStyle='LTR', name='unnamed TextStim', opacity=1.0, ori=0.0, pos=array([0., 0.]), rgb=UNKNOWN, text=str(...), units='height', win=Window(...), wrapWidth=1)
11.2803 	EXP 	window1: mouseVisible = True
11.2859 	EXP 	Created unnamed TextStim = TextStim(__class__=<class 'psychopy.visual.text.TextStim'>, alignHoriz=method-wrapper(...), alignText='center', alignVert=method-wrapper(...), anchorHoriz='center', anchorVert='center', antialias=True, autoDraw=False, autoLog=True, bold=False, color=array([1., 1., 1.]), colorSpace='rgb', contrast=1.0, depth=0, draggable=False, flipHoriz=False, flipVert=False, font='', fontFiles=[], height=0.04, italic=False, languageStyle='LTR', name='unnamed TextStim', opacity=1.0, ori=0.0, pos=array([0., 0.]), rgb=UNKNOWN, text='Get ready', units='height', win=Window(...), wrapWidth=1)
11.2861 	EXP 	window1: mouseVisible = True
11.2939 	EXP 	Created unnamed TextStim = TextStim(__class__=<class 'psychopy.visual.text.TextStim'>, alignHoriz=method-wrapper(...), alignText='center', alignVert=method-wrapper(...), anchorHoriz='center', anchorVert='center', antialias=True, autoDraw=False, autoLog=True, bold=False, color=array([1., 1., 1.]), colorSpace='rgb', contrast=1.0, depth=0, draggable=False, flipHoriz=False, flipVert=False, font='', fontFiles=[], height=0.04, italic=False, languageStyle='LTR', name='unnamed TextStim', opacity=1.0, ori=0.0, pos=array([0., 0.]), rgb=UNKNOWN, text='Please wait\n\n', units='height', win=Window(...), wrapWidth=1)
11.4782 	EXP 	window1: mouseVisible = False
21.5222 	EXP 	unnamed TextStim: height = 0.04
21.5222 	EXP 	unnamed TextStim: height = 0.04
21.5222 	EXP 	unnamed TextStim: height = 0.04
21.5222 	EXP 	unnamed TextStim: text = 'Welcome!'
26.9316 	DATA 	Keypress: 1
26.9667 	EXP 	unnamed TextStim: height = 0.04
26.9667 	EXP 	unnamed TextStim: height = 0.04
26.9667 	EXP 	unnamed TextStim: height = 0.04
26.9667 	EXP 	unnamed TextStim: text = 'First you will see a cross in the middle of the screen, like this:\n\n+\n\nThis means you should focus on the screen and get ready to play. '
28.0085 	DATA 	Keypress: 1
28.0489 	EXP 	window1: mouseVisible = True
28.0526 	EXP 	Created unnamed Polygon = Polygon(__class__=<class 'psychopy.visual.polygon.Polygon'>, anchor=('center', 'center'), autoDraw=False, autoLog=True, closeShape=True, color=method-wrapper(...), colorSpace='rgb', contrast=None, depth=0, draggable=False, fillColor=array([1, 1, 1]), fillColorSpace='rgb', fillRGB=array([1, 1, 1]), interpolate=True, lineColor=array([1., 1., 1.]), lineColorSpace='rgb', lineRGB=array([1, 1, 1]), lineWidth=1.5, name='unnamed Polygon', opacity=1.0, ori=0.0, pos=array([0. , 0.1]), size=array([1., 1.]), units='height', vertices=ndarray(...), win=Window(...))
28.0601 	EXP 	unnamed TextStim: height = 0.04
28.0601 	EXP 	unnamed TextStim: height = 0.04
28.0601 	EXP 	unnamed TextStim: height = 0.04
28.0601 	EXP 	unnamed TextStim: text = 'Next, a small solid WHITE TRIANGLE will appear on the screen:\n\n \n\n \n\n \n\nPress the button as fast as you can when you see the solid white triangle. '
28.7645 	DATA 	Keypress: 1
28.7849 	EXP 	unnamed TextStim: height = 0.04
28.7849 	EXP 	unnamed TextStim: height = 0.04
28.7849 	EXP 	unnamed TextStim: height = 0.04
28.7849 	EXP 	unnamed TextStim: text = 'Any Questions?\n\nPlease ask them now.'
29.6769 	DATA 	Keypress: 1
30.9575 	DATA 	Keypress: return
36.8011 	DATA 	Keypress: equal
41.8301 	EXP 	unnamed Polygon: autoDraw = True
41.8301 	EXP 	unnamed Polygon: autoDraw = True
41.8464 	EXP 	unnamed Polygon: autoDraw = True
41.8625 	EXP 	unnamed Polygon: autoDraw = True
41.8801 	EXP 	unnamed Polygon: autoDraw = True
41.8963 	EXP 	unnamed Polygon: autoDraw = True
41.9129 	EXP 	unnamed Polygon: autoDraw = True
41.9300 	EXP 	unnamed Polygon: autoDraw = True
41.9462 	EXP 	unnamed Polygon: autoDraw = True
41.9630 	EXP 	unnamed Polygon: autoDraw = True
41.9801 	EXP 	unnamed Polygon: autoDraw = True
42.0130 	EXP 	unnamed Polygon: autoDraw = True
42.0310 	EXP 	unnamed Polygon: autoDraw = True
42.0466 	EXP 	unnamed Polygon: autoDraw = True
42.0632 	EXP 	unnamed Polygon: autoDraw = True
42.0799 	EXP 	unnamed Polygon: autoDraw = True
42.0963 	EXP 	unnamed Polygon: autoDraw = True
42.1129 	EXP 	unnamed Polygon: autoDraw = True
42.1294 	EXP 	unnamed Polygon: autoDraw = True
42.1468 	EXP 	unnamed Polygon: autoDraw = True
42.1630 	EXP 	unnamed Polygon: autoDraw = True
42.1799 	EXP 	unnamed Polygon: autoDraw = True
42.1969 	EXP 	unnamed Polygon: autoDraw = True
42.2131 	EXP 	unnamed Polygon: autoDraw = True
42.2300 	EXP 	unnamed Polygon: autoDraw = True
42.2465 	EXP 	unnamed Polygon: autoDraw = True
42.2629 	EXP 	unnamed Polygon: autoDraw = True
42.2799 	EXP 	unnamed Polygon: autoDraw = True
42.2964 	EXP 	unnamed Polygon: autoDraw = True
42.3133 	EXP 	unnamed Polygon: autoDraw = True
42.3301 	EXP 	unnamed Polygon: autoDraw = True
42.3462 	EXP 	unnamed Polygon: autoDraw = False
42.4833 	DATA 	Keypress: escape
42.4963 	WARNING 	Escape pressed, exiting early!
42.4964 	WARNING 	Total earnings: -1.5
43.0487 	EXP 	window1: mouseVisible = True
7.0540 	WARNING 	Monitor specification not found. Creating a temporary one...
7.0738 	WARNING 	Requested an unavailable screen number - using first available.
7.0749 	WARNING 	User requested fullscreen with size [800 600], but screen is actually [1440, 900]. Using actual size
7.9698 	EXP 	Created window1 = Window(allowGUI=True, allowStencil=False, autoLog=True, backendConf=UNKNOWN, backgroundFit=<method-wrapper '__getattribute__' of attributeSetter object at 0x7fa3fa6d37f0>, backgroundImage=<method-wrapper '__getattribute__' of attributeSetter object at 0x7fa3fa6d3790>, bitsMode=UNKNOWN, blendMode='avg', bpc=(8, 8, 8), color=array([-1, -1, -1]), colorSpace='rgb', depthBits=8, fullscr=<method-wrapper '__getattribute__' of attributeSetter object at 0x7fa3fa6d3610>, gamma=None, gammaErrorPolicy='raise', lms=UNKNOWN, monitor=<psychopy.monitors.calibTools.Monitor object at 0x7fa3fa72d040>, multiSample=False, name='window1', numSamples=2, pos=[0.0, 0.0], screen=1, size=array([1440,  900]), stencilBits=0, stereo=False, title='PsychoPy', units='height', useFBO=False, useRetina=False, viewOri=0.0, viewPos=None, viewScale=None, waitBlanking=True, winType='pyglet')
7.9701 	EXP 	window1: mouseVisible = True
7.9701 	EXP 	window1: backgroundImage = None
7.9702 	EXP 	window1: backgroundFit = 'cover'
7.9752 	EXP 	window1: Attempting to measure frame rate of screen (1) ...
7.9753 	EXP 	window1: recordFrameIntervals = False
8.1364 	EXP 	window1: recordFrameIntervals = True
8.3192 	EXP 	Screen (1) actual frame rate measured at 59.78Hz
8.3193 	EXP 	window1: recordFrameIntervals = False
8.3201 	EXP 	window1: mouseVisible = True
8.3999 	EXP 	Created unnamed TextStim = TextStim(__class__=<class 'psychopy.visual.text.TextStim'>, alignHoriz=method-wrapper(...), alignText='center', alignVert=method-wrapper(...), anchorHoriz='center', anchorVert='center', antialias=True, autoDraw=False, autoLog=True, bold=False, color=array([1., 1., 1.]), colorSpace='rgb', contrast=1.0, depth=0, draggable=False, flipHoriz=False, flipVert=False, font='', fontFiles=[], height=0.04, italic=False, languageStyle='LTR', name='unnamed TextStim', opacity=1.0, ori=0.0, pos=array([ 0.  , -0.25]), rgb=UNKNOWN, text='Press the button to continue.', units='height', win=Window(...), wrapWidth=1)
8.4001 	EXP 	window1: mouseVisible = True
8.4094 	EXP 	Created unnamed TextStim = TextStim(__class__=<class 'psychopy.visual.text.TextStim'>, alignHoriz=method-wrapper(...), alignText='center', alignVert=method-wrapper(...), anchorHoriz='center', anchorVert='center', antialias=True, autoDraw=False, autoLog=True, bold=False, color=array([1., 1., 1.]), colorSpace='rgb', contrast=1.0, depth=0, draggable=False, flipHoriz=False, flipVert=False, font='', fontFiles=[], height=0.08, italic=False, languageStyle='LTR', name='unnamed TextStim', opacity=1.0, ori=0.0, pos=array([0., 0.]), rgb=UNKNOWN, text='+', units='height', win=Window(...), wrapWidth=1)
8.4097 	EXP 	window1: mouseVisible = True
8.4319 	EXP 	Created unnamed TextStim = TextStim(__class__=<class 'psychopy.visual.text.TextStim'>, alignHoriz=method-wrapper(...), alignText='center', alignVert=method-wrapper(...), anchorHoriz='center', anchorVert='center', antialias=True, autoDraw=False, autoLog=True, bold=False, color=array([1., 1., 1.]), colorSpace='rgb', contrast=1.0, depth=0, draggable=False, flipHoriz=False, flipVert=False, font='', fontFiles=[], height=0.04, italic=False, languageStyle='LTR', name='unnamed TextStim', opacity=1.0, ori=0.0, pos=array([0., 0.]), rgb=UNKNOWN, text=str(...), units='height', win=Window(...), wrapWidth=0.8888888888888888)
8.4322 	EXP 	window1: mouseVisible = True
8.4522 	EXP 	Created unnamed TextStim = TextStim(__class__=<class 'psychopy.visual.text.TextStim'>, alignHoriz=method-wrapper(...), alignText='center', alignVert=method-wrapper(...), anchorHoriz='center', anchorVert='center', antialias=True, autoDraw=False, autoLog=True, bold=False, color=array([1., 1., 1.]), colorSpace='rgb', contrast=1.0, depth=0, draggable=False, flipHoriz=False, flipVert=False, font='Arial', fontFiles=[], height=0.04, italic=False, languageStyle='LTR', name='unnamed TextStim', opacity=1.0, ori=0.0, pos=array([0. , 0.1]), rgb=UNKNOWN, text='Hello World', units='height', win=Window(...), wrapWidth=0.8888888888888888)
8.4525 	EXP 	window1: mouseVisible = True
8.4875 	EXP 	Created unnamed TextStim = TextStim(__class__=<class 'psychopy.visual.text.TextStim'>, alignHoriz=method-wrapper(...), alignText='center', alignVert=method-wrapper(...), anchorHoriz='center', anchorVert='center', antialias=True, autoDraw=False, autoLog=True, bold=False, color=array([1., 1., 1.]), colorSpace='rgb', contrast=1.0, depth=0, draggable=False, flipHoriz=False, flipVert=False, font='', fontFiles=[], height=0.04, italic=False, languageStyle='LTR', name='unnamed TextStim', opacity=1.0, ori=0.0, pos=array([0., 0.]), rgb=UNKNOWN, text=str(...), units='height', win=Window(...), wrapWidth=0.8888888888888888)
8.4877 	EXP 	window1: mouseVisible = True
8.4990 	EXP 	Created unnamed TextStim = TextStim(__class__=<class 'psychopy.visual.text.TextStim'>, alignHoriz=method-wrapper(...), alignText='center', alignVert=method-wrapper(...), anchorHoriz='center', anchorVert='center', antialias=True, autoDraw=False, autoLog=True, bold=False, color=array([1., 1., 1.]), colorSpace='rgb', contrast=1.0, depth=0, draggable=False, flipHoriz=False, flipVert=False, font='', fontFiles=[], height=0.04, italic=False, languageStyle='LTR', name='unnamed TextStim', opacity=1.0, ori=0.0, pos=array([0., 0.]), rgb=UNKNOWN, text='The task will begin momentarily. Get ready...', units='height', win=Window(...), wrapWidth=1)
8.4993 	EXP 	window1: mouseVisible = True
8.5056 	EXP 	Created unnamed TextStim = TextStim(__class__=<class 'psychopy.visual.text.TextStim'>, alignHoriz=method-wrapper(...), alignText='center', alignVert=method-wrapper(...), anchorHoriz='center', anchorVert='center', antialias=True, autoDraw=False, autoLog=True, bold=False, color=array([1., 1., 1.]), colorSpace='rgb', contrast=1.0, depth=0, draggable=False, flipHoriz=False, flipVert=False, font='', fontFiles=[], height=0.04, italic=False, languageStyle='LTR', name='unnamed TextStim', opacity=1.0, ori=0.0, pos=array([0., 0.]), rgb=UNKNOWN, text=str(...), units='height', win=Window(...), wrapWidth=0.8888888888888888)
8.5060 	EXP 	window1: mouseVisible = True
8.5718 	EXP 	Created unnamed ImageStim = ImageStim(__class__=<class 'psychopy.visual.image.ImageStim'>, anchor=('center', 'center'), autoLog=True, color=array([1., 1., 1.]), colorSpace='rgb', contrast=1.0, depth=0, draggable=False, flipHoriz=False, flipVert=False, image='../stimuli/reward_low.png', interpolate=False, mask=None, maskParams=None, name='unnamed ImageStim', opacity=1.0, ori=0.0, pos=array([0., 0.]), size=array([0.3, 0.3]), texRes=128, units='height', win=Window(...))
8.5721 	EXP 	window1: mouseVisible = True
8.6272 	EXP 	Created unnamed ImageStim = ImageStim(__class__=<class 'psychopy.visual.image.ImageStim'>, anchor=('center', 'center'), autoLog=True, color=array([1., 1., 1.]), colorSpace='rgb', contrast=1.0, depth=0, draggable=False, flipHoriz=False, flipVert=False, image='../stimuli/reward_high.png', interpolate=False, mask=None, maskParams=None, name='unnamed ImageStim', opacity=1.0, ori=0.0, pos=array([0., 0.]), size=array([0.3, 0.3]), texRes=128, units='height', win=Window(...))
8.6274 	EXP 	window1: mouseVisible = True
8.6816 	EXP 	Created unnamed ImageStim = ImageStim(__class__=<class 'psychopy.visual.image.ImageStim'>, anchor=('center', 'center'), autoLog=True, color=array([1., 1., 1.]), colorSpace='rgb', contrast=1.0, depth=0, draggable=False, flipHoriz=False, flipVert=False, image='../stimuli/reward_neut.png', interpolate=False, mask=None, maskParams=None, name='unnamed ImageStim', opacity=1.0, ori=0.0, pos=array([0., 0.]), size=array([0.3, 0.3]), texRes=128, units='height', win=Window(...))
8.6818 	EXP 	window1: mouseVisible = True
8.7380 	EXP 	Created unnamed ImageStim = ImageStim(__class__=<class 'psychopy.visual.image.ImageStim'>, anchor=('center', 'center'), autoLog=True, color=array([1., 1., 1.]), colorSpace='rgb', contrast=1.0, depth=0, draggable=False, flipHoriz=False, flipVert=False, image='../stimuli/loss_low.png', interpolate=False, mask=None, maskParams=None, name='unnamed ImageStim', opacity=1.0, ori=0.0, pos=array([0., 0.]), size=array([0.3, 0.3]), texRes=128, units='height', win=Window(...))
8.7383 	EXP 	window1: mouseVisible = True
8.7946 	EXP 	Created unnamed ImageStim = ImageStim(__class__=<class 'psychopy.visual.image.ImageStim'>, anchor=('center', 'center'), autoLog=True, color=array([1., 1., 1.]), colorSpace='rgb', contrast=1.0, depth=0, draggable=False, flipHoriz=False, flipVert=False, image='../stimuli/loss_high.png', interpolate=False, mask=None, maskParams=None, name='unnamed ImageStim', opacity=1.0, ori=0.0, pos=array([0., 0.]), size=array([0.3, 0.3]), texRes=128, units='height', win=Window(...))
8.7949 	EXP 	window1: mouseVisible = True
8.8538 	EXP 	Created unnamed ImageStim = ImageStim(__class__=<class 'psychopy.visual.image.ImageStim'>, anchor=('center', 'center'), autoLog=True, color=array([1., 1., 1.]), colorSpace='rgb', contrast=1.0, depth=0, draggable=False, flipHoriz=False, flipVert=False, image='../stimuli/loss_neut.png', interpolate=False, mask=None, maskParams=None, name='unnamed ImageStim', opacity=1.0, ori=0.0, pos=array([0., 0.]), size=array([0.3, 0.3]), texRes=128, units='height', win=Window(...))
8.8573 	EXP 	window1: mouseVisible = True
8.8604 	EXP 	Created unnamed Polygon = Polygon(__class__=<class 'psychopy.visual.polygon.Polygon'>, anchor=('center', 'center'), autoDraw=False, autoLog=True, closeShape=True, color=method-wrapper(...), colorSpace='rgb', contrast=None, depth=0, draggable=False, fillColor=array([1, 1, 1]), fillColorSpace='rgb', fillRGB=array([1, 1, 1]), interpolate=True, lineColor=array([1., 1., 1.]), lineColorSpace='rgb', lineRGB=array([1, 1, 1]), lineWidth=1.5, name='unnamed Polygon', opacity=1.0, ori=0.0, pos=array([0., 0.]), size=array([1., 1.]), units='height', vertices=ndarray(...), win=Window(...))
8.8607 	EXP 	window1: mouseVisible = True
8.8762 	EXP 	Created trial_feedback = TextStim(__class__=<class 'psychopy.visual.text.TextStim'>, alignHoriz=method-wrapper(...), alignText='center', alignVert=method-wrapper(...), anchorHoriz='center', anchorVert='center', antialias=True, autoDraw=False, autoLog=True, bold=False, color=array([1., 1., 1.]), colorSpace='rgb', contrast=1.0, depth=0, draggable=False, flipHoriz=False, flipVert=False, font='Arial', fontFiles=[], height=0.09, italic=False, languageStyle='LTR', name='trial_feedback', opacity=1.0, ori=0, pos=array([0., 0.]), rgb=UNKNOWN, text='Trial:', units='height', win=Window(...), wrapWidth=1)
8.8765 	EXP 	window1: mouseVisible = True
8.8854 	EXP 	Created exp_feedback = TextStim(__class__=<class 'psychopy.visual.text.TextStim'>, alignHoriz=method-wrapper(...), alignText='center', alignVert=method-wrapper(...), anchorHoriz='center', anchorVert='center', antialias=True, autoDraw=False, autoLog=True, bold=False, color=array([1., 1., 1.]), colorSpace='rgb', contrast=1.0, depth=0, draggable=False, flipHoriz=False, flipVert=False, font='Arial', fontFiles=[], height=0.09, italic=False, languageStyle='LTR', name='exp_feedback', opacity=1.0, ori=0, pos=array([ 0.    , -0.0625]), rgb=UNKNOWN, text='Total:', units='height', win=Window(...), wrapWidth=1)
8.8857 	EXP 	window1: mouseVisible = True
8.9008 	EXP 	Created unnamed TextStim = TextStim(__class__=<class 'psychopy.visual.text.TextStim'>, alignHoriz=method-wrapper(...), alignText='center', alignVert=method-wrapper(...), anchorHoriz='center', anchorVert='center', antialias=True, autoDraw=False, autoLog=True, bold=False, color=array([1., 1., 1.]), colorSpace='rgb', contrast=1.0, depth=0, draggable=False, flipHoriz=False, flipVert=False, font='', fontFiles=[], height=0.04, italic=False, languageStyle='LTR', name='unnamed TextStim', opacity=1.0, ori=0.0, pos=array([0., 0.]), rgb=UNKNOWN, text=str(...), units='height', win=Window(...), wrapWidth=1)
8.9010 	EXP 	window1: mouseVisible = True
8.9066 	EXP 	Created unnamed TextStim = TextStim(__class__=<class 'psychopy.visual.text.TextStim'>, alignHoriz=method-wrapper(...), alignText='center', alignVert=method-wrapper(...), anchorHoriz='center', anchorVert='center', antialias=True, autoDraw=False, autoLog=True, bold=False, color=array([1., 1., 1.]), colorSpace='rgb', contrast=1.0, depth=0, draggable=False, flipHoriz=False, flipVert=False, font='', fontFiles=[], height=0.04, italic=False, languageStyle='LTR', name='unnamed TextStim', opacity=1.0, ori=0.0, pos=array([0., 0.]), rgb=UNKNOWN, text='Get ready', units='height', win=Window(...), wrapWidth=1)
8.9068 	EXP 	window1: mouseVisible = True
8.9191 	EXP 	Created unnamed TextStim = TextStim(__class__=<class 'psychopy.visual.text.TextStim'>, alignHoriz=method-wrapper(...), alignText='center', alignVert=method-wrapper(...), anchorHoriz='center', anchorVert='center', antialias=True, autoDraw=False, autoLog=True, bold=False, color=array([1., 1., 1.]), colorSpace='rgb', contrast=1.0, depth=0, draggable=False, flipHoriz=False, flipVert=False, font='', fontFiles=[], height=0.04, italic=False, languageStyle='LTR', name='unnamed TextStim', opacity=1.0, ori=0.0, pos=array([0., 0.]), rgb=UNKNOWN, text='Please wait\n\n', units='height', win=Window(...), wrapWidth=1)
9.1102 	EXP 	window1: mouseVisible = False
19.1471 	EXP 	unnamed TextStim: height = 0.04
19.1471 	EXP 	unnamed TextStim: height = 0.04
19.1471 	EXP 	unnamed TextStim: height = 0.04
19.1471 	EXP 	unnamed TextStim: text = 'Welcome!'
45.1305 	DATA 	Keypress: 1
45.1865 	EXP 	unnamed TextStim: height = 0.04
45.1865 	EXP 	unnamed TextStim: height = 0.04
45.1865 	EXP 	unnamed TextStim: height = 0.04
45.1865 	EXP 	unnamed TextStim: text = 'First you will see a cross in the middle of the screen, like this:\n\n+\n\nThis means you should focus on the screen and get ready to play. '
45.7232 	DATA 	Keypress: 1
45.7719 	EXP 	window1: mouseVisible = True
45.7810 	EXP 	Created unnamed Polygon = Polygon(__class__=<class 'psychopy.visual.polygon.Polygon'>, anchor=('center', 'center'), autoDraw=False, autoLog=True, closeShape=True, color=method-wrapper(...), colorSpace='rgb', contrast=None, depth=0, draggable=False, fillColor=array([1, 1, 1]), fillColorSpace='rgb', fillRGB=array([1, 1, 1]), interpolate=True, lineColor=array([1., 1., 1.]), lineColorSpace='rgb', lineRGB=array([1, 1, 1]), lineWidth=1.5, name='unnamed Polygon', opacity=1.0, ori=0.0, pos=array([0. , 0.1]), size=array([1., 1.]), units='height', vertices=ndarray(...), win=Window(...))
45.7892 	EXP 	unnamed TextStim: height = 0.04
45.7892 	EXP 	unnamed TextStim: height = 0.04
45.7892 	EXP 	unnamed TextStim: height = 0.04
45.7892 	EXP 	unnamed TextStim: text = 'Next, a small solid WHITE TRIANGLE will appear on the screen:\n\n \n\n \n\n \n\nPress the button as fast as you can when you see the solid white triangle. '
46.1613 	DATA 	Keypress: 1
46.1776 	EXP 	unnamed TextStim: height = 0.04
46.1776 	EXP 	unnamed TextStim: height = 0.04
46.1776 	EXP 	unnamed TextStim: height = 0.04
46.1776 	EXP 	unnamed TextStim: text = 'Any Questions?\n\nPlease ask them now.'
47.3113 	DATA 	Keypress: 1
48.5361 	DATA 	Keypress: return
53.5715 	EXP 	unnamed Polygon: autoDraw = True
53.5715 	EXP 	unnamed Polygon: autoDraw = True
53.5886 	EXP 	unnamed Polygon: autoDraw = True
53.6049 	EXP 	unnamed Polygon: autoDraw = True
53.6216 	EXP 	unnamed Polygon: autoDraw = True
53.6381 	EXP 	unnamed Polygon: autoDraw = True
53.6545 	EXP 	unnamed Polygon: autoDraw = True
53.6722 	EXP 	unnamed Polygon: autoDraw = True
53.6883 	EXP 	unnamed Polygon: autoDraw = True
53.7048 	EXP 	unnamed Polygon: autoDraw = True
53.7218 	EXP 	unnamed Polygon: autoDraw = True
53.7382 	EXP 	unnamed Polygon: autoDraw = True
53.7545 	EXP 	unnamed Polygon: autoDraw = True
53.7718 	EXP 	unnamed Polygon: autoDraw = True
53.7884 	EXP 	unnamed Polygon: autoDraw = True
53.8048 	EXP 	unnamed Polygon: autoDraw = True
53.8212 	EXP 	unnamed Polygon: autoDraw = True
53.8383 	EXP 	unnamed Polygon: autoDraw = True
53.8547 	EXP 	unnamed Polygon: autoDraw = True
53.8715 	EXP 	unnamed Polygon: autoDraw = True
53.8881 	EXP 	unnamed Polygon: autoDraw = True
53.9043 	EXP 	unnamed Polygon: autoDraw = True
53.9214 	EXP 	unnamed Polygon: autoDraw = True
53.9381 	EXP 	unnamed Polygon: autoDraw = True
53.9551 	EXP 	unnamed Polygon: autoDraw = True
53.9722 	EXP 	unnamed Polygon: autoDraw = True
53.9881 	EXP 	unnamed Polygon: autoDraw = True
54.0050 	EXP 	unnamed Polygon: autoDraw = True
54.0216 	EXP 	unnamed Polygon: autoDraw = True
54.0382 	EXP 	unnamed Polygon: autoDraw = True
54.0554 	EXP 	unnamed Polygon: autoDraw = True
54.0716 	EXP 	unnamed Polygon: autoDraw = False
59.5720 	EXP 	unnamed Polygon: autoDraw = True
59.5720 	EXP 	unnamed Polygon: autoDraw = True
59.5888 	EXP 	unnamed Polygon: autoDraw = True
59.6066 	EXP 	unnamed Polygon: autoDraw = True
59.6222 	EXP 	unnamed Polygon: autoDraw = True
59.6379 	EXP 	unnamed Polygon: autoDraw = True
59.6545 	EXP 	unnamed Polygon: autoDraw = True
59.6726 	EXP 	unnamed Polygon: autoDraw = True
59.6892 	EXP 	unnamed Polygon: autoDraw = True
59.7063 	EXP 	unnamed Polygon: autoDraw = True
59.7215 	EXP 	unnamed Polygon: autoDraw = True
59.7382 	EXP 	unnamed Polygon: autoDraw = True
59.7548 	EXP 	unnamed Polygon: autoDraw = True
59.7722 	EXP 	unnamed Polygon: autoDraw = True
59.7880 	EXP 	unnamed Polygon: autoDraw = True
59.8049 	EXP 	unnamed Polygon: autoDraw = True
59.8239 	EXP 	unnamed Polygon: autoDraw = True
59.8381 	EXP 	unnamed Polygon: autoDraw = True
59.8547 	EXP 	unnamed Polygon: autoDraw = True
59.8724 	EXP 	unnamed Polygon: autoDraw = True
59.8887 	EXP 	unnamed Polygon: autoDraw = True
59.9046 	EXP 	unnamed Polygon: autoDraw = True
59.9219 	EXP 	unnamed Polygon: autoDraw = True
59.9382 	EXP 	unnamed Polygon: autoDraw = True
59.9550 	EXP 	unnamed Polygon: autoDraw = True
59.9722 	EXP 	unnamed Polygon: autoDraw = True
59.9881 	EXP 	unnamed Polygon: autoDraw = True
60.0048 	EXP 	unnamed Polygon: autoDraw = True
60.0224 	EXP 	unnamed Polygon: autoDraw = True
60.0388 	EXP 	unnamed Polygon: autoDraw = True
60.0546 	EXP 	unnamed Polygon: autoDraw = True
60.0721 	EXP 	unnamed Polygon: autoDraw = True
60.0886 	EXP 	unnamed Polygon: autoDraw = False
67.5893 	EXP 	unnamed Polygon: autoDraw = True
67.5893 	EXP 	unnamed Polygon: autoDraw = True
67.6065 	EXP 	unnamed Polygon: autoDraw = True
67.6235 	EXP 	unnamed Polygon: autoDraw = True
67.6392 	EXP 	unnamed Polygon: autoDraw = True
67.6557 	EXP 	unnamed Polygon: autoDraw = True
67.6727 	EXP 	unnamed Polygon: autoDraw = True
67.6891 	EXP 	unnamed Polygon: autoDraw = True
67.7068 	EXP 	unnamed Polygon: autoDraw = True
67.7227 	EXP 	unnamed Polygon: autoDraw = True
67.7395 	EXP 	unnamed Polygon: autoDraw = True
67.7559 	EXP 	unnamed Polygon: autoDraw = True
67.7729 	EXP 	unnamed Polygon: autoDraw = True
67.7889 	EXP 	unnamed Polygon: autoDraw = True
67.8057 	EXP 	unnamed Polygon: autoDraw = True
67.8231 	EXP 	unnamed Polygon: autoDraw = True
67.8390 	EXP 	unnamed Polygon: autoDraw = True
67.8557 	EXP 	unnamed Polygon: autoDraw = True
67.8722 	EXP 	unnamed Polygon: autoDraw = True
67.8890 	EXP 	unnamed Polygon: autoDraw = True
67.9060 	EXP 	unnamed Polygon: autoDraw = True
67.9224 	EXP 	unnamed Polygon: autoDraw = True
67.9392 	EXP 	unnamed Polygon: autoDraw = True
67.9557 	EXP 	unnamed Polygon: autoDraw = True
67.9727 	EXP 	unnamed Polygon: autoDraw = True
67.9892 	EXP 	unnamed Polygon: autoDraw = True
68.0059 	EXP 	unnamed Polygon: autoDraw = True
68.0222 	EXP 	unnamed Polygon: autoDraw = True
68.0393 	EXP 	unnamed Polygon: autoDraw = True
68.0559 	EXP 	unnamed Polygon: autoDraw = True
68.0728 	EXP 	unnamed Polygon: autoDraw = True
68.0892 	EXP 	unnamed Polygon: autoDraw = True
68.1057 	EXP 	unnamed Polygon: autoDraw = False
73.5894 	EXP 	unnamed Polygon: autoDraw = True
73.5894 	EXP 	unnamed Polygon: autoDraw = True
73.6059 	EXP 	unnamed Polygon: autoDraw = True
73.6229 	EXP 	unnamed Polygon: autoDraw = True
73.6395 	EXP 	unnamed Polygon: autoDraw = True
73.6563 	EXP 	unnamed Polygon: autoDraw = True
73.6731 	EXP 	unnamed Polygon: autoDraw = True
73.6901 	EXP 	unnamed Polygon: autoDraw = True
73.7069 	EXP 	unnamed Polygon: autoDraw = True
73.7243 	EXP 	unnamed Polygon: autoDraw = True
73.7402 	EXP 	unnamed Polygon: autoDraw = True
73.7568 	EXP 	unnamed Polygon: autoDraw = True
73.7729 	EXP 	unnamed Polygon: autoDraw = True
73.7894 	EXP 	unnamed Polygon: autoDraw = True
73.8068 	EXP 	unnamed Polygon: autoDraw = True
73.8225 	EXP 	unnamed Polygon: autoDraw = True
73.8388 	EXP 	unnamed Polygon: autoDraw = True
73.8555 	EXP 	unnamed Polygon: autoDraw = True
73.8724 	EXP 	unnamed Polygon: autoDraw = True
73.8889 	EXP 	unnamed Polygon: autoDraw = True
73.9054 	EXP 	unnamed Polygon: autoDraw = True
73.9226 	EXP 	unnamed Polygon: autoDraw = True
73.9393 	EXP 	unnamed Polygon: autoDraw = True
73.9558 	EXP 	unnamed Polygon: autoDraw = True
73.9731 	EXP 	unnamed Polygon: autoDraw = True
73.9895 	EXP 	unnamed Polygon: autoDraw = True
74.0060 	EXP 	unnamed Polygon: autoDraw = True
74.0226 	EXP 	unnamed Polygon: autoDraw = True
74.0392 	EXP 	unnamed Polygon: autoDraw = True
74.0557 	EXP 	unnamed Polygon: autoDraw = True
74.0721 	EXP 	unnamed Polygon: autoDraw = True
74.0892 	EXP 	unnamed Polygon: autoDraw = True
74.1067 	EXP 	unnamed Polygon: autoDraw = False
83.5899 	EXP 	unnamed Polygon: autoDraw = True
83.5899 	EXP 	unnamed Polygon: autoDraw = True
83.6076 	EXP 	unnamed Polygon: autoDraw = True
83.6245 	EXP 	unnamed Polygon: autoDraw = True
83.6400 	EXP 	unnamed Polygon: autoDraw = True
83.6568 	EXP 	unnamed Polygon: autoDraw = True
83.6736 	EXP 	unnamed Polygon: autoDraw = True
83.6896 	EXP 	unnamed Polygon: autoDraw = True
83.7069 	EXP 	unnamed Polygon: autoDraw = True
83.7235 	EXP 	unnamed Polygon: autoDraw = True
83.7403 	EXP 	unnamed Polygon: autoDraw = True
83.7568 	EXP 	unnamed Polygon: autoDraw = True
83.7737 	EXP 	unnamed Polygon: autoDraw = True
83.7903 	EXP 	unnamed Polygon: autoDraw = True
83.8068 	EXP 	unnamed Polygon: autoDraw = True
83.8232 	EXP 	unnamed Polygon: autoDraw = True
83.8399 	EXP 	unnamed Polygon: autoDraw = True
83.8565 	EXP 	unnamed Polygon: autoDraw = True
83.8731 	EXP 	unnamed Polygon: autoDraw = True
83.8916 	EXP 	unnamed Polygon: autoDraw = True
83.9068 	EXP 	unnamed Polygon: autoDraw = True
83.9236 	EXP 	unnamed Polygon: autoDraw = True
83.9402 	EXP 	unnamed Polygon: autoDraw = True
83.9574 	EXP 	unnamed Polygon: autoDraw = True
83.9785 	EXP 	unnamed Polygon: autoDraw = True
83.9900 	EXP 	unnamed Polygon: autoDraw = True
84.0074 	EXP 	unnamed Polygon: autoDraw = True
84.0237 	EXP 	unnamed Polygon: autoDraw = True
84.0400 	EXP 	unnamed Polygon: autoDraw = True
84.0570 	EXP 	unnamed Polygon: autoDraw = True
84.0736 	EXP 	unnamed Polygon: autoDraw = True
84.0900 	EXP 	unnamed Polygon: autoDraw = True
84.1071 	EXP 	unnamed Polygon: autoDraw = True
84.1235 	EXP 	unnamed Polygon: autoDraw = False
93.5904 	EXP 	unnamed Polygon: autoDraw = True
93.5904 	EXP 	unnamed Polygon: autoDraw = True
93.6070 	EXP 	unnamed Polygon: autoDraw = True
93.6250 	EXP 	unnamed Polygon: autoDraw = True
93.6416 	EXP 	unnamed Polygon: autoDraw = True
93.6577 	EXP 	unnamed Polygon: autoDraw = True
93.6735 	EXP 	unnamed Polygon: autoDraw = True
93.6905 	EXP 	unnamed Polygon: autoDraw = True
93.7069 	EXP 	unnamed Polygon: autoDraw = True
93.7236 	EXP 	unnamed Polygon: autoDraw = True
93.7401 	EXP 	unnamed Polygon: autoDraw = True
93.7579 	EXP 	unnamed Polygon: autoDraw = True
93.7744 	EXP 	unnamed Polygon: autoDraw = True
93.7905 	EXP 	unnamed Polygon: autoDraw = True
93.8085 	EXP 	unnamed Polygon: autoDraw = True
93.8240 	EXP 	unnamed Polygon: autoDraw = True
93.8405 	EXP 	unnamed Polygon: autoDraw = True
93.8576 	EXP 	unnamed Polygon: autoDraw = True
93.8744 	EXP 	unnamed Polygon: autoDraw = True
93.8907 	EXP 	unnamed Polygon: autoDraw = True
93.9079 	EXP 	unnamed Polygon: autoDraw = True
93.9245 	EXP 	unnamed Polygon: autoDraw = True
93.9410 	EXP 	unnamed Polygon: autoDraw = True
93.9576 	EXP 	unnamed Polygon: autoDraw = True
93.9744 	EXP 	unnamed Polygon: autoDraw = True
93.9908 	EXP 	unnamed Polygon: autoDraw = True
94.0077 	EXP 	unnamed Polygon: autoDraw = True
94.0244 	EXP 	unnamed Polygon: autoDraw = True
94.0406 	EXP 	unnamed Polygon: autoDraw = True
94.0576 	EXP 	unnamed Polygon: autoDraw = True
94.0744 	EXP 	unnamed Polygon: autoDraw = True
94.0912 	EXP 	unnamed Polygon: autoDraw = True
94.1080 	EXP 	unnamed Polygon: autoDraw = False
99.5909 	EXP 	unnamed Polygon: autoDraw = True
99.5909 	EXP 	unnamed Polygon: autoDraw = True
99.6086 	EXP 	unnamed Polygon: autoDraw = True
99.6246 	EXP 	unnamed Polygon: autoDraw = True
99.6409 	EXP 	unnamed Polygon: autoDraw = True
99.6579 	EXP 	unnamed Polygon: autoDraw = True
99.6752 	EXP 	unnamed Polygon: autoDraw = True
99.6922 	EXP 	unnamed Polygon: autoDraw = True
99.7090 	EXP 	unnamed Polygon: autoDraw = True
99.7239 	EXP 	unnamed Polygon: autoDraw = True
99.7405 	EXP 	unnamed Polygon: autoDraw = True
99.7572 	EXP 	unnamed Polygon: autoDraw = True
99.7743 	EXP 	unnamed Polygon: autoDraw = True
99.7907 	EXP 	unnamed Polygon: autoDraw = True
99.8081 	EXP 	unnamed Polygon: autoDraw = True
99.8253 	EXP 	unnamed Polygon: autoDraw = True
99.8415 	EXP 	unnamed Polygon: autoDraw = True
99.8581 	EXP 	unnamed Polygon: autoDraw = True
99.8752 	EXP 	unnamed Polygon: autoDraw = True
99.8907 	EXP 	unnamed Polygon: autoDraw = True
99.9082 	EXP 	unnamed Polygon: autoDraw = True
99.9246 	EXP 	unnamed Polygon: autoDraw = True
99.9420 	EXP 	unnamed Polygon: autoDraw = True
99.9593 	EXP 	unnamed Polygon: autoDraw = True
99.9756 	EXP 	unnamed Polygon: autoDraw = True
99.9918 	EXP 	unnamed Polygon: autoDraw = True
100.0080 	EXP 	unnamed Polygon: autoDraw = True
100.0244 	EXP 	unnamed Polygon: autoDraw = True
100.0411 	EXP 	unnamed Polygon: autoDraw = True
100.0579 	EXP 	unnamed Polygon: autoDraw = True
100.0755 	EXP 	unnamed Polygon: autoDraw = True
100.0909 	EXP 	unnamed Polygon: autoDraw = True
100.1081 	EXP 	unnamed Polygon: autoDraw = True
100.1245 	EXP 	unnamed Polygon: autoDraw = False
109.6089 	EXP 	unnamed Polygon: autoDraw = True
109.6089 	EXP 	unnamed Polygon: autoDraw = True
109.6257 	EXP 	unnamed Polygon: autoDraw = True
109.6426 	EXP 	unnamed Polygon: autoDraw = True
109.6598 	EXP 	unnamed Polygon: autoDraw = True
109.6757 	EXP 	unnamed Polygon: autoDraw = True
109.6924 	EXP 	unnamed Polygon: autoDraw = True
109.7087 	EXP 	unnamed Polygon: autoDraw = True
109.7256 	EXP 	unnamed Polygon: autoDraw = True
109.7417 	EXP 	unnamed Polygon: autoDraw = True
109.7589 	EXP 	unnamed Polygon: autoDraw = True
109.7763 	EXP 	unnamed Polygon: autoDraw = True
109.7918 	EXP 	unnamed Polygon: autoDraw = True
109.8095 	EXP 	unnamed Polygon: autoDraw = True
109.8257 	EXP 	unnamed Polygon: autoDraw = True
109.8418 	EXP 	unnamed Polygon: autoDraw = True
109.8590 	EXP 	unnamed Polygon: autoDraw = True
109.8755 	EXP 	unnamed Polygon: autoDraw = True
109.8919 	EXP 	unnamed Polygon: autoDraw = True
109.9088 	EXP 	unnamed Polygon: autoDraw = True
109.9256 	EXP 	unnamed Polygon: autoDraw = True
109.9418 	EXP 	unnamed Polygon: autoDraw = True
109.9589 	EXP 	unnamed Polygon: autoDraw = True
109.9757 	EXP 	unnamed Polygon: autoDraw = True
109.9916 	EXP 	unnamed Polygon: autoDraw = True
110.0093 	EXP 	unnamed Polygon: autoDraw = True
110.0249 	EXP 	unnamed Polygon: autoDraw = True
110.0417 	EXP 	unnamed Polygon: autoDraw = True
110.0585 	EXP 	unnamed Polygon: autoDraw = True
110.0751 	EXP 	unnamed Polygon: autoDraw = True
110.0917 	EXP 	unnamed Polygon: autoDraw = True
110.1087 	EXP 	unnamed Polygon: autoDraw = True
110.1254 	EXP 	unnamed Polygon: autoDraw = True
110.1416 	EXP 	unnamed Polygon: autoDraw = False
119.6096 	EXP 	unnamed Polygon: autoDraw = True
119.6096 	EXP 	unnamed Polygon: autoDraw = True
119.6261 	EXP 	unnamed Polygon: autoDraw = True
119.6434 	EXP 	unnamed Polygon: autoDraw = True
119.6612 	EXP 	unnamed Polygon: autoDraw = True
119.6763 	EXP 	unnamed Polygon: autoDraw = True
119.6929 	EXP 	unnamed Polygon: autoDraw = True
119.7109 	EXP 	unnamed Polygon: autoDraw = True
119.7266 	EXP 	unnamed Polygon: autoDraw = True
119.7435 	EXP 	unnamed Polygon: autoDraw = True
119.7604 	EXP 	unnamed Polygon: autoDraw = True
119.7761 	EXP 	unnamed Polygon: autoDraw = True
119.7933 	EXP 	unnamed Polygon: autoDraw = True
119.8097 	EXP 	unnamed Polygon: autoDraw = True
119.8260 	EXP 	unnamed Polygon: autoDraw = True
119.8423 	EXP 	unnamed Polygon: autoDraw = True
119.8596 	EXP 	unnamed Polygon: autoDraw = True
119.8758 	EXP 	unnamed Polygon: autoDraw = True
119.8926 	EXP 	unnamed Polygon: autoDraw = True
119.9095 	EXP 	unnamed Polygon: autoDraw = True
119.9264 	EXP 	unnamed Polygon: autoDraw = True
119.9422 	EXP 	unnamed Polygon: autoDraw = True
119.9596 	EXP 	unnamed Polygon: autoDraw = True
119.9758 	EXP 	unnamed Polygon: autoDraw = True
119.9925 	EXP 	unnamed Polygon: autoDraw = True
120.0096 	EXP 	unnamed Polygon: autoDraw = True
120.0261 	EXP 	unnamed Polygon: autoDraw = True
120.0425 	EXP 	unnamed Polygon: autoDraw = True
120.0595 	EXP 	unnamed Polygon: autoDraw = True
120.0764 	EXP 	unnamed Polygon: autoDraw = True
120.0926 	EXP 	unnamed Polygon: autoDraw = True
120.1098 	EXP 	unnamed Polygon: autoDraw = True
120.1263 	EXP 	unnamed Polygon: autoDraw = True
120.1428 	EXP 	unnamed Polygon: autoDraw = False
127.6274 	EXP 	unnamed Polygon: autoDraw = True
127.6274 	EXP 	unnamed Polygon: autoDraw = True
127.6440 	EXP 	unnamed Polygon: autoDraw = True
127.6608 	EXP 	unnamed Polygon: autoDraw = True
127.6773 	EXP 	unnamed Polygon: autoDraw = True
127.6938 	EXP 	unnamed Polygon: autoDraw = True
127.7110 	EXP 	unnamed Polygon: autoDraw = True
127.7269 	EXP 	unnamed Polygon: autoDraw = True
127.7441 	EXP 	unnamed Polygon: autoDraw = True
127.7610 	EXP 	unnamed Polygon: autoDraw = True
127.7766 	EXP 	unnamed Polygon: autoDraw = True
127.7934 	EXP 	unnamed Polygon: autoDraw = True
127.8108 	EXP 	unnamed Polygon: autoDraw = True
127.8274 	EXP 	unnamed Polygon: autoDraw = True
127.8433 	EXP 	unnamed Polygon: autoDraw = True
127.8613 	EXP 	unnamed Polygon: autoDraw = True
127.8773 	EXP 	unnamed Polygon: autoDraw = True
127.8941 	EXP 	unnamed Polygon: autoDraw = True
127.9113 	EXP 	unnamed Polygon: autoDraw = True
127.9274 	EXP 	unnamed Polygon: autoDraw = True
127.9441 	EXP 	unnamed Polygon: autoDraw = True
127.9611 	EXP 	unnamed Polygon: autoDraw = True
127.9774 	EXP 	unnamed Polygon: autoDraw = True
127.9940 	EXP 	unnamed Polygon: autoDraw = True
128.0115 	EXP 	unnamed Polygon: autoDraw = True
128.0270 	EXP 	unnamed Polygon: autoDraw = True
128.0461 	EXP 	unnamed Polygon: autoDraw = True
128.0611 	EXP 	unnamed Polygon: autoDraw = True
128.0772 	EXP 	unnamed Polygon: autoDraw = True
128.0940 	EXP 	unnamed Polygon: autoDraw = True
128.1112 	EXP 	unnamed Polygon: autoDraw = True
128.1266 	EXP 	unnamed Polygon: autoDraw = False
137.6436 	EXP 	unnamed Polygon: autoDraw = True
137.6436 	EXP 	unnamed Polygon: autoDraw = True
137.6608 	EXP 	unnamed Polygon: autoDraw = True
137.6772 	EXP 	unnamed Polygon: autoDraw = True
137.6937 	EXP 	unnamed Polygon: autoDraw = True
137.7109 	EXP 	unnamed Polygon: autoDraw = True
137.7273 	EXP 	unnamed Polygon: autoDraw = True
137.7436 	EXP 	unnamed Polygon: autoDraw = True
137.7606 	EXP 	unnamed Polygon: autoDraw = True
137.7773 	EXP 	unnamed Polygon: autoDraw = True
137.7934 	EXP 	unnamed Polygon: autoDraw = True
137.8107 	EXP 	unnamed Polygon: autoDraw = True
137.8273 	EXP 	unnamed Polygon: autoDraw = True
137.8436 	EXP 	unnamed Polygon: autoDraw = True
137.8608 	EXP 	unnamed Polygon: autoDraw = True
137.8774 	EXP 	unnamed Polygon: autoDraw = True
137.8934 	EXP 	unnamed Polygon: autoDraw = True
137.9107 	EXP 	unnamed Polygon: autoDraw = True
137.9274 	EXP 	unnamed Polygon: autoDraw = True
137.9436 	EXP 	unnamed Polygon: autoDraw = True
137.9608 	EXP 	unnamed Polygon: autoDraw = True
137.9775 	EXP 	unnamed Polygon: autoDraw = True
137.9936 	EXP 	unnamed Polygon: autoDraw = True
138.0103 	EXP 	unnamed Polygon: autoDraw = True
138.0268 	EXP 	unnamed Polygon: autoDraw = True
138.0436 	EXP 	unnamed Polygon: autoDraw = True
138.0602 	EXP 	unnamed Polygon: autoDraw = True
138.0767 	EXP 	unnamed Polygon: autoDraw = True
138.0934 	EXP 	unnamed Polygon: autoDraw = True
138.1113 	EXP 	unnamed Polygon: autoDraw = True
138.1279 	EXP 	unnamed Polygon: autoDraw = True
138.1446 	EXP 	unnamed Polygon: autoDraw = True
138.1614 	EXP 	unnamed Polygon: autoDraw = True
138.1777 	EXP 	unnamed Polygon: autoDraw = True
138.1944 	EXP 	unnamed Polygon: autoDraw = False
145.6611 	EXP 	unnamed Polygon: autoDraw = True
145.6611 	EXP 	unnamed Polygon: autoDraw = True
145.6772 	EXP 	unnamed Polygon: autoDraw = True
145.6945 	EXP 	unnamed Polygon: autoDraw = True
145.7108 	EXP 	unnamed Polygon: autoDraw = True
145.7276 	EXP 	unnamed Polygon: autoDraw = True
145.7440 	EXP 	unnamed Polygon: autoDraw = True
145.7605 	EXP 	unnamed Polygon: autoDraw = True
145.7776 	EXP 	unnamed Polygon: autoDraw = True
145.7943 	EXP 	unnamed Polygon: autoDraw = True
145.8110 	EXP 	unnamed Polygon: autoDraw = True
145.8279 	EXP 	unnamed Polygon: autoDraw = True
145.8441 	EXP 	unnamed Polygon: autoDraw = True
145.8609 	EXP 	unnamed Polygon: autoDraw = True
145.8775 	EXP 	unnamed Polygon: autoDraw = True
145.8944 	EXP 	unnamed Polygon: autoDraw = True
145.9115 	EXP 	unnamed Polygon: autoDraw = True
145.9276 	EXP 	unnamed Polygon: autoDraw = True
145.9443 	EXP 	unnamed Polygon: autoDraw = True
145.9612 	EXP 	unnamed Polygon: autoDraw = True
145.9777 	EXP 	unnamed Polygon: autoDraw = True
145.9938 	EXP 	unnamed Polygon: autoDraw = True
146.0108 	EXP 	unnamed Polygon: autoDraw = True
146.0272 	EXP 	unnamed Polygon: autoDraw = True
146.0442 	EXP 	unnamed Polygon: autoDraw = True
146.0607 	EXP 	unnamed Polygon: autoDraw = True
146.0777 	EXP 	unnamed Polygon: autoDraw = True
146.0953 	EXP 	unnamed Polygon: autoDraw = True
146.1118 	EXP 	unnamed Polygon: autoDraw = True
146.1272 	EXP 	unnamed Polygon: autoDraw = True
146.1439 	EXP 	unnamed Polygon: autoDraw = True
146.1606 	EXP 	unnamed Polygon: autoDraw = True
146.1777 	EXP 	unnamed Polygon: autoDraw = True
146.1939 	EXP 	unnamed Polygon: autoDraw = True
146.2109 	EXP 	unnamed Polygon: autoDraw = False
151.6784 	EXP 	unnamed Polygon: autoDraw = True
151.6784 	EXP 	unnamed Polygon: autoDraw = True
151.6946 	EXP 	unnamed Polygon: autoDraw = True
151.7120 	EXP 	unnamed Polygon: autoDraw = True
151.7284 	EXP 	unnamed Polygon: autoDraw = True
151.7456 	EXP 	unnamed Polygon: autoDraw = True
151.7620 	EXP 	unnamed Polygon: autoDraw = True
151.7783 	EXP 	unnamed Polygon: autoDraw = True
151.7947 	EXP 	unnamed Polygon: autoDraw = True
151.8117 	EXP 	unnamed Polygon: autoDraw = True
151.8284 	EXP 	unnamed Polygon: autoDraw = True
151.8451 	EXP 	unnamed Polygon: autoDraw = True
151.8621 	EXP 	unnamed Polygon: autoDraw = True
151.8785 	EXP 	unnamed Polygon: autoDraw = True
151.8950 	EXP 	unnamed Polygon: autoDraw = True
151.9126 	EXP 	unnamed Polygon: autoDraw = True
151.9282 	EXP 	unnamed Polygon: autoDraw = True
151.9444 	EXP 	unnamed Polygon: autoDraw = True
151.9616 	EXP 	unnamed Polygon: autoDraw = True
151.9781 	EXP 	unnamed Polygon: autoDraw = True
151.9943 	EXP 	unnamed Polygon: autoDraw = True
152.0117 	EXP 	unnamed Polygon: autoDraw = True
152.0281 	EXP 	unnamed Polygon: autoDraw = True
152.0446 	EXP 	unnamed Polygon: autoDraw = True
152.0617 	EXP 	unnamed Polygon: autoDraw = True
152.0785 	EXP 	unnamed Polygon: autoDraw = True
152.0943 	EXP 	unnamed Polygon: autoDraw = True
152.1118 	EXP 	unnamed Polygon: autoDraw = True
152.1284 	EXP 	unnamed Polygon: autoDraw = True
152.1446 	EXP 	unnamed Polygon: autoDraw = True
152.1618 	EXP 	unnamed Polygon: autoDraw = True
152.1783 	EXP 	unnamed Polygon: autoDraw = True
152.1948 	EXP 	unnamed Polygon: autoDraw = True
152.2117 	EXP 	unnamed Polygon: autoDraw = True
152.2282 	EXP 	unnamed Polygon: autoDraw = False
159.6793 	EXP 	unnamed Polygon: autoDraw = True
159.6793 	EXP 	unnamed Polygon: autoDraw = True
159.6964 	EXP 	unnamed Polygon: autoDraw = True
159.7126 	EXP 	unnamed Polygon: autoDraw = True
159.7291 	EXP 	unnamed Polygon: autoDraw = True
159.7461 	EXP 	unnamed Polygon: autoDraw = True
159.7628 	EXP 	unnamed Polygon: autoDraw = True
159.7787 	EXP 	unnamed Polygon: autoDraw = True
159.7963 	EXP 	unnamed Polygon: autoDraw = True
159.8124 	EXP 	unnamed Polygon: autoDraw = True
159.8287 	EXP 	unnamed Polygon: autoDraw = True
159.8465 	EXP 	unnamed Polygon: autoDraw = True
159.8626 	EXP 	unnamed Polygon: autoDraw = True
159.8791 	EXP 	unnamed Polygon: autoDraw = True
159.8961 	EXP 	unnamed Polygon: autoDraw = True
159.9127 	EXP 	unnamed Polygon: autoDraw = True
159.9291 	EXP 	unnamed Polygon: autoDraw = True
159.9461 	EXP 	unnamed Polygon: autoDraw = True
159.9624 	EXP 	unnamed Polygon: autoDraw = True
159.9787 	EXP 	unnamed Polygon: autoDraw = True
159.9961 	EXP 	unnamed Polygon: autoDraw = True
160.0126 	EXP 	unnamed Polygon: autoDraw = True
160.0289 	EXP 	unnamed Polygon: autoDraw = True
160.0463 	EXP 	unnamed Polygon: autoDraw = True
160.0628 	EXP 	unnamed Polygon: autoDraw = True
160.0792 	EXP 	unnamed Polygon: autoDraw = True
160.0963 	EXP 	unnamed Polygon: autoDraw = True
160.1131 	EXP 	unnamed Polygon: autoDraw = True
160.1290 	EXP 	unnamed Polygon: autoDraw = True
160.1452 	EXP 	unnamed Polygon: autoDraw = True
160.1624 	EXP 	unnamed Polygon: autoDraw = True
160.1788 	EXP 	unnamed Polygon: autoDraw = True
160.1954 	EXP 	unnamed Polygon: autoDraw = True
160.2126 	EXP 	unnamed Polygon: autoDraw = False
167.6960 	EXP 	unnamed Polygon: autoDraw = True
167.6960 	EXP 	unnamed Polygon: autoDraw = True
167.7127 	EXP 	unnamed Polygon: autoDraw = True
167.7295 	EXP 	unnamed Polygon: autoDraw = True
167.7464 	EXP 	unnamed Polygon: autoDraw = True
167.7630 	EXP 	unnamed Polygon: autoDraw = True
167.7792 	EXP 	unnamed Polygon: autoDraw = True
167.7966 	EXP 	unnamed Polygon: autoDraw = True
167.8135 	EXP 	unnamed Polygon: autoDraw = True
167.8295 	EXP 	unnamed Polygon: autoDraw = True
167.8462 	EXP 	unnamed Polygon: autoDraw = True
167.8631 	EXP 	unnamed Polygon: autoDraw = True
167.8792 	EXP 	unnamed Polygon: autoDraw = True
167.8962 	EXP 	unnamed Polygon: autoDraw = True
167.9130 	EXP 	unnamed Polygon: autoDraw = True
167.9292 	EXP 	unnamed Polygon: autoDraw = True
167.9463 	EXP 	unnamed Polygon: autoDraw = True
167.9629 	EXP 	unnamed Polygon: autoDraw = True
167.9793 	EXP 	unnamed Polygon: autoDraw = True
167.9957 	EXP 	unnamed Polygon: autoDraw = True
168.0132 	EXP 	unnamed Polygon: autoDraw = True
168.0296 	EXP 	unnamed Polygon: autoDraw = True
168.0462 	EXP 	unnamed Polygon: autoDraw = True
168.0635 	EXP 	unnamed Polygon: autoDraw = True
168.0805 	EXP 	unnamed Polygon: autoDraw = True
168.0968 	EXP 	unnamed Polygon: autoDraw = True
168.1132 	EXP 	unnamed Polygon: autoDraw = True
168.1297 	EXP 	unnamed Polygon: autoDraw = True
168.1459 	EXP 	unnamed Polygon: autoDraw = True
168.1631 	EXP 	unnamed Polygon: autoDraw = True
168.1798 	EXP 	unnamed Polygon: autoDraw = True
168.1964 	EXP 	unnamed Polygon: autoDraw = True
168.2130 	EXP 	unnamed Polygon: autoDraw = True
168.2298 	EXP 	unnamed Polygon: autoDraw = False
207.6486 	DATA 	Keypress: 1
207.6560 	EXP 	window1: mouseVisible = False
217.6825 	EXP 	unnamed TextStim: height = 0.04
217.6825 	EXP 	unnamed TextStim: height = 0.04
217.6825 	EXP 	unnamed TextStim: height = 0.04
217.6825 	EXP 	unnamed TextStim: text = 'Welcome!'
226.4524 	DATA 	Keypress: 1
226.4783 	EXP 	unnamed TextStim: height = 0.04
226.4783 	EXP 	unnamed TextStim: height = 0.04
226.4783 	EXP 	unnamed TextStim: height = 0.04
226.4783 	EXP 	unnamed TextStim: text = 'First you will see a cross in the middle of the screen, like this:\n\n+\n\nThis means you should focus on the screen and get ready to play. '
226.9597 	DATA 	Keypress: 1
226.9795 	EXP 	window1: mouseVisible = True
226.9830 	EXP 	Created unnamed Polygon = Polygon(__class__=<class 'psychopy.visual.polygon.Polygon'>, anchor=('center', 'center'), autoDraw=False, autoLog=True, closeShape=True, color=method-wrapper(...), colorSpace='rgb', contrast=None, depth=0, draggable=False, fillColor=array([1, 1, 1]), fillColorSpace='rgb', fillRGB=array([1, 1, 1]), interpolate=True, lineColor=array([1., 1., 1.]), lineColorSpace='rgb', lineRGB=array([1, 1, 1]), lineWidth=1.5, name='unnamed Polygon', opacity=1.0, ori=0.0, pos=array([0. , 0.1]), size=array([1., 1.]), units='height', vertices=ndarray(...), win=Window(...))
226.9878 	EXP 	unnamed TextStim: height = 0.04
226.9878 	EXP 	unnamed TextStim: height = 0.04
226.9878 	EXP 	unnamed TextStim: height = 0.04
226.9878 	EXP 	unnamed TextStim: text = 'Next, a small solid WHITE TRIANGLE will appear on the screen:\n\n \n\n \n\n \n\nPress the button as fast as you can when you see the solid white triangle. '
227.5927 	DATA 	Keypress: 1
227.6021 	EXP 	unnamed TextStim: height = 0.04
227.6021 	EXP 	unnamed TextStim: height = 0.04
227.6021 	EXP 	unnamed TextStim: height = 0.04
227.6021 	EXP 	unnamed TextStim: text = 'Any Questions?\n\nPlease ask them now.'
228.3298 	DATA 	Keypress: 1
229.4320 	DATA 	Keypress: return
234.4671 	EXP 	unnamed Polygon: autoDraw = True
234.4671 	EXP 	unnamed Polygon: autoDraw = True
234.4839 	EXP 	unnamed Polygon: autoDraw = True
234.5006 	EXP 	unnamed Polygon: autoDraw = True
234.5170 	EXP 	unnamed Polygon: autoDraw = True
234.5335 	EXP 	unnamed Polygon: autoDraw = True
234.5502 	EXP 	unnamed Polygon: autoDraw = True
234.5677 	EXP 	unnamed Polygon: autoDraw = True
234.5838 	EXP 	unnamed Polygon: autoDraw = True
234.6001 	EXP 	unnamed Polygon: autoDraw = True
234.6171 	EXP 	unnamed Polygon: autoDraw = True
234.6353 	EXP 	unnamed Polygon: autoDraw = True
234.6507 	EXP 	unnamed Polygon: autoDraw = True
234.6670 	EXP 	unnamed Polygon: autoDraw = True
234.6836 	EXP 	unnamed Polygon: autoDraw = True
234.7003 	EXP 	unnamed Polygon: autoDraw = True
234.7175 	EXP 	unnamed Polygon: autoDraw = True
234.7338 	EXP 	unnamed Polygon: autoDraw = True
234.7501 	EXP 	unnamed Polygon: autoDraw = True
234.7669 	EXP 	unnamed Polygon: autoDraw = True
234.7839 	EXP 	unnamed Polygon: autoDraw = True
234.8006 	EXP 	unnamed Polygon: autoDraw = True
234.8173 	EXP 	unnamed Polygon: autoDraw = True
234.8340 	EXP 	unnamed Polygon: autoDraw = True
234.8506 	EXP 	unnamed Polygon: autoDraw = True
234.8673 	EXP 	unnamed Polygon: autoDraw = True
234.8839 	EXP 	unnamed Polygon: autoDraw = True
234.9005 	EXP 	unnamed Polygon: autoDraw = True
234.9250 	EXP 	unnamed Polygon: autoDraw = True
234.9333 	EXP 	unnamed Polygon: autoDraw = True
234.9502 	EXP 	unnamed Polygon: autoDraw = True
234.9665 	EXP 	unnamed Polygon: autoDraw = True
234.9881 	EXP 	unnamed Polygon: autoDraw = False
242.4679 	EXP 	unnamed Polygon: autoDraw = True
242.4679 	EXP 	unnamed Polygon: autoDraw = True
242.4848 	EXP 	unnamed Polygon: autoDraw = True
242.5013 	EXP 	unnamed Polygon: autoDraw = True
242.5183 	EXP 	unnamed Polygon: autoDraw = True
242.5349 	EXP 	unnamed Polygon: autoDraw = True
242.5519 	EXP 	unnamed Polygon: autoDraw = True
242.5676 	EXP 	unnamed Polygon: autoDraw = True
242.5841 	EXP 	unnamed Polygon: autoDraw = True
242.6009 	EXP 	unnamed Polygon: autoDraw = True
242.6181 	EXP 	unnamed Polygon: autoDraw = True
242.6343 	EXP 	unnamed Polygon: autoDraw = True
242.6509 	EXP 	unnamed Polygon: autoDraw = True
242.6679 	EXP 	unnamed Polygon: autoDraw = True
242.6845 	EXP 	unnamed Polygon: autoDraw = True
242.7017 	EXP 	unnamed Polygon: autoDraw = True
242.7182 	EXP 	unnamed Polygon: autoDraw = True
242.7341 	EXP 	unnamed Polygon: autoDraw = True
242.7507 	EXP 	unnamed Polygon: autoDraw = True
242.7679 	EXP 	unnamed Polygon: autoDraw = True
242.7842 	EXP 	unnamed Polygon: autoDraw = True
242.8006 	EXP 	unnamed Polygon: autoDraw = True
242.8178 	EXP 	unnamed Polygon: autoDraw = True
242.8350 	EXP 	unnamed Polygon: autoDraw = True
242.8517 	EXP 	unnamed Polygon: autoDraw = True
242.8683 	EXP 	unnamed Polygon: autoDraw = True
242.8838 	EXP 	unnamed Polygon: autoDraw = True
242.9008 	EXP 	unnamed Polygon: autoDraw = True
242.9179 	EXP 	unnamed Polygon: autoDraw = True
242.9344 	EXP 	unnamed Polygon: autoDraw = True
242.9512 	EXP 	unnamed Polygon: autoDraw = True
242.9678 	EXP 	unnamed Polygon: autoDraw = True
242.9841 	EXP 	unnamed Polygon: autoDraw = False
252.4849 	EXP 	unnamed Polygon: autoDraw = True
252.4849 	EXP 	unnamed Polygon: autoDraw = True
252.5018 	EXP 	unnamed Polygon: autoDraw = True
252.5189 	EXP 	unnamed Polygon: autoDraw = True
252.5353 	EXP 	unnamed Polygon: autoDraw = True
252.5520 	EXP 	unnamed Polygon: autoDraw = True
252.5685 	EXP 	unnamed Polygon: autoDraw = True
252.5853 	EXP 	unnamed Polygon: autoDraw = True
252.6019 	EXP 	unnamed Polygon: autoDraw = True
252.6186 	EXP 	unnamed Polygon: autoDraw = True
252.6354 	EXP 	unnamed Polygon: autoDraw = True
252.6522 	EXP 	unnamed Polygon: autoDraw = True
252.6689 	EXP 	unnamed Polygon: autoDraw = True
252.6854 	EXP 	unnamed Polygon: autoDraw = True
252.7021 	EXP 	unnamed Polygon: autoDraw = True
252.7196 	EXP 	unnamed Polygon: autoDraw = True
252.7352 	EXP 	unnamed Polygon: autoDraw = True
252.7521 	EXP 	unnamed Polygon: autoDraw = True
252.7693 	EXP 	unnamed Polygon: autoDraw = True
252.7853 	EXP 	unnamed Polygon: autoDraw = True
252.8019 	EXP 	unnamed Polygon: autoDraw = True
252.8193 	EXP 	unnamed Polygon: autoDraw = True
252.8351 	EXP 	unnamed Polygon: autoDraw = True
252.8521 	EXP 	unnamed Polygon: autoDraw = True
252.8690 	EXP 	unnamed Polygon: autoDraw = True
252.8862 	EXP 	unnamed Polygon: autoDraw = True
252.9032 	EXP 	unnamed Polygon: autoDraw = True
252.9191 	EXP 	unnamed Polygon: autoDraw = True
252.9350 	EXP 	unnamed Polygon: autoDraw = True
252.9519 	EXP 	unnamed Polygon: autoDraw = True
252.9690 	EXP 	unnamed Polygon: autoDraw = True
252.9854 	EXP 	unnamed Polygon: autoDraw = True
253.0019 	EXP 	unnamed Polygon: autoDraw = False
262.4858 	EXP 	unnamed Polygon: autoDraw = True
262.4858 	EXP 	unnamed Polygon: autoDraw = True
262.5026 	EXP 	unnamed Polygon: autoDraw = True
262.5194 	EXP 	unnamed Polygon: autoDraw = True
262.5357 	EXP 	unnamed Polygon: autoDraw = True
262.5521 	EXP 	unnamed Polygon: autoDraw = True
262.5689 	EXP 	unnamed Polygon: autoDraw = True
262.5858 	EXP 	unnamed Polygon: autoDraw = True
262.6024 	EXP 	unnamed Polygon: autoDraw = True
262.6193 	EXP 	unnamed Polygon: autoDraw = True
262.6355 	EXP 	unnamed Polygon: autoDraw = True
262.6523 	EXP 	unnamed Polygon: autoDraw = True
262.6691 	EXP 	unnamed Polygon: autoDraw = True
262.6855 	EXP 	unnamed Polygon: autoDraw = True
262.7022 	EXP 	unnamed Polygon: autoDraw = True
262.7193 	EXP 	unnamed Polygon: autoDraw = True
262.7357 	EXP 	unnamed Polygon: autoDraw = True
262.7526 	EXP 	unnamed Polygon: autoDraw = True
262.7690 	EXP 	unnamed Polygon: autoDraw = True
262.7852 	EXP 	unnamed Polygon: autoDraw = True
262.8020 	EXP 	unnamed Polygon: autoDraw = True
262.8191 	EXP 	unnamed Polygon: autoDraw = True
262.8353 	EXP 	unnamed Polygon: autoDraw = True
262.8520 	EXP 	unnamed Polygon: autoDraw = True
262.8692 	EXP 	unnamed Polygon: autoDraw = True
262.8863 	EXP 	unnamed Polygon: autoDraw = True
262.9018 	EXP 	unnamed Polygon: autoDraw = True
262.9190 	EXP 	unnamed Polygon: autoDraw = True
262.9354 	EXP 	unnamed Polygon: autoDraw = True
262.9540 	EXP 	unnamed Polygon: autoDraw = True
262.9691 	EXP 	unnamed Polygon: autoDraw = True
262.9857 	EXP 	unnamed Polygon: autoDraw = True
263.0022 	EXP 	unnamed Polygon: autoDraw = False
268.4865 	EXP 	unnamed Polygon: autoDraw = True
268.4865 	EXP 	unnamed Polygon: autoDraw = True
268.5032 	EXP 	unnamed Polygon: autoDraw = True
268.5199 	EXP 	unnamed Polygon: autoDraw = True
268.5365 	EXP 	unnamed Polygon: autoDraw = True
268.5531 	EXP 	unnamed Polygon: autoDraw = True
268.5697 	EXP 	unnamed Polygon: autoDraw = True
268.5860 	EXP 	unnamed Polygon: autoDraw = True
268.6028 	EXP 	unnamed Polygon: autoDraw = True
268.6194 	EXP 	unnamed Polygon: autoDraw = True
268.6363 	EXP 	unnamed Polygon: autoDraw = True
268.6535 	EXP 	unnamed Polygon: autoDraw = True
268.6699 	EXP 	unnamed Polygon: autoDraw = True
268.6869 	EXP 	unnamed Polygon: autoDraw = True
268.7031 	EXP 	unnamed Polygon: autoDraw = True
268.7208 	EXP 	unnamed Polygon: autoDraw = True
268.7367 	EXP 	unnamed Polygon: autoDraw = True
268.7537 	EXP 	unnamed Polygon: autoDraw = True
268.7703 	EXP 	unnamed Polygon: autoDraw = True
268.7867 	EXP 	unnamed Polygon: autoDraw = True
268.8031 	EXP 	unnamed Polygon: autoDraw = True
268.8202 	EXP 	unnamed Polygon: autoDraw = True
268.8363 	EXP 	unnamed Polygon: autoDraw = True
268.8531 	EXP 	unnamed Polygon: autoDraw = True
268.8697 	EXP 	unnamed Polygon: autoDraw = True
268.8866 	EXP 	unnamed Polygon: autoDraw = True
268.9030 	EXP 	unnamed Polygon: autoDraw = True
268.9198 	EXP 	unnamed Polygon: autoDraw = True
268.9366 	EXP 	unnamed Polygon: autoDraw = True
268.9528 	EXP 	unnamed Polygon: autoDraw = True
268.9701 	EXP 	unnamed Polygon: autoDraw = True
268.9863 	EXP 	unnamed Polygon: autoDraw = True
269.0028 	EXP 	unnamed Polygon: autoDraw = True
269.0196 	EXP 	unnamed Polygon: autoDraw = False
274.5034 	EXP 	unnamed Polygon: autoDraw = True
274.5034 	EXP 	unnamed Polygon: autoDraw = True
274.5199 	EXP 	unnamed Polygon: autoDraw = True
274.5363 	EXP 	unnamed Polygon: autoDraw = True
274.5532 	EXP 	unnamed Polygon: autoDraw = True
274.5699 	EXP 	unnamed Polygon: autoDraw = True
274.5866 	EXP 	unnamed Polygon: autoDraw = True
274.6045 	EXP 	unnamed Polygon: autoDraw = True
274.6198 	EXP 	unnamed Polygon: autoDraw = True
274.6360 	EXP 	unnamed Polygon: autoDraw = True
274.6534 	EXP 	unnamed Polygon: autoDraw = True
274.6705 	EXP 	unnamed Polygon: autoDraw = True
274.6864 	EXP 	unnamed Polygon: autoDraw = True
274.7032 	EXP 	unnamed Polygon: autoDraw = True
274.7200 	EXP 	unnamed Polygon: autoDraw = True
274.7363 	EXP 	unnamed Polygon: autoDraw = True
274.7544 	EXP 	unnamed Polygon: autoDraw = True
274.7703 	EXP 	unnamed Polygon: autoDraw = True
274.7865 	EXP 	unnamed Polygon: autoDraw = True
274.8029 	EXP 	unnamed Polygon: autoDraw = True
274.8197 	EXP 	unnamed Polygon: autoDraw = True
274.8364 	EXP 	unnamed Polygon: autoDraw = True
274.8532 	EXP 	unnamed Polygon: autoDraw = True
274.8704 	EXP 	unnamed Polygon: autoDraw = True
274.8864 	EXP 	unnamed Polygon: autoDraw = True
274.9029 	EXP 	unnamed Polygon: autoDraw = True
274.9197 	EXP 	unnamed Polygon: autoDraw = True
274.9362 	EXP 	unnamed Polygon: autoDraw = True
274.9531 	EXP 	unnamed Polygon: autoDraw = True
274.9702 	EXP 	unnamed Polygon: autoDraw = True
274.9865 	EXP 	unnamed Polygon: autoDraw = True
275.0036 	EXP 	unnamed Polygon: autoDraw = True
275.0208 	EXP 	unnamed Polygon: autoDraw = False
282.5204 	EXP 	unnamed Polygon: autoDraw = True
282.5204 	EXP 	unnamed Polygon: autoDraw = True
282.5368 	EXP 	unnamed Polygon: autoDraw = True
282.5540 	EXP 	unnamed Polygon: autoDraw = True
282.5708 	EXP 	unnamed Polygon: autoDraw = True
282.5870 	EXP 	unnamed Polygon: autoDraw = True
282.6040 	EXP 	unnamed Polygon: autoDraw = True
282.6211 	EXP 	unnamed Polygon: autoDraw = True
282.6376 	EXP 	unnamed Polygon: autoDraw = True
282.6539 	EXP 	unnamed Polygon: autoDraw = True
282.6706 	EXP 	unnamed Polygon: autoDraw = True
282.6868 	EXP 	unnamed Polygon: autoDraw = True
282.7042 	EXP 	unnamed Polygon: autoDraw = True
282.7207 	EXP 	unnamed Polygon: autoDraw = True
282.7368 	EXP 	unnamed Polygon: autoDraw = True
282.7540 	EXP 	unnamed Polygon: autoDraw = True
282.7708 	EXP 	unnamed Polygon: autoDraw = True
282.7869 	EXP 	unnamed Polygon: autoDraw = True
282.8037 	EXP 	unnamed Polygon: autoDraw = True
282.8210 	EXP 	unnamed Polygon: autoDraw = True
282.8369 	EXP 	unnamed Polygon: autoDraw = True
282.8541 	EXP 	unnamed Polygon: autoDraw = True
282.8706 	EXP 	unnamed Polygon: autoDraw = True
282.8871 	EXP 	unnamed Polygon: autoDraw = True
282.9042 	EXP 	unnamed Polygon: autoDraw = True
282.9205 	EXP 	unnamed Polygon: autoDraw = True
282.9371 	EXP 	unnamed Polygon: autoDraw = True
282.9542 	EXP 	unnamed Polygon: autoDraw = True
282.9712 	EXP 	unnamed Polygon: autoDraw = True
282.9870 	EXP 	unnamed Polygon: autoDraw = True
283.0039 	EXP 	unnamed Polygon: autoDraw = True
283.0205 	EXP 	unnamed Polygon: autoDraw = True
283.0372 	EXP 	unnamed Polygon: autoDraw = True
283.0539 	EXP 	unnamed Polygon: autoDraw = False
292.5215 	EXP 	unnamed Polygon: autoDraw = True
292.5215 	EXP 	unnamed Polygon: autoDraw = True
292.5378 	EXP 	unnamed Polygon: autoDraw = True
292.5543 	EXP 	unnamed Polygon: autoDraw = True
292.5718 	EXP 	unnamed Polygon: autoDraw = True
292.5895 	EXP 	unnamed Polygon: autoDraw = True
292.6038 	EXP 	unnamed Polygon: autoDraw = True
292.6212 	EXP 	unnamed Polygon: autoDraw = True
292.6376 	EXP 	unnamed Polygon: autoDraw = True
292.6543 	EXP 	unnamed Polygon: autoDraw = True
292.6718 	EXP 	unnamed Polygon: autoDraw = True
292.6873 	EXP 	unnamed Polygon: autoDraw = True
292.7039 	EXP 	unnamed Polygon: autoDraw = True
292.7212 	EXP 	unnamed Polygon: autoDraw = True
292.7385 	EXP 	unnamed Polygon: autoDraw = True
292.7552 	EXP 	unnamed Polygon: autoDraw = True
292.7708 	EXP 	unnamed Polygon: autoDraw = True
292.7875 	EXP 	unnamed Polygon: autoDraw = True
292.8042 	EXP 	unnamed Polygon: autoDraw = True
292.8208 	EXP 	unnamed Polygon: autoDraw = True
292.8376 	EXP 	unnamed Polygon: autoDraw = True
292.8539 	EXP 	unnamed Polygon: autoDraw = True
292.8709 	EXP 	unnamed Polygon: autoDraw = True
292.8875 	EXP 	unnamed Polygon: autoDraw = True
292.9042 	EXP 	unnamed Polygon: autoDraw = True
292.9208 	EXP 	unnamed Polygon: autoDraw = True
292.9375 	EXP 	unnamed Polygon: autoDraw = True
292.9550 	EXP 	unnamed Polygon: autoDraw = True
292.9712 	EXP 	unnamed Polygon: autoDraw = True
292.9889 	EXP 	unnamed Polygon: autoDraw = True
293.0052 	EXP 	unnamed Polygon: autoDraw = True
293.0216 	EXP 	unnamed Polygon: autoDraw = True
293.0387 	EXP 	unnamed Polygon: autoDraw = True
293.0548 	EXP 	unnamed Polygon: autoDraw = False
300.5383 	EXP 	unnamed Polygon: autoDraw = True
300.5383 	EXP 	unnamed Polygon: autoDraw = True
300.5554 	EXP 	unnamed Polygon: autoDraw = True
300.5721 	EXP 	unnamed Polygon: autoDraw = True
300.5887 	EXP 	unnamed Polygon: autoDraw = True
300.6053 	EXP 	unnamed Polygon: autoDraw = True
300.6223 	EXP 	unnamed Polygon: autoDraw = True
300.6380 	EXP 	unnamed Polygon: autoDraw = True
300.6554 	EXP 	unnamed Polygon: autoDraw = True
300.6720 	EXP 	unnamed Polygon: autoDraw = True
300.6888 	EXP 	unnamed Polygon: autoDraw = True
300.7052 	EXP 	unnamed Polygon: autoDraw = True
300.7218 	EXP 	unnamed Polygon: autoDraw = True
300.7387 	EXP 	unnamed Polygon: autoDraw = True
300.7567 	EXP 	unnamed Polygon: autoDraw = True
300.7718 	EXP 	unnamed Polygon: autoDraw = True
300.7880 	EXP 	unnamed Polygon: autoDraw = True
300.8059 	EXP 	unnamed Polygon: autoDraw = True
300.8219 	EXP 	unnamed Polygon: autoDraw = True
300.8385 	EXP 	unnamed Polygon: autoDraw = True
300.8552 	EXP 	unnamed Polygon: autoDraw = True
300.8716 	EXP 	unnamed Polygon: autoDraw = True
300.8887 	EXP 	unnamed Polygon: autoDraw = True
300.9052 	EXP 	unnamed Polygon: autoDraw = True
300.9222 	EXP 	unnamed Polygon: autoDraw = True
300.9389 	EXP 	unnamed Polygon: autoDraw = True
300.9553 	EXP 	unnamed Polygon: autoDraw = True
300.9722 	EXP 	unnamed Polygon: autoDraw = True
300.9882 	EXP 	unnamed Polygon: autoDraw = True
301.0057 	EXP 	unnamed Polygon: autoDraw = True
301.0220 	EXP 	unnamed Polygon: autoDraw = True
301.0384 	EXP 	unnamed Polygon: autoDraw = True
301.0559 	EXP 	unnamed Polygon: autoDraw = True
301.0720 	EXP 	unnamed Polygon: autoDraw = False
306.5400 	EXP 	unnamed Polygon: autoDraw = True
306.5400 	EXP 	unnamed Polygon: autoDraw = True
306.5563 	EXP 	unnamed Polygon: autoDraw = True
306.5725 	EXP 	unnamed Polygon: autoDraw = True
306.5888 	EXP 	unnamed Polygon: autoDraw = True
306.6067 	EXP 	unnamed Polygon: autoDraw = True
306.6227 	EXP 	unnamed Polygon: autoDraw = True
306.6390 	EXP 	unnamed Polygon: autoDraw = True
306.6565 	EXP 	unnamed Polygon: autoDraw = True
306.6726 	EXP 	unnamed Polygon: autoDraw = True
306.6902 	EXP 	unnamed Polygon: autoDraw = True
306.7059 	EXP 	unnamed Polygon: autoDraw = True
306.7222 	EXP 	unnamed Polygon: autoDraw = True
306.7401 	EXP 	unnamed Polygon: autoDraw = True
306.7559 	EXP 	unnamed Polygon: autoDraw = True
306.7739 	EXP 	unnamed Polygon: autoDraw = True
306.7898 	EXP 	unnamed Polygon: autoDraw = True
306.8058 	EXP 	unnamed Polygon: autoDraw = True
306.8237 	EXP 	unnamed Polygon: autoDraw = True
306.8390 	EXP 	unnamed Polygon: autoDraw = True
306.8567 	EXP 	unnamed Polygon: autoDraw = True
306.8730 	EXP 	unnamed Polygon: autoDraw = True
306.8897 	EXP 	unnamed Polygon: autoDraw = True
306.9057 	EXP 	unnamed Polygon: autoDraw = True
306.9220 	EXP 	unnamed Polygon: autoDraw = True
306.9397 	EXP 	unnamed Polygon: autoDraw = True
306.9556 	EXP 	unnamed Polygon: autoDraw = True
306.9725 	EXP 	unnamed Polygon: autoDraw = True
306.9894 	EXP 	unnamed Polygon: autoDraw = True
307.0063 	EXP 	unnamed Polygon: autoDraw = True
307.0231 	EXP 	unnamed Polygon: autoDraw = True
307.0399 	EXP 	unnamed Polygon: autoDraw = True
307.0556 	EXP 	unnamed Polygon: autoDraw = False
316.5731 	EXP 	unnamed Polygon: autoDraw = True
316.5731 	EXP 	unnamed Polygon: autoDraw = True
316.5893 	EXP 	unnamed Polygon: autoDraw = True
316.6066 	EXP 	unnamed Polygon: autoDraw = True
316.6230 	EXP 	unnamed Polygon: autoDraw = True
316.6390 	EXP 	unnamed Polygon: autoDraw = True
316.6562 	EXP 	unnamed Polygon: autoDraw = True
316.6732 	EXP 	unnamed Polygon: autoDraw = True
316.6893 	EXP 	unnamed Polygon: autoDraw = True
316.7065 	EXP 	unnamed Polygon: autoDraw = True
316.7232 	EXP 	unnamed Polygon: autoDraw = True
316.7395 	EXP 	unnamed Polygon: autoDraw = True
316.7564 	EXP 	unnamed Polygon: autoDraw = True
316.7733 	EXP 	unnamed Polygon: autoDraw = True
316.7893 	EXP 	unnamed Polygon: autoDraw = True
316.8064 	EXP 	unnamed Polygon: autoDraw = True
316.8230 	EXP 	unnamed Polygon: autoDraw = True
316.8395 	EXP 	unnamed Polygon: autoDraw = True
316.8564 	EXP 	unnamed Polygon: autoDraw = True
316.8739 	EXP 	unnamed Polygon: autoDraw = True
316.8892 	EXP 	unnamed Polygon: autoDraw = True
316.9063 	EXP 	unnamed Polygon: autoDraw = True
316.9226 	EXP 	unnamed Polygon: autoDraw = True
316.9390 	EXP 	unnamed Polygon: autoDraw = True
316.9558 	EXP 	unnamed Polygon: autoDraw = True
316.9731 	EXP 	unnamed Polygon: autoDraw = True
316.9894 	EXP 	unnamed Polygon: autoDraw = True
317.0065 	EXP 	unnamed Polygon: autoDraw = True
317.0231 	EXP 	unnamed Polygon: autoDraw = True
317.0392 	EXP 	unnamed Polygon: autoDraw = True
317.0565 	EXP 	unnamed Polygon: autoDraw = True
317.0732 	EXP 	unnamed Polygon: autoDraw = True
317.0890 	EXP 	unnamed Polygon: autoDraw = True
317.1062 	EXP 	unnamed Polygon: autoDraw = True
317.1233 	EXP 	unnamed Polygon: autoDraw = False
326.5736 	EXP 	unnamed Polygon: autoDraw = True
326.5736 	EXP 	unnamed Polygon: autoDraw = True
326.5908 	EXP 	unnamed Polygon: autoDraw = True
326.6086 	EXP 	unnamed Polygon: autoDraw = True
326.6242 	EXP 	unnamed Polygon: autoDraw = True
326.6412 	EXP 	unnamed Polygon: autoDraw = True
326.6586 	EXP 	unnamed Polygon: autoDraw = True
326.6735 	EXP 	unnamed Polygon: autoDraw = True
326.6902 	EXP 	unnamed Polygon: autoDraw = True
326.7091 	EXP 	unnamed Polygon: autoDraw = True
326.7241 	EXP 	unnamed Polygon: autoDraw = True
326.7409 	EXP 	unnamed Polygon: autoDraw = True
326.7585 	EXP 	unnamed Polygon: autoDraw = True
326.7741 	EXP 	unnamed Polygon: autoDraw = True
326.7912 	EXP 	unnamed Polygon: autoDraw = True
326.8083 	EXP 	unnamed Polygon: autoDraw = True
326.8242 	EXP 	unnamed Polygon: autoDraw = True
326.8412 	EXP 	unnamed Polygon: autoDraw = True
326.8584 	EXP 	unnamed Polygon: autoDraw = True
326.8740 	EXP 	unnamed Polygon: autoDraw = True
326.8908 	EXP 	unnamed Polygon: autoDraw = True
326.9072 	EXP 	unnamed Polygon: autoDraw = True
326.9237 	EXP 	unnamed Polygon: autoDraw = True
326.9399 	EXP 	unnamed Polygon: autoDraw = True
326.9570 	EXP 	unnamed Polygon: autoDraw = True
326.9742 	EXP 	unnamed Polygon: autoDraw = True
326.9911 	EXP 	unnamed Polygon: autoDraw = True
327.0083 	EXP 	unnamed Polygon: autoDraw = True
327.0242 	EXP 	unnamed Polygon: autoDraw = True
327.0407 	EXP 	unnamed Polygon: autoDraw = True
327.0574 	EXP 	unnamed Polygon: autoDraw = True
327.0740 	EXP 	unnamed Polygon: autoDraw = True
327.0908 	EXP 	unnamed Polygon: autoDraw = True
327.1073 	EXP 	unnamed Polygon: autoDraw = True
327.1237 	EXP 	unnamed Polygon: autoDraw = False
332.5743 	EXP 	unnamed Polygon: autoDraw = True
332.5743 	EXP 	unnamed Polygon: autoDraw = True
332.5917 	EXP 	unnamed Polygon: autoDraw = True
332.6078 	EXP 	unnamed Polygon: autoDraw = True
332.6237 	EXP 	unnamed Polygon: autoDraw = True
332.6407 	EXP 	unnamed Polygon: autoDraw = True
332.6572 	EXP 	unnamed Polygon: autoDraw = True
332.6740 	EXP 	unnamed Polygon: autoDraw = True
332.6905 	EXP 	unnamed Polygon: autoDraw = True
332.7075 	EXP 	unnamed Polygon: autoDraw = True
332.7239 	EXP 	unnamed Polygon: autoDraw = True
332.7402 	EXP 	unnamed Polygon: autoDraw = True
332.7572 	EXP 	unnamed Polygon: autoDraw = True
332.7737 	EXP 	unnamed Polygon: autoDraw = True
332.7905 	EXP 	unnamed Polygon: autoDraw = True
332.8072 	EXP 	unnamed Polygon: autoDraw = True
332.8239 	EXP 	unnamed Polygon: autoDraw = True
332.8406 	EXP 	unnamed Polygon: autoDraw = True
332.8572 	EXP 	unnamed Polygon: autoDraw = True
332.8737 	EXP 	unnamed Polygon: autoDraw = True
332.8904 	EXP 	unnamed Polygon: autoDraw = True
332.9069 	EXP 	unnamed Polygon: autoDraw = True
332.9246 	EXP 	unnamed Polygon: autoDraw = True
332.9408 	EXP 	unnamed Polygon: autoDraw = True
332.9573 	EXP 	unnamed Polygon: autoDraw = True
332.9744 	EXP 	unnamed Polygon: autoDraw = True
332.9918 	EXP 	unnamed Polygon: autoDraw = True
333.0074 	EXP 	unnamed Polygon: autoDraw = True
333.0244 	EXP 	unnamed Polygon: autoDraw = True
333.0410 	EXP 	unnamed Polygon: autoDraw = True
333.0576 	EXP 	unnamed Polygon: autoDraw = True
333.0748 	EXP 	unnamed Polygon: autoDraw = True
333.0907 	EXP 	unnamed Polygon: autoDraw = True
333.1079 	EXP 	unnamed Polygon: autoDraw = True
333.1248 	EXP 	unnamed Polygon: autoDraw = False
338.5909 	EXP 	unnamed Polygon: autoDraw = True
338.5909 	EXP 	unnamed Polygon: autoDraw = True
338.6076 	EXP 	unnamed Polygon: autoDraw = True
338.6249 	EXP 	unnamed Polygon: autoDraw = True
338.6422 	EXP 	unnamed Polygon: autoDraw = True
338.6593 	EXP 	unnamed Polygon: autoDraw = True
338.6747 	EXP 	unnamed Polygon: autoDraw = True
338.6906 	EXP 	unnamed Polygon: autoDraw = True
338.7077 	EXP 	unnamed Polygon: autoDraw = True
338.7245 	EXP 	unnamed Polygon: autoDraw = True
338.7410 	EXP 	unnamed Polygon: autoDraw = True
338.7578 	EXP 	unnamed Polygon: autoDraw = True
338.7749 	EXP 	unnamed Polygon: autoDraw = True
338.7905 	EXP 	unnamed Polygon: autoDraw = True
338.8081 	EXP 	unnamed Polygon: autoDraw = True
338.8249 	EXP 	unnamed Polygon: autoDraw = True
338.8410 	EXP 	unnamed Polygon: autoDraw = True
338.8580 	EXP 	unnamed Polygon: autoDraw = True
338.8751 	EXP 	unnamed Polygon: autoDraw = True
338.8907 	EXP 	unnamed Polygon: autoDraw = True
338.9099 	EXP 	unnamed Polygon: autoDraw = True
338.9246 	EXP 	unnamed Polygon: autoDraw = True
338.9416 	EXP 	unnamed Polygon: autoDraw = True
338.9593 	EXP 	unnamed Polygon: autoDraw = True
338.9748 	EXP 	unnamed Polygon: autoDraw = True
338.9917 	EXP 	unnamed Polygon: autoDraw = True
339.0094 	EXP 	unnamed Polygon: autoDraw = True
339.0246 	EXP 	unnamed Polygon: autoDraw = True
339.1028 	EXP 	unnamed Polygon: autoDraw = True
339.1121 	EXP 	unnamed Polygon: autoDraw = False
346.5910 	EXP 	unnamed Polygon: autoDraw = True
346.5910 	EXP 	unnamed Polygon: autoDraw = True
346.6084 	EXP 	unnamed Polygon: autoDraw = True
346.6249 	EXP 	unnamed Polygon: autoDraw = True
346.6413 	EXP 	unnamed Polygon: autoDraw = True
346.6581 	EXP 	unnamed Polygon: autoDraw = True
346.6752 	EXP 	unnamed Polygon: autoDraw = True
346.6914 	EXP 	unnamed Polygon: autoDraw = True
346.7084 	EXP 	unnamed Polygon: autoDraw = True
346.7252 	EXP 	unnamed Polygon: autoDraw = True
346.7415 	EXP 	unnamed Polygon: autoDraw = True
346.7585 	EXP 	unnamed Polygon: autoDraw = True
346.7748 	EXP 	unnamed Polygon: autoDraw = True
346.7913 	EXP 	unnamed Polygon: autoDraw = True
346.8083 	EXP 	unnamed Polygon: autoDraw = True
346.8248 	EXP 	unnamed Polygon: autoDraw = True
346.8414 	EXP 	unnamed Polygon: autoDraw = True
346.8584 	EXP 	unnamed Polygon: autoDraw = True
346.8753 	EXP 	unnamed Polygon: autoDraw = True
346.8914 	EXP 	unnamed Polygon: autoDraw = True
346.9084 	EXP 	unnamed Polygon: autoDraw = True
346.9252 	EXP 	unnamed Polygon: autoDraw = True
346.9412 	EXP 	unnamed Polygon: autoDraw = True
346.9585 	EXP 	unnamed Polygon: autoDraw = True
346.9749 	EXP 	unnamed Polygon: autoDraw = True
346.9909 	EXP 	unnamed Polygon: autoDraw = True
347.0085 	EXP 	unnamed Polygon: autoDraw = True
347.0249 	EXP 	unnamed Polygon: autoDraw = True
347.0415 	EXP 	unnamed Polygon: autoDraw = True
347.0582 	EXP 	unnamed Polygon: autoDraw = True
347.0749 	EXP 	unnamed Polygon: autoDraw = True
347.0910 	EXP 	unnamed Polygon: autoDraw = True
347.1084 	EXP 	unnamed Polygon: autoDraw = True
347.1253 	EXP 	unnamed Polygon: autoDraw = False
444.0981 	DATA 	Keypress: 1
444.1055 	EXP 	window1: mouseVisible = False
454.1527 	EXP 	unnamed TextStim: height = 0.04
454.1527 	EXP 	unnamed TextStim: height = 0.04
454.1527 	EXP 	unnamed TextStim: height = 0.04
454.1527 	EXP 	unnamed TextStim: text = 'Instructions...\n\nYour goal is to make as much money as possible.\n\nRemember:\nWIN CIRCLES = win money\nLOSE SQUARES = lose money\n\nQUICKLY press the button with your pointer finger when you see the solid white triangle.\n\nYou will get feedback on whether you pressed the button in time and if you won or lost money.'
460.7475 	DATA 	Keypress: 1
460.7482 	EXP 	window1: mouseVisible = True
460.7536 	EXP 	Created unnamed TextStim = TextStim(__class__=<class 'psychopy.visual.text.TextStim'>, alignHoriz=method-wrapper(...), alignText='center', alignVert=method-wrapper(...), anchorHoriz='center', anchorVert='center', antialias=True, autoDraw=False, autoLog=True, bold=False, color=array([1., 1., 1.]), colorSpace='rgb', contrast=1.0, depth=0, draggable=False, flipHoriz=False, flipVert=False, font='', fontFiles=[], height=0.08, italic=False, languageStyle='LTR', name='unnamed TextStim', opacity=1.0, ori=0.0, pos=array([-0.65,  0.15]), rgb=UNKNOWN, text='+', units='height', win=Window(...), wrapWidth=1)
460.7538 	EXP 	window1: mouseVisible = True
460.8042 	EXP 	Created unnamed ImageStim = ImageStim(__class__=<class 'psychopy.visual.image.ImageStim'>, anchor=('center', 'center'), autoLog=True, color=array([1., 1., 1.]), colorSpace='rgb', contrast=1.0, depth=0, draggable=False, flipHoriz=False, flipVert=False, image='../stimuli/reward_high.png', interpolate=False, mask=None, maskParams=None, name='unnamed ImageStim', opacity=1.0, ori=0.0, pos=array([-0.35,  0.15]), size=array([0.2, 0.2]), texRes=128, units='height', win=Window(...))
460.8044 	EXP 	window1: mouseVisible = True
460.8081 	EXP 	Created unnamed TextStim = TextStim(__class__=<class 'psychopy.visual.text.TextStim'>, alignHoriz=method-wrapper(...), alignText='center', alignVert=method-wrapper(...), anchorHoriz='center', anchorVert='center', antialias=True, autoDraw=False, autoLog=True, bold=False, color=array([1., 1., 1.]), colorSpace='rgb', contrast=1.0, depth=0, draggable=False, flipHoriz=False, flipVert=False, font='', fontFiles=[], height=0.08, italic=False, languageStyle='LTR', name='unnamed TextStim', opacity=1.0, ori=0.0, pos=array([-0.15,  0.15]), rgb=UNKNOWN, text='+', units='height', win=Window(...), wrapWidth=1)
460.8085 	EXP 	window1: mouseVisible = True
460.8111 	EXP 	Created unnamed Polygon = Polygon(__class__=<class 'psychopy.visual.polygon.Polygon'>, anchor=('center', 'center'), autoDraw=False, autoLog=True, closeShape=True, color=method-wrapper(...), colorSpace='rgb', contrast=None, depth=0, draggable=False, fillColor=array([1, 1, 1]), fillColorSpace='rgb', fillRGB=array([1, 1, 1]), interpolate=True, lineColor=array([1., 1., 1.]), lineColorSpace='rgb', lineRGB=array([1, 1, 1]), lineWidth=1.5, name='unnamed Polygon', opacity=1.0, ori=0.0, pos=array([0.15, 0.15]), size=array([1., 1.]), units='height', vertices=ndarray(...), win=Window(...))
460.8115 	EXP 	window1: mouseVisible = True
460.8192 	EXP 	Created unnamed TextStim = TextStim(__class__=<class 'psychopy.visual.text.TextStim'>, alignHoriz=method-wrapper(...), alignText='center', alignVert=method-wrapper(...), anchorHoriz='center', anchorVert='center', antialias=True, autoDraw=False, autoLog=True, bold=False, color=array([1., 1., 1.]), colorSpace='rgb', contrast=1.0, depth=0, draggable=False, flipHoriz=False, flipVert=False, font='', fontFiles=[], height=0.08, italic=False, languageStyle='LTR', name='unnamed TextStim', opacity=1.0, ori=0.0, pos=array([0.35, 0.15]), rgb=UNKNOWN, text='+', units='height', win=Window(...), wrapWidth=1)
460.8196 	EXP 	window1: mouseVisible = True
460.8316 	EXP 	Created unnamed TextStim = TextStim(__class__=<class 'psychopy.visual.text.TextStim'>, alignHoriz=method-wrapper(...), alignText='center', alignVert=method-wrapper(...), anchorHoriz='center', anchorVert='center', antialias=True, autoDraw=False, autoLog=True, bold=False, color=array([1., 1., 1.]), colorSpace='rgb', contrast=1.0, depth=0, draggable=False, flipHoriz=False, flipVert=False, font='', fontFiles=[], height=0.08, italic=False, languageStyle='LTR', name='unnamed TextStim', opacity=1.0, ori=0.0, pos=array([0.65, 0.15]), rgb=UNKNOWN, text='Hit!\n+$5.00', units='height', win=Window(...), wrapWidth=1)
460.8318 	EXP 	window1: mouseVisible = True
460.8319 	WARNING 	TextStim.alignHoriz is deprecated. Use alignText and anchorHoriz attributes instead
460.8409 	EXP 	Created unnamed TextStim = TextStim(__class__=<class 'psychopy.visual.text.TextStim'>, alignHoriz='center', alignText='center', alignVert=method-wrapper(...), anchorHoriz='center', anchorVert='center', antialias=True, autoDraw=False, autoLog=True, bold=False, color=array([1., 1., 1.]), colorSpace='rgb', contrast=1.0, depth=0, draggable=False, flipHoriz=False, flipVert=False, font='', fontFiles=[], height=0.04, italic=False, languageStyle='LTR', name='unnamed TextStim', opacity=1.0, ori=0.0, pos=array([-0.65, -0.15]), rgb=UNKNOWN, text='Pay attention', units='height', win=Window(...), wrapWidth=0.1)
460.8411 	EXP 	window1: mouseVisible = True
460.8413 	WARNING 	TextStim.alignHoriz is deprecated. Use alignText and anchorHoriz attributes instead
460.8505 	EXP 	Created unnamed TextStim = TextStim(__class__=<class 'psychopy.visual.text.TextStim'>, alignHoriz='center', alignText='center', alignVert=method-wrapper(...), anchorHoriz='center', anchorVert='center', antialias=True, autoDraw=False, autoLog=True, bold=False, color=array([1., 1., 1.]), colorSpace='rgb', contrast=1.0, depth=0, draggable=False, flipHoriz=False, flipVert=False, font='', fontFiles=[], height=0.04, italic=False, languageStyle='LTR', name='unnamed TextStim', opacity=1.0, ori=0.0, pos=array([-0.35, -0.15]), rgb=UNKNOWN, text="Cue: don't respond yet", units='height', win=Window(...), wrapWidth=0.1)
460.8507 	EXP 	window1: mouseVisible = True
460.8509 	WARNING 	TextStim.alignHoriz is deprecated. Use alignText and anchorHoriz attributes instead
460.8551 	EXP 	Created unnamed TextStim = TextStim(__class__=<class 'psychopy.visual.text.TextStim'>, alignHoriz='center', alignText='center', alignVert=method-wrapper(...), anchorHoriz='center', anchorVert='center', antialias=True, autoDraw=False, autoLog=True, bold=False, color=array([1., 1., 1.]), colorSpace='rgb', contrast=1.0, depth=0, draggable=False, flipHoriz=False, flipVert=False, font='', fontFiles=[], height=0.04, italic=False, languageStyle='LTR', name='unnamed TextStim', opacity=1.0, ori=0.0, pos=array([-0.15, -0.15]), rgb=UNKNOWN, text='Pay attention', units='height', win=Window(...), wrapWidth=0.1)
460.8554 	EXP 	window1: mouseVisible = True
460.8555 	WARNING 	TextStim.alignHoriz is deprecated. Use alignText and anchorHoriz attributes instead
460.8686 	EXP 	Created unnamed TextStim = TextStim(__class__=<class 'psychopy.visual.text.TextStim'>, alignHoriz='center', alignText='center', alignVert=method-wrapper(...), anchorHoriz='center', anchorVert='center', antialias=True, autoDraw=False, autoLog=True, bold=False, color=array([1., 1., 1.]), colorSpace='rgb', contrast=1.0, depth=0, draggable=False, flipHoriz=False, flipVert=False, font='', fontFiles=[], height=0.04, italic=False, languageStyle='LTR', name='unnamed TextStim', opacity=1.0, ori=0.0, pos=array([ 0.15, -0.15]), rgb=UNKNOWN, text='Respond when solid triangle is on screen', units='height', win=Window(...), wrapWidth=0.1)
460.8688 	EXP 	window1: mouseVisible = True
460.8690 	WARNING 	TextStim.alignHoriz is deprecated. Use alignText and anchorHoriz attributes instead
460.8768 	EXP 	Created unnamed TextStim = TextStim(__class__=<class 'psychopy.visual.text.TextStim'>, alignHoriz='center', alignText='center', alignVert=method-wrapper(...), anchorHoriz='center', anchorVert='center', antialias=True, autoDraw=False, autoLog=True, bold=False, color=array([1., 1., 1.]), colorSpace='rgb', contrast=1.0, depth=0, draggable=False, flipHoriz=False, flipVert=False, font='', fontFiles=[], height=0.04, italic=False, languageStyle='LTR', name='unnamed TextStim', opacity=1.0, ori=0.0, pos=array([ 0.35, -0.15]), rgb=UNKNOWN, text='Pay attention', units='height', win=Window(...), wrapWidth=0.1)
460.8770 	EXP 	window1: mouseVisible = True
460.8772 	WARNING 	TextStim.alignHoriz is deprecated. Use alignText and anchorHoriz attributes instead
460.8831 	EXP 	Created unnamed TextStim = TextStim(__class__=<class 'psychopy.visual.text.TextStim'>, alignHoriz='center', alignText='center', alignVert=method-wrapper(...), anchorHoriz='center', anchorVert='center', antialias=True, autoDraw=False, autoLog=True, bold=False, color=array([1., 1., 1.]), colorSpace='rgb', contrast=1.0, depth=0, draggable=False, flipHoriz=False, flipVert=False, font='', fontFiles=[], height=0.04, italic=False, languageStyle='LTR', name='unnamed TextStim', opacity=1.0, ori=0.0, pos=array([ 0.65, -0.15]), rgb=UNKNOWN, text='Feedback', units='height', win=Window(...), wrapWidth=0.1)
461.4372 	DATA 	Keypress: 1
462.4623 	DATA 	Keypress: return
470.6202 	DATA 	Keypress: escape
470.6206 	WARNING 	Escape pressed, exiting early!
470.6207 	WARNING 	Total earnings: 0
471.1589 	EXP 	window1: mouseVisible = True
9.7197 	WARNING 	Monitor specification not found. Creating a temporary one...
9.7338 	WARNING 	Requested an unavailable screen number - using first available.
9.7349 	WARNING 	User requested fullscreen with size [800 600], but screen is actually [1440, 900]. Using actual size
10.5866 	EXP 	Created window1 = Window(allowGUI=True, allowStencil=False, autoLog=True, backendConf=UNKNOWN, backgroundFit=<method-wrapper '__getattribute__' of attributeSetter object at 0x7fb3a9014790>, backgroundImage=<method-wrapper '__getattribute__' of attributeSetter object at 0x7fb3a9014730>, bitsMode=UNKNOWN, blendMode='avg', bpc=(8, 8, 8), color=array([-1, -1, -1]), colorSpace='rgb', depthBits=8, fullscr=<method-wrapper '__getattribute__' of attributeSetter object at 0x7fb3a90145b0>, gamma=None, gammaErrorPolicy='raise', lms=UNKNOWN, monitor=<psychopy.monitors.calibTools.Monitor object at 0x7fb3a9068fa0>, multiSample=False, name='window1', numSamples=2, pos=[0.0, 0.0], screen=1, size=array([1440,  900]), stencilBits=0, stereo=False, title='PsychoPy', units='height', useFBO=False, useRetina=False, viewOri=0.0, viewPos=None, viewScale=None, waitBlanking=True, winType='pyglet')
10.5869 	EXP 	window1: mouseVisible = True
10.5869 	EXP 	window1: backgroundImage = None
10.5869 	EXP 	window1: backgroundFit = 'cover'
10.5909 	EXP 	window1: Attempting to measure frame rate of screen (1) ...
10.5910 	EXP 	window1: recordFrameIntervals = False
10.7528 	EXP 	window1: recordFrameIntervals = True
10.9388 	EXP 	Screen (1) actual frame rate measured at 59.00Hz
10.9388 	EXP 	window1: recordFrameIntervals = False
10.9395 	EXP 	window1: mouseVisible = True
11.0129 	EXP 	Created unnamed TextStim = TextStim(__class__=<class 'psychopy.visual.text.TextStim'>, alignHoriz=method-wrapper(...), alignText='center', alignVert=method-wrapper(...), anchorHoriz='center', anchorVert='center', antialias=True, autoDraw=False, autoLog=True, bold=False, color=array([1., 1., 1.]), colorSpace='rgb', contrast=1.0, depth=0, draggable=False, flipHoriz=False, flipVert=False, font='', fontFiles=[], height=0.04, italic=False, languageStyle='LTR', name='unnamed TextStim', opacity=1.0, ori=0.0, pos=array([ 0.  , -0.25]), rgb=UNKNOWN, text='Press the button to continue.', units='height', win=Window(...), wrapWidth=1)
11.0132 	EXP 	window1: mouseVisible = True
11.0216 	EXP 	Created unnamed TextStim = TextStim(__class__=<class 'psychopy.visual.text.TextStim'>, alignHoriz=method-wrapper(...), alignText='center', alignVert=method-wrapper(...), anchorHoriz='center', anchorVert='center', antialias=True, autoDraw=False, autoLog=True, bold=False, color=array([1., 1., 1.]), colorSpace='rgb', contrast=1.0, depth=0, draggable=False, flipHoriz=False, flipVert=False, font='', fontFiles=[], height=0.08, italic=False, languageStyle='LTR', name='unnamed TextStim', opacity=1.0, ori=0.0, pos=array([0., 0.]), rgb=UNKNOWN, text='+', units='height', win=Window(...), wrapWidth=1)
11.0219 	EXP 	window1: mouseVisible = True
11.0364 	EXP 	Created unnamed TextStim = TextStim(__class__=<class 'psychopy.visual.text.TextStim'>, alignHoriz=method-wrapper(...), alignText='center', alignVert=method-wrapper(...), anchorHoriz='center', anchorVert='center', antialias=True, autoDraw=False, autoLog=True, bold=False, color=array([1., 1., 1.]), colorSpace='rgb', contrast=1.0, depth=0, draggable=False, flipHoriz=False, flipVert=False, font='', fontFiles=[], height=0.04, italic=False, languageStyle='LTR', name='unnamed TextStim', opacity=1.0, ori=0.0, pos=array([0., 0.]), rgb=UNKNOWN, text=str(...), units='height', win=Window(...), wrapWidth=0.8888888888888888)
11.0366 	EXP 	window1: mouseVisible = True
11.0557 	EXP 	Created unnamed TextStim = TextStim(__class__=<class 'psychopy.visual.text.TextStim'>, alignHoriz=method-wrapper(...), alignText='center', alignVert=method-wrapper(...), anchorHoriz='center', anchorVert='center', antialias=True, autoDraw=False, autoLog=True, bold=False, color=array([1., 1., 1.]), colorSpace='rgb', contrast=1.0, depth=0, draggable=False, flipHoriz=False, flipVert=False, font='Arial', fontFiles=[], height=0.04, italic=False, languageStyle='LTR', name='unnamed TextStim', opacity=1.0, ori=0.0, pos=array([0. , 0.1]), rgb=UNKNOWN, text='Hello World', units='height', win=Window(...), wrapWidth=0.8888888888888888)
11.0560 	EXP 	window1: mouseVisible = True
11.0837 	EXP 	Created unnamed TextStim = TextStim(__class__=<class 'psychopy.visual.text.TextStim'>, alignHoriz=method-wrapper(...), alignText='center', alignVert=method-wrapper(...), anchorHoriz='center', anchorVert='center', antialias=True, autoDraw=False, autoLog=True, bold=False, color=array([1., 1., 1.]), colorSpace='rgb', contrast=1.0, depth=0, draggable=False, flipHoriz=False, flipVert=False, font='', fontFiles=[], height=0.04, italic=False, languageStyle='LTR', name='unnamed TextStim', opacity=1.0, ori=0.0, pos=array([0., 0.]), rgb=UNKNOWN, text=str(...), units='height', win=Window(...), wrapWidth=0.8888888888888888)
11.0839 	EXP 	window1: mouseVisible = True
11.0931 	EXP 	Created unnamed TextStim = TextStim(__class__=<class 'psychopy.visual.text.TextStim'>, alignHoriz=method-wrapper(...), alignText='center', alignVert=method-wrapper(...), anchorHoriz='center', anchorVert='center', antialias=True, autoDraw=False, autoLog=True, bold=False, color=array([1., 1., 1.]), colorSpace='rgb', contrast=1.0, depth=0, draggable=False, flipHoriz=False, flipVert=False, font='', fontFiles=[], height=0.04, italic=False, languageStyle='LTR', name='unnamed TextStim', opacity=1.0, ori=0.0, pos=array([0., 0.]), rgb=UNKNOWN, text='The task will begin momentarily. Get ready...', units='height', win=Window(...), wrapWidth=1)
11.0934 	EXP 	window1: mouseVisible = True
11.0998 	EXP 	Created unnamed TextStim = TextStim(__class__=<class 'psychopy.visual.text.TextStim'>, alignHoriz=method-wrapper(...), alignText='center', alignVert=method-wrapper(...), anchorHoriz='center', anchorVert='center', antialias=True, autoDraw=False, autoLog=True, bold=False, color=array([1., 1., 1.]), colorSpace='rgb', contrast=1.0, depth=0, draggable=False, flipHoriz=False, flipVert=False, font='', fontFiles=[], height=0.04, italic=False, languageStyle='LTR', name='unnamed TextStim', opacity=1.0, ori=0.0, pos=array([0., 0.]), rgb=UNKNOWN, text=str(...), units='height', win=Window(...), wrapWidth=0.8888888888888888)
11.1000 	EXP 	window1: mouseVisible = True
11.1645 	EXP 	Created unnamed ImageStim = ImageStim(__class__=<class 'psychopy.visual.image.ImageStim'>, anchor=('center', 'center'), autoLog=True, color=array([1., 1., 1.]), colorSpace='rgb', contrast=1.0, depth=0, draggable=False, flipHoriz=False, flipVert=False, image='../stimuli/reward_low.png', interpolate=False, mask=None, maskParams=None, name='unnamed ImageStim', opacity=1.0, ori=0.0, pos=array([0., 0.]), size=array([0.3, 0.3]), texRes=128, units='height', win=Window(...))
11.1647 	EXP 	window1: mouseVisible = True
11.2122 	EXP 	Created unnamed ImageStim = ImageStim(__class__=<class 'psychopy.visual.image.ImageStim'>, anchor=('center', 'center'), autoLog=True, color=array([1., 1., 1.]), colorSpace='rgb', contrast=1.0, depth=0, draggable=False, flipHoriz=False, flipVert=False, image='../stimuli/reward_high.png', interpolate=False, mask=None, maskParams=None, name='unnamed ImageStim', opacity=1.0, ori=0.0, pos=array([0., 0.]), size=array([0.3, 0.3]), texRes=128, units='height', win=Window(...))
11.2124 	EXP 	window1: mouseVisible = True
11.2694 	EXP 	Created unnamed ImageStim = ImageStim(__class__=<class 'psychopy.visual.image.ImageStim'>, anchor=('center', 'center'), autoLog=True, color=array([1., 1., 1.]), colorSpace='rgb', contrast=1.0, depth=0, draggable=False, flipHoriz=False, flipVert=False, image='../stimuli/reward_neut.png', interpolate=False, mask=None, maskParams=None, name='unnamed ImageStim', opacity=1.0, ori=0.0, pos=array([0., 0.]), size=array([0.3, 0.3]), texRes=128, units='height', win=Window(...))
11.2697 	EXP 	window1: mouseVisible = True
11.3234 	EXP 	Created unnamed ImageStim = ImageStim(__class__=<class 'psychopy.visual.image.ImageStim'>, anchor=('center', 'center'), autoLog=True, color=array([1., 1., 1.]), colorSpace='rgb', contrast=1.0, depth=0, draggable=False, flipHoriz=False, flipVert=False, image='../stimuli/loss_low.png', interpolate=False, mask=None, maskParams=None, name='unnamed ImageStim', opacity=1.0, ori=0.0, pos=array([0., 0.]), size=array([0.3, 0.3]), texRes=128, units='height', win=Window(...))
11.3237 	EXP 	window1: mouseVisible = True
11.3771 	EXP 	Created unnamed ImageStim = ImageStim(__class__=<class 'psychopy.visual.image.ImageStim'>, anchor=('center', 'center'), autoLog=True, color=array([1., 1., 1.]), colorSpace='rgb', contrast=1.0, depth=0, draggable=False, flipHoriz=False, flipVert=False, image='../stimuli/loss_high.png', interpolate=False, mask=None, maskParams=None, name='unnamed ImageStim', opacity=1.0, ori=0.0, pos=array([0., 0.]), size=array([0.3, 0.3]), texRes=128, units='height', win=Window(...))
11.3774 	EXP 	window1: mouseVisible = True
11.4260 	EXP 	Created unnamed ImageStim = ImageStim(__class__=<class 'psychopy.visual.image.ImageStim'>, anchor=('center', 'center'), autoLog=True, color=array([1., 1., 1.]), colorSpace='rgb', contrast=1.0, depth=0, draggable=False, flipHoriz=False, flipVert=False, image='../stimuli/loss_neut.png', interpolate=False, mask=None, maskParams=None, name='unnamed ImageStim', opacity=1.0, ori=0.0, pos=array([0., 0.]), size=array([0.3, 0.3]), texRes=128, units='height', win=Window(...))
11.4294 	EXP 	window1: mouseVisible = True
11.4320 	EXP 	Created unnamed Polygon = Polygon(__class__=<class 'psychopy.visual.polygon.Polygon'>, anchor=('center', 'center'), autoDraw=False, autoLog=True, closeShape=True, color=method-wrapper(...), colorSpace='rgb', contrast=None, depth=0, draggable=False, fillColor=array([1, 1, 1]), fillColorSpace='rgb', fillRGB=array([1, 1, 1]), interpolate=True, lineColor=array([1., 1., 1.]), lineColorSpace='rgb', lineRGB=array([1, 1, 1]), lineWidth=1.5, name='unnamed Polygon', opacity=1.0, ori=0.0, pos=array([0., 0.]), size=array([1., 1.]), units='height', vertices=ndarray(...), win=Window(...))
11.4322 	EXP 	window1: mouseVisible = True
11.4416 	EXP 	Created trial_feedback = TextStim(__class__=<class 'psychopy.visual.text.TextStim'>, alignHoriz=method-wrapper(...), alignText='center', alignVert=method-wrapper(...), anchorHoriz='center', anchorVert='center', antialias=True, autoDraw=False, autoLog=True, bold=False, color=array([1., 1., 1.]), colorSpace='rgb', contrast=1.0, depth=0, draggable=False, flipHoriz=False, flipVert=False, font='Arial', fontFiles=[], height=0.09, italic=False, languageStyle='LTR', name='trial_feedback', opacity=1.0, ori=0, pos=array([0., 0.]), rgb=UNKNOWN, text='Trial:', units='height', win=Window(...), wrapWidth=1)
11.4418 	EXP 	window1: mouseVisible = True
11.4501 	EXP 	Created exp_feedback = TextStim(__class__=<class 'psychopy.visual.text.TextStim'>, alignHoriz=method-wrapper(...), alignText='center', alignVert=method-wrapper(...), anchorHoriz='center', anchorVert='center', antialias=True, autoDraw=False, autoLog=True, bold=False, color=array([1., 1., 1.]), colorSpace='rgb', contrast=1.0, depth=0, draggable=False, flipHoriz=False, flipVert=False, font='Arial', fontFiles=[], height=0.09, italic=False, languageStyle='LTR', name='exp_feedback', opacity=1.0, ori=0, pos=array([ 0.    , -0.0625]), rgb=UNKNOWN, text='Total:', units='height', win=Window(...), wrapWidth=1)
11.4504 	EXP 	window1: mouseVisible = True
11.4638 	EXP 	Created unnamed TextStim = TextStim(__class__=<class 'psychopy.visual.text.TextStim'>, alignHoriz=method-wrapper(...), alignText='center', alignVert=method-wrapper(...), anchorHoriz='center', anchorVert='center', antialias=True, autoDraw=False, autoLog=True, bold=False, color=array([1., 1., 1.]), colorSpace='rgb', contrast=1.0, depth=0, draggable=False, flipHoriz=False, flipVert=False, font='', fontFiles=[], height=0.04, italic=False, languageStyle='LTR', name='unnamed TextStim', opacity=1.0, ori=0.0, pos=array([0., 0.]), rgb=UNKNOWN, text=str(...), units='height', win=Window(...), wrapWidth=1)
11.4640 	EXP 	window1: mouseVisible = True
11.4688 	EXP 	Created unnamed TextStim = TextStim(__class__=<class 'psychopy.visual.text.TextStim'>, alignHoriz=method-wrapper(...), alignText='center', alignVert=method-wrapper(...), anchorHoriz='center', anchorVert='center', antialias=True, autoDraw=False, autoLog=True, bold=False, color=array([1., 1., 1.]), colorSpace='rgb', contrast=1.0, depth=0, draggable=False, flipHoriz=False, flipVert=False, font='', fontFiles=[], height=0.04, italic=False, languageStyle='LTR', name='unnamed TextStim', opacity=1.0, ori=0.0, pos=array([0., 0.]), rgb=UNKNOWN, text='Get ready', units='height', win=Window(...), wrapWidth=1)
11.4690 	EXP 	window1: mouseVisible = True
11.4761 	EXP 	Created unnamed TextStim = TextStim(__class__=<class 'psychopy.visual.text.TextStim'>, alignHoriz=method-wrapper(...), alignText='center', alignVert=method-wrapper(...), anchorHoriz='center', anchorVert='center', antialias=True, autoDraw=False, autoLog=True, bold=False, color=array([1., 1., 1.]), colorSpace='rgb', contrast=1.0, depth=0, draggable=False, flipHoriz=False, flipVert=False, font='', fontFiles=[], height=0.04, italic=False, languageStyle='LTR', name='unnamed TextStim', opacity=1.0, ori=0.0, pos=array([0., 0.]), rgb=UNKNOWN, text='Please wait\n\n', units='height', win=Window(...), wrapWidth=1)
11.6642 	EXP 	window1: mouseVisible = False
21.6919 	EXP 	unnamed TextStim: height = 0.04
21.6919 	EXP 	unnamed TextStim: height = 0.04
21.6919 	EXP 	unnamed TextStim: height = 0.04
21.6919 	EXP 	unnamed TextStim: text = 'Welcome!'
29.8406 	DATA 	Keypress: 1
29.8859 	EXP 	unnamed TextStim: height = 0.04
29.8859 	EXP 	unnamed TextStim: height = 0.04
29.8859 	EXP 	unnamed TextStim: height = 0.04
29.8859 	EXP 	unnamed TextStim: text = 'First you will see a cross in the middle of the screen, like this:\n\n+\n\nThis means you should focus on the screen and get ready to play. '
30.3404 	DATA 	Keypress: 1
30.3668 	EXP 	window1: mouseVisible = True
30.3704 	EXP 	Created unnamed Polygon = Polygon(__class__=<class 'psychopy.visual.polygon.Polygon'>, anchor=('center', 'center'), autoDraw=False, autoLog=True, closeShape=True, color=method-wrapper(...), colorSpace='rgb', contrast=None, depth=0, draggable=False, fillColor=array([1, 1, 1]), fillColorSpace='rgb', fillRGB=array([1, 1, 1]), interpolate=True, lineColor=array([1., 1., 1.]), lineColorSpace='rgb', lineRGB=array([1, 1, 1]), lineWidth=1.5, name='unnamed Polygon', opacity=1.0, ori=0.0, pos=array([0. , 0.1]), size=array([1., 1.]), units='height', vertices=ndarray(...), win=Window(...))
30.3767 	EXP 	unnamed TextStim: height = 0.04
30.3767 	EXP 	unnamed TextStim: height = 0.04
30.3767 	EXP 	unnamed TextStim: height = 0.04
30.3767 	EXP 	unnamed TextStim: text = 'Next, a small solid WHITE TRIANGLE will appear on the screen:\n\n \n\n \n\n \n\nPress the button as fast as you can when you see the solid white triangle. '
30.7854 	DATA 	Keypress: 1
30.7980 	EXP 	unnamed TextStim: height = 0.04
30.7980 	EXP 	unnamed TextStim: height = 0.04
30.7980 	EXP 	unnamed TextStim: height = 0.04
30.7980 	EXP 	unnamed TextStim: text = 'Any Questions?\n\nPlease ask them now.'
31.3819 	DATA 	Keypress: 1
32.1417 	DATA 	Keypress: return
37.1708 	EXP 	unnamed Polygon: autoDraw = True
37.1708 	EXP 	unnamed Polygon: autoDraw = True
37.1875 	EXP 	unnamed Polygon: autoDraw = True
37.2040 	EXP 	unnamed Polygon: autoDraw = True
37.2211 	EXP 	unnamed Polygon: autoDraw = True
37.2376 	EXP 	unnamed Polygon: autoDraw = True
37.2542 	EXP 	unnamed Polygon: autoDraw = True
37.2712 	EXP 	unnamed Polygon: autoDraw = True
37.2879 	EXP 	unnamed Polygon: autoDraw = True
37.3038 	EXP 	unnamed Polygon: autoDraw = True
37.3211 	EXP 	unnamed Polygon: autoDraw = True
37.3377 	EXP 	unnamed Polygon: autoDraw = True
37.3548 	EXP 	unnamed Polygon: autoDraw = True
37.3711 	EXP 	unnamed Polygon: autoDraw = True
37.3876 	EXP 	unnamed Polygon: autoDraw = True
37.4043 	EXP 	unnamed Polygon: autoDraw = True
37.4209 	EXP 	unnamed Polygon: autoDraw = True
37.4378 	EXP 	unnamed Polygon: autoDraw = True
37.4548 	EXP 	unnamed Polygon: autoDraw = True
37.4712 	EXP 	unnamed Polygon: autoDraw = True
37.4878 	EXP 	unnamed Polygon: autoDraw = True
37.5047 	EXP 	unnamed Polygon: autoDraw = True
37.5210 	EXP 	unnamed Polygon: autoDraw = True
37.5380 	EXP 	unnamed Polygon: autoDraw = True
37.5552 	EXP 	unnamed Polygon: autoDraw = True
37.5712 	EXP 	unnamed Polygon: autoDraw = True
37.5883 	EXP 	unnamed Polygon: autoDraw = True
37.6043 	EXP 	unnamed Polygon: autoDraw = True
37.6208 	EXP 	unnamed Polygon: autoDraw = True
37.6377 	EXP 	unnamed Polygon: autoDraw = True
37.6552 	EXP 	unnamed Polygon: autoDraw = True
37.6720 	EXP 	unnamed Polygon: autoDraw = False
43.1879 	EXP 	unnamed Polygon: autoDraw = True
43.1879 	EXP 	unnamed Polygon: autoDraw = True
43.2061 	EXP 	unnamed Polygon: autoDraw = True
43.2219 	EXP 	unnamed Polygon: autoDraw = True
43.2390 	EXP 	unnamed Polygon: autoDraw = True
43.2541 	EXP 	unnamed Polygon: autoDraw = True
43.2720 	EXP 	unnamed Polygon: autoDraw = True
43.2886 	EXP 	unnamed Polygon: autoDraw = True
43.3046 	EXP 	unnamed Polygon: autoDraw = True
43.3212 	EXP 	unnamed Polygon: autoDraw = True
43.3378 	EXP 	unnamed Polygon: autoDraw = True
43.3544 	EXP 	unnamed Polygon: autoDraw = True
43.3710 	EXP 	unnamed Polygon: autoDraw = True
43.3881 	EXP 	unnamed Polygon: autoDraw = True
43.4045 	EXP 	unnamed Polygon: autoDraw = True
43.4214 	EXP 	unnamed Polygon: autoDraw = True
43.4382 	EXP 	unnamed Polygon: autoDraw = True
43.4547 	EXP 	unnamed Polygon: autoDraw = True
43.4719 	EXP 	unnamed Polygon: autoDraw = True
43.4893 	EXP 	unnamed Polygon: autoDraw = True
43.5046 	EXP 	unnamed Polygon: autoDraw = True
43.5233 	EXP 	unnamed Polygon: autoDraw = True
43.5383 	EXP 	unnamed Polygon: autoDraw = True
43.5542 	EXP 	unnamed Polygon: autoDraw = True
43.5714 	EXP 	unnamed Polygon: autoDraw = True
43.5885 	EXP 	unnamed Polygon: autoDraw = True
43.6046 	EXP 	unnamed Polygon: autoDraw = True
43.6215 	EXP 	unnamed Polygon: autoDraw = True
43.6383 	EXP 	unnamed Polygon: autoDraw = True
43.6543 	EXP 	unnamed Polygon: autoDraw = True
43.6715 	EXP 	unnamed Polygon: autoDraw = True
43.6883 	EXP 	unnamed Polygon: autoDraw = False
51.1885 	EXP 	unnamed Polygon: autoDraw = True
51.1885 	EXP 	unnamed Polygon: autoDraw = True
51.2051 	EXP 	unnamed Polygon: autoDraw = True
51.2216 	EXP 	unnamed Polygon: autoDraw = True
51.2381 	EXP 	unnamed Polygon: autoDraw = True
51.2551 	EXP 	unnamed Polygon: autoDraw = True
51.2721 	EXP 	unnamed Polygon: autoDraw = True
51.2887 	EXP 	unnamed Polygon: autoDraw = True
51.3051 	EXP 	unnamed Polygon: autoDraw = True
51.3221 	EXP 	unnamed Polygon: autoDraw = True
51.3390 	EXP 	unnamed Polygon: autoDraw = True
51.3551 	EXP 	unnamed Polygon: autoDraw = True
51.3718 	EXP 	unnamed Polygon: autoDraw = True
51.3889 	EXP 	unnamed Polygon: autoDraw = True
51.4062 	EXP 	unnamed Polygon: autoDraw = True
51.4231 	EXP 	unnamed Polygon: autoDraw = True
51.4391 	EXP 	unnamed Polygon: autoDraw = True
51.4550 	EXP 	unnamed Polygon: autoDraw = True
51.4722 	EXP 	unnamed Polygon: autoDraw = True
51.4887 	EXP 	unnamed Polygon: autoDraw = True
51.5049 	EXP 	unnamed Polygon: autoDraw = True
51.5223 	EXP 	unnamed Polygon: autoDraw = True
51.5387 	EXP 	unnamed Polygon: autoDraw = True
51.5551 	EXP 	unnamed Polygon: autoDraw = True
51.5721 	EXP 	unnamed Polygon: autoDraw = True
51.5891 	EXP 	unnamed Polygon: autoDraw = True
51.6064 	EXP 	unnamed Polygon: autoDraw = True
51.6224 	EXP 	unnamed Polygon: autoDraw = True
51.6385 	EXP 	unnamed Polygon: autoDraw = True
51.6552 	EXP 	unnamed Polygon: autoDraw = True
51.6723 	EXP 	unnamed Polygon: autoDraw = True
51.6890 	EXP 	unnamed Polygon: autoDraw = False
57.2055 	EXP 	unnamed Polygon: autoDraw = True
57.2055 	EXP 	unnamed Polygon: autoDraw = True
57.2229 	EXP 	unnamed Polygon: autoDraw = True
57.2392 	EXP 	unnamed Polygon: autoDraw = True
57.2556 	EXP 	unnamed Polygon: autoDraw = True
57.2725 	EXP 	unnamed Polygon: autoDraw = True
57.2889 	EXP 	unnamed Polygon: autoDraw = True
57.3054 	EXP 	unnamed Polygon: autoDraw = True
57.3220 	EXP 	unnamed Polygon: autoDraw = True
57.3387 	EXP 	unnamed Polygon: autoDraw = True
57.3555 	EXP 	unnamed Polygon: autoDraw = True
57.3726 	EXP 	unnamed Polygon: autoDraw = True
57.3893 	EXP 	unnamed Polygon: autoDraw = True
57.4052 	EXP 	unnamed Polygon: autoDraw = True
57.4224 	EXP 	unnamed Polygon: autoDraw = True
57.4390 	EXP 	unnamed Polygon: autoDraw = True
57.4554 	EXP 	unnamed Polygon: autoDraw = True
57.4724 	EXP 	unnamed Polygon: autoDraw = True
57.4891 	EXP 	unnamed Polygon: autoDraw = True
57.5053 	EXP 	unnamed Polygon: autoDraw = True
57.5227 	EXP 	unnamed Polygon: autoDraw = True
57.5394 	EXP 	unnamed Polygon: autoDraw = True
57.5563 	EXP 	unnamed Polygon: autoDraw = True
57.5733 	EXP 	unnamed Polygon: autoDraw = True
57.5897 	EXP 	unnamed Polygon: autoDraw = True
57.6060 	EXP 	unnamed Polygon: autoDraw = True
57.6229 	EXP 	unnamed Polygon: autoDraw = True
57.6397 	EXP 	unnamed Polygon: autoDraw = True
57.6561 	EXP 	unnamed Polygon: autoDraw = True
57.6731 	EXP 	unnamed Polygon: autoDraw = True
57.6893 	EXP 	unnamed Polygon: autoDraw = True
57.7060 	EXP 	unnamed Polygon: autoDraw = True
57.7232 	EXP 	unnamed Polygon: autoDraw = False
67.2060 	EXP 	unnamed Polygon: autoDraw = True
67.2060 	EXP 	unnamed Polygon: autoDraw = True
67.2230 	EXP 	unnamed Polygon: autoDraw = True
67.2396 	EXP 	unnamed Polygon: autoDraw = True
67.2563 	EXP 	unnamed Polygon: autoDraw = True
67.2732 	EXP 	unnamed Polygon: autoDraw = True
67.2899 	EXP 	unnamed Polygon: autoDraw = True
67.3065 	EXP 	unnamed Polygon: autoDraw = True
67.3229 	EXP 	unnamed Polygon: autoDraw = True
67.3395 	EXP 	unnamed Polygon: autoDraw = True
67.3561 	EXP 	unnamed Polygon: autoDraw = True
67.3726 	EXP 	unnamed Polygon: autoDraw = True
67.3894 	EXP 	unnamed Polygon: autoDraw = True
67.4060 	EXP 	unnamed Polygon: autoDraw = True
67.4224 	EXP 	unnamed Polygon: autoDraw = True
67.4393 	EXP 	unnamed Polygon: autoDraw = True
67.4560 	EXP 	unnamed Polygon: autoDraw = True
67.4728 	EXP 	unnamed Polygon: autoDraw = True
67.4899 	EXP 	unnamed Polygon: autoDraw = True
67.5060 	EXP 	unnamed Polygon: autoDraw = True
67.5231 	EXP 	unnamed Polygon: autoDraw = True
67.5400 	EXP 	unnamed Polygon: autoDraw = True
67.5566 	EXP 	unnamed Polygon: autoDraw = True
67.5738 	EXP 	unnamed Polygon: autoDraw = True
67.5902 	EXP 	unnamed Polygon: autoDraw = True
67.6065 	EXP 	unnamed Polygon: autoDraw = True
67.6232 	EXP 	unnamed Polygon: autoDraw = True
67.6396 	EXP 	unnamed Polygon: autoDraw = True
67.6565 	EXP 	unnamed Polygon: autoDraw = True
67.6731 	EXP 	unnamed Polygon: autoDraw = True
67.6895 	EXP 	unnamed Polygon: autoDraw = True
67.7064 	EXP 	unnamed Polygon: autoDraw = True
67.7233 	EXP 	unnamed Polygon: autoDraw = True
67.7398 	EXP 	unnamed Polygon: autoDraw = False
77.2079 	EXP 	unnamed Polygon: autoDraw = True
77.2079 	EXP 	unnamed Polygon: autoDraw = True
77.2251 	EXP 	unnamed Polygon: autoDraw = True
77.2409 	EXP 	unnamed Polygon: autoDraw = True
77.2577 	EXP 	unnamed Polygon: autoDraw = True
77.2749 	EXP 	unnamed Polygon: autoDraw = True
77.2907 	EXP 	unnamed Polygon: autoDraw = True
77.3079 	EXP 	unnamed Polygon: autoDraw = True
77.3246 	EXP 	unnamed Polygon: autoDraw = True
77.3403 	EXP 	unnamed Polygon: autoDraw = True
77.3579 	EXP 	unnamed Polygon: autoDraw = True
77.3746 	EXP 	unnamed Polygon: autoDraw = True
77.3904 	EXP 	unnamed Polygon: autoDraw = True
77.4078 	EXP 	unnamed Polygon: autoDraw = True
77.4237 	EXP 	unnamed Polygon: autoDraw = True
77.4402 	EXP 	unnamed Polygon: autoDraw = True
77.4567 	EXP 	unnamed Polygon: autoDraw = True
77.4734 	EXP 	unnamed Polygon: autoDraw = True
77.4902 	EXP 	unnamed Polygon: autoDraw = True
77.5069 	EXP 	unnamed Polygon: autoDraw = True
77.5232 	EXP 	unnamed Polygon: autoDraw = True
77.5402 	EXP 	unnamed Polygon: autoDraw = True
77.5568 	EXP 	unnamed Polygon: autoDraw = True
77.5734 	EXP 	unnamed Polygon: autoDraw = True
77.5903 	EXP 	unnamed Polygon: autoDraw = True
77.6068 	EXP 	unnamed Polygon: autoDraw = True
77.6239 	EXP 	unnamed Polygon: autoDraw = True
77.6405 	EXP 	unnamed Polygon: autoDraw = True
77.6567 	EXP 	unnamed Polygon: autoDraw = True
77.6738 	EXP 	unnamed Polygon: autoDraw = True
77.6905 	EXP 	unnamed Polygon: autoDraw = True
77.7069 	EXP 	unnamed Polygon: autoDraw = True
77.7236 	EXP 	unnamed Polygon: autoDraw = False
83.2238 	EXP 	unnamed Polygon: autoDraw = True
83.2238 	EXP 	unnamed Polygon: autoDraw = True
83.2403 	EXP 	unnamed Polygon: autoDraw = True
83.2569 	EXP 	unnamed Polygon: autoDraw = True
83.2741 	EXP 	unnamed Polygon: autoDraw = True
83.2908 	EXP 	unnamed Polygon: autoDraw = True
83.3068 	EXP 	unnamed Polygon: autoDraw = True
83.3242 	EXP 	unnamed Polygon: autoDraw = True
83.3406 	EXP 	unnamed Polygon: autoDraw = True
83.3570 	EXP 	unnamed Polygon: autoDraw = True
83.3741 	EXP 	unnamed Polygon: autoDraw = True
83.3910 	EXP 	unnamed Polygon: autoDraw = True
83.4073 	EXP 	unnamed Polygon: autoDraw = True
83.4244 	EXP 	unnamed Polygon: autoDraw = True
83.4409 	EXP 	unnamed Polygon: autoDraw = True
83.4573 	EXP 	unnamed Polygon: autoDraw = True
83.4744 	EXP 	unnamed Polygon: autoDraw = True
83.4914 	EXP 	unnamed Polygon: autoDraw = True
83.5083 	EXP 	unnamed Polygon: autoDraw = True
83.5243 	EXP 	unnamed Polygon: autoDraw = True
83.5411 	EXP 	unnamed Polygon: autoDraw = True
83.5579 	EXP 	unnamed Polygon: autoDraw = True
83.5743 	EXP 	unnamed Polygon: autoDraw = True
83.5909 	EXP 	unnamed Polygon: autoDraw = True
83.6084 	EXP 	unnamed Polygon: autoDraw = True
83.6246 	EXP 	unnamed Polygon: autoDraw = True
83.6406 	EXP 	unnamed Polygon: autoDraw = True
83.6582 	EXP 	unnamed Polygon: autoDraw = True
83.6749 	EXP 	unnamed Polygon: autoDraw = True
83.6912 	EXP 	unnamed Polygon: autoDraw = True
83.7076 	EXP 	unnamed Polygon: autoDraw = True
83.7241 	EXP 	unnamed Polygon: autoDraw = True
83.7409 	EXP 	unnamed Polygon: autoDraw = True
83.7576 	EXP 	unnamed Polygon: autoDraw = False
93.2415 	EXP 	unnamed Polygon: autoDraw = True
93.2415 	EXP 	unnamed Polygon: autoDraw = True
93.2580 	EXP 	unnamed Polygon: autoDraw = True
93.2746 	EXP 	unnamed Polygon: autoDraw = True
93.2915 	EXP 	unnamed Polygon: autoDraw = True
93.3081 	EXP 	unnamed Polygon: autoDraw = True
93.3244 	EXP 	unnamed Polygon: autoDraw = True
93.3412 	EXP 	unnamed Polygon: autoDraw = True
93.3582 	EXP 	unnamed Polygon: autoDraw = True
93.3746 	EXP 	unnamed Polygon: autoDraw = True
93.3914 	EXP 	unnamed Polygon: autoDraw = True
93.4079 	EXP 	unnamed Polygon: autoDraw = True
93.4244 	EXP 	unnamed Polygon: autoDraw = True
93.4416 	EXP 	unnamed Polygon: autoDraw = True
93.4580 	EXP 	unnamed Polygon: autoDraw = True
93.4753 	EXP 	unnamed Polygon: autoDraw = True
93.4913 	EXP 	unnamed Polygon: autoDraw = True
93.5081 	EXP 	unnamed Polygon: autoDraw = True
93.5244 	EXP 	unnamed Polygon: autoDraw = True
93.5415 	EXP 	unnamed Polygon: autoDraw = True
93.5578 	EXP 	unnamed Polygon: autoDraw = True
93.5749 	EXP 	unnamed Polygon: autoDraw = True
93.5913 	EXP 	unnamed Polygon: autoDraw = True
93.6079 	EXP 	unnamed Polygon: autoDraw = True
93.6243 	EXP 	unnamed Polygon: autoDraw = True
93.6414 	EXP 	unnamed Polygon: autoDraw = True
93.6578 	EXP 	unnamed Polygon: autoDraw = True
93.6744 	EXP 	unnamed Polygon: autoDraw = True
93.6917 	EXP 	unnamed Polygon: autoDraw = True
93.7077 	EXP 	unnamed Polygon: autoDraw = True
93.7249 	EXP 	unnamed Polygon: autoDraw = True
93.7422 	EXP 	unnamed Polygon: autoDraw = True
93.7601 	EXP 	unnamed Polygon: autoDraw = True
93.7742 	EXP 	unnamed Polygon: autoDraw = False
103.2433 	EXP 	unnamed Polygon: autoDraw = True
103.2433 	EXP 	unnamed Polygon: autoDraw = True
103.2589 	EXP 	unnamed Polygon: autoDraw = True
103.2760 	EXP 	unnamed Polygon: autoDraw = True
103.2920 	EXP 	unnamed Polygon: autoDraw = True
103.3091 	EXP 	unnamed Polygon: autoDraw = True
103.3260 	EXP 	unnamed Polygon: autoDraw = True
103.3427 	EXP 	unnamed Polygon: autoDraw = True
103.3586 	EXP 	unnamed Polygon: autoDraw = True
103.3792 	EXP 	unnamed Polygon: autoDraw = True
103.3941 	EXP 	unnamed Polygon: autoDraw = True
103.4090 	EXP 	unnamed Polygon: autoDraw = True
103.4258 	EXP 	unnamed Polygon: autoDraw = True
103.4426 	EXP 	unnamed Polygon: autoDraw = True
103.4592 	EXP 	unnamed Polygon: autoDraw = True
103.4756 	EXP 	unnamed Polygon: autoDraw = True
103.4925 	EXP 	unnamed Polygon: autoDraw = True
103.5091 	EXP 	unnamed Polygon: autoDraw = True
103.5253 	EXP 	unnamed Polygon: autoDraw = True
103.5422 	EXP 	unnamed Polygon: autoDraw = True
103.5589 	EXP 	unnamed Polygon: autoDraw = True
103.5756 	EXP 	unnamed Polygon: autoDraw = True
103.5921 	EXP 	unnamed Polygon: autoDraw = True
103.6086 	EXP 	unnamed Polygon: autoDraw = True
103.6253 	EXP 	unnamed Polygon: autoDraw = True
103.6419 	EXP 	unnamed Polygon: autoDraw = True
103.6586 	EXP 	unnamed Polygon: autoDraw = True
103.6755 	EXP 	unnamed Polygon: autoDraw = True
103.6920 	EXP 	unnamed Polygon: autoDraw = True
103.7101 	EXP 	unnamed Polygon: autoDraw = True
103.7254 	EXP 	unnamed Polygon: autoDraw = True
103.7424 	EXP 	unnamed Polygon: autoDraw = True
103.7590 	EXP 	unnamed Polygon: autoDraw = True
103.7754 	EXP 	unnamed Polygon: autoDraw = False
111.2426 	EXP 	unnamed Polygon: autoDraw = True
111.2426 	EXP 	unnamed Polygon: autoDraw = True
111.2590 	EXP 	unnamed Polygon: autoDraw = True
111.2762 	EXP 	unnamed Polygon: autoDraw = True
111.2926 	EXP 	unnamed Polygon: autoDraw = True
111.3088 	EXP 	unnamed Polygon: autoDraw = True
111.3262 	EXP 	unnamed Polygon: autoDraw = True
111.3431 	EXP 	unnamed Polygon: autoDraw = True
111.3590 	EXP 	unnamed Polygon: autoDraw = True
111.3764 	EXP 	unnamed Polygon: autoDraw = True
111.3928 	EXP 	unnamed Polygon: autoDraw = True
111.4093 	EXP 	unnamed Polygon: autoDraw = True
111.4264 	EXP 	unnamed Polygon: autoDraw = True
111.4428 	EXP 	unnamed Polygon: autoDraw = True
111.4590 	EXP 	unnamed Polygon: autoDraw = True
111.4763 	EXP 	unnamed Polygon: autoDraw = True
111.4929 	EXP 	unnamed Polygon: autoDraw = True
111.5102 	EXP 	unnamed Polygon: autoDraw = True
111.5276 	EXP 	unnamed Polygon: autoDraw = True
111.5427 	EXP 	unnamed Polygon: autoDraw = True
111.5603 	EXP 	unnamed Polygon: autoDraw = True
111.5768 	EXP 	unnamed Polygon: autoDraw = True
111.5930 	EXP 	unnamed Polygon: autoDraw = True
111.6093 	EXP 	unnamed Polygon: autoDraw = True
111.6264 	EXP 	unnamed Polygon: autoDraw = True
111.6429 	EXP 	unnamed Polygon: autoDraw = True
111.6593 	EXP 	unnamed Polygon: autoDraw = True
111.6760 	EXP 	unnamed Polygon: autoDraw = True
111.6928 	EXP 	unnamed Polygon: autoDraw = True
111.7093 	EXP 	unnamed Polygon: autoDraw = True
111.7262 	EXP 	unnamed Polygon: autoDraw = True
111.7434 	EXP 	unnamed Polygon: autoDraw = True
111.7599 	EXP 	unnamed Polygon: autoDraw = False
121.2439 	EXP 	unnamed Polygon: autoDraw = True
121.2439 	EXP 	unnamed Polygon: autoDraw = True
121.2599 	EXP 	unnamed Polygon: autoDraw = True
121.2768 	EXP 	unnamed Polygon: autoDraw = True
121.2945 	EXP 	unnamed Polygon: autoDraw = True
121.3102 	EXP 	unnamed Polygon: autoDraw = True
121.3266 	EXP 	unnamed Polygon: autoDraw = True
121.3441 	EXP 	unnamed Polygon: autoDraw = True
121.3606 	EXP 	unnamed Polygon: autoDraw = True
121.3768 	EXP 	unnamed Polygon: autoDraw = True
121.3936 	EXP 	unnamed Polygon: autoDraw = True
121.4099 	EXP 	unnamed Polygon: autoDraw = True
121.4270 	EXP 	unnamed Polygon: autoDraw = True
121.4435 	EXP 	unnamed Polygon: autoDraw = True
121.4609 	EXP 	unnamed Polygon: autoDraw = True
121.4770 	EXP 	unnamed Polygon: autoDraw = True
121.4933 	EXP 	unnamed Polygon: autoDraw = True
121.5112 	EXP 	unnamed Polygon: autoDraw = True
121.5273 	EXP 	unnamed Polygon: autoDraw = True
121.5439 	EXP 	unnamed Polygon: autoDraw = True
121.5611 	EXP 	unnamed Polygon: autoDraw = True
121.5776 	EXP 	unnamed Polygon: autoDraw = True
121.5943 	EXP 	unnamed Polygon: autoDraw = True
121.6107 	EXP 	unnamed Polygon: autoDraw = True
121.6273 	EXP 	unnamed Polygon: autoDraw = True
121.6432 	EXP 	unnamed Polygon: autoDraw = True
121.6605 	EXP 	unnamed Polygon: autoDraw = True
121.6770 	EXP 	unnamed Polygon: autoDraw = True
121.6932 	EXP 	unnamed Polygon: autoDraw = True
121.7102 	EXP 	unnamed Polygon: autoDraw = True
121.7270 	EXP 	unnamed Polygon: autoDraw = True
121.7435 	EXP 	unnamed Polygon: autoDraw = True
121.7607 	EXP 	unnamed Polygon: autoDraw = True
121.7767 	EXP 	unnamed Polygon: autoDraw = True
121.7933 	EXP 	unnamed Polygon: autoDraw = False
129.2450 	EXP 	unnamed Polygon: autoDraw = True
129.2450 	EXP 	unnamed Polygon: autoDraw = True
129.2615 	EXP 	unnamed Polygon: autoDraw = True
129.2781 	EXP 	unnamed Polygon: autoDraw = True
129.2947 	EXP 	unnamed Polygon: autoDraw = True
129.3118 	EXP 	unnamed Polygon: autoDraw = True
129.3278 	EXP 	unnamed Polygon: autoDraw = True
129.3439 	EXP 	unnamed Polygon: autoDraw = True
129.3614 	EXP 	unnamed Polygon: autoDraw = True
129.3775 	EXP 	unnamed Polygon: autoDraw = True
129.3939 	EXP 	unnamed Polygon: autoDraw = True
129.4115 	EXP 	unnamed Polygon: autoDraw = True
129.4274 	EXP 	unnamed Polygon: autoDraw = True
129.4439 	EXP 	unnamed Polygon: autoDraw = True
129.4616 	EXP 	unnamed Polygon: autoDraw = True
129.4774 	EXP 	unnamed Polygon: autoDraw = True
129.4935 	EXP 	unnamed Polygon: autoDraw = True
129.5102 	EXP 	unnamed Polygon: autoDraw = True
129.5269 	EXP 	unnamed Polygon: autoDraw = True
129.5435 	EXP 	unnamed Polygon: autoDraw = True
129.5603 	EXP 	unnamed Polygon: autoDraw = True
129.5775 	EXP 	unnamed Polygon: autoDraw = True
129.5940 	EXP 	unnamed Polygon: autoDraw = True
129.6115 	EXP 	unnamed Polygon: autoDraw = True
129.6278 	EXP 	unnamed Polygon: autoDraw = True
129.6439 	EXP 	unnamed Polygon: autoDraw = True
129.6616 	EXP 	unnamed Polygon: autoDraw = True
129.6776 	EXP 	unnamed Polygon: autoDraw = True
129.6940 	EXP 	unnamed Polygon: autoDraw = True
129.7116 	EXP 	unnamed Polygon: autoDraw = True
129.7282 	EXP 	unnamed Polygon: autoDraw = True
129.7439 	EXP 	unnamed Polygon: autoDraw = True
129.7613 	EXP 	unnamed Polygon: autoDraw = True
129.7775 	EXP 	unnamed Polygon: autoDraw = True
129.7939 	EXP 	unnamed Polygon: autoDraw = False
135.2448 	EXP 	unnamed Polygon: autoDraw = True
135.2448 	EXP 	unnamed Polygon: autoDraw = True
135.2615 	EXP 	unnamed Polygon: autoDraw = True
135.2778 	EXP 	unnamed Polygon: autoDraw = True
135.2947 	EXP 	unnamed Polygon: autoDraw = True
135.3172 	EXP 	unnamed Polygon: autoDraw = True
135.3283 	EXP 	unnamed Polygon: autoDraw = True
135.3445 	EXP 	unnamed Polygon: autoDraw = True
135.3611 	EXP 	unnamed Polygon: autoDraw = True
135.3779 	EXP 	unnamed Polygon: autoDraw = True
135.3949 	EXP 	unnamed Polygon: autoDraw = True
135.4114 	EXP 	unnamed Polygon: autoDraw = True
135.4280 	EXP 	unnamed Polygon: autoDraw = True
135.4443 	EXP 	unnamed Polygon: autoDraw = True
135.4610 	EXP 	unnamed Polygon: autoDraw = True
135.4777 	EXP 	unnamed Polygon: autoDraw = True
135.4946 	EXP 	unnamed Polygon: autoDraw = True
135.5106 	EXP 	unnamed Polygon: autoDraw = True
135.5279 	EXP 	unnamed Polygon: autoDraw = True
135.5447 	EXP 	unnamed Polygon: autoDraw = True
135.5607 	EXP 	unnamed Polygon: autoDraw = True
135.5777 	EXP 	unnamed Polygon: autoDraw = True
135.5946 	EXP 	unnamed Polygon: autoDraw = True
135.6106 	EXP 	unnamed Polygon: autoDraw = True
135.6277 	EXP 	unnamed Polygon: autoDraw = True
135.6445 	EXP 	unnamed Polygon: autoDraw = True
135.6612 	EXP 	unnamed Polygon: autoDraw = True
135.6780 	EXP 	unnamed Polygon: autoDraw = True
135.6948 	EXP 	unnamed Polygon: autoDraw = True
135.7107 	EXP 	unnamed Polygon: autoDraw = True
135.7283 	EXP 	unnamed Polygon: autoDraw = True
135.7453 	EXP 	unnamed Polygon: autoDraw = True
135.7610 	EXP 	unnamed Polygon: autoDraw = True
135.7779 	EXP 	unnamed Polygon: autoDraw = True
135.7949 	EXP 	unnamed Polygon: autoDraw = False
143.2451 	EXP 	unnamed Polygon: autoDraw = True
143.2451 	EXP 	unnamed Polygon: autoDraw = True
143.2619 	EXP 	unnamed Polygon: autoDraw = True
143.2786 	EXP 	unnamed Polygon: autoDraw = True
143.2955 	EXP 	unnamed Polygon: autoDraw = True
143.3114 	EXP 	unnamed Polygon: autoDraw = True
143.3285 	EXP 	unnamed Polygon: autoDraw = True
143.3455 	EXP 	unnamed Polygon: autoDraw = True
143.3618 	EXP 	unnamed Polygon: autoDraw = True
143.3789 	EXP 	unnamed Polygon: autoDraw = True
143.3953 	EXP 	unnamed Polygon: autoDraw = True
143.4122 	EXP 	unnamed Polygon: autoDraw = True
143.4288 	EXP 	unnamed Polygon: autoDraw = True
143.4453 	EXP 	unnamed Polygon: autoDraw = True
143.4617 	EXP 	unnamed Polygon: autoDraw = True
143.4789 	EXP 	unnamed Polygon: autoDraw = True
143.4955 	EXP 	unnamed Polygon: autoDraw = True
143.5120 	EXP 	unnamed Polygon: autoDraw = True
143.5286 	EXP 	unnamed Polygon: autoDraw = True
143.5453 	EXP 	unnamed Polygon: autoDraw = True
143.5619 	EXP 	unnamed Polygon: autoDraw = True
143.5787 	EXP 	unnamed Polygon: autoDraw = True
143.5958 	EXP 	unnamed Polygon: autoDraw = True
143.6118 	EXP 	unnamed Polygon: autoDraw = True
143.6291 	EXP 	unnamed Polygon: autoDraw = True
143.6450 	EXP 	unnamed Polygon: autoDraw = True
143.6617 	EXP 	unnamed Polygon: autoDraw = True
143.6782 	EXP 	unnamed Polygon: autoDraw = True
143.6953 	EXP 	unnamed Polygon: autoDraw = True
143.7119 	EXP 	unnamed Polygon: autoDraw = True
143.7288 	EXP 	unnamed Polygon: autoDraw = True
143.7451 	EXP 	unnamed Polygon: autoDraw = True
143.7620 	EXP 	unnamed Polygon: autoDraw = True
143.7784 	EXP 	unnamed Polygon: autoDraw = False
151.2458 	EXP 	unnamed Polygon: autoDraw = True
151.2458 	EXP 	unnamed Polygon: autoDraw = True
151.2623 	EXP 	unnamed Polygon: autoDraw = True
151.2793 	EXP 	unnamed Polygon: autoDraw = True
151.2956 	EXP 	unnamed Polygon: autoDraw = True
151.3123 	EXP 	unnamed Polygon: autoDraw = True
151.3291 	EXP 	unnamed Polygon: autoDraw = True
151.3454 	EXP 	unnamed Polygon: autoDraw = True
151.3624 	EXP 	unnamed Polygon: autoDraw = True
151.3790 	EXP 	unnamed Polygon: autoDraw = True
151.3954 	EXP 	unnamed Polygon: autoDraw = True
151.4118 	EXP 	unnamed Polygon: autoDraw = True
151.4285 	EXP 	unnamed Polygon: autoDraw = True
151.4451 	EXP 	unnamed Polygon: autoDraw = True
151.4619 	EXP 	unnamed Polygon: autoDraw = True
151.4785 	EXP 	unnamed Polygon: autoDraw = True
151.4950 	EXP 	unnamed Polygon: autoDraw = True
151.5120 	EXP 	unnamed Polygon: autoDraw = True
151.5293 	EXP 	unnamed Polygon: autoDraw = True
151.5455 	EXP 	unnamed Polygon: autoDraw = True
151.5617 	EXP 	unnamed Polygon: autoDraw = True
151.5789 	EXP 	unnamed Polygon: autoDraw = True
151.5954 	EXP 	unnamed Polygon: autoDraw = True
151.6123 	EXP 	unnamed Polygon: autoDraw = True
151.6291 	EXP 	unnamed Polygon: autoDraw = True
151.6453 	EXP 	unnamed Polygon: autoDraw = True
151.6621 	EXP 	unnamed Polygon: autoDraw = True
151.6789 	EXP 	unnamed Polygon: autoDraw = True
151.6962 	EXP 	unnamed Polygon: autoDraw = True
151.7120 	EXP 	unnamed Polygon: autoDraw = True
151.7289 	EXP 	unnamed Polygon: autoDraw = True
151.7455 	EXP 	unnamed Polygon: autoDraw = True
151.7620 	EXP 	unnamed Polygon: autoDraw = True
151.7789 	EXP 	unnamed Polygon: autoDraw = False
180.8740 	DATA 	Keypress: 1
180.8851 	EXP 	window1: mouseVisible = False
190.9145 	EXP 	unnamed TextStim: height = 0.04
190.9145 	EXP 	unnamed TextStim: height = 0.04
190.9145 	EXP 	unnamed TextStim: height = 0.04
190.9145 	EXP 	unnamed TextStim: text = 'Welcome!'
206.6944 	DATA 	Keypress: 1
206.7114 	EXP 	unnamed TextStim: height = 0.04
206.7114 	EXP 	unnamed TextStim: height = 0.04
206.7114 	EXP 	unnamed TextStim: height = 0.04
206.7114 	EXP 	unnamed TextStim: text = 'First you will see a cross in the middle of the screen, like this:\n\n+\n\nThis means you should focus on the screen and get ready to play. '
207.5598 	DATA 	Keypress: 1
207.5707 	EXP 	window1: mouseVisible = True
207.5744 	EXP 	Created unnamed Polygon = Polygon(__class__=<class 'psychopy.visual.polygon.Polygon'>, anchor=('center', 'center'), autoDraw=False, autoLog=True, closeShape=True, color=method-wrapper(...), colorSpace='rgb', contrast=None, depth=0, draggable=False, fillColor=array([1, 1, 1]), fillColorSpace='rgb', fillRGB=array([1, 1, 1]), interpolate=True, lineColor=array([1., 1., 1.]), lineColorSpace='rgb', lineRGB=array([1, 1, 1]), lineWidth=1.5, name='unnamed Polygon', opacity=1.0, ori=0.0, pos=array([0. , 0.1]), size=array([1., 1.]), units='height', vertices=ndarray(...), win=Window(...))
207.5792 	EXP 	unnamed TextStim: height = 0.04
207.5792 	EXP 	unnamed TextStim: height = 0.04
207.5792 	EXP 	unnamed TextStim: height = 0.04
207.5792 	EXP 	unnamed TextStim: text = 'Next, a small solid WHITE TRIANGLE will appear on the screen:\n\n \n\n \n\n \n\nPress the button as fast as you can when you see the solid white triangle. '
207.9973 	DATA 	Keypress: 1
208.0064 	EXP 	unnamed TextStim: height = 0.04
208.0064 	EXP 	unnamed TextStim: height = 0.04
208.0064 	EXP 	unnamed TextStim: height = 0.04
208.0064 	EXP 	unnamed TextStim: text = 'Any Questions?\n\nPlease ask them now.'
208.5504 	DATA 	Keypress: 1
209.6297 	DATA 	Keypress: return
214.6668 	EXP 	unnamed Polygon: autoDraw = True
214.6668 	EXP 	unnamed Polygon: autoDraw = True
214.6840 	EXP 	unnamed Polygon: autoDraw = True
214.6999 	EXP 	unnamed Polygon: autoDraw = True
214.7169 	EXP 	unnamed Polygon: autoDraw = True
214.7336 	EXP 	unnamed Polygon: autoDraw = True
214.7502 	EXP 	unnamed Polygon: autoDraw = True
214.7668 	EXP 	unnamed Polygon: autoDraw = True
214.7835 	EXP 	unnamed Polygon: autoDraw = True
214.7992 	EXP 	unnamed Polygon: autoDraw = True
214.8162 	EXP 	unnamed Polygon: autoDraw = True
214.8334 	EXP 	unnamed Polygon: autoDraw = True
214.8497 	EXP 	unnamed Polygon: autoDraw = True
214.8661 	EXP 	unnamed Polygon: autoDraw = True
214.8835 	EXP 	unnamed Polygon: autoDraw = True
214.8996 	EXP 	unnamed Polygon: autoDraw = True
214.9163 	EXP 	unnamed Polygon: autoDraw = True
214.9334 	EXP 	unnamed Polygon: autoDraw = True
214.9494 	EXP 	unnamed Polygon: autoDraw = True
214.9664 	EXP 	unnamed Polygon: autoDraw = True
214.9833 	EXP 	unnamed Polygon: autoDraw = True
215.0002 	EXP 	unnamed Polygon: autoDraw = True
215.0162 	EXP 	unnamed Polygon: autoDraw = True
215.0333 	EXP 	unnamed Polygon: autoDraw = True
215.0498 	EXP 	unnamed Polygon: autoDraw = True
215.0661 	EXP 	unnamed Polygon: autoDraw = True
215.0836 	EXP 	unnamed Polygon: autoDraw = True
215.1002 	EXP 	unnamed Polygon: autoDraw = True
215.1164 	EXP 	unnamed Polygon: autoDraw = True
215.1335 	EXP 	unnamed Polygon: autoDraw = True
215.1496 	EXP 	unnamed Polygon: autoDraw = True
215.1665 	EXP 	unnamed Polygon: autoDraw = True
215.1836 	EXP 	unnamed Polygon: autoDraw = False
222.6679 	EXP 	unnamed Polygon: autoDraw = True
222.6679 	EXP 	unnamed Polygon: autoDraw = True
222.6837 	EXP 	unnamed Polygon: autoDraw = True
222.7004 	EXP 	unnamed Polygon: autoDraw = True
222.7168 	EXP 	unnamed Polygon: autoDraw = True
222.7334 	EXP 	unnamed Polygon: autoDraw = True
222.7505 	EXP 	unnamed Polygon: autoDraw = True
222.7671 	EXP 	unnamed Polygon: autoDraw = True
222.7838 	EXP 	unnamed Polygon: autoDraw = True
222.8004 	EXP 	unnamed Polygon: autoDraw = True
222.8169 	EXP 	unnamed Polygon: autoDraw = True
222.8339 	EXP 	unnamed Polygon: autoDraw = True
222.8501 	EXP 	unnamed Polygon: autoDraw = True
222.8669 	EXP 	unnamed Polygon: autoDraw = True
222.8836 	EXP 	unnamed Polygon: autoDraw = True
222.9002 	EXP 	unnamed Polygon: autoDraw = True
222.9167 	EXP 	unnamed Polygon: autoDraw = True
222.9341 	EXP 	unnamed Polygon: autoDraw = True
222.9503 	EXP 	unnamed Polygon: autoDraw = True
222.9669 	EXP 	unnamed Polygon: autoDraw = True
222.9841 	EXP 	unnamed Polygon: autoDraw = True
223.0002 	EXP 	unnamed Polygon: autoDraw = True
223.0167 	EXP 	unnamed Polygon: autoDraw = True
223.0338 	EXP 	unnamed Polygon: autoDraw = True
223.0503 	EXP 	unnamed Polygon: autoDraw = True
223.0667 	EXP 	unnamed Polygon: autoDraw = True
223.0839 	EXP 	unnamed Polygon: autoDraw = True
223.1015 	EXP 	unnamed Polygon: autoDraw = True
223.1181 	EXP 	unnamed Polygon: autoDraw = True
223.1338 	EXP 	unnamed Polygon: autoDraw = True
223.1503 	EXP 	unnamed Polygon: autoDraw = True
223.1670 	EXP 	unnamed Polygon: autoDraw = True
223.1837 	EXP 	unnamed Polygon: autoDraw = False
232.6679 	EXP 	unnamed Polygon: autoDraw = True
232.6679 	EXP 	unnamed Polygon: autoDraw = True
232.6848 	EXP 	unnamed Polygon: autoDraw = True
232.7008 	EXP 	unnamed Polygon: autoDraw = True
232.7177 	EXP 	unnamed Polygon: autoDraw = True
232.7344 	EXP 	unnamed Polygon: autoDraw = True
232.7512 	EXP 	unnamed Polygon: autoDraw = True
232.7678 	EXP 	unnamed Polygon: autoDraw = True
232.7849 	EXP 	unnamed Polygon: autoDraw = True
232.8012 	EXP 	unnamed Polygon: autoDraw = True
232.8174 	EXP 	unnamed Polygon: autoDraw = True
232.8340 	EXP 	unnamed Polygon: autoDraw = True
232.8508 	EXP 	unnamed Polygon: autoDraw = True
232.8678 	EXP 	unnamed Polygon: autoDraw = True
232.8840 	EXP 	unnamed Polygon: autoDraw = True
232.9008 	EXP 	unnamed Polygon: autoDraw = True
232.9176 	EXP 	unnamed Polygon: autoDraw = True
232.9339 	EXP 	unnamed Polygon: autoDraw = True
232.9509 	EXP 	unnamed Polygon: autoDraw = True
232.9693 	EXP 	unnamed Polygon: autoDraw = True
232.9845 	EXP 	unnamed Polygon: autoDraw = True
233.0008 	EXP 	unnamed Polygon: autoDraw = True
233.0176 	EXP 	unnamed Polygon: autoDraw = True
233.0348 	EXP 	unnamed Polygon: autoDraw = True
233.0513 	EXP 	unnamed Polygon: autoDraw = True
233.0674 	EXP 	unnamed Polygon: autoDraw = True
233.0842 	EXP 	unnamed Polygon: autoDraw = True
233.1010 	EXP 	unnamed Polygon: autoDraw = True
233.1182 	EXP 	unnamed Polygon: autoDraw = True
233.1347 	EXP 	unnamed Polygon: autoDraw = True
233.1514 	EXP 	unnamed Polygon: autoDraw = True
233.1679 	EXP 	unnamed Polygon: autoDraw = False
242.6522 	EXP 	unnamed Polygon: autoDraw = True
242.6522 	EXP 	unnamed Polygon: autoDraw = True
242.6685 	EXP 	unnamed Polygon: autoDraw = True
242.6852 	EXP 	unnamed Polygon: autoDraw = True
242.7016 	EXP 	unnamed Polygon: autoDraw = True
242.7183 	EXP 	unnamed Polygon: autoDraw = True
242.7353 	EXP 	unnamed Polygon: autoDraw = True
242.7516 	EXP 	unnamed Polygon: autoDraw = True
242.7680 	EXP 	unnamed Polygon: autoDraw = True
242.7853 	EXP 	unnamed Polygon: autoDraw = True
242.8023 	EXP 	unnamed Polygon: autoDraw = True
242.8183 	EXP 	unnamed Polygon: autoDraw = True
242.8350 	EXP 	unnamed Polygon: autoDraw = True
242.8515 	EXP 	unnamed Polygon: autoDraw = True
242.8683 	EXP 	unnamed Polygon: autoDraw = True
242.8852 	EXP 	unnamed Polygon: autoDraw = True
242.9014 	EXP 	unnamed Polygon: autoDraw = True
242.9184 	EXP 	unnamed Polygon: autoDraw = True
242.9350 	EXP 	unnamed Polygon: autoDraw = True
242.9516 	EXP 	unnamed Polygon: autoDraw = True
242.9681 	EXP 	unnamed Polygon: autoDraw = True
242.9849 	EXP 	unnamed Polygon: autoDraw = True
243.0014 	EXP 	unnamed Polygon: autoDraw = True
243.0181 	EXP 	unnamed Polygon: autoDraw = True
243.0353 	EXP 	unnamed Polygon: autoDraw = True
243.0515 	EXP 	unnamed Polygon: autoDraw = True
243.0687 	EXP 	unnamed Polygon: autoDraw = True
243.0852 	EXP 	unnamed Polygon: autoDraw = True
243.1017 	EXP 	unnamed Polygon: autoDraw = True
243.1184 	EXP 	unnamed Polygon: autoDraw = True
243.1352 	EXP 	unnamed Polygon: autoDraw = True
243.1519 	EXP 	unnamed Polygon: autoDraw = True
243.1687 	EXP 	unnamed Polygon: autoDraw = False
248.6704 	EXP 	unnamed Polygon: autoDraw = True
248.6704 	EXP 	unnamed Polygon: autoDraw = True
248.6862 	EXP 	unnamed Polygon: autoDraw = True
248.7017 	EXP 	unnamed Polygon: autoDraw = True
248.7193 	EXP 	unnamed Polygon: autoDraw = True
248.7355 	EXP 	unnamed Polygon: autoDraw = True
248.7524 	EXP 	unnamed Polygon: autoDraw = True
248.7704 	EXP 	unnamed Polygon: autoDraw = True
248.7859 	EXP 	unnamed Polygon: autoDraw = True
248.8031 	EXP 	unnamed Polygon: autoDraw = True
248.8201 	EXP 	unnamed Polygon: autoDraw = True
248.8360 	EXP 	unnamed Polygon: autoDraw = True
248.8528 	EXP 	unnamed Polygon: autoDraw = True
248.8703 	EXP 	unnamed Polygon: autoDraw = True
248.8862 	EXP 	unnamed Polygon: autoDraw = True
248.9025 	EXP 	unnamed Polygon: autoDraw = True
248.9199 	EXP 	unnamed Polygon: autoDraw = True
248.9355 	EXP 	unnamed Polygon: autoDraw = True
248.9530 	EXP 	unnamed Polygon: autoDraw = True
248.9705 	EXP 	unnamed Polygon: autoDraw = True
248.9860 	EXP 	unnamed Polygon: autoDraw = True
249.0027 	EXP 	unnamed Polygon: autoDraw = True
249.0202 	EXP 	unnamed Polygon: autoDraw = True
249.0355 	EXP 	unnamed Polygon: autoDraw = True
249.0526 	EXP 	unnamed Polygon: autoDraw = True
249.0700 	EXP 	unnamed Polygon: autoDraw = True
249.0857 	EXP 	unnamed Polygon: autoDraw = True
249.1030 	EXP 	unnamed Polygon: autoDraw = True
249.1203 	EXP 	unnamed Polygon: autoDraw = True
249.1364 	EXP 	unnamed Polygon: autoDraw = True
249.1530 	EXP 	unnamed Polygon: autoDraw = True
249.1702 	EXP 	unnamed Polygon: autoDraw = True
249.1857 	EXP 	unnamed Polygon: autoDraw = True
249.2021 	EXP 	unnamed Polygon: autoDraw = False
254.6858 	EXP 	unnamed Polygon: autoDraw = True
254.6858 	EXP 	unnamed Polygon: autoDraw = True
254.7021 	EXP 	unnamed Polygon: autoDraw = True
254.7203 	EXP 	unnamed Polygon: autoDraw = True
254.7363 	EXP 	unnamed Polygon: autoDraw = True
254.7532 	EXP 	unnamed Polygon: autoDraw = True
254.7692 	EXP 	unnamed Polygon: autoDraw = True
254.7860 	EXP 	unnamed Polygon: autoDraw = True
254.8025 	EXP 	unnamed Polygon: autoDraw = True
254.8191 	EXP 	unnamed Polygon: autoDraw = True
254.8361 	EXP 	unnamed Polygon: autoDraw = True
254.8520 	EXP 	unnamed Polygon: autoDraw = True
254.8693 	EXP 	unnamed Polygon: autoDraw = True
254.8855 	EXP 	unnamed Polygon: autoDraw = True
254.9027 	EXP 	unnamed Polygon: autoDraw = True
254.9206 	EXP 	unnamed Polygon: autoDraw = True
254.9359 	EXP 	unnamed Polygon: autoDraw = True
254.9532 	EXP 	unnamed Polygon: autoDraw = True
254.9692 	EXP 	unnamed Polygon: autoDraw = True
254.9859 	EXP 	unnamed Polygon: autoDraw = True
255.0025 	EXP 	unnamed Polygon: autoDraw = True
255.0193 	EXP 	unnamed Polygon: autoDraw = True
255.0359 	EXP 	unnamed Polygon: autoDraw = True
255.0527 	EXP 	unnamed Polygon: autoDraw = True
255.0695 	EXP 	unnamed Polygon: autoDraw = True
255.0860 	EXP 	unnamed Polygon: autoDraw = True
255.1022 	EXP 	unnamed Polygon: autoDraw = True
255.1196 	EXP 	unnamed Polygon: autoDraw = True
255.1357 	EXP 	unnamed Polygon: autoDraw = True
255.1523 	EXP 	unnamed Polygon: autoDraw = True
255.1691 	EXP 	unnamed Polygon: autoDraw = True
255.1859 	EXP 	unnamed Polygon: autoDraw = True
255.2029 	EXP 	unnamed Polygon: autoDraw = False
262.7028 	EXP 	unnamed Polygon: autoDraw = True
262.7028 	EXP 	unnamed Polygon: autoDraw = True
262.7204 	EXP 	unnamed Polygon: autoDraw = True
262.7361 	EXP 	unnamed Polygon: autoDraw = True
262.7528 	EXP 	unnamed Polygon: autoDraw = True
262.7696 	EXP 	unnamed Polygon: autoDraw = True
262.7862 	EXP 	unnamed Polygon: autoDraw = True
262.8033 	EXP 	unnamed Polygon: autoDraw = True
262.8200 	EXP 	unnamed Polygon: autoDraw = True
262.8360 	EXP 	unnamed Polygon: autoDraw = True
262.8536 	EXP 	unnamed Polygon: autoDraw = True
262.8705 	EXP 	unnamed Polygon: autoDraw = True
262.8873 	EXP 	unnamed Polygon: autoDraw = True
262.9037 	EXP 	unnamed Polygon: autoDraw = True
262.9195 	EXP 	unnamed Polygon: autoDraw = True
262.9362 	EXP 	unnamed Polygon: autoDraw = True
262.9528 	EXP 	unnamed Polygon: autoDraw = True
262.9694 	EXP 	unnamed Polygon: autoDraw = True
262.9861 	EXP 	unnamed Polygon: autoDraw = True
263.0030 	EXP 	unnamed Polygon: autoDraw = True
263.0214 	EXP 	unnamed Polygon: autoDraw = True
263.0367 	EXP 	unnamed Polygon: autoDraw = True
263.0528 	EXP 	unnamed Polygon: autoDraw = True
263.0697 	EXP 	unnamed Polygon: autoDraw = True
263.0865 	EXP 	unnamed Polygon: autoDraw = True
263.1028 	EXP 	unnamed Polygon: autoDraw = True
263.1201 	EXP 	unnamed Polygon: autoDraw = True
263.1370 	EXP 	unnamed Polygon: autoDraw = True
263.1538 	EXP 	unnamed Polygon: autoDraw = True
263.1696 	EXP 	unnamed Polygon: autoDraw = True
263.1866 	EXP 	unnamed Polygon: autoDraw = True
263.2034 	EXP 	unnamed Polygon: autoDraw = True
263.2201 	EXP 	unnamed Polygon: autoDraw = True
263.2363 	EXP 	unnamed Polygon: autoDraw = False
272.7036 	EXP 	unnamed Polygon: autoDraw = True
272.7036 	EXP 	unnamed Polygon: autoDraw = True
272.7210 	EXP 	unnamed Polygon: autoDraw = True
272.7382 	EXP 	unnamed Polygon: autoDraw = True
272.7540 	EXP 	unnamed Polygon: autoDraw = True
272.7703 	EXP 	unnamed Polygon: autoDraw = True
272.7874 	EXP 	unnamed Polygon: autoDraw = True
272.8035 	EXP 	unnamed Polygon: autoDraw = True
272.8205 	EXP 	unnamed Polygon: autoDraw = True
272.8374 	EXP 	unnamed Polygon: autoDraw = True
272.8535 	EXP 	unnamed Polygon: autoDraw = True
272.8707 	EXP 	unnamed Polygon: autoDraw = True
272.8873 	EXP 	unnamed Polygon: autoDraw = True
272.9035 	EXP 	unnamed Polygon: autoDraw = True
272.9208 	EXP 	unnamed Polygon: autoDraw = True
272.9374 	EXP 	unnamed Polygon: autoDraw = True
272.9534 	EXP 	unnamed Polygon: autoDraw = True
272.9707 	EXP 	unnamed Polygon: autoDraw = True
272.9877 	EXP 	unnamed Polygon: autoDraw = True
273.0039 	EXP 	unnamed Polygon: autoDraw = True
273.0210 	EXP 	unnamed Polygon: autoDraw = True
273.0371 	EXP 	unnamed Polygon: autoDraw = True
273.0537 	EXP 	unnamed Polygon: autoDraw = True
273.0705 	EXP 	unnamed Polygon: autoDraw = True
273.0872 	EXP 	unnamed Polygon: autoDraw = True
273.1036 	EXP 	unnamed Polygon: autoDraw = True
273.1212 	EXP 	unnamed Polygon: autoDraw = True
273.1372 	EXP 	unnamed Polygon: autoDraw = True
273.1535 	EXP 	unnamed Polygon: autoDraw = True
273.1707 	EXP 	unnamed Polygon: autoDraw = True
273.1874 	EXP 	unnamed Polygon: autoDraw = True
273.2037 	EXP 	unnamed Polygon: autoDraw = True
273.2207 	EXP 	unnamed Polygon: autoDraw = True
273.2375 	EXP 	unnamed Polygon: autoDraw = False
280.7057 	EXP 	unnamed Polygon: autoDraw = True
280.7057 	EXP 	unnamed Polygon: autoDraw = True
280.7227 	EXP 	unnamed Polygon: autoDraw = True
280.7382 	EXP 	unnamed Polygon: autoDraw = True
280.7555 	EXP 	unnamed Polygon: autoDraw = True
280.7720 	EXP 	unnamed Polygon: autoDraw = True
280.7878 	EXP 	unnamed Polygon: autoDraw = True
280.8050 	EXP 	unnamed Polygon: autoDraw = True
280.8223 	EXP 	unnamed Polygon: autoDraw = True
280.8385 	EXP 	unnamed Polygon: autoDraw = True
280.8555 	EXP 	unnamed Polygon: autoDraw = True
280.8745 	EXP 	unnamed Polygon: autoDraw = True
280.8883 	EXP 	unnamed Polygon: autoDraw = True
280.9054 	EXP 	unnamed Polygon: autoDraw = True
280.9225 	EXP 	unnamed Polygon: autoDraw = True
280.9383 	EXP 	unnamed Polygon: autoDraw = True
280.9547 	EXP 	unnamed Polygon: autoDraw = True
280.9727 	EXP 	unnamed Polygon: autoDraw = True
280.9886 	EXP 	unnamed Polygon: autoDraw = True
281.0053 	EXP 	unnamed Polygon: autoDraw = True
281.0231 	EXP 	unnamed Polygon: autoDraw = True
281.0382 	EXP 	unnamed Polygon: autoDraw = True
281.0544 	EXP 	unnamed Polygon: autoDraw = True
281.0714 	EXP 	unnamed Polygon: autoDraw = True
281.0878 	EXP 	unnamed Polygon: autoDraw = True
281.1042 	EXP 	unnamed Polygon: autoDraw = True
281.1213 	EXP 	unnamed Polygon: autoDraw = True
281.1379 	EXP 	unnamed Polygon: autoDraw = True
281.1541 	EXP 	unnamed Polygon: autoDraw = True
281.1715 	EXP 	unnamed Polygon: autoDraw = True
281.1879 	EXP 	unnamed Polygon: autoDraw = True
281.2042 	EXP 	unnamed Polygon: autoDraw = True
281.2217 	EXP 	unnamed Polygon: autoDraw = True
281.2380 	EXP 	unnamed Polygon: autoDraw = False
286.7052 	EXP 	unnamed Polygon: autoDraw = True
286.7052 	EXP 	unnamed Polygon: autoDraw = True
286.7224 	EXP 	unnamed Polygon: autoDraw = True
286.7387 	EXP 	unnamed Polygon: autoDraw = True
286.7550 	EXP 	unnamed Polygon: autoDraw = True
286.7718 	EXP 	unnamed Polygon: autoDraw = True
286.7886 	EXP 	unnamed Polygon: autoDraw = True
286.8046 	EXP 	unnamed Polygon: autoDraw = True
286.8218 	EXP 	unnamed Polygon: autoDraw = True
286.8383 	EXP 	unnamed Polygon: autoDraw = True
286.8545 	EXP 	unnamed Polygon: autoDraw = True
286.8715 	EXP 	unnamed Polygon: autoDraw = True
286.8881 	EXP 	unnamed Polygon: autoDraw = True
286.9045 	EXP 	unnamed Polygon: autoDraw = True
286.9215 	EXP 	unnamed Polygon: autoDraw = True
286.9382 	EXP 	unnamed Polygon: autoDraw = True
286.9550 	EXP 	unnamed Polygon: autoDraw = True
286.9716 	EXP 	unnamed Polygon: autoDraw = True
286.9880 	EXP 	unnamed Polygon: autoDraw = True
287.0049 	EXP 	unnamed Polygon: autoDraw = True
287.0213 	EXP 	unnamed Polygon: autoDraw = True
287.0381 	EXP 	unnamed Polygon: autoDraw = True
287.0544 	EXP 	unnamed Polygon: autoDraw = True
287.0716 	EXP 	unnamed Polygon: autoDraw = True
287.0884 	EXP 	unnamed Polygon: autoDraw = True
287.1050 	EXP 	unnamed Polygon: autoDraw = True
287.1213 	EXP 	unnamed Polygon: autoDraw = True
287.1379 	EXP 	unnamed Polygon: autoDraw = True
287.1550 	EXP 	unnamed Polygon: autoDraw = True
287.1719 	EXP 	unnamed Polygon: autoDraw = True
287.1883 	EXP 	unnamed Polygon: autoDraw = True
287.2046 	EXP 	unnamed Polygon: autoDraw = True
287.2218 	EXP 	unnamed Polygon: autoDraw = False
296.7227 	EXP 	unnamed Polygon: autoDraw = True
296.7227 	EXP 	unnamed Polygon: autoDraw = True
296.7389 	EXP 	unnamed Polygon: autoDraw = True
296.7555 	EXP 	unnamed Polygon: autoDraw = True
296.7725 	EXP 	unnamed Polygon: autoDraw = True
296.7891 	EXP 	unnamed Polygon: autoDraw = True
296.8060 	EXP 	unnamed Polygon: autoDraw = True
296.8221 	EXP 	unnamed Polygon: autoDraw = True
296.8387 	EXP 	unnamed Polygon: autoDraw = True
296.8555 	EXP 	unnamed Polygon: autoDraw = True
296.8719 	EXP 	unnamed Polygon: autoDraw = True
296.8883 	EXP 	unnamed Polygon: autoDraw = True
296.9053 	EXP 	unnamed Polygon: autoDraw = True
296.9225 	EXP 	unnamed Polygon: autoDraw = True
296.9387 	EXP 	unnamed Polygon: autoDraw = True
296.9554 	EXP 	unnamed Polygon: autoDraw = True
296.9726 	EXP 	unnamed Polygon: autoDraw = True
296.9887 	EXP 	unnamed Polygon: autoDraw = True
297.0051 	EXP 	unnamed Polygon: autoDraw = True
297.0221 	EXP 	unnamed Polygon: autoDraw = True
297.0388 	EXP 	unnamed Polygon: autoDraw = True
297.0563 	EXP 	unnamed Polygon: autoDraw = True
297.0718 	EXP 	unnamed Polygon: autoDraw = True
297.0891 	EXP 	unnamed Polygon: autoDraw = True
297.1097 	EXP 	unnamed Polygon: autoDraw = True
297.1223 	EXP 	unnamed Polygon: autoDraw = True
297.1388 	EXP 	unnamed Polygon: autoDraw = True
297.1555 	EXP 	unnamed Polygon: autoDraw = True
297.1724 	EXP 	unnamed Polygon: autoDraw = True
297.1889 	EXP 	unnamed Polygon: autoDraw = True
297.2055 	EXP 	unnamed Polygon: autoDraw = True
297.2219 	EXP 	unnamed Polygon: autoDraw = True
297.2389 	EXP 	unnamed Polygon: autoDraw = True
297.2553 	EXP 	unnamed Polygon: autoDraw = True
297.2719 	EXP 	unnamed Polygon: autoDraw = False
306.7231 	EXP 	unnamed Polygon: autoDraw = True
306.7231 	EXP 	unnamed Polygon: autoDraw = True
306.7400 	EXP 	unnamed Polygon: autoDraw = True
306.7560 	EXP 	unnamed Polygon: autoDraw = True
306.7732 	EXP 	unnamed Polygon: autoDraw = True
306.7896 	EXP 	unnamed Polygon: autoDraw = True
306.8060 	EXP 	unnamed Polygon: autoDraw = True
306.8235 	EXP 	unnamed Polygon: autoDraw = True
306.8394 	EXP 	unnamed Polygon: autoDraw = True
306.8560 	EXP 	unnamed Polygon: autoDraw = True
306.8732 	EXP 	unnamed Polygon: autoDraw = True
306.8900 	EXP 	unnamed Polygon: autoDraw = True
306.9062 	EXP 	unnamed Polygon: autoDraw = True
306.9237 	EXP 	unnamed Polygon: autoDraw = True
306.9400 	EXP 	unnamed Polygon: autoDraw = True
306.9561 	EXP 	unnamed Polygon: autoDraw = True
306.9735 	EXP 	unnamed Polygon: autoDraw = True
306.9902 	EXP 	unnamed Polygon: autoDraw = True
307.0062 	EXP 	unnamed Polygon: autoDraw = True
307.0235 	EXP 	unnamed Polygon: autoDraw = True
307.0399 	EXP 	unnamed Polygon: autoDraw = True
307.0560 	EXP 	unnamed Polygon: autoDraw = True
307.0729 	EXP 	unnamed Polygon: autoDraw = True
307.0896 	EXP 	unnamed Polygon: autoDraw = True
307.1058 	EXP 	unnamed Polygon: autoDraw = True
307.1231 	EXP 	unnamed Polygon: autoDraw = True
307.1399 	EXP 	unnamed Polygon: autoDraw = True
307.1558 	EXP 	unnamed Polygon: autoDraw = True
307.1731 	EXP 	unnamed Polygon: autoDraw = True
307.1896 	EXP 	unnamed Polygon: autoDraw = True
307.2061 	EXP 	unnamed Polygon: autoDraw = True
307.2230 	EXP 	unnamed Polygon: autoDraw = True
307.2395 	EXP 	unnamed Polygon: autoDraw = True
307.2560 	EXP 	unnamed Polygon: autoDraw = True
307.2734 	EXP 	unnamed Polygon: autoDraw = False
312.7234 	EXP 	unnamed Polygon: autoDraw = True
312.7234 	EXP 	unnamed Polygon: autoDraw = True
312.7402 	EXP 	unnamed Polygon: autoDraw = True
312.7567 	EXP 	unnamed Polygon: autoDraw = True
312.7732 	EXP 	unnamed Polygon: autoDraw = True
312.7898 	EXP 	unnamed Polygon: autoDraw = True
312.8063 	EXP 	unnamed Polygon: autoDraw = True
312.8235 	EXP 	unnamed Polygon: autoDraw = True
312.8400 	EXP 	unnamed Polygon: autoDraw = True
312.8561 	EXP 	unnamed Polygon: autoDraw = True
312.8749 	EXP 	unnamed Polygon: autoDraw = True
312.8906 	EXP 	unnamed Polygon: autoDraw = True
312.9065 	EXP 	unnamed Polygon: autoDraw = True
312.9234 	EXP 	unnamed Polygon: autoDraw = True
312.9401 	EXP 	unnamed Polygon: autoDraw = True
312.9563 	EXP 	unnamed Polygon: autoDraw = True
312.9735 	EXP 	unnamed Polygon: autoDraw = True
312.9901 	EXP 	unnamed Polygon: autoDraw = True
313.0062 	EXP 	unnamed Polygon: autoDraw = True
313.0234 	EXP 	unnamed Polygon: autoDraw = True
313.0399 	EXP 	unnamed Polygon: autoDraw = True
313.0562 	EXP 	unnamed Polygon: autoDraw = True
313.0732 	EXP 	unnamed Polygon: autoDraw = True
313.0909 	EXP 	unnamed Polygon: autoDraw = True
313.1062 	EXP 	unnamed Polygon: autoDraw = True
313.1239 	EXP 	unnamed Polygon: autoDraw = True
313.1401 	EXP 	unnamed Polygon: autoDraw = True
313.1561 	EXP 	unnamed Polygon: autoDraw = True
313.1732 	EXP 	unnamed Polygon: autoDraw = True
313.1899 	EXP 	unnamed Polygon: autoDraw = True
313.2064 	EXP 	unnamed Polygon: autoDraw = True
313.2233 	EXP 	unnamed Polygon: autoDraw = True
313.2402 	EXP 	unnamed Polygon: autoDraw = True
313.2563 	EXP 	unnamed Polygon: autoDraw = True
313.2733 	EXP 	unnamed Polygon: autoDraw = False
318.7243 	EXP 	unnamed Polygon: autoDraw = True
318.7243 	EXP 	unnamed Polygon: autoDraw = True
318.7416 	EXP 	unnamed Polygon: autoDraw = True
318.7581 	EXP 	unnamed Polygon: autoDraw = True
318.7741 	EXP 	unnamed Polygon: autoDraw = True
318.7907 	EXP 	unnamed Polygon: autoDraw = True
318.8081 	EXP 	unnamed Polygon: autoDraw = True
318.8234 	EXP 	unnamed Polygon: autoDraw = True
318.8402 	EXP 	unnamed Polygon: autoDraw = True
318.8570 	EXP 	unnamed Polygon: autoDraw = True
318.8735 	EXP 	unnamed Polygon: autoDraw = True
318.8904 	EXP 	unnamed Polygon: autoDraw = True
318.9069 	EXP 	unnamed Polygon: autoDraw = True
318.9232 	EXP 	unnamed Polygon: autoDraw = True
318.9403 	EXP 	unnamed Polygon: autoDraw = True
318.9572 	EXP 	unnamed Polygon: autoDraw = True
318.9740 	EXP 	unnamed Polygon: autoDraw = True
318.9907 	EXP 	unnamed Polygon: autoDraw = True
319.0069 	EXP 	unnamed Polygon: autoDraw = True
319.0242 	EXP 	unnamed Polygon: autoDraw = True
319.0408 	EXP 	unnamed Polygon: autoDraw = True
319.0571 	EXP 	unnamed Polygon: autoDraw = True
319.0734 	EXP 	unnamed Polygon: autoDraw = True
319.0903 	EXP 	unnamed Polygon: autoDraw = True
319.1076 	EXP 	unnamed Polygon: autoDraw = True
319.1238 	EXP 	unnamed Polygon: autoDraw = True
319.1403 	EXP 	unnamed Polygon: autoDraw = True
319.1569 	EXP 	unnamed Polygon: autoDraw = True
319.2395 	EXP 	unnamed Polygon: autoDraw = True
319.2465 	EXP 	unnamed Polygon: autoDraw = False
326.7414 	EXP 	unnamed Polygon: autoDraw = True
326.7414 	EXP 	unnamed Polygon: autoDraw = True
326.7577 	EXP 	unnamed Polygon: autoDraw = True
326.7747 	EXP 	unnamed Polygon: autoDraw = True
326.7908 	EXP 	unnamed Polygon: autoDraw = True
326.8072 	EXP 	unnamed Polygon: autoDraw = True
326.8245 	EXP 	unnamed Polygon: autoDraw = True
326.8411 	EXP 	unnamed Polygon: autoDraw = True
326.8577 	EXP 	unnamed Polygon: autoDraw = True
326.8746 	EXP 	unnamed Polygon: autoDraw = True
326.8912 	EXP 	unnamed Polygon: autoDraw = True
326.9074 	EXP 	unnamed Polygon: autoDraw = True
326.9242 	EXP 	unnamed Polygon: autoDraw = True
326.9409 	EXP 	unnamed Polygon: autoDraw = True
326.9576 	EXP 	unnamed Polygon: autoDraw = True
326.9747 	EXP 	unnamed Polygon: autoDraw = True
326.9912 	EXP 	unnamed Polygon: autoDraw = True
327.0073 	EXP 	unnamed Polygon: autoDraw = True
327.0244 	EXP 	unnamed Polygon: autoDraw = True
327.0410 	EXP 	unnamed Polygon: autoDraw = True
327.0575 	EXP 	unnamed Polygon: autoDraw = True
327.0744 	EXP 	unnamed Polygon: autoDraw = True
327.0911 	EXP 	unnamed Polygon: autoDraw = True
327.1074 	EXP 	unnamed Polygon: autoDraw = True
327.1247 	EXP 	unnamed Polygon: autoDraw = True
327.1410 	EXP 	unnamed Polygon: autoDraw = True
327.1573 	EXP 	unnamed Polygon: autoDraw = True
327.1742 	EXP 	unnamed Polygon: autoDraw = True
327.1911 	EXP 	unnamed Polygon: autoDraw = True
327.2074 	EXP 	unnamed Polygon: autoDraw = True
327.2242 	EXP 	unnamed Polygon: autoDraw = True
327.2412 	EXP 	unnamed Polygon: autoDraw = True
327.2572 	EXP 	unnamed Polygon: autoDraw = True
327.2744 	EXP 	unnamed Polygon: autoDraw = False
421.5748 	DATA 	Keypress: 1
421.6139 	EXP 	window1: mouseVisible = False
431.6601 	EXP 	unnamed TextStim: height = 0.04
431.6601 	EXP 	unnamed TextStim: height = 0.04
431.6601 	EXP 	unnamed TextStim: height = 0.04
431.6601 	EXP 	unnamed TextStim: text = 'Instructions...\n\nYour goal is to make as much money as possible.\n\nRemember:\nWIN CIRCLES = win money\nLOSE SQUARES = lose money\n\nQUICKLY press the button with your pointer finger when you see the solid white triangle.\n\nYou will get feedback on whether you pressed the button in time and if you won or lost money.'
463.9519 	DATA 	Keypress: 1
463.9528 	EXP 	window1: mouseVisible = True
463.9584 	EXP 	Created unnamed TextStim = TextStim(__class__=<class 'psychopy.visual.text.TextStim'>, alignHoriz=method-wrapper(...), alignText='center', alignVert=method-wrapper(...), anchorHoriz='center', anchorVert='center', antialias=True, autoDraw=False, autoLog=True, bold=False, color=array([1., 1., 1.]), colorSpace='rgb', contrast=1.0, depth=0, draggable=False, flipHoriz=False, flipVert=False, font='', fontFiles=[], height=0.08, italic=False, languageStyle='LTR', name='unnamed TextStim', opacity=1.0, ori=0.0, pos=array([-0.65,  0.15]), rgb=UNKNOWN, text='+', units='height', win=Window(...), wrapWidth=1)
463.9586 	EXP 	window1: mouseVisible = True
464.0123 	EXP 	Created unnamed ImageStim = ImageStim(__class__=<class 'psychopy.visual.image.ImageStim'>, anchor=('center', 'center'), autoLog=True, color=array([1., 1., 1.]), colorSpace='rgb', contrast=1.0, depth=0, draggable=False, flipHoriz=False, flipVert=False, image='../stimuli/reward_high.png', interpolate=False, mask=None, maskParams=None, name='unnamed ImageStim', opacity=1.0, ori=0.0, pos=array([-0.35,  0.15]), size=array([0.2, 0.2]), texRes=128, units='height', win=Window(...))
464.0126 	EXP 	window1: mouseVisible = True
464.0162 	EXP 	Created unnamed TextStim = TextStim(__class__=<class 'psychopy.visual.text.TextStim'>, alignHoriz=method-wrapper(...), alignText='center', alignVert=method-wrapper(...), anchorHoriz='center', anchorVert='center', antialias=True, autoDraw=False, autoLog=True, bold=False, color=array([1., 1., 1.]), colorSpace='rgb', contrast=1.0, depth=0, draggable=False, flipHoriz=False, flipVert=False, font='', fontFiles=[], height=0.08, italic=False, languageStyle='LTR', name='unnamed TextStim', opacity=1.0, ori=0.0, pos=array([-0.15,  0.15]), rgb=UNKNOWN, text='+', units='height', win=Window(...), wrapWidth=1)
464.0167 	EXP 	window1: mouseVisible = True
464.0192 	EXP 	Created unnamed Polygon = Polygon(__class__=<class 'psychopy.visual.polygon.Polygon'>, anchor=('center', 'center'), autoDraw=False, autoLog=True, closeShape=True, color=method-wrapper(...), colorSpace='rgb', contrast=None, depth=0, draggable=False, fillColor=array([1, 1, 1]), fillColorSpace='rgb', fillRGB=array([1, 1, 1]), interpolate=True, lineColor=array([1., 1., 1.]), lineColorSpace='rgb', lineRGB=array([1, 1, 1]), lineWidth=1.5, name='unnamed Polygon', opacity=1.0, ori=0.0, pos=array([0.15, 0.15]), size=array([1., 1.]), units='height', vertices=ndarray(...), win=Window(...))
464.0194 	EXP 	window1: mouseVisible = True
464.0231 	EXP 	Created unnamed TextStim = TextStim(__class__=<class 'psychopy.visual.text.TextStim'>, alignHoriz=method-wrapper(...), alignText='center', alignVert=method-wrapper(...), anchorHoriz='center', anchorVert='center', antialias=True, autoDraw=False, autoLog=True, bold=False, color=array([1., 1., 1.]), colorSpace='rgb', contrast=1.0, depth=0, draggable=False, flipHoriz=False, flipVert=False, font='', fontFiles=[], height=0.08, italic=False, languageStyle='LTR', name='unnamed TextStim', opacity=1.0, ori=0.0, pos=array([0.35, 0.15]), rgb=UNKNOWN, text='+', units='height', win=Window(...), wrapWidth=1)
464.0233 	EXP 	window1: mouseVisible = True
464.0385 	EXP 	Created unnamed TextStim = TextStim(__class__=<class 'psychopy.visual.text.TextStim'>, alignHoriz=method-wrapper(...), alignText='center', alignVert=method-wrapper(...), anchorHoriz='center', anchorVert='center', antialias=True, autoDraw=False, autoLog=True, bold=False, color=array([1., 1., 1.]), colorSpace='rgb', contrast=1.0, depth=0, draggable=False, flipHoriz=False, flipVert=False, font='', fontFiles=[], height=0.08, italic=False, languageStyle='LTR', name='unnamed TextStim', opacity=1.0, ori=0.0, pos=array([0.65, 0.15]), rgb=UNKNOWN, text='Hit!\n+$5.00', units='height', win=Window(...), wrapWidth=1)
464.0389 	EXP 	window1: mouseVisible = True
464.0392 	WARNING 	TextStim.alignHoriz is deprecated. Use alignText and anchorHoriz attributes instead
464.0505 	EXP 	Created unnamed TextStim = TextStim(__class__=<class 'psychopy.visual.text.TextStim'>, alignHoriz='center', alignText='center', alignVert=method-wrapper(...), anchorHoriz='center', anchorVert='center', antialias=True, autoDraw=False, autoLog=True, bold=False, color=array([1., 1., 1.]), colorSpace='rgb', contrast=1.0, depth=0, draggable=False, flipHoriz=False, flipVert=False, font='', fontFiles=[], height=0.04, italic=False, languageStyle='LTR', name='unnamed TextStim', opacity=1.0, ori=0.0, pos=array([-0.65, -0.15]), rgb=UNKNOWN, text='Pay attention', units='height', win=Window(...), wrapWidth=0.1)
464.0507 	EXP 	window1: mouseVisible = True
464.0508 	WARNING 	TextStim.alignHoriz is deprecated. Use alignText and anchorHoriz attributes instead
464.0607 	EXP 	Created unnamed TextStim = TextStim(__class__=<class 'psychopy.visual.text.TextStim'>, alignHoriz='center', alignText='center', alignVert=method-wrapper(...), anchorHoriz='center', anchorVert='center', antialias=True, autoDraw=False, autoLog=True, bold=False, color=array([1., 1., 1.]), colorSpace='rgb', contrast=1.0, depth=0, draggable=False, flipHoriz=False, flipVert=False, font='', fontFiles=[], height=0.04, italic=False, languageStyle='LTR', name='unnamed TextStim', opacity=1.0, ori=0.0, pos=array([-0.35, -0.15]), rgb=UNKNOWN, text="Cue: don't respond yet", units='height', win=Window(...), wrapWidth=0.1)
464.0609 	EXP 	window1: mouseVisible = True
464.0611 	WARNING 	TextStim.alignHoriz is deprecated. Use alignText and anchorHoriz attributes instead
464.0654 	EXP 	Created unnamed TextStim = TextStim(__class__=<class 'psychopy.visual.text.TextStim'>, alignHoriz='center', alignText='center', alignVert=method-wrapper(...), anchorHoriz='center', anchorVert='center', antialias=True, autoDraw=False, autoLog=True, bold=False, color=array([1., 1., 1.]), colorSpace='rgb', contrast=1.0, depth=0, draggable=False, flipHoriz=False, flipVert=False, font='', fontFiles=[], height=0.04, italic=False, languageStyle='LTR', name='unnamed TextStim', opacity=1.0, ori=0.0, pos=array([-0.15, -0.15]), rgb=UNKNOWN, text='Pay attention', units='height', win=Window(...), wrapWidth=0.1)
464.0656 	EXP 	window1: mouseVisible = True
464.0658 	WARNING 	TextStim.alignHoriz is deprecated. Use alignText and anchorHoriz attributes instead
464.0748 	EXP 	Created unnamed TextStim = TextStim(__class__=<class 'psychopy.visual.text.TextStim'>, alignHoriz='center', alignText='center', alignVert=method-wrapper(...), anchorHoriz='center', anchorVert='center', antialias=True, autoDraw=False, autoLog=True, bold=False, color=array([1., 1., 1.]), colorSpace='rgb', contrast=1.0, depth=0, draggable=False, flipHoriz=False, flipVert=False, font='', fontFiles=[], height=0.04, italic=False, languageStyle='LTR', name='unnamed TextStim', opacity=1.0, ori=0.0, pos=array([ 0.15, -0.15]), rgb=UNKNOWN, text='Respond when solid triangle is on screen', units='height', win=Window(...), wrapWidth=0.1)
464.0751 	EXP 	window1: mouseVisible = True
464.0752 	WARNING 	TextStim.alignHoriz is deprecated. Use alignText and anchorHoriz attributes instead
464.0797 	EXP 	Created unnamed TextStim = TextStim(__class__=<class 'psychopy.visual.text.TextStim'>, alignHoriz='center', alignText='center', alignVert=method-wrapper(...), anchorHoriz='center', anchorVert='center', antialias=True, autoDraw=False, autoLog=True, bold=False, color=array([1., 1., 1.]), colorSpace='rgb', contrast=1.0, depth=0, draggable=False, flipHoriz=False, flipVert=False, font='', fontFiles=[], height=0.04, italic=False, languageStyle='LTR', name='unnamed TextStim', opacity=1.0, ori=0.0, pos=array([ 0.35, -0.15]), rgb=UNKNOWN, text='Pay attention', units='height', win=Window(...), wrapWidth=0.1)
464.0800 	EXP 	window1: mouseVisible = True
464.0803 	WARNING 	TextStim.alignHoriz is deprecated. Use alignText and anchorHoriz attributes instead
464.0902 	EXP 	Created unnamed TextStim = TextStim(__class__=<class 'psychopy.visual.text.TextStim'>, alignHoriz='center', alignText='center', alignVert=method-wrapper(...), anchorHoriz='center', anchorVert='center', antialias=True, autoDraw=False, autoLog=True, bold=False, color=array([1., 1., 1.]), colorSpace='rgb', contrast=1.0, depth=0, draggable=False, flipHoriz=False, flipVert=False, font='', fontFiles=[], height=0.04, italic=False, languageStyle='LTR', name='unnamed TextStim', opacity=1.0, ori=0.0, pos=array([ 0.65, -0.15]), rgb=UNKNOWN, text='Feedback', units='height', win=Window(...), wrapWidth=0.1)
464.5534 	DATA 	Keypress: 1
465.6083 	DATA 	Keypress: 1
466.5232 	DATA 	Keypress: return
469.6029 	DATA 	Keypress: equal
479.0854 	EXP 	unnamed Polygon: autoDraw = True
479.0854 	EXP 	unnamed Polygon: autoDraw = True
479.1010 	EXP 	unnamed Polygon: autoDraw = True
479.1177 	EXP 	unnamed Polygon: autoDraw = True
479.1348 	EXP 	unnamed Polygon: autoDraw = True
479.1514 	EXP 	unnamed Polygon: autoDraw = True
479.1676 	EXP 	unnamed Polygon: autoDraw = True
479.1845 	EXP 	unnamed Polygon: autoDraw = True
479.2012 	EXP 	unnamed Polygon: autoDraw = True
479.2191 	EXP 	unnamed Polygon: autoDraw = True
479.2361 	EXP 	unnamed Polygon: autoDraw = True
479.2509 	EXP 	unnamed Polygon: autoDraw = True
479.2676 	EXP 	unnamed Polygon: autoDraw = True
479.2851 	EXP 	unnamed Polygon: autoDraw = True
479.3008 	EXP 	unnamed Polygon: autoDraw = True
479.3178 	EXP 	unnamed Polygon: autoDraw = True
479.3346 	EXP 	unnamed Polygon: autoDraw = True
479.3511 	EXP 	unnamed Polygon: autoDraw = True
479.3676 	EXP 	unnamed Polygon: autoDraw = True
479.3847 	EXP 	unnamed Polygon: autoDraw = True
479.4008 	EXP 	unnamed Polygon: autoDraw = True
479.4176 	EXP 	unnamed Polygon: autoDraw = True
479.4346 	EXP 	unnamed Polygon: autoDraw = True
479.4515 	EXP 	unnamed Polygon: autoDraw = True
479.4684 	EXP 	unnamed Polygon: autoDraw = True
479.4854 	EXP 	unnamed Polygon: autoDraw = True
479.5011 	EXP 	unnamed Polygon: autoDraw = True
479.5182 	EXP 	unnamed Polygon: autoDraw = True
479.5349 	EXP 	unnamed Polygon: autoDraw = True
479.5512 	EXP 	unnamed Polygon: autoDraw = True
479.5683 	EXP 	unnamed Polygon: autoDraw = True
479.5855 	EXP 	unnamed Polygon: autoDraw = True
479.6016 	EXP 	unnamed Polygon: autoDraw = True
479.6182 	EXP 	unnamed Polygon: autoDraw = True
479.6352 	EXP 	unnamed Polygon: autoDraw = True
479.6513 	EXP 	unnamed Polygon: autoDraw = False
480.6515 	EXP 	trial_feedback: height = 0.09
480.6515 	EXP 	trial_feedback: height = 0.09
480.6515 	EXP 	trial_feedback: height = 0.09
480.6515 	EXP 	trial_feedback: text = 'Miss!\n$0.00'
480.6515 	EXP 	trial_feedback: autoDraw = True
482.6518 	EXP 	trial_feedback: autoDraw = False
482.6518 	EXP 	exp_feedback: autoDraw = False
492.6686 	EXP 	unnamed Polygon: autoDraw = True
492.6686 	EXP 	unnamed Polygon: autoDraw = True
492.6855 	EXP 	unnamed Polygon: autoDraw = True
492.7020 	EXP 	unnamed Polygon: autoDraw = True
492.7186 	EXP 	unnamed Polygon: autoDraw = True
492.7356 	EXP 	unnamed Polygon: autoDraw = True
492.7518 	EXP 	unnamed Polygon: autoDraw = True
492.7687 	EXP 	unnamed Polygon: autoDraw = True
492.7868 	EXP 	unnamed Polygon: autoDraw = True
492.8032 	EXP 	unnamed Polygon: autoDraw = True
492.8199 	EXP 	unnamed Polygon: autoDraw = True
492.8371 	EXP 	unnamed Polygon: autoDraw = True
492.8533 	EXP 	unnamed Polygon: autoDraw = True
492.8701 	EXP 	unnamed Polygon: autoDraw = True
492.8869 	EXP 	unnamed Polygon: autoDraw = True
492.9033 	EXP 	unnamed Polygon: autoDraw = True
492.9199 	EXP 	unnamed Polygon: autoDraw = True
492.9368 	EXP 	unnamed Polygon: autoDraw = True
492.9534 	EXP 	unnamed Polygon: autoDraw = True
492.9700 	EXP 	unnamed Polygon: autoDraw = True
492.9871 	EXP 	unnamed Polygon: autoDraw = True
493.0031 	EXP 	unnamed Polygon: autoDraw = True
493.0198 	EXP 	unnamed Polygon: autoDraw = True
493.0370 	EXP 	unnamed Polygon: autoDraw = True
493.0532 	EXP 	unnamed Polygon: autoDraw = True
493.0700 	EXP 	unnamed Polygon: autoDraw = True
493.0871 	EXP 	unnamed Polygon: autoDraw = True
493.1033 	EXP 	unnamed Polygon: autoDraw = True
493.1201 	EXP 	unnamed Polygon: autoDraw = True
493.1371 	EXP 	unnamed Polygon: autoDraw = True
493.1529 	EXP 	unnamed Polygon: autoDraw = True
493.1720 	EXP 	unnamed Polygon: autoDraw = True
493.1866 	EXP 	unnamed Polygon: autoDraw = True
493.2021 	EXP 	unnamed Polygon: autoDraw = True
493.2202 	EXP 	unnamed Polygon: autoDraw = False
494.6521 	EXP 	trial_feedback: text = 'Miss!\n$0.00'
494.6521 	EXP 	trial_feedback: autoDraw = True
496.6526 	EXP 	trial_feedback: autoDraw = False
496.6526 	EXP 	exp_feedback: autoDraw = False
502.9706 	EXP 	unnamed Polygon: autoDraw = True
502.9706 	EXP 	unnamed Polygon: autoDraw = True
502.9875 	EXP 	unnamed Polygon: autoDraw = True
503.0040 	EXP 	unnamed Polygon: autoDraw = True
503.0207 	EXP 	unnamed Polygon: autoDraw = True
503.0374 	EXP 	unnamed Polygon: autoDraw = True
503.0541 	EXP 	unnamed Polygon: autoDraw = True
503.0707 	EXP 	unnamed Polygon: autoDraw = True
503.0877 	EXP 	unnamed Polygon: autoDraw = True
503.1040 	EXP 	unnamed Polygon: autoDraw = True
503.1204 	EXP 	unnamed Polygon: autoDraw = True
503.1376 	EXP 	unnamed Polygon: autoDraw = True
503.1539 	EXP 	unnamed Polygon: autoDraw = True
503.1705 	EXP 	unnamed Polygon: autoDraw = True
503.1877 	EXP 	unnamed Polygon: autoDraw = True
503.2038 	EXP 	unnamed Polygon: autoDraw = True
503.2206 	EXP 	unnamed Polygon: autoDraw = True
503.2375 	EXP 	unnamed Polygon: autoDraw = True
503.2538 	EXP 	unnamed Polygon: autoDraw = True
503.2706 	EXP 	unnamed Polygon: autoDraw = True
503.2872 	EXP 	unnamed Polygon: autoDraw = True
503.3039 	EXP 	unnamed Polygon: autoDraw = True
503.3204 	EXP 	unnamed Polygon: autoDraw = True
503.3378 	EXP 	unnamed Polygon: autoDraw = True
503.3541 	EXP 	unnamed Polygon: autoDraw = True
503.3703 	EXP 	unnamed Polygon: autoDraw = True
503.3877 	EXP 	unnamed Polygon: autoDraw = True
503.4040 	EXP 	unnamed Polygon: autoDraw = True
503.4206 	EXP 	unnamed Polygon: autoDraw = True
503.4374 	EXP 	unnamed Polygon: autoDraw = True
503.4540 	EXP 	unnamed Polygon: autoDraw = True
503.4705 	EXP 	unnamed Polygon: autoDraw = True
503.4877 	EXP 	unnamed Polygon: autoDraw = True
503.5038 	EXP 	unnamed Polygon: autoDraw = True
503.5206 	EXP 	unnamed Polygon: autoDraw = False
504.6693 	EXP 	trial_feedback: height = 0.09
504.6693 	EXP 	trial_feedback: height = 0.09
504.6693 	EXP 	trial_feedback: height = 0.09
504.6693 	EXP 	trial_feedback: text = 'Miss!\n-$1.50'
504.6693 	EXP 	trial_feedback: autoDraw = True
506.6709 	EXP 	trial_feedback: autoDraw = False
506.6709 	EXP 	exp_feedback: autoDraw = False
517.1205 	EXP 	unnamed Polygon: autoDraw = True
517.1205 	EXP 	unnamed Polygon: autoDraw = True
517.1375 	EXP 	unnamed Polygon: autoDraw = True
517.1544 	EXP 	unnamed Polygon: autoDraw = True
517.1709 	EXP 	unnamed Polygon: autoDraw = True
517.1878 	EXP 	unnamed Polygon: autoDraw = True
517.2041 	EXP 	unnamed Polygon: autoDraw = True
517.2205 	EXP 	unnamed Polygon: autoDraw = True
517.2380 	EXP 	unnamed Polygon: autoDraw = True
517.2542 	EXP 	unnamed Polygon: autoDraw = True
517.2710 	EXP 	unnamed Polygon: autoDraw = True
517.2878 	EXP 	unnamed Polygon: autoDraw = True
517.3043 	EXP 	unnamed Polygon: autoDraw = True
517.3208 	EXP 	unnamed Polygon: autoDraw = True
517.3377 	EXP 	unnamed Polygon: autoDraw = True
517.3554 	EXP 	unnamed Polygon: autoDraw = True
517.3710 	EXP 	unnamed Polygon: autoDraw = True
517.3880 	EXP 	unnamed Polygon: autoDraw = True
517.4043 	EXP 	unnamed Polygon: autoDraw = True
517.4214 	EXP 	unnamed Polygon: autoDraw = True
517.4379 	EXP 	unnamed Polygon: autoDraw = True
517.4542 	EXP 	unnamed Polygon: autoDraw = True
517.4710 	EXP 	unnamed Polygon: autoDraw = True
517.4883 	EXP 	unnamed Polygon: autoDraw = True
517.5043 	EXP 	unnamed Polygon: autoDraw = True
517.5213 	EXP 	unnamed Polygon: autoDraw = True
517.5374 	EXP 	unnamed Polygon: autoDraw = True
517.5547 	EXP 	unnamed Polygon: autoDraw = True
517.5706 	EXP 	unnamed Polygon: autoDraw = True
517.5881 	EXP 	unnamed Polygon: autoDraw = True
517.6049 	EXP 	unnamed Polygon: autoDraw = True
517.6214 	EXP 	unnamed Polygon: autoDraw = True
517.6384 	EXP 	unnamed Polygon: autoDraw = True
517.6546 	EXP 	unnamed Polygon: autoDraw = True
517.6715 	EXP 	unnamed Polygon: autoDraw = False
518.7043 	EXP 	trial_feedback: height = 0.09
518.7043 	EXP 	trial_feedback: height = 0.09
518.7043 	EXP 	trial_feedback: height = 0.09
518.7043 	EXP 	trial_feedback: text = 'Miss!\n-$5.00'
518.7043 	EXP 	trial_feedback: autoDraw = True
520.7050 	EXP 	trial_feedback: autoDraw = False
520.7218 	EXP 	trial_feedback: autoDraw = False
520.7218 	EXP 	exp_feedback: autoDraw = False
530.9716 	EXP 	unnamed Polygon: autoDraw = True
530.9716 	EXP 	unnamed Polygon: autoDraw = True
530.9889 	EXP 	unnamed Polygon: autoDraw = True
531.0051 	EXP 	unnamed Polygon: autoDraw = True
531.0219 	EXP 	unnamed Polygon: autoDraw = True
531.0387 	EXP 	unnamed Polygon: autoDraw = True
531.0552 	EXP 	unnamed Polygon: autoDraw = True
531.0716 	EXP 	unnamed Polygon: autoDraw = True
531.0888 	EXP 	unnamed Polygon: autoDraw = True
531.1050 	EXP 	unnamed Polygon: autoDraw = True
531.1229 	EXP 	unnamed Polygon: autoDraw = True
531.1387 	EXP 	unnamed Polygon: autoDraw = True
531.1549 	EXP 	unnamed Polygon: autoDraw = True
531.1718 	EXP 	unnamed Polygon: autoDraw = True
531.1884 	EXP 	unnamed Polygon: autoDraw = True
531.2043 	EXP 	unnamed Polygon: autoDraw = True
531.2212 	EXP 	unnamed Polygon: autoDraw = True
531.2382 	EXP 	unnamed Polygon: autoDraw = True
531.2546 	EXP 	unnamed Polygon: autoDraw = True
531.2710 	EXP 	unnamed Polygon: autoDraw = True
531.2883 	EXP 	unnamed Polygon: autoDraw = True
531.3044 	EXP 	unnamed Polygon: autoDraw = True
531.3216 	EXP 	unnamed Polygon: autoDraw = True
531.3381 	EXP 	unnamed Polygon: autoDraw = True
531.3547 	EXP 	unnamed Polygon: autoDraw = True
531.3714 	EXP 	unnamed Polygon: autoDraw = True
531.3884 	EXP 	unnamed Polygon: autoDraw = True
531.4044 	EXP 	unnamed Polygon: autoDraw = True
531.4213 	EXP 	unnamed Polygon: autoDraw = True
531.4383 	EXP 	unnamed Polygon: autoDraw = True
531.4547 	EXP 	unnamed Polygon: autoDraw = True
531.4710 	EXP 	unnamed Polygon: autoDraw = True
531.4882 	EXP 	unnamed Polygon: autoDraw = True
531.5048 	EXP 	unnamed Polygon: autoDraw = True
531.5218 	EXP 	unnamed Polygon: autoDraw = True
531.5386 	EXP 	unnamed Polygon: autoDraw = True
531.5548 	EXP 	unnamed Polygon: autoDraw = False
532.7548 	EXP 	trial_feedback: height = 0.09
532.7548 	EXP 	trial_feedback: height = 0.09
532.7548 	EXP 	trial_feedback: height = 0.09
532.7548 	EXP 	trial_feedback: text = 'Miss!\n-$1.50'
532.7548 	EXP 	trial_feedback: autoDraw = True
534.7551 	EXP 	trial_feedback: autoDraw = False
534.7722 	EXP 	trial_feedback: autoDraw = False
534.7722 	EXP 	exp_feedback: autoDraw = False
545.2394 	EXP 	unnamed Polygon: autoDraw = True
545.2394 	EXP 	unnamed Polygon: autoDraw = True
545.2563 	EXP 	unnamed Polygon: autoDraw = True
545.2728 	EXP 	unnamed Polygon: autoDraw = True
545.2895 	EXP 	unnamed Polygon: autoDraw = True
545.3062 	EXP 	unnamed Polygon: autoDraw = True
545.3226 	EXP 	unnamed Polygon: autoDraw = True
545.3398 	EXP 	unnamed Polygon: autoDraw = True
545.3562 	EXP 	unnamed Polygon: autoDraw = True
545.3725 	EXP 	unnamed Polygon: autoDraw = True
545.3894 	EXP 	unnamed Polygon: autoDraw = True
545.4060 	EXP 	unnamed Polygon: autoDraw = True
545.4226 	EXP 	unnamed Polygon: autoDraw = True
545.4393 	EXP 	unnamed Polygon: autoDraw = True
545.4560 	EXP 	unnamed Polygon: autoDraw = True
545.4729 	EXP 	unnamed Polygon: autoDraw = True
545.4895 	EXP 	unnamed Polygon: autoDraw = True
545.5060 	EXP 	unnamed Polygon: autoDraw = True
545.5228 	EXP 	unnamed Polygon: autoDraw = True
545.5395 	EXP 	unnamed Polygon: autoDraw = True
545.5563 	EXP 	unnamed Polygon: autoDraw = True
545.5735 	EXP 	unnamed Polygon: autoDraw = True
545.5894 	EXP 	unnamed Polygon: autoDraw = True
545.6062 	EXP 	unnamed Polygon: autoDraw = True
545.6226 	EXP 	unnamed Polygon: autoDraw = True
545.6397 	EXP 	unnamed Polygon: autoDraw = True
545.6559 	EXP 	unnamed Polygon: autoDraw = True
545.6726 	EXP 	unnamed Polygon: autoDraw = True
545.6898 	EXP 	unnamed Polygon: autoDraw = True
545.7060 	EXP 	unnamed Polygon: autoDraw = True
545.7233 	EXP 	unnamed Polygon: autoDraw = True
545.7397 	EXP 	unnamed Polygon: autoDraw = True
545.7569 	EXP 	unnamed Polygon: autoDraw = True
545.7732 	EXP 	unnamed Polygon: autoDraw = True
545.7894 	EXP 	unnamed Polygon: autoDraw = False
546.7893 	EXP 	trial_feedback: height = 0.09
546.7893 	EXP 	trial_feedback: height = 0.09
546.7893 	EXP 	trial_feedback: height = 0.09
546.7893 	EXP 	trial_feedback: text = 'Miss!\n$0.00'
546.7893 	EXP 	trial_feedback: autoDraw = True
548.7898 	EXP 	trial_feedback: autoDraw = False
548.7898 	EXP 	exp_feedback: autoDraw = False
559.0905 	EXP 	unnamed Polygon: autoDraw = True
559.0905 	EXP 	unnamed Polygon: autoDraw = True
559.1068 	EXP 	unnamed Polygon: autoDraw = True
559.1239 	EXP 	unnamed Polygon: autoDraw = True
559.1406 	EXP 	unnamed Polygon: autoDraw = True
559.1568 	EXP 	unnamed Polygon: autoDraw = True
559.1738 	EXP 	unnamed Polygon: autoDraw = True
559.1903 	EXP 	unnamed Polygon: autoDraw = True
559.2066 	EXP 	unnamed Polygon: autoDraw = True
559.2239 	EXP 	unnamed Polygon: autoDraw = True
559.2402 	EXP 	unnamed Polygon: autoDraw = True
559.2566 	EXP 	unnamed Polygon: autoDraw = True
559.2735 	EXP 	unnamed Polygon: autoDraw = True
559.2902 	EXP 	unnamed Polygon: autoDraw = True
559.3064 	EXP 	unnamed Polygon: autoDraw = True
559.3237 	EXP 	unnamed Polygon: autoDraw = True
559.3400 	EXP 	unnamed Polygon: autoDraw = True
559.3565 	EXP 	unnamed Polygon: autoDraw = True
559.3735 	EXP 	unnamed Polygon: autoDraw = True
559.3904 	EXP 	unnamed Polygon: autoDraw = True
559.4067 	EXP 	unnamed Polygon: autoDraw = True
559.4238 	EXP 	unnamed Polygon: autoDraw = True
559.4407 	EXP 	unnamed Polygon: autoDraw = True
559.4568 	EXP 	unnamed Polygon: autoDraw = True
559.4738 	EXP 	unnamed Polygon: autoDraw = True
559.4908 	EXP 	unnamed Polygon: autoDraw = True
559.5066 	EXP 	unnamed Polygon: autoDraw = True
559.5237 	EXP 	unnamed Polygon: autoDraw = True
559.5404 	EXP 	unnamed Polygon: autoDraw = True
559.5568 	EXP 	unnamed Polygon: autoDraw = True
559.5736 	EXP 	unnamed Polygon: autoDraw = True
559.5903 	EXP 	unnamed Polygon: autoDraw = True
559.6065 	EXP 	unnamed Polygon: autoDraw = True
559.6234 	EXP 	unnamed Polygon: autoDraw = True
559.6405 	EXP 	unnamed Polygon: autoDraw = True
559.6568 	EXP 	unnamed Polygon: autoDraw = False
560.8237 	EXP 	trial_feedback: height = 0.09
560.8237 	EXP 	trial_feedback: height = 0.09
560.8237 	EXP 	trial_feedback: height = 0.09
560.8237 	EXP 	trial_feedback: text = 'Miss!\n-$0.00'
560.8237 	EXP 	trial_feedback: autoDraw = True
562.8247 	EXP 	trial_feedback: autoDraw = False
562.8411 	EXP 	trial_feedback: autoDraw = False
562.8411 	EXP 	exp_feedback: autoDraw = False
569.0743 	EXP 	unnamed Polygon: autoDraw = True
569.0743 	EXP 	unnamed Polygon: autoDraw = True
569.0909 	EXP 	unnamed Polygon: autoDraw = True
569.1078 	EXP 	unnamed Polygon: autoDraw = True
569.1241 	EXP 	unnamed Polygon: autoDraw = True
569.1406 	EXP 	unnamed Polygon: autoDraw = True
569.1584 	EXP 	unnamed Polygon: autoDraw = True
569.1739 	EXP 	unnamed Polygon: autoDraw = True
569.1906 	EXP 	unnamed Polygon: autoDraw = True
569.2073 	EXP 	unnamed Polygon: autoDraw = True
569.2244 	EXP 	unnamed Polygon: autoDraw = True
569.2411 	EXP 	unnamed Polygon: autoDraw = True
569.2574 	EXP 	unnamed Polygon: autoDraw = True
569.2742 	EXP 	unnamed Polygon: autoDraw = True
569.2911 	EXP 	unnamed Polygon: autoDraw = True
569.3085 	EXP 	unnamed Polygon: autoDraw = True
569.3244 	EXP 	unnamed Polygon: autoDraw = True
569.3409 	EXP 	unnamed Polygon: autoDraw = True
569.3572 	EXP 	unnamed Polygon: autoDraw = True
569.3742 	EXP 	unnamed Polygon: autoDraw = True
569.3910 	EXP 	unnamed Polygon: autoDraw = True
569.4074 	EXP 	unnamed Polygon: autoDraw = True
569.4242 	EXP 	unnamed Polygon: autoDraw = True
569.4406 	EXP 	unnamed Polygon: autoDraw = True
569.4573 	EXP 	unnamed Polygon: autoDraw = True
569.4747 	EXP 	unnamed Polygon: autoDraw = True
569.4917 	EXP 	unnamed Polygon: autoDraw = True
569.5086 	EXP 	unnamed Polygon: autoDraw = True
569.5244 	EXP 	unnamed Polygon: autoDraw = True
569.5409 	EXP 	unnamed Polygon: autoDraw = True
569.5574 	EXP 	unnamed Polygon: autoDraw = True
569.5744 	EXP 	unnamed Polygon: autoDraw = True
569.5911 	EXP 	unnamed Polygon: autoDraw = True
569.6074 	EXP 	unnamed Polygon: autoDraw = True
569.6246 	EXP 	unnamed Polygon: autoDraw = True
569.6410 	EXP 	unnamed Polygon: autoDraw = True
569.6574 	EXP 	unnamed Polygon: autoDraw = False
570.8910 	EXP 	trial_feedback: height = 0.09
570.8910 	EXP 	trial_feedback: height = 0.09
570.8910 	EXP 	trial_feedback: height = 0.09
570.8910 	EXP 	trial_feedback: text = 'Miss!\n$0.00'
570.8910 	EXP 	trial_feedback: autoDraw = True
572.8914 	EXP 	trial_feedback: autoDraw = False
572.8914 	EXP 	exp_feedback: autoDraw = False
583.1254 	EXP 	unnamed Polygon: autoDraw = True
583.1254 	EXP 	unnamed Polygon: autoDraw = True
583.1417 	EXP 	unnamed Polygon: autoDraw = True
583.1585 	EXP 	unnamed Polygon: autoDraw = True
583.1754 	EXP 	unnamed Polygon: autoDraw = True
583.1917 	EXP 	unnamed Polygon: autoDraw = True
583.2082 	EXP 	unnamed Polygon: autoDraw = True
583.2255 	EXP 	unnamed Polygon: autoDraw = True
583.2421 	EXP 	unnamed Polygon: autoDraw = True
583.2583 	EXP 	unnamed Polygon: autoDraw = True
583.2751 	EXP 	unnamed Polygon: autoDraw = True
583.2921 	EXP 	unnamed Polygon: autoDraw = True
583.3085 	EXP 	unnamed Polygon: autoDraw = True
583.3255 	EXP 	unnamed Polygon: autoDraw = True
583.3423 	EXP 	unnamed Polygon: autoDraw = True
583.3581 	EXP 	unnamed Polygon: autoDraw = True
583.3754 	EXP 	unnamed Polygon: autoDraw = True
583.3921 	EXP 	unnamed Polygon: autoDraw = True
583.4081 	EXP 	unnamed Polygon: autoDraw = True
583.4255 	EXP 	unnamed Polygon: autoDraw = True
583.4420 	EXP 	unnamed Polygon: autoDraw = True
583.4585 	EXP 	unnamed Polygon: autoDraw = True
583.4752 	EXP 	unnamed Polygon: autoDraw = True
583.4922 	EXP 	unnamed Polygon: autoDraw = True
583.5089 	EXP 	unnamed Polygon: autoDraw = True
583.5257 	EXP 	unnamed Polygon: autoDraw = True
583.5417 	EXP 	unnamed Polygon: autoDraw = True
583.5589 	EXP 	unnamed Polygon: autoDraw = True
583.5752 	EXP 	unnamed Polygon: autoDraw = True
583.5927 	EXP 	unnamed Polygon: autoDraw = True
583.6085 	EXP 	unnamed Polygon: autoDraw = True
583.6251 	EXP 	unnamed Polygon: autoDraw = True
583.6420 	EXP 	unnamed Polygon: autoDraw = True
583.6583 	EXP 	unnamed Polygon: autoDraw = True
583.6750 	EXP 	unnamed Polygon: autoDraw = True
583.6918 	EXP 	unnamed Polygon: autoDraw = True
583.7081 	EXP 	unnamed Polygon: autoDraw = True
583.7253 	EXP 	unnamed Polygon: autoDraw = False
584.9253 	EXP 	trial_feedback: height = 0.09
584.9253 	EXP 	trial_feedback: height = 0.09
584.9253 	EXP 	trial_feedback: height = 0.09
584.9253 	EXP 	trial_feedback: text = 'Miss!\n-$1.50'
584.9253 	EXP 	trial_feedback: autoDraw = True
586.9256 	EXP 	trial_feedback: autoDraw = False
586.9420 	EXP 	trial_feedback: autoDraw = False
586.9420 	EXP 	exp_feedback: autoDraw = False
593.3423 	EXP 	unnamed Polygon: autoDraw = True
593.3423 	EXP 	unnamed Polygon: autoDraw = True
593.3591 	EXP 	unnamed Polygon: autoDraw = True
593.3754 	EXP 	unnamed Polygon: autoDraw = True
593.3923 	EXP 	unnamed Polygon: autoDraw = True
593.4088 	EXP 	unnamed Polygon: autoDraw = True
593.4256 	EXP 	unnamed Polygon: autoDraw = True
593.4424 	EXP 	unnamed Polygon: autoDraw = True
593.4589 	EXP 	unnamed Polygon: autoDraw = True
593.4760 	EXP 	unnamed Polygon: autoDraw = True
593.4928 	EXP 	unnamed Polygon: autoDraw = True
593.5096 	EXP 	unnamed Polygon: autoDraw = True
593.5260 	EXP 	unnamed Polygon: autoDraw = True
593.5428 	EXP 	unnamed Polygon: autoDraw = True
593.5590 	EXP 	unnamed Polygon: autoDraw = True
593.5762 	EXP 	unnamed Polygon: autoDraw = True
593.5928 	EXP 	unnamed Polygon: autoDraw = True
593.6107 	EXP 	unnamed Polygon: autoDraw = True
593.6261 	EXP 	unnamed Polygon: autoDraw = True
593.6427 	EXP 	unnamed Polygon: autoDraw = True
593.6589 	EXP 	unnamed Polygon: autoDraw = True
593.6757 	EXP 	unnamed Polygon: autoDraw = True
593.6929 	EXP 	unnamed Polygon: autoDraw = True
593.7094 	EXP 	unnamed Polygon: autoDraw = True
593.7261 	EXP 	unnamed Polygon: autoDraw = True
593.7427 	EXP 	unnamed Polygon: autoDraw = True
593.7588 	EXP 	unnamed Polygon: autoDraw = True
593.7761 	EXP 	unnamed Polygon: autoDraw = True
593.7930 	EXP 	unnamed Polygon: autoDraw = True
593.8088 	EXP 	unnamed Polygon: autoDraw = True
593.8259 	EXP 	unnamed Polygon: autoDraw = True
593.8426 	EXP 	unnamed Polygon: autoDraw = True
593.8590 	EXP 	unnamed Polygon: autoDraw = True
593.8768 	EXP 	unnamed Polygon: autoDraw = True
593.8927 	EXP 	unnamed Polygon: autoDraw = True
593.9094 	EXP 	unnamed Polygon: autoDraw = True
593.9266 	EXP 	unnamed Polygon: autoDraw = True
593.9426 	EXP 	unnamed Polygon: autoDraw = False
594.9602 	EXP 	trial_feedback: height = 0.09
594.9602 	EXP 	trial_feedback: height = 0.09
594.9602 	EXP 	trial_feedback: height = 0.09
594.9602 	EXP 	trial_feedback: text = 'Miss!\n$0.00'
594.9602 	EXP 	trial_feedback: autoDraw = True
596.9594 	EXP 	trial_feedback: autoDraw = False
596.9762 	EXP 	trial_feedback: autoDraw = False
596.9762 	EXP 	exp_feedback: autoDraw = False
605.2598 	EXP 	unnamed Polygon: autoDraw = True
605.2598 	EXP 	unnamed Polygon: autoDraw = True
605.2767 	EXP 	unnamed Polygon: autoDraw = True
605.2934 	EXP 	unnamed Polygon: autoDraw = True
605.3102 	EXP 	unnamed Polygon: autoDraw = True
605.3267 	EXP 	unnamed Polygon: autoDraw = True
605.3431 	EXP 	unnamed Polygon: autoDraw = True
605.3613 	EXP 	unnamed Polygon: autoDraw = True
605.3770 	EXP 	unnamed Polygon: autoDraw = True
605.3930 	EXP 	unnamed Polygon: autoDraw = True
605.4097 	EXP 	unnamed Polygon: autoDraw = True
605.4264 	EXP 	unnamed Polygon: autoDraw = True
605.4433 	EXP 	unnamed Polygon: autoDraw = True
605.4601 	EXP 	unnamed Polygon: autoDraw = True
605.4767 	EXP 	unnamed Polygon: autoDraw = True
605.4932 	EXP 	unnamed Polygon: autoDraw = True
605.5101 	EXP 	unnamed Polygon: autoDraw = True
605.5267 	EXP 	unnamed Polygon: autoDraw = True
605.5430 	EXP 	unnamed Polygon: autoDraw = True
605.5600 	EXP 	unnamed Polygon: autoDraw = True
605.5769 	EXP 	unnamed Polygon: autoDraw = True
605.5938 	EXP 	unnamed Polygon: autoDraw = True
605.6111 	EXP 	unnamed Polygon: autoDraw = True
605.6274 	EXP 	unnamed Polygon: autoDraw = True
605.6434 	EXP 	unnamed Polygon: autoDraw = True
605.6611 	EXP 	unnamed Polygon: autoDraw = True
605.6778 	EXP 	unnamed Polygon: autoDraw = True
605.6934 	EXP 	unnamed Polygon: autoDraw = True
605.7111 	EXP 	unnamed Polygon: autoDraw = True
605.7271 	EXP 	unnamed Polygon: autoDraw = True
605.7439 	EXP 	unnamed Polygon: autoDraw = True
605.7612 	EXP 	unnamed Polygon: autoDraw = True
605.7771 	EXP 	unnamed Polygon: autoDraw = True
605.7951 	EXP 	unnamed Polygon: autoDraw = True
605.8112 	EXP 	unnamed Polygon: autoDraw = True
605.8268 	EXP 	unnamed Polygon: autoDraw = True
605.8444 	EXP 	unnamed Polygon: autoDraw = False
607.0099 	EXP 	trial_feedback: height = 0.09
607.0099 	EXP 	trial_feedback: height = 0.09
607.0099 	EXP 	trial_feedback: height = 0.09
607.0099 	EXP 	trial_feedback: text = 'Miss!\n-$0.00'
607.0099 	EXP 	trial_feedback: autoDraw = True
609.0104 	EXP 	trial_feedback: autoDraw = False
609.0104 	EXP 	exp_feedback: autoDraw = False
615.4104 	EXP 	unnamed Polygon: autoDraw = True
615.4104 	EXP 	unnamed Polygon: autoDraw = True
615.4273 	EXP 	unnamed Polygon: autoDraw = True
615.4441 	EXP 	unnamed Polygon: autoDraw = True
615.4605 	EXP 	unnamed Polygon: autoDraw = True
615.4773 	EXP 	unnamed Polygon: autoDraw = True
615.4940 	EXP 	unnamed Polygon: autoDraw = True
615.5103 	EXP 	unnamed Polygon: autoDraw = True
615.5274 	EXP 	unnamed Polygon: autoDraw = True
615.5440 	EXP 	unnamed Polygon: autoDraw = True
615.5606 	EXP 	unnamed Polygon: autoDraw = True
615.5775 	EXP 	unnamed Polygon: autoDraw = True
615.5939 	EXP 	unnamed Polygon: autoDraw = True
615.6106 	EXP 	unnamed Polygon: autoDraw = True
615.6275 	EXP 	unnamed Polygon: autoDraw = True
615.6437 	EXP 	unnamed Polygon: autoDraw = True
615.6607 	EXP 	unnamed Polygon: autoDraw = True
615.6778 	EXP 	unnamed Polygon: autoDraw = True
615.6939 	EXP 	unnamed Polygon: autoDraw = True
615.7105 	EXP 	unnamed Polygon: autoDraw = True
615.7278 	EXP 	unnamed Polygon: autoDraw = True
615.7439 	EXP 	unnamed Polygon: autoDraw = True
615.7604 	EXP 	unnamed Polygon: autoDraw = True
615.7774 	EXP 	unnamed Polygon: autoDraw = True
615.7942 	EXP 	unnamed Polygon: autoDraw = True
615.8108 	EXP 	unnamed Polygon: autoDraw = True
615.8270 	EXP 	unnamed Polygon: autoDraw = True
615.8440 	EXP 	unnamed Polygon: autoDraw = True
615.8606 	EXP 	unnamed Polygon: autoDraw = True
615.8770 	EXP 	unnamed Polygon: autoDraw = True
615.8938 	EXP 	unnamed Polygon: autoDraw = True
615.9108 	EXP 	unnamed Polygon: autoDraw = True
615.9277 	EXP 	unnamed Polygon: autoDraw = True
615.9437 	EXP 	unnamed Polygon: autoDraw = True
615.9608 	EXP 	unnamed Polygon: autoDraw = True
615.9774 	EXP 	unnamed Polygon: autoDraw = True
615.9937 	EXP 	unnamed Polygon: autoDraw = False
617.0608 	EXP 	trial_feedback: height = 0.09
617.0608 	EXP 	trial_feedback: height = 0.09
617.0608 	EXP 	trial_feedback: height = 0.09
617.0608 	EXP 	trial_feedback: text = 'Miss!\n-$5.00'
617.0608 	EXP 	trial_feedback: autoDraw = True
619.0609 	EXP 	trial_feedback: autoDraw = False
619.0609 	EXP 	exp_feedback: autoDraw = False
625.4786 	EXP 	unnamed Polygon: autoDraw = True
625.4786 	EXP 	unnamed Polygon: autoDraw = True
625.4948 	EXP 	unnamed Polygon: autoDraw = True
625.5113 	EXP 	unnamed Polygon: autoDraw = True
625.5282 	EXP 	unnamed Polygon: autoDraw = True
625.5449 	EXP 	unnamed Polygon: autoDraw = True
625.5617 	EXP 	unnamed Polygon: autoDraw = True
625.5779 	EXP 	unnamed Polygon: autoDraw = True
625.5949 	EXP 	unnamed Polygon: autoDraw = True
625.6112 	EXP 	unnamed Polygon: autoDraw = True
625.6280 	EXP 	unnamed Polygon: autoDraw = True
625.6445 	EXP 	unnamed Polygon: autoDraw = True
625.6614 	EXP 	unnamed Polygon: autoDraw = True
625.6778 	EXP 	unnamed Polygon: autoDraw = True
625.6947 	EXP 	unnamed Polygon: autoDraw = True
625.7113 	EXP 	unnamed Polygon: autoDraw = True
625.7279 	EXP 	unnamed Polygon: autoDraw = True
625.7454 	EXP 	unnamed Polygon: autoDraw = True
625.7615 	EXP 	unnamed Polygon: autoDraw = True
625.7780 	EXP 	unnamed Polygon: autoDraw = True
625.7946 	EXP 	unnamed Polygon: autoDraw = True
625.8112 	EXP 	unnamed Polygon: autoDraw = True
625.8279 	EXP 	unnamed Polygon: autoDraw = True
625.8448 	EXP 	unnamed Polygon: autoDraw = True
625.8615 	EXP 	unnamed Polygon: autoDraw = True
625.8781 	EXP 	unnamed Polygon: autoDraw = True
625.8946 	EXP 	unnamed Polygon: autoDraw = True
625.9114 	EXP 	unnamed Polygon: autoDraw = True
625.9279 	EXP 	unnamed Polygon: autoDraw = True
625.9448 	EXP 	unnamed Polygon: autoDraw = True
625.9612 	EXP 	unnamed Polygon: autoDraw = True
625.9781 	EXP 	unnamed Polygon: autoDraw = True
625.9947 	EXP 	unnamed Polygon: autoDraw = True
626.0112 	EXP 	unnamed Polygon: autoDraw = True
626.0279 	EXP 	unnamed Polygon: autoDraw = True
626.0445 	EXP 	unnamed Polygon: autoDraw = True
626.0613 	EXP 	unnamed Polygon: autoDraw = True
626.0777 	EXP 	unnamed Polygon: autoDraw = False
627.0782 	EXP 	trial_feedback: height = 0.09
627.0782 	EXP 	trial_feedback: height = 0.09
627.0782 	EXP 	trial_feedback: height = 0.09
627.0782 	EXP 	trial_feedback: text = 'Miss!\n-$0.00'
627.0782 	EXP 	trial_feedback: autoDraw = True
629.0782 	EXP 	trial_feedback: autoDraw = False
629.0949 	EXP 	trial_feedback: autoDraw = False
629.0949 	EXP 	exp_feedback: autoDraw = False
635.5787 	EXP 	unnamed Polygon: autoDraw = True
635.5787 	EXP 	unnamed Polygon: autoDraw = True
635.5957 	EXP 	unnamed Polygon: autoDraw = True
635.6122 	EXP 	unnamed Polygon: autoDraw = True
635.6290 	EXP 	unnamed Polygon: autoDraw = True
635.6454 	EXP 	unnamed Polygon: autoDraw = True
635.6623 	EXP 	unnamed Polygon: autoDraw = True
635.6788 	EXP 	unnamed Polygon: autoDraw = True
635.6956 	EXP 	unnamed Polygon: autoDraw = True
635.7120 	EXP 	unnamed Polygon: autoDraw = True
635.7288 	EXP 	unnamed Polygon: autoDraw = True
635.7454 	EXP 	unnamed Polygon: autoDraw = True
635.7625 	EXP 	unnamed Polygon: autoDraw = True
635.7786 	EXP 	unnamed Polygon: autoDraw = True
635.7952 	EXP 	unnamed Polygon: autoDraw = True
635.8119 	EXP 	unnamed Polygon: autoDraw = True
635.8288 	EXP 	unnamed Polygon: autoDraw = True
635.8450 	EXP 	unnamed Polygon: autoDraw = True
635.8621 	EXP 	unnamed Polygon: autoDraw = True
635.8788 	EXP 	unnamed Polygon: autoDraw = True
635.8955 	EXP 	unnamed Polygon: autoDraw = True
635.9120 	EXP 	unnamed Polygon: autoDraw = True
635.9287 	EXP 	unnamed Polygon: autoDraw = True
635.9451 	EXP 	unnamed Polygon: autoDraw = True
635.9620 	EXP 	unnamed Polygon: autoDraw = True
635.9787 	EXP 	unnamed Polygon: autoDraw = True
635.9958 	EXP 	unnamed Polygon: autoDraw = True
636.0120 	EXP 	unnamed Polygon: autoDraw = True
636.0291 	EXP 	unnamed Polygon: autoDraw = True
636.0456 	EXP 	unnamed Polygon: autoDraw = True
636.0623 	EXP 	unnamed Polygon: autoDraw = True
636.0791 	EXP 	unnamed Polygon: autoDraw = True
636.0956 	EXP 	unnamed Polygon: autoDraw = True
636.1126 	EXP 	unnamed Polygon: autoDraw = True
636.1288 	EXP 	unnamed Polygon: autoDraw = True
636.1454 	EXP 	unnamed Polygon: autoDraw = True
636.1625 	EXP 	unnamed Polygon: autoDraw = True
636.1788 	EXP 	unnamed Polygon: autoDraw = False
637.1289 	EXP 	trial_feedback: height = 0.09
637.1289 	EXP 	trial_feedback: height = 0.09
637.1289 	EXP 	trial_feedback: height = 0.09
637.1289 	EXP 	trial_feedback: text = 'Miss!\n-$5.00'
637.1289 	EXP 	trial_feedback: autoDraw = True
639.1288 	EXP 	trial_feedback: autoDraw = False
639.1288 	EXP 	exp_feedback: autoDraw = False
647.5797 	EXP 	unnamed Polygon: autoDraw = True
647.5797 	EXP 	unnamed Polygon: autoDraw = True
647.5990 	EXP 	unnamed Polygon: autoDraw = True
647.6135 	EXP 	unnamed Polygon: autoDraw = True
647.6301 	EXP 	unnamed Polygon: autoDraw = True
647.6465 	EXP 	unnamed Polygon: autoDraw = True
647.6630 	EXP 	unnamed Polygon: autoDraw = True
647.6800 	EXP 	unnamed Polygon: autoDraw = True
647.7048 	EXP 	unnamed Polygon: autoDraw = True
647.7191 	EXP 	unnamed Polygon: autoDraw = True
647.7296 	EXP 	unnamed Polygon: autoDraw = True
647.7463 	EXP 	unnamed Polygon: autoDraw = True
647.7633 	EXP 	unnamed Polygon: autoDraw = True
647.7799 	EXP 	unnamed Polygon: autoDraw = True
647.7966 	EXP 	unnamed Polygon: autoDraw = True
647.8131 	EXP 	unnamed Polygon: autoDraw = True
647.8298 	EXP 	unnamed Polygon: autoDraw = True
647.8467 	EXP 	unnamed Polygon: autoDraw = True
647.8628 	EXP 	unnamed Polygon: autoDraw = True
647.8792 	EXP 	unnamed Polygon: autoDraw = True
647.8959 	EXP 	unnamed Polygon: autoDraw = True
647.9126 	EXP 	unnamed Polygon: autoDraw = True
647.9299 	EXP 	unnamed Polygon: autoDraw = True
647.9466 	EXP 	unnamed Polygon: autoDraw = True
647.9635 	EXP 	unnamed Polygon: autoDraw = True
647.9800 	EXP 	unnamed Polygon: autoDraw = True
647.9968 	EXP 	unnamed Polygon: autoDraw = True
648.0132 	EXP 	unnamed Polygon: autoDraw = True
648.0299 	EXP 	unnamed Polygon: autoDraw = True
648.0465 	EXP 	unnamed Polygon: autoDraw = True
648.0631 	EXP 	unnamed Polygon: autoDraw = True
648.0799 	EXP 	unnamed Polygon: autoDraw = True
648.0963 	EXP 	unnamed Polygon: autoDraw = True
648.1139 	EXP 	unnamed Polygon: autoDraw = True
648.1299 	EXP 	unnamed Polygon: autoDraw = True
648.1486 	EXP 	unnamed Polygon: autoDraw = True
648.1635 	EXP 	unnamed Polygon: autoDraw = True
648.1799 	EXP 	unnamed Polygon: autoDraw = True
648.1965 	EXP 	unnamed Polygon: autoDraw = False
649.1774 	EXP 	trial_feedback: height = 0.09
649.1774 	EXP 	trial_feedback: height = 0.09
649.1774 	EXP 	trial_feedback: height = 0.09
649.1774 	EXP 	trial_feedback: text = 'Miss!\n-$1.50'
649.1774 	EXP 	trial_feedback: autoDraw = True
651.1798 	EXP 	trial_feedback: autoDraw = False
651.1976 	EXP 	trial_feedback: autoDraw = False
651.1976 	EXP 	exp_feedback: autoDraw = False
659.4136 	EXP 	unnamed Polygon: autoDraw = True
659.4136 	EXP 	unnamed Polygon: autoDraw = True
659.4309 	EXP 	unnamed Polygon: autoDraw = True
659.4472 	EXP 	unnamed Polygon: autoDraw = True
659.4646 	EXP 	unnamed Polygon: autoDraw = True
659.4800 	EXP 	unnamed Polygon: autoDraw = True
659.4977 	EXP 	unnamed Polygon: autoDraw = True
659.5137 	EXP 	unnamed Polygon: autoDraw = True
659.5307 	EXP 	unnamed Polygon: autoDraw = True
659.5476 	EXP 	unnamed Polygon: autoDraw = True
659.5642 	EXP 	unnamed Polygon: autoDraw = True
659.5810 	EXP 	unnamed Polygon: autoDraw = True
659.5973 	EXP 	unnamed Polygon: autoDraw = True
659.6144 	EXP 	unnamed Polygon: autoDraw = True
659.6306 	EXP 	unnamed Polygon: autoDraw = True
659.6477 	EXP 	unnamed Polygon: autoDraw = True
659.6642 	EXP 	unnamed Polygon: autoDraw = True
659.6807 	EXP 	unnamed Polygon: autoDraw = True
659.6977 	EXP 	unnamed Polygon: autoDraw = True
659.7135 	EXP 	unnamed Polygon: autoDraw = True
659.7310 	EXP 	unnamed Polygon: autoDraw = True
659.7479 	EXP 	unnamed Polygon: autoDraw = True
659.7641 	EXP 	unnamed Polygon: autoDraw = True
659.7809 	EXP 	unnamed Polygon: autoDraw = True
659.7972 	EXP 	unnamed Polygon: autoDraw = True
659.8142 	EXP 	unnamed Polygon: autoDraw = True
659.8309 	EXP 	unnamed Polygon: autoDraw = True
659.8477 	EXP 	unnamed Polygon: autoDraw = True
659.8640 	EXP 	unnamed Polygon: autoDraw = True
659.8810 	EXP 	unnamed Polygon: autoDraw = True
659.8976 	EXP 	unnamed Polygon: autoDraw = True
659.9142 	EXP 	unnamed Polygon: autoDraw = True
659.9307 	EXP 	unnamed Polygon: autoDraw = True
659.9474 	EXP 	unnamed Polygon: autoDraw = True
659.9641 	EXP 	unnamed Polygon: autoDraw = True
659.9815 	EXP 	unnamed Polygon: autoDraw = True
659.9975 	EXP 	unnamed Polygon: autoDraw = True
660.0155 	EXP 	unnamed Polygon: autoDraw = True
660.0376 	EXP 	unnamed Polygon: autoDraw = False
661.2312 	EXP 	trial_feedback: height = 0.09
661.2312 	EXP 	trial_feedback: height = 0.09
661.2312 	EXP 	trial_feedback: height = 0.09
661.2312 	EXP 	trial_feedback: text = 'Miss!\n-$5.00'
661.2312 	EXP 	trial_feedback: autoDraw = True
663.2310 	EXP 	trial_feedback: autoDraw = False
663.2478 	EXP 	trial_feedback: autoDraw = False
663.2478 	EXP 	exp_feedback: autoDraw = False
671.6652 	EXP 	unnamed Polygon: autoDraw = True
671.6652 	EXP 	unnamed Polygon: autoDraw = True
671.6817 	EXP 	unnamed Polygon: autoDraw = True
671.6977 	EXP 	unnamed Polygon: autoDraw = True
671.7152 	EXP 	unnamed Polygon: autoDraw = True
671.7313 	EXP 	unnamed Polygon: autoDraw = True
671.7479 	EXP 	unnamed Polygon: autoDraw = True
671.7650 	EXP 	unnamed Polygon: autoDraw = True
671.7815 	EXP 	unnamed Polygon: autoDraw = True
671.7978 	EXP 	unnamed Polygon: autoDraw = True
671.8146 	EXP 	unnamed Polygon: autoDraw = True
671.8314 	EXP 	unnamed Polygon: autoDraw = True
671.8476 	EXP 	unnamed Polygon: autoDraw = True
671.8644 	EXP 	unnamed Polygon: autoDraw = True
671.8816 	EXP 	unnamed Polygon: autoDraw = True
671.8978 	EXP 	unnamed Polygon: autoDraw = True
671.9146 	EXP 	unnamed Polygon: autoDraw = True
671.9315 	EXP 	unnamed Polygon: autoDraw = True
671.9476 	EXP 	unnamed Polygon: autoDraw = True
671.9645 	EXP 	unnamed Polygon: autoDraw = True
671.9828 	EXP 	unnamed Polygon: autoDraw = True
671.9987 	EXP 	unnamed Polygon: autoDraw = True
672.0162 	EXP 	unnamed Polygon: autoDraw = True
672.0313 	EXP 	unnamed Polygon: autoDraw = True
672.0495 	EXP 	unnamed Polygon: autoDraw = True
672.0655 	EXP 	unnamed Polygon: autoDraw = True
672.0826 	EXP 	unnamed Polygon: autoDraw = True
672.0989 	EXP 	unnamed Polygon: autoDraw = True
672.1151 	EXP 	unnamed Polygon: autoDraw = True
672.1316 	EXP 	unnamed Polygon: autoDraw = True
672.1481 	EXP 	unnamed Polygon: autoDraw = True
672.1650 	EXP 	unnamed Polygon: autoDraw = True
672.1811 	EXP 	unnamed Polygon: autoDraw = True
672.1979 	EXP 	unnamed Polygon: autoDraw = True
672.2152 	EXP 	unnamed Polygon: autoDraw = True
672.2311 	EXP 	unnamed Polygon: autoDraw = True
672.2479 	EXP 	unnamed Polygon: autoDraw = True
672.2647 	EXP 	unnamed Polygon: autoDraw = True
672.2813 	EXP 	unnamed Polygon: autoDraw = False
673.2822 	EXP 	trial_feedback: height = 0.09
673.2822 	EXP 	trial_feedback: height = 0.09
673.2822 	EXP 	trial_feedback: height = 0.09
673.2822 	EXP 	trial_feedback: text = 'Miss!\n$0.00'
673.2822 	EXP 	trial_feedback: autoDraw = True
675.2820 	EXP 	trial_feedback: autoDraw = False
675.3021 	EXP 	trial_feedback: autoDraw = False
675.3021 	EXP 	exp_feedback: autoDraw = False
683.3320 	EXP 	unnamed Polygon: autoDraw = True
683.3320 	EXP 	unnamed Polygon: autoDraw = True
683.3485 	EXP 	unnamed Polygon: autoDraw = True
683.3657 	EXP 	unnamed Polygon: autoDraw = True
683.3823 	EXP 	unnamed Polygon: autoDraw = True
683.3994 	EXP 	unnamed Polygon: autoDraw = True
683.4164 	EXP 	unnamed Polygon: autoDraw = True
683.4318 	EXP 	unnamed Polygon: autoDraw = True
683.4486 	EXP 	unnamed Polygon: autoDraw = True
683.4654 	EXP 	unnamed Polygon: autoDraw = True
683.4819 	EXP 	unnamed Polygon: autoDraw = True
683.4986 	EXP 	unnamed Polygon: autoDraw = True
683.5151 	EXP 	unnamed Polygon: autoDraw = True
683.5320 	EXP 	unnamed Polygon: autoDraw = True
683.5489 	EXP 	unnamed Polygon: autoDraw = True
683.5657 	EXP 	unnamed Polygon: autoDraw = True
683.5828 	EXP 	unnamed Polygon: autoDraw = True
683.6004 	EXP 	unnamed Polygon: autoDraw = True
683.6155 	EXP 	unnamed Polygon: autoDraw = True
683.6322 	EXP 	unnamed Polygon: autoDraw = True
683.6486 	EXP 	unnamed Polygon: autoDraw = True
683.6657 	EXP 	unnamed Polygon: autoDraw = True
683.6836 	EXP 	unnamed Polygon: autoDraw = True
683.6985 	EXP 	unnamed Polygon: autoDraw = True
683.7156 	EXP 	unnamed Polygon: autoDraw = True
683.7339 	EXP 	unnamed Polygon: autoDraw = True
683.7499 	EXP 	unnamed Polygon: autoDraw = True
683.7656 	EXP 	unnamed Polygon: autoDraw = True
683.7818 	EXP 	unnamed Polygon: autoDraw = True
683.7992 	EXP 	unnamed Polygon: autoDraw = True
683.8152 	EXP 	unnamed Polygon: autoDraw = True
683.8327 	EXP 	unnamed Polygon: autoDraw = True
683.8489 	EXP 	unnamed Polygon: autoDraw = True
683.8654 	EXP 	unnamed Polygon: autoDraw = True
683.8819 	EXP 	unnamed Polygon: autoDraw = True
683.8986 	EXP 	unnamed Polygon: autoDraw = True
683.9158 	EXP 	unnamed Polygon: autoDraw = True
683.9326 	EXP 	unnamed Polygon: autoDraw = True
683.9488 	EXP 	unnamed Polygon: autoDraw = False
685.3320 	EXP 	trial_feedback: height = 0.09
685.3320 	EXP 	trial_feedback: height = 0.09
685.3320 	EXP 	trial_feedback: height = 0.09
685.3320 	EXP 	trial_feedback: text = 'Miss!\n-$0.00'
685.3320 	EXP 	trial_feedback: autoDraw = True
687.3331 	EXP 	trial_feedback: autoDraw = False
687.3331 	EXP 	exp_feedback: autoDraw = False
697.6003 	EXP 	unnamed Polygon: autoDraw = True
697.6003 	EXP 	unnamed Polygon: autoDraw = True
697.6163 	EXP 	unnamed Polygon: autoDraw = True
697.6328 	EXP 	unnamed Polygon: autoDraw = True
697.6500 	EXP 	unnamed Polygon: autoDraw = True
697.6667 	EXP 	unnamed Polygon: autoDraw = True
697.6832 	EXP 	unnamed Polygon: autoDraw = True
697.6998 	EXP 	unnamed Polygon: autoDraw = True
697.7164 	EXP 	unnamed Polygon: autoDraw = True
697.7328 	EXP 	unnamed Polygon: autoDraw = True
697.7496 	EXP 	unnamed Polygon: autoDraw = True
697.7661 	EXP 	unnamed Polygon: autoDraw = True
697.7829 	EXP 	unnamed Polygon: autoDraw = True
697.7995 	EXP 	unnamed Polygon: autoDraw = True
697.8164 	EXP 	unnamed Polygon: autoDraw = True
697.8327 	EXP 	unnamed Polygon: autoDraw = True
697.8500 	EXP 	unnamed Polygon: autoDraw = True
697.8661 	EXP 	unnamed Polygon: autoDraw = True
697.8829 	EXP 	unnamed Polygon: autoDraw = True
697.8998 	EXP 	unnamed Polygon: autoDraw = True
697.9161 	EXP 	unnamed Polygon: autoDraw = True
697.9342 	EXP 	unnamed Polygon: autoDraw = True
697.9510 	EXP 	unnamed Polygon: autoDraw = True
697.9673 	EXP 	unnamed Polygon: autoDraw = True
697.9828 	EXP 	unnamed Polygon: autoDraw = True
697.9997 	EXP 	unnamed Polygon: autoDraw = True
698.0163 	EXP 	unnamed Polygon: autoDraw = True
698.0336 	EXP 	unnamed Polygon: autoDraw = True
698.0496 	EXP 	unnamed Polygon: autoDraw = True
698.0663 	EXP 	unnamed Polygon: autoDraw = True
698.0839 	EXP 	unnamed Polygon: autoDraw = True
698.1011 	EXP 	unnamed Polygon: autoDraw = True
698.1176 	EXP 	unnamed Polygon: autoDraw = True
698.1333 	EXP 	unnamed Polygon: autoDraw = True
698.1494 	EXP 	unnamed Polygon: autoDraw = True
698.1664 	EXP 	unnamed Polygon: autoDraw = True
698.1828 	EXP 	unnamed Polygon: autoDraw = True
698.1996 	EXP 	unnamed Polygon: autoDraw = True
698.2165 	EXP 	unnamed Polygon: autoDraw = True
698.2342 	EXP 	unnamed Polygon: autoDraw = False
699.3501 	EXP 	trial_feedback: height = 0.09
699.3501 	EXP 	trial_feedback: height = 0.09
699.3501 	EXP 	trial_feedback: height = 0.09
699.3501 	EXP 	trial_feedback: text = 'Miss!\n$0.00'
699.3501 	EXP 	trial_feedback: autoDraw = True
701.3500 	EXP 	trial_feedback: autoDraw = False
701.3500 	EXP 	exp_feedback: autoDraw = False
707.4503 	EXP 	unnamed Polygon: autoDraw = True
707.4503 	EXP 	unnamed Polygon: autoDraw = True
707.4671 	EXP 	unnamed Polygon: autoDraw = True
707.4839 	EXP 	unnamed Polygon: autoDraw = True
707.5001 	EXP 	unnamed Polygon: autoDraw = True
707.5171 	EXP 	unnamed Polygon: autoDraw = True
707.5337 	EXP 	unnamed Polygon: autoDraw = True
707.5503 	EXP 	unnamed Polygon: autoDraw = True
707.5672 	EXP 	unnamed Polygon: autoDraw = True
707.5837 	EXP 	unnamed Polygon: autoDraw = True
707.6000 	EXP 	unnamed Polygon: autoDraw = True
707.6171 	EXP 	unnamed Polygon: autoDraw = True
707.6337 	EXP 	unnamed Polygon: autoDraw = True
707.6501 	EXP 	unnamed Polygon: autoDraw = True
707.6670 	EXP 	unnamed Polygon: autoDraw = True
707.6841 	EXP 	unnamed Polygon: autoDraw = True
707.7005 	EXP 	unnamed Polygon: autoDraw = True
707.7167 	EXP 	unnamed Polygon: autoDraw = True
707.7336 	EXP 	unnamed Polygon: autoDraw = True
707.7507 	EXP 	unnamed Polygon: autoDraw = True
707.7668 	EXP 	unnamed Polygon: autoDraw = True
707.7835 	EXP 	unnamed Polygon: autoDraw = True
707.8011 	EXP 	unnamed Polygon: autoDraw = True
707.8168 	EXP 	unnamed Polygon: autoDraw = True
707.8343 	EXP 	unnamed Polygon: autoDraw = True
707.8502 	EXP 	unnamed Polygon: autoDraw = True
707.8668 	EXP 	unnamed Polygon: autoDraw = True
707.8839 	EXP 	unnamed Polygon: autoDraw = True
707.9006 	EXP 	unnamed Polygon: autoDraw = True
707.9170 	EXP 	unnamed Polygon: autoDraw = True
707.9335 	EXP 	unnamed Polygon: autoDraw = True
707.9502 	EXP 	unnamed Polygon: autoDraw = True
707.9669 	EXP 	unnamed Polygon: autoDraw = True
707.9834 	EXP 	unnamed Polygon: autoDraw = True
708.0002 	EXP 	unnamed Polygon: autoDraw = True
708.0170 	EXP 	unnamed Polygon: autoDraw = True
708.0334 	EXP 	unnamed Polygon: autoDraw = False
709.3840 	EXP 	trial_feedback: text = 'Miss!\n$0.00'
709.3840 	EXP 	trial_feedback: autoDraw = True
711.3839 	EXP 	trial_feedback: autoDraw = False
711.4005 	EXP 	trial_feedback: autoDraw = False
711.4005 	EXP 	exp_feedback: autoDraw = False
717.6345 	EXP 	unnamed Polygon: autoDraw = True
717.6345 	EXP 	unnamed Polygon: autoDraw = True
717.6509 	EXP 	unnamed Polygon: autoDraw = True
717.6679 	EXP 	unnamed Polygon: autoDraw = True
717.6847 	EXP 	unnamed Polygon: autoDraw = True
717.7011 	EXP 	unnamed Polygon: autoDraw = True
717.7179 	EXP 	unnamed Polygon: autoDraw = True
717.7346 	EXP 	unnamed Polygon: autoDraw = True
717.7511 	EXP 	unnamed Polygon: autoDraw = True
717.7681 	EXP 	unnamed Polygon: autoDraw = True
717.7846 	EXP 	unnamed Polygon: autoDraw = True
717.8008 	EXP 	unnamed Polygon: autoDraw = True
717.8176 	EXP 	unnamed Polygon: autoDraw = True
717.8344 	EXP 	unnamed Polygon: autoDraw = True
717.8510 	EXP 	unnamed Polygon: autoDraw = True
717.8677 	EXP 	unnamed Polygon: autoDraw = True
717.8842 	EXP 	unnamed Polygon: autoDraw = True
717.9010 	EXP 	unnamed Polygon: autoDraw = True
717.9176 	EXP 	unnamed Polygon: autoDraw = True
717.9342 	EXP 	unnamed Polygon: autoDraw = True
717.9508 	EXP 	unnamed Polygon: autoDraw = True
717.9678 	EXP 	unnamed Polygon: autoDraw = True
717.9843 	EXP 	unnamed Polygon: autoDraw = True
718.0008 	EXP 	unnamed Polygon: autoDraw = True
718.0176 	EXP 	unnamed Polygon: autoDraw = True
718.0344 	EXP 	unnamed Polygon: autoDraw = True
718.0509 	EXP 	unnamed Polygon: autoDraw = True
718.0676 	EXP 	unnamed Polygon: autoDraw = True
718.0844 	EXP 	unnamed Polygon: autoDraw = True
718.1014 	EXP 	unnamed Polygon: autoDraw = True
718.1174 	EXP 	unnamed Polygon: autoDraw = True
718.1342 	EXP 	unnamed Polygon: autoDraw = True
718.1511 	EXP 	unnamed Polygon: autoDraw = True
718.1677 	EXP 	unnamed Polygon: autoDraw = True
718.1847 	EXP 	unnamed Polygon: autoDraw = True
718.2016 	EXP 	unnamed Polygon: autoDraw = True
718.2175 	EXP 	unnamed Polygon: autoDraw = True
718.2347 	EXP 	unnamed Polygon: autoDraw = True
718.2511 	EXP 	unnamed Polygon: autoDraw = True
718.2675 	EXP 	unnamed Polygon: autoDraw = True
718.2845 	EXP 	unnamed Polygon: autoDraw = True
718.3014 	EXP 	unnamed Polygon: autoDraw = False
719.4346 	EXP 	trial_feedback: text = 'Miss!\n$0.00'
719.4346 	EXP 	trial_feedback: autoDraw = True
721.4346 	EXP 	trial_feedback: autoDraw = False
721.4346 	EXP 	exp_feedback: autoDraw = False
727.8685 	EXP 	unnamed Polygon: autoDraw = True
727.8685 	EXP 	unnamed Polygon: autoDraw = True
727.8856 	EXP 	unnamed Polygon: autoDraw = True
727.9018 	EXP 	unnamed Polygon: autoDraw = True
727.9184 	EXP 	unnamed Polygon: autoDraw = True
727.9352 	EXP 	unnamed Polygon: autoDraw = True
727.9517 	EXP 	unnamed Polygon: autoDraw = True
727.9685 	EXP 	unnamed Polygon: autoDraw = True
727.9851 	EXP 	unnamed Polygon: autoDraw = True
728.0015 	EXP 	unnamed Polygon: autoDraw = True
728.0184 	EXP 	unnamed Polygon: autoDraw = True
728.0350 	EXP 	unnamed Polygon: autoDraw = True
728.0515 	EXP 	unnamed Polygon: autoDraw = True
728.0683 	EXP 	unnamed Polygon: autoDraw = True
728.0852 	EXP 	unnamed Polygon: autoDraw = True
728.1015 	EXP 	unnamed Polygon: autoDraw = True
728.1185 	EXP 	unnamed Polygon: autoDraw = True
728.1351 	EXP 	unnamed Polygon: autoDraw = True
728.1514 	EXP 	unnamed Polygon: autoDraw = True
728.1684 	EXP 	unnamed Polygon: autoDraw = True
728.1851 	EXP 	unnamed Polygon: autoDraw = True
728.2017 	EXP 	unnamed Polygon: autoDraw = True
728.2186 	EXP 	unnamed Polygon: autoDraw = True
728.2351 	EXP 	unnamed Polygon: autoDraw = True
728.2518 	EXP 	unnamed Polygon: autoDraw = True
728.2686 	EXP 	unnamed Polygon: autoDraw = True
728.2853 	EXP 	unnamed Polygon: autoDraw = True
728.3019 	EXP 	unnamed Polygon: autoDraw = True
728.3188 	EXP 	unnamed Polygon: autoDraw = True
728.3350 	EXP 	unnamed Polygon: autoDraw = True
728.3516 	EXP 	unnamed Polygon: autoDraw = True
728.3683 	EXP 	unnamed Polygon: autoDraw = True
728.3849 	EXP 	unnamed Polygon: autoDraw = True
728.4017 	EXP 	unnamed Polygon: autoDraw = True
728.4184 	EXP 	unnamed Polygon: autoDraw = True
728.4353 	EXP 	unnamed Polygon: autoDraw = True
728.4518 	EXP 	unnamed Polygon: autoDraw = True
728.4684 	EXP 	unnamed Polygon: autoDraw = True
728.4850 	EXP 	unnamed Polygon: autoDraw = True
728.5018 	EXP 	unnamed Polygon: autoDraw = False
729.4517 	EXP 	trial_feedback: height = 0.09
729.4517 	EXP 	trial_feedback: height = 0.09
729.4517 	EXP 	trial_feedback: height = 0.09
729.4517 	EXP 	trial_feedback: text = 'Miss!\n-$1.50'
729.4517 	EXP 	trial_feedback: autoDraw = True
731.4529 	EXP 	trial_feedback: autoDraw = False
731.4529 	EXP 	exp_feedback: autoDraw = False
737.6025 	EXP 	unnamed Polygon: autoDraw = True
737.6025 	EXP 	unnamed Polygon: autoDraw = True
737.6194 	EXP 	unnamed Polygon: autoDraw = True
737.6355 	EXP 	unnamed Polygon: autoDraw = True
737.6531 	EXP 	unnamed Polygon: autoDraw = True
737.6700 	EXP 	unnamed Polygon: autoDraw = True
737.6860 	EXP 	unnamed Polygon: autoDraw = True
737.7026 	EXP 	unnamed Polygon: autoDraw = True
737.7192 	EXP 	unnamed Polygon: autoDraw = True
737.7357 	EXP 	unnamed Polygon: autoDraw = True
737.7527 	EXP 	unnamed Polygon: autoDraw = True
737.7699 	EXP 	unnamed Polygon: autoDraw = True
737.7874 	EXP 	unnamed Polygon: autoDraw = True
737.8028 	EXP 	unnamed Polygon: autoDraw = True
737.8194 	EXP 	unnamed Polygon: autoDraw = True
737.8359 	EXP 	unnamed Polygon: autoDraw = True
737.8523 	EXP 	unnamed Polygon: autoDraw = True
737.8691 	EXP 	unnamed Polygon: autoDraw = True
737.8856 	EXP 	unnamed Polygon: autoDraw = True
737.9025 	EXP 	unnamed Polygon: autoDraw = True
737.9192 	EXP 	unnamed Polygon: autoDraw = True
737.9357 	EXP 	unnamed Polygon: autoDraw = True
737.9523 	EXP 	unnamed Polygon: autoDraw = True
737.9689 	EXP 	unnamed Polygon: autoDraw = True
737.9857 	EXP 	unnamed Polygon: autoDraw = True
738.0022 	EXP 	unnamed Polygon: autoDraw = True
738.0193 	EXP 	unnamed Polygon: autoDraw = True
738.0358 	EXP 	unnamed Polygon: autoDraw = True
738.0525 	EXP 	unnamed Polygon: autoDraw = True
738.0702 	EXP 	unnamed Polygon: autoDraw = True
738.0862 	EXP 	unnamed Polygon: autoDraw = True
738.1025 	EXP 	unnamed Polygon: autoDraw = True
738.1192 	EXP 	unnamed Polygon: autoDraw = True
738.1361 	EXP 	unnamed Polygon: autoDraw = True
738.1523 	EXP 	unnamed Polygon: autoDraw = True
738.1695 	EXP 	unnamed Polygon: autoDraw = True
738.1862 	EXP 	unnamed Polygon: autoDraw = False
739.5035 	EXP 	trial_feedback: height = 0.09
739.5035 	EXP 	trial_feedback: height = 0.09
739.5035 	EXP 	trial_feedback: height = 0.09
739.5035 	EXP 	trial_feedback: text = 'Miss!\n$0.00'
739.5035 	EXP 	trial_feedback: autoDraw = True
741.5026 	EXP 	trial_feedback: autoDraw = False
741.5026 	EXP 	exp_feedback: autoDraw = False
751.7372 	EXP 	unnamed Polygon: autoDraw = True
751.7372 	EXP 	unnamed Polygon: autoDraw = True
751.7530 	EXP 	unnamed Polygon: autoDraw = True
751.7703 	EXP 	unnamed Polygon: autoDraw = True
751.7869 	EXP 	unnamed Polygon: autoDraw = True
751.8032 	EXP 	unnamed Polygon: autoDraw = True
751.8202 	EXP 	unnamed Polygon: autoDraw = True
751.8371 	EXP 	unnamed Polygon: autoDraw = True
751.8538 	EXP 	unnamed Polygon: autoDraw = True
751.8699 	EXP 	unnamed Polygon: autoDraw = True
751.8865 	EXP 	unnamed Polygon: autoDraw = True
751.9038 	EXP 	unnamed Polygon: autoDraw = True
751.9198 	EXP 	unnamed Polygon: autoDraw = True
751.9369 	EXP 	unnamed Polygon: autoDraw = True
751.9544 	EXP 	unnamed Polygon: autoDraw = True
751.9719 	EXP 	unnamed Polygon: autoDraw = True
751.9867 	EXP 	unnamed Polygon: autoDraw = True
752.0057 	EXP 	unnamed Polygon: autoDraw = True
752.0209 	EXP 	unnamed Polygon: autoDraw = True
752.0370 	EXP 	unnamed Polygon: autoDraw = True
752.0543 	EXP 	unnamed Polygon: autoDraw = True
752.0701 	EXP 	unnamed Polygon: autoDraw = True
752.0870 	EXP 	unnamed Polygon: autoDraw = True
752.1038 	EXP 	unnamed Polygon: autoDraw = True
752.1203 	EXP 	unnamed Polygon: autoDraw = True
752.1378 	EXP 	unnamed Polygon: autoDraw = True
752.1544 	EXP 	unnamed Polygon: autoDraw = True
752.1721 	EXP 	unnamed Polygon: autoDraw = True
752.1872 	EXP 	unnamed Polygon: autoDraw = True
752.2037 	EXP 	unnamed Polygon: autoDraw = True
752.2203 	EXP 	unnamed Polygon: autoDraw = True
752.2368 	EXP 	unnamed Polygon: autoDraw = True
752.2537 	EXP 	unnamed Polygon: autoDraw = True
752.2705 	EXP 	unnamed Polygon: autoDraw = True
752.2872 	EXP 	unnamed Polygon: autoDraw = True
752.3038 	EXP 	unnamed Polygon: autoDraw = True
752.3202 	EXP 	unnamed Polygon: autoDraw = True
752.3370 	EXP 	unnamed Polygon: autoDraw = True
752.3539 	EXP 	unnamed Polygon: autoDraw = True
752.3707 	EXP 	unnamed Polygon: autoDraw = False
753.5373 	EXP 	trial_feedback: height = 0.09
753.5373 	EXP 	trial_feedback: height = 0.09
753.5373 	EXP 	trial_feedback: height = 0.09
753.5373 	EXP 	trial_feedback: text = 'Miss!\n-$0.00'
753.5373 	EXP 	trial_feedback: autoDraw = True
755.5373 	EXP 	trial_feedback: autoDraw = False
755.5534 	EXP 	trial_feedback: autoDraw = False
755.5534 	EXP 	exp_feedback: autoDraw = False
764.0546 	EXP 	unnamed Polygon: autoDraw = True
764.0546 	EXP 	unnamed Polygon: autoDraw = True
764.0722 	EXP 	unnamed Polygon: autoDraw = True
764.0890 	EXP 	unnamed Polygon: autoDraw = True
764.1040 	EXP 	unnamed Polygon: autoDraw = True
764.1211 	EXP 	unnamed Polygon: autoDraw = True
764.1377 	EXP 	unnamed Polygon: autoDraw = True
764.1544 	EXP 	unnamed Polygon: autoDraw = True
764.1709 	EXP 	unnamed Polygon: autoDraw = True
764.1873 	EXP 	unnamed Polygon: autoDraw = True
764.2055 	EXP 	unnamed Polygon: autoDraw = True
764.2214 	EXP 	unnamed Polygon: autoDraw = True
764.2385 	EXP 	unnamed Polygon: autoDraw = True
764.2548 	EXP 	unnamed Polygon: autoDraw = True
764.2743 	EXP 	unnamed Polygon: autoDraw = True
764.2875 	EXP 	unnamed Polygon: autoDraw = True
764.3045 	EXP 	unnamed Polygon: autoDraw = True
764.3207 	EXP 	unnamed Polygon: autoDraw = True
764.3374 	EXP 	unnamed Polygon: autoDraw = True
764.3547 	EXP 	unnamed Polygon: autoDraw = True
764.3713 	EXP 	unnamed Polygon: autoDraw = True
764.3880 	EXP 	unnamed Polygon: autoDraw = True
764.4040 	EXP 	unnamed Polygon: autoDraw = True
764.4212 	EXP 	unnamed Polygon: autoDraw = True
764.4379 	EXP 	unnamed Polygon: autoDraw = True
764.4542 	EXP 	unnamed Polygon: autoDraw = True
764.4707 	EXP 	unnamed Polygon: autoDraw = True
764.4873 	EXP 	unnamed Polygon: autoDraw = True
764.5054 	EXP 	unnamed Polygon: autoDraw = True
764.5221 	EXP 	unnamed Polygon: autoDraw = True
764.5391 	EXP 	unnamed Polygon: autoDraw = True
764.5540 	EXP 	unnamed Polygon: autoDraw = True
764.5712 	EXP 	unnamed Polygon: autoDraw = True
764.5880 	EXP 	unnamed Polygon: autoDraw = True
764.6041 	EXP 	unnamed Polygon: autoDraw = True
764.6211 	EXP 	unnamed Polygon: autoDraw = True
764.6376 	EXP 	unnamed Polygon: autoDraw = True
764.6541 	EXP 	unnamed Polygon: autoDraw = False
765.5881 	EXP 	trial_feedback: height = 0.09
765.5881 	EXP 	trial_feedback: height = 0.09
765.5881 	EXP 	trial_feedback: height = 0.09
765.5881 	EXP 	trial_feedback: text = 'Miss!\n$0.00'
765.5881 	EXP 	trial_feedback: autoDraw = True
767.5882 	EXP 	trial_feedback: autoDraw = False
767.6049 	EXP 	trial_feedback: autoDraw = False
767.6049 	EXP 	exp_feedback: autoDraw = False
774.1259 	EXP 	unnamed Polygon: autoDraw = True
774.1259 	EXP 	unnamed Polygon: autoDraw = True
774.1385 	EXP 	unnamed Polygon: autoDraw = True
774.1550 	EXP 	unnamed Polygon: autoDraw = True
774.1719 	EXP 	unnamed Polygon: autoDraw = True
774.1881 	EXP 	unnamed Polygon: autoDraw = True
774.2048 	EXP 	unnamed Polygon: autoDraw = True
774.2220 	EXP 	unnamed Polygon: autoDraw = True
774.2382 	EXP 	unnamed Polygon: autoDraw = True
774.2548 	EXP 	unnamed Polygon: autoDraw = True
774.2717 	EXP 	unnamed Polygon: autoDraw = True
774.2879 	EXP 	unnamed Polygon: autoDraw = True
774.3049 	EXP 	unnamed Polygon: autoDraw = True
774.3215 	EXP 	unnamed Polygon: autoDraw = True
774.3381 	EXP 	unnamed Polygon: autoDraw = True
774.3548 	EXP 	unnamed Polygon: autoDraw = True
774.3723 	EXP 	unnamed Polygon: autoDraw = True
774.3883 	EXP 	unnamed Polygon: autoDraw = True
774.4056 	EXP 	unnamed Polygon: autoDraw = True
774.4213 	EXP 	unnamed Polygon: autoDraw = True
774.4388 	EXP 	unnamed Polygon: autoDraw = True
774.4551 	EXP 	unnamed Polygon: autoDraw = True
774.4718 	EXP 	unnamed Polygon: autoDraw = True
774.4882 	EXP 	unnamed Polygon: autoDraw = True
774.5047 	EXP 	unnamed Polygon: autoDraw = True
774.5219 	EXP 	unnamed Polygon: autoDraw = True
774.5385 	EXP 	unnamed Polygon: autoDraw = True
774.5552 	EXP 	unnamed Polygon: autoDraw = True
774.5719 	EXP 	unnamed Polygon: autoDraw = True
774.5884 	EXP 	unnamed Polygon: autoDraw = True
774.6047 	EXP 	unnamed Polygon: autoDraw = True
774.6217 	EXP 	unnamed Polygon: autoDraw = True
774.6381 	EXP 	unnamed Polygon: autoDraw = True
774.6548 	EXP 	unnamed Polygon: autoDraw = True
774.6716 	EXP 	unnamed Polygon: autoDraw = True
774.6883 	EXP 	unnamed Polygon: autoDraw = True
774.7047 	EXP 	unnamed Polygon: autoDraw = True
774.7216 	EXP 	unnamed Polygon: autoDraw = True
774.7380 	EXP 	unnamed Polygon: autoDraw = False
775.6384 	EXP 	trial_feedback: text = 'Miss!\n$0.00'
775.6384 	EXP 	trial_feedback: autoDraw = True
777.6385 	EXP 	trial_feedback: autoDraw = False
777.6385 	EXP 	exp_feedback: autoDraw = False
788.1228 	EXP 	unnamed Polygon: autoDraw = True
788.1228 	EXP 	unnamed Polygon: autoDraw = True
788.1394 	EXP 	unnamed Polygon: autoDraw = True
788.1562 	EXP 	unnamed Polygon: autoDraw = True
788.1730 	EXP 	unnamed Polygon: autoDraw = True
788.1894 	EXP 	unnamed Polygon: autoDraw = True
788.2063 	EXP 	unnamed Polygon: autoDraw = True
788.2226 	EXP 	unnamed Polygon: autoDraw = True
788.2394 	EXP 	unnamed Polygon: autoDraw = True
788.2561 	EXP 	unnamed Polygon: autoDraw = True
788.2728 	EXP 	unnamed Polygon: autoDraw = True
788.2893 	EXP 	unnamed Polygon: autoDraw = True
788.3062 	EXP 	unnamed Polygon: autoDraw = True
788.3227 	EXP 	unnamed Polygon: autoDraw = True
788.3396 	EXP 	unnamed Polygon: autoDraw = True
788.3561 	EXP 	unnamed Polygon: autoDraw = True
788.3728 	EXP 	unnamed Polygon: autoDraw = True
788.3894 	EXP 	unnamed Polygon: autoDraw = True
788.4063 	EXP 	unnamed Polygon: autoDraw = True
788.4229 	EXP 	unnamed Polygon: autoDraw = True
788.4396 	EXP 	unnamed Polygon: autoDraw = True
788.4568 	EXP 	unnamed Polygon: autoDraw = True
788.4729 	EXP 	unnamed Polygon: autoDraw = True
788.4898 	EXP 	unnamed Polygon: autoDraw = True
788.5065 	EXP 	unnamed Polygon: autoDraw = True
788.5233 	EXP 	unnamed Polygon: autoDraw = True
788.5396 	EXP 	unnamed Polygon: autoDraw = True
788.5564 	EXP 	unnamed Polygon: autoDraw = True
788.5730 	EXP 	unnamed Polygon: autoDraw = True
788.5898 	EXP 	unnamed Polygon: autoDraw = True
788.6061 	EXP 	unnamed Polygon: autoDraw = True
788.6228 	EXP 	unnamed Polygon: autoDraw = True
788.6399 	EXP 	unnamed Polygon: autoDraw = True
788.6560 	EXP 	unnamed Polygon: autoDraw = True
788.6736 	EXP 	unnamed Polygon: autoDraw = True
788.6894 	EXP 	unnamed Polygon: autoDraw = True
788.7060 	EXP 	unnamed Polygon: autoDraw = True
788.7228 	EXP 	unnamed Polygon: autoDraw = True
788.7406 	EXP 	unnamed Polygon: autoDraw = True
788.7562 	EXP 	unnamed Polygon: autoDraw = False
789.6742 	EXP 	trial_feedback: text = 'Miss!\n$0.00'
789.6742 	EXP 	trial_feedback: autoDraw = True
791.6730 	EXP 	trial_feedback: autoDraw = False
791.6894 	EXP 	trial_feedback: autoDraw = False
791.6894 	EXP 	exp_feedback: autoDraw = False
797.7904 	EXP 	unnamed Polygon: autoDraw = True
797.7904 	EXP 	unnamed Polygon: autoDraw = True
797.8090 	EXP 	unnamed Polygon: autoDraw = True
797.8242 	EXP 	unnamed Polygon: autoDraw = True
797.8406 	EXP 	unnamed Polygon: autoDraw = True
797.8569 	EXP 	unnamed Polygon: autoDraw = True
797.8742 	EXP 	unnamed Polygon: autoDraw = True
797.8901 	EXP 	unnamed Polygon: autoDraw = True
797.9070 	EXP 	unnamed Polygon: autoDraw = True
797.9242 	EXP 	unnamed Polygon: autoDraw = True
797.9407 	EXP 	unnamed Polygon: autoDraw = True
797.9572 	EXP 	unnamed Polygon: autoDraw = True
797.9742 	EXP 	unnamed Polygon: autoDraw = True
797.9906 	EXP 	unnamed Polygon: autoDraw = True
798.0071 	EXP 	unnamed Polygon: autoDraw = True
798.0240 	EXP 	unnamed Polygon: autoDraw = True
798.0404 	EXP 	unnamed Polygon: autoDraw = True
798.0570 	EXP 	unnamed Polygon: autoDraw = True
798.0743 	EXP 	unnamed Polygon: autoDraw = True
798.0908 	EXP 	unnamed Polygon: autoDraw = True
798.1072 	EXP 	unnamed Polygon: autoDraw = True
798.1239 	EXP 	unnamed Polygon: autoDraw = True
798.1401 	EXP 	unnamed Polygon: autoDraw = True
798.1572 	EXP 	unnamed Polygon: autoDraw = True
798.1738 	EXP 	unnamed Polygon: autoDraw = True
798.1904 	EXP 	unnamed Polygon: autoDraw = True
798.2067 	EXP 	unnamed Polygon: autoDraw = True
798.2235 	EXP 	unnamed Polygon: autoDraw = True
798.2402 	EXP 	unnamed Polygon: autoDraw = True
798.2566 	EXP 	unnamed Polygon: autoDraw = True
798.2732 	EXP 	unnamed Polygon: autoDraw = True
798.2903 	EXP 	unnamed Polygon: autoDraw = True
798.3073 	EXP 	unnamed Polygon: autoDraw = True
798.3237 	EXP 	unnamed Polygon: autoDraw = True
798.3404 	EXP 	unnamed Polygon: autoDraw = True
798.3567 	EXP 	unnamed Polygon: autoDraw = True
798.3738 	EXP 	unnamed Polygon: autoDraw = True
798.3904 	EXP 	unnamed Polygon: autoDraw = True
798.4065 	EXP 	unnamed Polygon: autoDraw = True
798.4239 	EXP 	unnamed Polygon: autoDraw = True
798.4402 	EXP 	unnamed Polygon: autoDraw = False
799.6904 	EXP 	trial_feedback: text = 'Miss!\n$0.00'
799.6904 	EXP 	trial_feedback: autoDraw = True
801.6906 	EXP 	trial_feedback: autoDraw = False
801.6906 	EXP 	exp_feedback: autoDraw = False
809.7410 	EXP 	unnamed Polygon: autoDraw = True
809.7410 	EXP 	unnamed Polygon: autoDraw = True
809.7577 	EXP 	unnamed Polygon: autoDraw = True
809.7744 	EXP 	unnamed Polygon: autoDraw = True
809.7908 	EXP 	unnamed Polygon: autoDraw = True
809.8073 	EXP 	unnamed Polygon: autoDraw = True
809.8242 	EXP 	unnamed Polygon: autoDraw = True
809.8412 	EXP 	unnamed Polygon: autoDraw = True
809.8573 	EXP 	unnamed Polygon: autoDraw = True
809.8745 	EXP 	unnamed Polygon: autoDraw = True
809.8912 	EXP 	unnamed Polygon: autoDraw = True
809.9074 	EXP 	unnamed Polygon: autoDraw = True
809.9245 	EXP 	unnamed Polygon: autoDraw = True
809.9413 	EXP 	unnamed Polygon: autoDraw = True
809.9576 	EXP 	unnamed Polygon: autoDraw = True
809.9747 	EXP 	unnamed Polygon: autoDraw = True
809.9913 	EXP 	unnamed Polygon: autoDraw = True
810.0079 	EXP 	unnamed Polygon: autoDraw = True
810.0248 	EXP 	unnamed Polygon: autoDraw = True
810.0410 	EXP 	unnamed Polygon: autoDraw = True
810.0582 	EXP 	unnamed Polygon: autoDraw = True
810.0749 	EXP 	unnamed Polygon: autoDraw = True
810.0915 	EXP 	unnamed Polygon: autoDraw = True
810.1079 	EXP 	unnamed Polygon: autoDraw = True
810.1250 	EXP 	unnamed Polygon: autoDraw = True
810.1414 	EXP 	unnamed Polygon: autoDraw = True
810.1576 	EXP 	unnamed Polygon: autoDraw = True
810.1748 	EXP 	unnamed Polygon: autoDraw = True
810.1914 	EXP 	unnamed Polygon: autoDraw = True
810.2078 	EXP 	unnamed Polygon: autoDraw = True
810.2249 	EXP 	unnamed Polygon: autoDraw = True
810.2414 	EXP 	unnamed Polygon: autoDraw = True
810.2577 	EXP 	unnamed Polygon: autoDraw = True
810.2745 	EXP 	unnamed Polygon: autoDraw = True
810.2911 	EXP 	unnamed Polygon: autoDraw = True
810.3077 	EXP 	unnamed Polygon: autoDraw = True
810.3248 	EXP 	unnamed Polygon: autoDraw = True
810.3410 	EXP 	unnamed Polygon: autoDraw = True
810.3574 	EXP 	unnamed Polygon: autoDraw = True
810.3745 	EXP 	unnamed Polygon: autoDraw = True
810.3913 	EXP 	unnamed Polygon: autoDraw = False
811.7078 	EXP 	trial_feedback: height = 0.09
811.7078 	EXP 	trial_feedback: height = 0.09
811.7078 	EXP 	trial_feedback: height = 0.09
811.7078 	EXP 	trial_feedback: text = 'Miss!\n-$0.00'
811.7078 	EXP 	trial_feedback: autoDraw = True
813.7085 	EXP 	trial_feedback: autoDraw = False
813.7252 	EXP 	trial_feedback: autoDraw = False
813.7252 	EXP 	exp_feedback: autoDraw = False
821.9916 	EXP 	unnamed Polygon: autoDraw = True
821.9916 	EXP 	unnamed Polygon: autoDraw = True
822.0088 	EXP 	unnamed Polygon: autoDraw = True
822.0253 	EXP 	unnamed Polygon: autoDraw = True
822.0419 	EXP 	unnamed Polygon: autoDraw = True
822.0586 	EXP 	unnamed Polygon: autoDraw = True
822.0756 	EXP 	unnamed Polygon: autoDraw = True
822.0923 	EXP 	unnamed Polygon: autoDraw = True
822.1086 	EXP 	unnamed Polygon: autoDraw = True
822.1249 	EXP 	unnamed Polygon: autoDraw = True
822.1422 	EXP 	unnamed Polygon: autoDraw = True
822.1583 	EXP 	unnamed Polygon: autoDraw = True
822.1754 	EXP 	unnamed Polygon: autoDraw = True
822.1916 	EXP 	unnamed Polygon: autoDraw = True
822.2084 	EXP 	unnamed Polygon: autoDraw = True
822.2255 	EXP 	unnamed Polygon: autoDraw = True
822.2420 	EXP 	unnamed Polygon: autoDraw = True
822.2592 	EXP 	unnamed Polygon: autoDraw = True
822.2751 	EXP 	unnamed Polygon: autoDraw = True
822.2919 	EXP 	unnamed Polygon: autoDraw = True
822.3090 	EXP 	unnamed Polygon: autoDraw = True
822.3256 	EXP 	unnamed Polygon: autoDraw = True
822.3417 	EXP 	unnamed Polygon: autoDraw = True
822.3589 	EXP 	unnamed Polygon: autoDraw = True
822.3753 	EXP 	unnamed Polygon: autoDraw = True
822.3918 	EXP 	unnamed Polygon: autoDraw = True
822.4093 	EXP 	unnamed Polygon: autoDraw = True
822.4257 	EXP 	unnamed Polygon: autoDraw = True
822.4429 	EXP 	unnamed Polygon: autoDraw = True
822.4592 	EXP 	unnamed Polygon: autoDraw = True
822.4760 	EXP 	unnamed Polygon: autoDraw = True
822.4926 	EXP 	unnamed Polygon: autoDraw = True
822.5093 	EXP 	unnamed Polygon: autoDraw = True
822.5262 	EXP 	unnamed Polygon: autoDraw = True
822.5428 	EXP 	unnamed Polygon: autoDraw = True
822.5594 	EXP 	unnamed Polygon: autoDraw = True
822.5764 	EXP 	unnamed Polygon: autoDraw = True
822.5925 	EXP 	unnamed Polygon: autoDraw = True
822.6088 	EXP 	unnamed Polygon: autoDraw = True
822.6259 	EXP 	unnamed Polygon: autoDraw = True
822.6429 	EXP 	unnamed Polygon: autoDraw = True
822.6596 	EXP 	unnamed Polygon: autoDraw = True
822.6754 	EXP 	unnamed Polygon: autoDraw = False
823.7585 	EXP 	trial_feedback: height = 0.09
823.7585 	EXP 	trial_feedback: height = 0.09
823.7585 	EXP 	trial_feedback: height = 0.09
823.7585 	EXP 	trial_feedback: text = 'Miss!\n$0.00'
823.7585 	EXP 	trial_feedback: autoDraw = True
825.7594 	EXP 	trial_feedback: autoDraw = False
825.7594 	EXP 	exp_feedback: autoDraw = False
831.9264 	EXP 	unnamed Polygon: autoDraw = True
831.9264 	EXP 	unnamed Polygon: autoDraw = True
831.9429 	EXP 	unnamed Polygon: autoDraw = True
831.9592 	EXP 	unnamed Polygon: autoDraw = True
831.9768 	EXP 	unnamed Polygon: autoDraw = True
831.9928 	EXP 	unnamed Polygon: autoDraw = True
832.0089 	EXP 	unnamed Polygon: autoDraw = True
832.0267 	EXP 	unnamed Polygon: autoDraw = True
832.0430 	EXP 	unnamed Polygon: autoDraw = True
832.0592 	EXP 	unnamed Polygon: autoDraw = True
832.0776 	EXP 	unnamed Polygon: autoDraw = True
832.0930 	EXP 	unnamed Polygon: autoDraw = True
832.1098 	EXP 	unnamed Polygon: autoDraw = True
832.1275 	EXP 	unnamed Polygon: autoDraw = True
832.1431 	EXP 	unnamed Polygon: autoDraw = True
832.1588 	EXP 	unnamed Polygon: autoDraw = True
832.1769 	EXP 	unnamed Polygon: autoDraw = True
832.1930 	EXP 	unnamed Polygon: autoDraw = True
832.2090 	EXP 	unnamed Polygon: autoDraw = True
832.2271 	EXP 	unnamed Polygon: autoDraw = True
832.2429 	EXP 	unnamed Polygon: autoDraw = True
832.2593 	EXP 	unnamed Polygon: autoDraw = True
832.2764 	EXP 	unnamed Polygon: autoDraw = True
832.2927 	EXP 	unnamed Polygon: autoDraw = True
832.3093 	EXP 	unnamed Polygon: autoDraw = True
832.3266 	EXP 	unnamed Polygon: autoDraw = True
832.3431 	EXP 	unnamed Polygon: autoDraw = True
832.3588 	EXP 	unnamed Polygon: autoDraw = True
832.3760 	EXP 	unnamed Polygon: autoDraw = True
832.3934 	EXP 	unnamed Polygon: autoDraw = True
832.4091 	EXP 	unnamed Polygon: autoDraw = True
832.4264 	EXP 	unnamed Polygon: autoDraw = True
832.4427 	EXP 	unnamed Polygon: autoDraw = True
832.4593 	EXP 	unnamed Polygon: autoDraw = True
832.4757 	EXP 	unnamed Polygon: autoDraw = True
832.4926 	EXP 	unnamed Polygon: autoDraw = True
832.5093 	EXP 	unnamed Polygon: autoDraw = True
832.5265 	EXP 	unnamed Polygon: autoDraw = True
832.5427 	EXP 	unnamed Polygon: autoDraw = True
832.5593 	EXP 	unnamed Polygon: autoDraw = True
832.5761 	EXP 	unnamed Polygon: autoDraw = True
832.5931 	EXP 	unnamed Polygon: autoDraw = False
833.7927 	EXP 	trial_feedback: height = 0.09
833.7927 	EXP 	trial_feedback: height = 0.09
833.7927 	EXP 	trial_feedback: height = 0.09
833.7927 	EXP 	trial_feedback: text = 'Miss!\n-$1.50'
833.7927 	EXP 	trial_feedback: autoDraw = True
835.7930 	EXP 	trial_feedback: autoDraw = False
835.7930 	EXP 	exp_feedback: autoDraw = False
842.1108 	EXP 	unnamed Polygon: autoDraw = True
842.1108 	EXP 	unnamed Polygon: autoDraw = True
842.1272 	EXP 	unnamed Polygon: autoDraw = True
842.1433 	EXP 	unnamed Polygon: autoDraw = True
842.1594 	EXP 	unnamed Polygon: autoDraw = True
842.1765 	EXP 	unnamed Polygon: autoDraw = True
842.1931 	EXP 	unnamed Polygon: autoDraw = True
842.2100 	EXP 	unnamed Polygon: autoDraw = True
842.2268 	EXP 	unnamed Polygon: autoDraw = True
842.2433 	EXP 	unnamed Polygon: autoDraw = True
842.2598 	EXP 	unnamed Polygon: autoDraw = True
842.2765 	EXP 	unnamed Polygon: autoDraw = True
842.2933 	EXP 	unnamed Polygon: autoDraw = True
842.3095 	EXP 	unnamed Polygon: autoDraw = True
842.3266 	EXP 	unnamed Polygon: autoDraw = True
842.3434 	EXP 	unnamed Polygon: autoDraw = True
842.3595 	EXP 	unnamed Polygon: autoDraw = True
842.3767 	EXP 	unnamed Polygon: autoDraw = True
842.3934 	EXP 	unnamed Polygon: autoDraw = True
842.4093 	EXP 	unnamed Polygon: autoDraw = True
842.4273 	EXP 	unnamed Polygon: autoDraw = True
842.4434 	EXP 	unnamed Polygon: autoDraw = True
842.4610 	EXP 	unnamed Polygon: autoDraw = True
842.4781 	EXP 	unnamed Polygon: autoDraw = True
842.4934 	EXP 	unnamed Polygon: autoDraw = True
842.5107 	EXP 	unnamed Polygon: autoDraw = True
842.5280 	EXP 	unnamed Polygon: autoDraw = True
842.5435 	EXP 	unnamed Polygon: autoDraw = True
842.5595 	EXP 	unnamed Polygon: autoDraw = True
842.5770 	EXP 	unnamed Polygon: autoDraw = True
842.5935 	EXP 	unnamed Polygon: autoDraw = True
842.6098 	EXP 	unnamed Polygon: autoDraw = True
842.6267 	EXP 	unnamed Polygon: autoDraw = True
842.6433 	EXP 	unnamed Polygon: autoDraw = True
842.6605 	EXP 	unnamed Polygon: autoDraw = True
842.6777 	EXP 	unnamed Polygon: autoDraw = True
842.6942 	EXP 	unnamed Polygon: autoDraw = True
842.7107 	EXP 	unnamed Polygon: autoDraw = False
843.8266 	EXP 	trial_feedback: height = 0.09
843.8266 	EXP 	trial_feedback: height = 0.09
843.8266 	EXP 	trial_feedback: height = 0.09
843.8266 	EXP 	trial_feedback: text = 'Miss!\n$0.00'
843.8266 	EXP 	trial_feedback: autoDraw = True
845.8271 	EXP 	trial_feedback: autoDraw = False
845.8271 	EXP 	exp_feedback: autoDraw = False
856.3274 	EXP 	unnamed Polygon: autoDraw = True
856.3274 	EXP 	unnamed Polygon: autoDraw = True
856.3442 	EXP 	unnamed Polygon: autoDraw = True
856.3607 	EXP 	unnamed Polygon: autoDraw = True
856.3777 	EXP 	unnamed Polygon: autoDraw = True
856.3943 	EXP 	unnamed Polygon: autoDraw = True
856.4107 	EXP 	unnamed Polygon: autoDraw = True
856.4274 	EXP 	unnamed Polygon: autoDraw = True
856.4443 	EXP 	unnamed Polygon: autoDraw = True
856.4613 	EXP 	unnamed Polygon: autoDraw = True
856.4778 	EXP 	unnamed Polygon: autoDraw = True
856.4945 	EXP 	unnamed Polygon: autoDraw = True
856.5107 	EXP 	unnamed Polygon: autoDraw = True
856.5276 	EXP 	unnamed Polygon: autoDraw = True
856.5442 	EXP 	unnamed Polygon: autoDraw = True
856.5607 	EXP 	unnamed Polygon: autoDraw = True
856.5774 	EXP 	unnamed Polygon: autoDraw = True
856.5941 	EXP 	unnamed Polygon: autoDraw = True
856.6107 	EXP 	unnamed Polygon: autoDraw = True
856.6281 	EXP 	unnamed Polygon: autoDraw = True
856.6444 	EXP 	unnamed Polygon: autoDraw = True
856.6611 	EXP 	unnamed Polygon: autoDraw = True
856.6776 	EXP 	unnamed Polygon: autoDraw = True
856.6946 	EXP 	unnamed Polygon: autoDraw = True
856.7112 	EXP 	unnamed Polygon: autoDraw = True
856.7274 	EXP 	unnamed Polygon: autoDraw = True
856.7442 	EXP 	unnamed Polygon: autoDraw = True
856.7609 	EXP 	unnamed Polygon: autoDraw = True
856.7775 	EXP 	unnamed Polygon: autoDraw = True
856.7941 	EXP 	unnamed Polygon: autoDraw = True
856.8108 	EXP 	unnamed Polygon: autoDraw = True
856.8274 	EXP 	unnamed Polygon: autoDraw = True
856.8445 	EXP 	unnamed Polygon: autoDraw = True
856.8615 	EXP 	unnamed Polygon: autoDraw = True
856.8779 	EXP 	unnamed Polygon: autoDraw = True
856.8942 	EXP 	unnamed Polygon: autoDraw = True
856.9106 	EXP 	unnamed Polygon: autoDraw = True
856.9276 	EXP 	unnamed Polygon: autoDraw = True
856.9440 	EXP 	unnamed Polygon: autoDraw = True
856.9608 	EXP 	unnamed Polygon: autoDraw = True
856.9773 	EXP 	unnamed Polygon: autoDraw = True
856.9945 	EXP 	unnamed Polygon: autoDraw = True
857.0109 	EXP 	unnamed Polygon: autoDraw = True
857.0276 	EXP 	unnamed Polygon: autoDraw = False
857.8447 	EXP 	trial_feedback: text = 'Miss!\n$0.00'
857.8447 	EXP 	trial_feedback: autoDraw = True
859.8446 	EXP 	trial_feedback: autoDraw = False
859.8446 	EXP 	exp_feedback: autoDraw = False
868.2449 	EXP 	unnamed Polygon: autoDraw = True
868.2449 	EXP 	unnamed Polygon: autoDraw = True
868.2611 	EXP 	unnamed Polygon: autoDraw = True
868.2786 	EXP 	unnamed Polygon: autoDraw = True
868.2952 	EXP 	unnamed Polygon: autoDraw = True
868.3117 	EXP 	unnamed Polygon: autoDraw = True
868.3296 	EXP 	unnamed Polygon: autoDraw = True
868.3450 	EXP 	unnamed Polygon: autoDraw = True
868.3614 	EXP 	unnamed Polygon: autoDraw = True
868.3784 	EXP 	unnamed Polygon: autoDraw = True
868.3949 	EXP 	unnamed Polygon: autoDraw = True
868.4116 	EXP 	unnamed Polygon: autoDraw = True
868.4284 	EXP 	unnamed Polygon: autoDraw = True
868.4448 	EXP 	unnamed Polygon: autoDraw = True
868.4612 	EXP 	unnamed Polygon: autoDraw = True
868.4782 	EXP 	unnamed Polygon: autoDraw = True
868.4955 	EXP 	unnamed Polygon: autoDraw = True
868.5127 	EXP 	unnamed Polygon: autoDraw = True
868.5286 	EXP 	unnamed Polygon: autoDraw = True
868.5451 	EXP 	unnamed Polygon: autoDraw = True
868.5614 	EXP 	unnamed Polygon: autoDraw = True
868.5784 	EXP 	unnamed Polygon: autoDraw = True
868.5948 	EXP 	unnamed Polygon: autoDraw = True
868.6113 	EXP 	unnamed Polygon: autoDraw = True
868.6285 	EXP 	unnamed Polygon: autoDraw = True
868.6450 	EXP 	unnamed Polygon: autoDraw = True
868.6615 	EXP 	unnamed Polygon: autoDraw = True
868.6786 	EXP 	unnamed Polygon: autoDraw = True
868.6954 	EXP 	unnamed Polygon: autoDraw = True
868.7124 	EXP 	unnamed Polygon: autoDraw = True
868.7285 	EXP 	unnamed Polygon: autoDraw = True
868.7450 	EXP 	unnamed Polygon: autoDraw = True
868.7616 	EXP 	unnamed Polygon: autoDraw = True
868.7786 	EXP 	unnamed Polygon: autoDraw = True
868.7949 	EXP 	unnamed Polygon: autoDraw = True
868.8120 	EXP 	unnamed Polygon: autoDraw = True
868.8284 	EXP 	unnamed Polygon: autoDraw = True
868.8452 	EXP 	unnamed Polygon: autoDraw = True
868.8612 	EXP 	unnamed Polygon: autoDraw = False
869.8618 	EXP 	trial_feedback: text = 'Miss!\n$0.00'
869.8618 	EXP 	trial_feedback: autoDraw = True
871.8615 	EXP 	trial_feedback: autoDraw = False
871.8615 	EXP 	exp_feedback: autoDraw = False
880.0462 	EXP 	unnamed Polygon: autoDraw = True
880.0462 	EXP 	unnamed Polygon: autoDraw = True
880.0633 	EXP 	unnamed Polygon: autoDraw = True
880.0802 	EXP 	unnamed Polygon: autoDraw = True
880.0963 	EXP 	unnamed Polygon: autoDraw = True
880.1133 	EXP 	unnamed Polygon: autoDraw = True
880.1305 	EXP 	unnamed Polygon: autoDraw = True
880.1462 	EXP 	unnamed Polygon: autoDraw = True
880.1627 	EXP 	unnamed Polygon: autoDraw = True
880.1796 	EXP 	unnamed Polygon: autoDraw = True
880.1959 	EXP 	unnamed Polygon: autoDraw = True
880.2127 	EXP 	unnamed Polygon: autoDraw = True
880.2299 	EXP 	unnamed Polygon: autoDraw = True
880.2460 	EXP 	unnamed Polygon: autoDraw = True
880.2629 	EXP 	unnamed Polygon: autoDraw = True
880.2795 	EXP 	unnamed Polygon: autoDraw = True
880.2960 	EXP 	unnamed Polygon: autoDraw = True
880.3128 	EXP 	unnamed Polygon: autoDraw = True
880.3297 	EXP 	unnamed Polygon: autoDraw = True
880.3461 	EXP 	unnamed Polygon: autoDraw = True
880.3622 	EXP 	unnamed Polygon: autoDraw = True
880.3800 	EXP 	unnamed Polygon: autoDraw = True
880.3961 	EXP 	unnamed Polygon: autoDraw = True
880.4125 	EXP 	unnamed Polygon: autoDraw = True
880.4298 	EXP 	unnamed Polygon: autoDraw = True
880.4459 	EXP 	unnamed Polygon: autoDraw = True
880.4629 	EXP 	unnamed Polygon: autoDraw = True
880.4800 	EXP 	unnamed Polygon: autoDraw = True
880.4962 	EXP 	unnamed Polygon: autoDraw = True
880.5126 	EXP 	unnamed Polygon: autoDraw = True
880.5297 	EXP 	unnamed Polygon: autoDraw = True
880.5462 	EXP 	unnamed Polygon: autoDraw = True
880.5631 	EXP 	unnamed Polygon: autoDraw = True
880.5794 	EXP 	unnamed Polygon: autoDraw = True
880.5966 	EXP 	unnamed Polygon: autoDraw = True
880.6128 	EXP 	unnamed Polygon: autoDraw = True
880.6292 	EXP 	unnamed Polygon: autoDraw = True
880.6458 	EXP 	unnamed Polygon: autoDraw = True
880.6627 	EXP 	unnamed Polygon: autoDraw = True
880.6794 	EXP 	unnamed Polygon: autoDraw = False
881.8958 	EXP 	trial_feedback: height = 0.09
881.8958 	EXP 	trial_feedback: height = 0.09
881.8958 	EXP 	trial_feedback: height = 0.09
881.8958 	EXP 	trial_feedback: text = 'Miss!\n-$5.00'
881.8958 	EXP 	trial_feedback: autoDraw = True
883.8960 	EXP 	trial_feedback: autoDraw = False
883.8960 	EXP 	exp_feedback: autoDraw = False
890.0300 	EXP 	unnamed Polygon: autoDraw = True
890.0300 	EXP 	unnamed Polygon: autoDraw = True
890.0464 	EXP 	unnamed Polygon: autoDraw = True
890.0629 	EXP 	unnamed Polygon: autoDraw = True
890.0796 	EXP 	unnamed Polygon: autoDraw = True
890.0968 	EXP 	unnamed Polygon: autoDraw = True
890.1141 	EXP 	unnamed Polygon: autoDraw = True
890.1313 	EXP 	unnamed Polygon: autoDraw = True
890.1464 	EXP 	unnamed Polygon: autoDraw = True
890.1628 	EXP 	unnamed Polygon: autoDraw = True
890.1800 	EXP 	unnamed Polygon: autoDraw = True
890.1963 	EXP 	unnamed Polygon: autoDraw = True
890.2129 	EXP 	unnamed Polygon: autoDraw = True
890.2299 	EXP 	unnamed Polygon: autoDraw = True
890.2464 	EXP 	unnamed Polygon: autoDraw = True
890.2630 	EXP 	unnamed Polygon: autoDraw = True
890.2803 	EXP 	unnamed Polygon: autoDraw = True
890.2968 	EXP 	unnamed Polygon: autoDraw = True
890.3129 	EXP 	unnamed Polygon: autoDraw = True
890.3300 	EXP 	unnamed Polygon: autoDraw = True
890.3467 	EXP 	unnamed Polygon: autoDraw = True
890.3644 	EXP 	unnamed Polygon: autoDraw = True
890.3801 	EXP 	unnamed Polygon: autoDraw = True
890.3969 	EXP 	unnamed Polygon: autoDraw = True
890.4129 	EXP 	unnamed Polygon: autoDraw = True
890.4298 	EXP 	unnamed Polygon: autoDraw = True
890.4466 	EXP 	unnamed Polygon: autoDraw = True
890.4628 	EXP 	unnamed Polygon: autoDraw = True
890.4801 	EXP 	unnamed Polygon: autoDraw = True
890.4967 	EXP 	unnamed Polygon: autoDraw = True
890.5128 	EXP 	unnamed Polygon: autoDraw = True
890.5300 	EXP 	unnamed Polygon: autoDraw = True
890.5469 	EXP 	unnamed Polygon: autoDraw = True
890.5631 	EXP 	unnamed Polygon: autoDraw = True
890.5802 	EXP 	unnamed Polygon: autoDraw = True
890.5963 	EXP 	unnamed Polygon: autoDraw = True
890.6138 	EXP 	unnamed Polygon: autoDraw = True
890.6297 	EXP 	unnamed Polygon: autoDraw = True
890.6468 	EXP 	unnamed Polygon: autoDraw = True
890.6631 	EXP 	unnamed Polygon: autoDraw = True
890.6806 	EXP 	unnamed Polygon: autoDraw = False
891.8965 	EXP 	trial_feedback: text = 'Miss!\n-$5.00'
891.8965 	EXP 	trial_feedback: autoDraw = True
893.8965 	EXP 	trial_feedback: autoDraw = False
893.9135 	EXP 	trial_feedback: autoDraw = False
893.9135 	EXP 	exp_feedback: autoDraw = False
904.3973 	EXP 	unnamed Polygon: autoDraw = True
904.3973 	EXP 	unnamed Polygon: autoDraw = True
904.4138 	EXP 	unnamed Polygon: autoDraw = True
904.4310 	EXP 	unnamed Polygon: autoDraw = True
904.4482 	EXP 	unnamed Polygon: autoDraw = True
904.4643 	EXP 	unnamed Polygon: autoDraw = True
904.4815 	EXP 	unnamed Polygon: autoDraw = True
904.4971 	EXP 	unnamed Polygon: autoDraw = True
904.5139 	EXP 	unnamed Polygon: autoDraw = True
904.5310 	EXP 	unnamed Polygon: autoDraw = True
904.5471 	EXP 	unnamed Polygon: autoDraw = True
904.5639 	EXP 	unnamed Polygon: autoDraw = True
904.5812 	EXP 	unnamed Polygon: autoDraw = True
904.5975 	EXP 	unnamed Polygon: autoDraw = True
904.6150 	EXP 	unnamed Polygon: autoDraw = True
904.6312 	EXP 	unnamed Polygon: autoDraw = True
904.6477 	EXP 	unnamed Polygon: autoDraw = True
904.6651 	EXP 	unnamed Polygon: autoDraw = True
904.6815 	EXP 	unnamed Polygon: autoDraw = True
904.6974 	EXP 	unnamed Polygon: autoDraw = True
904.7150 	EXP 	unnamed Polygon: autoDraw = True
904.7315 	EXP 	unnamed Polygon: autoDraw = True
904.7477 	EXP 	unnamed Polygon: autoDraw = True
904.7642 	EXP 	unnamed Polygon: autoDraw = True
904.7814 	EXP 	unnamed Polygon: autoDraw = True
904.7977 	EXP 	unnamed Polygon: autoDraw = True
904.8139 	EXP 	unnamed Polygon: autoDraw = True
904.8311 	EXP 	unnamed Polygon: autoDraw = True
904.8476 	EXP 	unnamed Polygon: autoDraw = True
904.8646 	EXP 	unnamed Polygon: autoDraw = True
904.8810 	EXP 	unnamed Polygon: autoDraw = True
904.8975 	EXP 	unnamed Polygon: autoDraw = True
904.9140 	EXP 	unnamed Polygon: autoDraw = True
904.9313 	EXP 	unnamed Polygon: autoDraw = True
904.9475 	EXP 	unnamed Polygon: autoDraw = True
904.9651 	EXP 	unnamed Polygon: autoDraw = True
904.9812 	EXP 	unnamed Polygon: autoDraw = True
904.9974 	EXP 	unnamed Polygon: autoDraw = True
905.0149 	EXP 	unnamed Polygon: autoDraw = True
905.0316 	EXP 	unnamed Polygon: autoDraw = True
905.0475 	EXP 	unnamed Polygon: autoDraw = True
905.0638 	EXP 	unnamed Polygon: autoDraw = True
905.0813 	EXP 	unnamed Polygon: autoDraw = False
905.9313 	EXP 	trial_feedback: height = 0.09
905.9313 	EXP 	trial_feedback: height = 0.09
905.9313 	EXP 	trial_feedback: height = 0.09
905.9313 	EXP 	trial_feedback: text = 'Miss!\n$0.00'
905.9313 	EXP 	trial_feedback: autoDraw = True
907.9309 	EXP 	trial_feedback: autoDraw = False
907.9476 	EXP 	trial_feedback: autoDraw = False
907.9476 	EXP 	exp_feedback: autoDraw = False
916.3983 	EXP 	unnamed Polygon: autoDraw = True
916.3983 	EXP 	unnamed Polygon: autoDraw = True
916.4157 	EXP 	unnamed Polygon: autoDraw = True
916.4323 	EXP 	unnamed Polygon: autoDraw = True
916.4484 	EXP 	unnamed Polygon: autoDraw = True
916.4657 	EXP 	unnamed Polygon: autoDraw = True
916.4821 	EXP 	unnamed Polygon: autoDraw = True
916.4983 	EXP 	unnamed Polygon: autoDraw = True
916.5150 	EXP 	unnamed Polygon: autoDraw = True
916.5318 	EXP 	unnamed Polygon: autoDraw = True
916.5484 	EXP 	unnamed Polygon: autoDraw = True
916.5652 	EXP 	unnamed Polygon: autoDraw = True
916.5816 	EXP 	unnamed Polygon: autoDraw = True
916.5981 	EXP 	unnamed Polygon: autoDraw = True
916.6147 	EXP 	unnamed Polygon: autoDraw = True
916.6318 	EXP 	unnamed Polygon: autoDraw = True
916.6480 	EXP 	unnamed Polygon: autoDraw = True
916.6645 	EXP 	unnamed Polygon: autoDraw = True
916.6818 	EXP 	unnamed Polygon: autoDraw = True
916.6979 	EXP 	unnamed Polygon: autoDraw = True
916.7149 	EXP 	unnamed Polygon: autoDraw = True
916.7318 	EXP 	unnamed Polygon: autoDraw = True
916.7481 	EXP 	unnamed Polygon: autoDraw = True
916.7647 	EXP 	unnamed Polygon: autoDraw = True
916.7821 	EXP 	unnamed Polygon: autoDraw = True
916.7982 	EXP 	unnamed Polygon: autoDraw = True
916.8153 	EXP 	unnamed Polygon: autoDraw = True
916.8318 	EXP 	unnamed Polygon: autoDraw = True
916.8479 	EXP 	unnamed Polygon: autoDraw = True
916.8646 	EXP 	unnamed Polygon: autoDraw = True
916.8816 	EXP 	unnamed Polygon: autoDraw = True
916.8979 	EXP 	unnamed Polygon: autoDraw = True
916.9146 	EXP 	unnamed Polygon: autoDraw = True
916.9315 	EXP 	unnamed Polygon: autoDraw = True
916.9481 	EXP 	unnamed Polygon: autoDraw = True
916.9645 	EXP 	unnamed Polygon: autoDraw = True
916.9817 	EXP 	unnamed Polygon: autoDraw = True
916.9979 	EXP 	unnamed Polygon: autoDraw = True
917.0146 	EXP 	unnamed Polygon: autoDraw = True
917.0324 	EXP 	unnamed Polygon: autoDraw = True
917.0485 	EXP 	unnamed Polygon: autoDraw = True
917.0646 	EXP 	unnamed Polygon: autoDraw = True
917.0819 	EXP 	unnamed Polygon: autoDraw = False
917.9817 	EXP 	trial_feedback: height = 0.09
917.9817 	EXP 	trial_feedback: height = 0.09
917.9817 	EXP 	trial_feedback: height = 0.09
917.9817 	EXP 	trial_feedback: text = 'Miss!\n-$5.00'
917.9817 	EXP 	trial_feedback: autoDraw = True
919.9823 	EXP 	trial_feedback: autoDraw = False
919.9823 	EXP 	exp_feedback: autoDraw = False
928.1821 	EXP 	unnamed Polygon: autoDraw = True
928.1821 	EXP 	unnamed Polygon: autoDraw = True
928.1989 	EXP 	unnamed Polygon: autoDraw = True
928.2156 	EXP 	unnamed Polygon: autoDraw = True
928.2327 	EXP 	unnamed Polygon: autoDraw = True
928.2488 	EXP 	unnamed Polygon: autoDraw = True
928.2659 	EXP 	unnamed Polygon: autoDraw = True
928.2832 	EXP 	unnamed Polygon: autoDraw = True
928.2991 	EXP 	unnamed Polygon: autoDraw = True
928.3166 	EXP 	unnamed Polygon: autoDraw = True
928.3331 	EXP 	unnamed Polygon: autoDraw = True
928.3488 	EXP 	unnamed Polygon: autoDraw = True
928.3659 	EXP 	unnamed Polygon: autoDraw = True
928.3825 	EXP 	unnamed Polygon: autoDraw = True
928.3990 	EXP 	unnamed Polygon: autoDraw = True
928.4160 	EXP 	unnamed Polygon: autoDraw = True
928.4329 	EXP 	unnamed Polygon: autoDraw = True
928.4494 	EXP 	unnamed Polygon: autoDraw = True
928.4657 	EXP 	unnamed Polygon: autoDraw = True
928.4827 	EXP 	unnamed Polygon: autoDraw = True
928.4990 	EXP 	unnamed Polygon: autoDraw = True
928.5161 	EXP 	unnamed Polygon: autoDraw = True
928.5333 	EXP 	unnamed Polygon: autoDraw = True
928.5492 	EXP 	unnamed Polygon: autoDraw = True
928.5663 	EXP 	unnamed Polygon: autoDraw = True
928.5827 	EXP 	unnamed Polygon: autoDraw = True
928.5993 	EXP 	unnamed Polygon: autoDraw = True
928.6158 	EXP 	unnamed Polygon: autoDraw = True
928.6329 	EXP 	unnamed Polygon: autoDraw = True
928.6491 	EXP 	unnamed Polygon: autoDraw = True
928.6666 	EXP 	unnamed Polygon: autoDraw = True
928.6832 	EXP 	unnamed Polygon: autoDraw = True
928.6991 	EXP 	unnamed Polygon: autoDraw = True
928.7161 	EXP 	unnamed Polygon: autoDraw = True
928.7327 	EXP 	unnamed Polygon: autoDraw = True
928.7489 	EXP 	unnamed Polygon: autoDraw = True
928.7655 	EXP 	unnamed Polygon: autoDraw = True
928.7827 	EXP 	unnamed Polygon: autoDraw = True
928.7986 	EXP 	unnamed Polygon: autoDraw = True
928.8156 	EXP 	unnamed Polygon: autoDraw = True
928.8327 	EXP 	unnamed Polygon: autoDraw = True
928.8491 	EXP 	unnamed Polygon: autoDraw = True
928.8656 	EXP 	unnamed Polygon: autoDraw = False
930.0330 	EXP 	trial_feedback: height = 0.09
930.0330 	EXP 	trial_feedback: height = 0.09
930.0330 	EXP 	trial_feedback: height = 0.09
930.0330 	EXP 	trial_feedback: text = 'Miss!\n-$1.50'
930.0330 	EXP 	trial_feedback: autoDraw = True
932.0335 	EXP 	trial_feedback: autoDraw = False
932.0498 	EXP 	trial_feedback: autoDraw = False
932.0498 	EXP 	exp_feedback: autoDraw = False
942.4836 	EXP 	unnamed Polygon: autoDraw = True
942.4836 	EXP 	unnamed Polygon: autoDraw = True
942.5002 	EXP 	unnamed Polygon: autoDraw = True
942.5171 	EXP 	unnamed Polygon: autoDraw = True
942.5343 	EXP 	unnamed Polygon: autoDraw = True
942.5499 	EXP 	unnamed Polygon: autoDraw = True
942.5671 	EXP 	unnamed Polygon: autoDraw = True
942.5843 	EXP 	unnamed Polygon: autoDraw = True
942.6001 	EXP 	unnamed Polygon: autoDraw = True
942.6169 	EXP 	unnamed Polygon: autoDraw = True
942.6340 	EXP 	unnamed Polygon: autoDraw = True
942.6505 	EXP 	unnamed Polygon: autoDraw = True
942.6673 	EXP 	unnamed Polygon: autoDraw = True
942.6838 	EXP 	unnamed Polygon: autoDraw = True
942.7004 	EXP 	unnamed Polygon: autoDraw = True
942.7168 	EXP 	unnamed Polygon: autoDraw = True
942.7338 	EXP 	unnamed Polygon: autoDraw = True
942.7502 	EXP 	unnamed Polygon: autoDraw = True
942.7673 	EXP 	unnamed Polygon: autoDraw = True
942.7845 	EXP 	unnamed Polygon: autoDraw = True
942.8001 	EXP 	unnamed Polygon: autoDraw = True
942.8177 	EXP 	unnamed Polygon: autoDraw = True
942.8341 	EXP 	unnamed Polygon: autoDraw = True
942.8502 	EXP 	unnamed Polygon: autoDraw = True
942.8676 	EXP 	unnamed Polygon: autoDraw = True
942.8841 	EXP 	unnamed Polygon: autoDraw = True
942.9001 	EXP 	unnamed Polygon: autoDraw = True
942.9172 	EXP 	unnamed Polygon: autoDraw = True
942.9339 	EXP 	unnamed Polygon: autoDraw = True
942.9502 	EXP 	unnamed Polygon: autoDraw = True
942.9663 	EXP 	unnamed Polygon: autoDraw = True
942.9837 	EXP 	unnamed Polygon: autoDraw = True
942.9999 	EXP 	unnamed Polygon: autoDraw = True
943.0165 	EXP 	unnamed Polygon: autoDraw = True
943.0334 	EXP 	unnamed Polygon: autoDraw = True
943.0498 	EXP 	unnamed Polygon: autoDraw = True
943.0665 	EXP 	unnamed Polygon: autoDraw = True
943.0837 	EXP 	unnamed Polygon: autoDraw = True
943.0999 	EXP 	unnamed Polygon: autoDraw = True
943.1164 	EXP 	unnamed Polygon: autoDraw = False
944.0835 	EXP 	trial_feedback: height = 0.09
944.0835 	EXP 	trial_feedback: height = 0.09
944.0835 	EXP 	trial_feedback: height = 0.09
944.0835 	EXP 	trial_feedback: text = 'Miss!\n$0.00'
944.0835 	EXP 	trial_feedback: autoDraw = True
946.0851 	EXP 	trial_feedback: autoDraw = False
946.0851 	EXP 	exp_feedback: autoDraw = False
956.1512 	EXP 	unnamed Polygon: autoDraw = True
956.1512 	EXP 	unnamed Polygon: autoDraw = True
956.1679 	EXP 	unnamed Polygon: autoDraw = True
956.1841 	EXP 	unnamed Polygon: autoDraw = True
956.2014 	EXP 	unnamed Polygon: autoDraw = True
956.2176 	EXP 	unnamed Polygon: autoDraw = True
956.2364 	EXP 	unnamed Polygon: autoDraw = True
956.2552 	EXP 	unnamed Polygon: autoDraw = True
956.2787 	EXP 	unnamed Polygon: autoDraw = True
956.2858 	EXP 	unnamed Polygon: autoDraw = True
956.3010 	EXP 	unnamed Polygon: autoDraw = True
956.3177 	EXP 	unnamed Polygon: autoDraw = True
956.3347 	EXP 	unnamed Polygon: autoDraw = True
956.3512 	EXP 	unnamed Polygon: autoDraw = True
956.3678 	EXP 	unnamed Polygon: autoDraw = True
956.3842 	EXP 	unnamed Polygon: autoDraw = True
956.4011 	EXP 	unnamed Polygon: autoDraw = True
956.4179 	EXP 	unnamed Polygon: autoDraw = True
956.4343 	EXP 	unnamed Polygon: autoDraw = True
956.4514 	EXP 	unnamed Polygon: autoDraw = True
956.4676 	EXP 	unnamed Polygon: autoDraw = True
956.4842 	EXP 	unnamed Polygon: autoDraw = True
956.5014 	EXP 	unnamed Polygon: autoDraw = True
956.5181 	EXP 	unnamed Polygon: autoDraw = True
956.5345 	EXP 	unnamed Polygon: autoDraw = True
956.5517 	EXP 	unnamed Polygon: autoDraw = True
956.5688 	EXP 	unnamed Polygon: autoDraw = True
956.5843 	EXP 	unnamed Polygon: autoDraw = True
956.6012 	EXP 	unnamed Polygon: autoDraw = True
956.6180 	EXP 	unnamed Polygon: autoDraw = True
956.6346 	EXP 	unnamed Polygon: autoDraw = True
956.6511 	EXP 	unnamed Polygon: autoDraw = True
956.6681 	EXP 	unnamed Polygon: autoDraw = True
956.6851 	EXP 	unnamed Polygon: autoDraw = True
956.7022 	EXP 	unnamed Polygon: autoDraw = True
956.7174 	EXP 	unnamed Polygon: autoDraw = True
956.7347 	EXP 	unnamed Polygon: autoDraw = True
956.7510 	EXP 	unnamed Polygon: autoDraw = True
956.7681 	EXP 	unnamed Polygon: autoDraw = True
956.7844 	EXP 	unnamed Polygon: autoDraw = True
956.8009 	EXP 	unnamed Polygon: autoDraw = False
958.1188 	EXP 	trial_feedback: text = 'Miss!\n$0.00'
958.1188 	EXP 	trial_feedback: autoDraw = True
960.1180 	EXP 	trial_feedback: autoDraw = False
960.1180 	EXP 	exp_feedback: autoDraw = False
968.2027 	EXP 	unnamed Polygon: autoDraw = True
968.2027 	EXP 	unnamed Polygon: autoDraw = True
968.2196 	EXP 	unnamed Polygon: autoDraw = True
968.2368 	EXP 	unnamed Polygon: autoDraw = True
968.2518 	EXP 	unnamed Polygon: autoDraw = True
968.2683 	EXP 	unnamed Polygon: autoDraw = True
968.2859 	EXP 	unnamed Polygon: autoDraw = True
968.3020 	EXP 	unnamed Polygon: autoDraw = True
968.3193 	EXP 	unnamed Polygon: autoDraw = True
968.3368 	EXP 	unnamed Polygon: autoDraw = True
968.3520 	EXP 	unnamed Polygon: autoDraw = True
968.3685 	EXP 	unnamed Polygon: autoDraw = True
968.3864 	EXP 	unnamed Polygon: autoDraw = True
968.4017 	EXP 	unnamed Polygon: autoDraw = True
968.4183 	EXP 	unnamed Polygon: autoDraw = True
968.4367 	EXP 	unnamed Polygon: autoDraw = True
968.4518 	EXP 	unnamed Polygon: autoDraw = True
968.4693 	EXP 	unnamed Polygon: autoDraw = True
968.4871 	EXP 	unnamed Polygon: autoDraw = True
968.5022 	EXP 	unnamed Polygon: autoDraw = True
968.5195 	EXP 	unnamed Polygon: autoDraw = True
968.5367 	EXP 	unnamed Polygon: autoDraw = True
968.5522 	EXP 	unnamed Polygon: autoDraw = True
968.5693 	EXP 	unnamed Polygon: autoDraw = True
968.5868 	EXP 	unnamed Polygon: autoDraw = True
968.6020 	EXP 	unnamed Polygon: autoDraw = True
968.6185 	EXP 	unnamed Polygon: autoDraw = True
968.6354 	EXP 	unnamed Polygon: autoDraw = True
968.6523 	EXP 	unnamed Polygon: autoDraw = True
968.6692 	EXP 	unnamed Polygon: autoDraw = True
968.6862 	EXP 	unnamed Polygon: autoDraw = True
968.7023 	EXP 	unnamed Polygon: autoDraw = True
968.7187 	EXP 	unnamed Polygon: autoDraw = True
968.7367 	EXP 	unnamed Polygon: autoDraw = True
968.7521 	EXP 	unnamed Polygon: autoDraw = True
968.7690 	EXP 	unnamed Polygon: autoDraw = True
968.7853 	EXP 	unnamed Polygon: autoDraw = True
968.8027 	EXP 	unnamed Polygon: autoDraw = True
968.8194 	EXP 	unnamed Polygon: autoDraw = True
968.8366 	EXP 	unnamed Polygon: autoDraw = True
968.8518 	EXP 	unnamed Polygon: autoDraw = True
968.8688 	EXP 	unnamed Polygon: autoDraw = True
968.8862 	EXP 	unnamed Polygon: autoDraw = True
968.9017 	EXP 	unnamed Polygon: autoDraw = False
970.1357 	EXP 	trial_feedback: height = 0.09
970.1357 	EXP 	trial_feedback: height = 0.09
970.1357 	EXP 	trial_feedback: height = 0.09
970.1357 	EXP 	trial_feedback: text = 'Miss!\n-$1.50'
970.1357 	EXP 	trial_feedback: autoDraw = True
972.1371 	EXP 	trial_feedback: autoDraw = False
972.1371 	EXP 	exp_feedback: autoDraw = False
982.3196 	EXP 	unnamed Polygon: autoDraw = True
982.3196 	EXP 	unnamed Polygon: autoDraw = True
982.3368 	EXP 	unnamed Polygon: autoDraw = True
982.3536 	EXP 	unnamed Polygon: autoDraw = True
982.3700 	EXP 	unnamed Polygon: autoDraw = True
982.3874 	EXP 	unnamed Polygon: autoDraw = True
982.4035 	EXP 	unnamed Polygon: autoDraw = True
982.4206 	EXP 	unnamed Polygon: autoDraw = True
982.4370 	EXP 	unnamed Polygon: autoDraw = True
982.4541 	EXP 	unnamed Polygon: autoDraw = True
982.4706 	EXP 	unnamed Polygon: autoDraw = True
982.4875 	EXP 	unnamed Polygon: autoDraw = True
982.5032 	EXP 	unnamed Polygon: autoDraw = True
982.5199 	EXP 	unnamed Polygon: autoDraw = True
982.5366 	EXP 	unnamed Polygon: autoDraw = True
982.5528 	EXP 	unnamed Polygon: autoDraw = True
982.5697 	EXP 	unnamed Polygon: autoDraw = True
982.5870 	EXP 	unnamed Polygon: autoDraw = True
982.6031 	EXP 	unnamed Polygon: autoDraw = True
982.6204 	EXP 	unnamed Polygon: autoDraw = True
982.6369 	EXP 	unnamed Polygon: autoDraw = True
982.6529 	EXP 	unnamed Polygon: autoDraw = True
982.6697 	EXP 	unnamed Polygon: autoDraw = True
982.6863 	EXP 	unnamed Polygon: autoDraw = True
982.7032 	EXP 	unnamed Polygon: autoDraw = True
982.7197 	EXP 	unnamed Polygon: autoDraw = True
982.7366 	EXP 	unnamed Polygon: autoDraw = True
982.7555 	EXP 	unnamed Polygon: autoDraw = True
982.7695 	EXP 	unnamed Polygon: autoDraw = True
982.7864 	EXP 	unnamed Polygon: autoDraw = True
982.8032 	EXP 	unnamed Polygon: autoDraw = True
982.8196 	EXP 	unnamed Polygon: autoDraw = True
982.8370 	EXP 	unnamed Polygon: autoDraw = True
982.8543 	EXP 	unnamed Polygon: autoDraw = True
982.8705 	EXP 	unnamed Polygon: autoDraw = True
982.8868 	EXP 	unnamed Polygon: autoDraw = True
982.9031 	EXP 	unnamed Polygon: autoDraw = True
982.9191 	EXP 	unnamed Polygon: autoDraw = True
982.9360 	EXP 	unnamed Polygon: autoDraw = True
982.9526 	EXP 	unnamed Polygon: autoDraw = True
982.9692 	EXP 	unnamed Polygon: autoDraw = True
982.9864 	EXP 	unnamed Polygon: autoDraw = True
983.0025 	EXP 	unnamed Polygon: autoDraw = True
983.0194 	EXP 	unnamed Polygon: autoDraw = False
984.1704 	EXP 	trial_feedback: height = 0.09
984.1704 	EXP 	trial_feedback: height = 0.09
984.1704 	EXP 	trial_feedback: height = 0.09
984.1704 	EXP 	trial_feedback: text = 'Miss!\n-$5.00'
984.1704 	EXP 	trial_feedback: autoDraw = True
986.1711 	EXP 	trial_feedback: autoDraw = False
986.1711 	EXP 	exp_feedback: autoDraw = False
994.2376 	EXP 	unnamed Polygon: autoDraw = True
994.2376 	EXP 	unnamed Polygon: autoDraw = True
994.2536 	EXP 	unnamed Polygon: autoDraw = True
994.2702 	EXP 	unnamed Polygon: autoDraw = True
994.2874 	EXP 	unnamed Polygon: autoDraw = True
994.3036 	EXP 	unnamed Polygon: autoDraw = True
994.3211 	EXP 	unnamed Polygon: autoDraw = True
994.3376 	EXP 	unnamed Polygon: autoDraw = True
994.3534 	EXP 	unnamed Polygon: autoDraw = True
994.3711 	EXP 	unnamed Polygon: autoDraw = True
994.3878 	EXP 	unnamed Polygon: autoDraw = True
994.4042 	EXP 	unnamed Polygon: autoDraw = True
994.4206 	EXP 	unnamed Polygon: autoDraw = True
994.4373 	EXP 	unnamed Polygon: autoDraw = True
994.4539 	EXP 	unnamed Polygon: autoDraw = True
994.4707 	EXP 	unnamed Polygon: autoDraw = True
994.4870 	EXP 	unnamed Polygon: autoDraw = True
994.5038 	EXP 	unnamed Polygon: autoDraw = True
994.5207 	EXP 	unnamed Polygon: autoDraw = True
994.5371 	EXP 	unnamed Polygon: autoDraw = True
994.5538 	EXP 	unnamed Polygon: autoDraw = True
994.5706 	EXP 	unnamed Polygon: autoDraw = True
994.5876 	EXP 	unnamed Polygon: autoDraw = True
994.6037 	EXP 	unnamed Polygon: autoDraw = True
994.6210 	EXP 	unnamed Polygon: autoDraw = True
994.6374 	EXP 	unnamed Polygon: autoDraw = True
994.6539 	EXP 	unnamed Polygon: autoDraw = True
994.6708 	EXP 	unnamed Polygon: autoDraw = True
994.6875 	EXP 	unnamed Polygon: autoDraw = True
994.7041 	EXP 	unnamed Polygon: autoDraw = True
994.7210 	EXP 	unnamed Polygon: autoDraw = True
994.7376 	EXP 	unnamed Polygon: autoDraw = True
994.7541 	EXP 	unnamed Polygon: autoDraw = True
994.7702 	EXP 	unnamed Polygon: autoDraw = True
994.7874 	EXP 	unnamed Polygon: autoDraw = True
994.8035 	EXP 	unnamed Polygon: autoDraw = True
994.8209 	EXP 	unnamed Polygon: autoDraw = True
994.8371 	EXP 	unnamed Polygon: autoDraw = True
994.8540 	EXP 	unnamed Polygon: autoDraw = True
994.8708 	EXP 	unnamed Polygon: autoDraw = True
994.8876 	EXP 	unnamed Polygon: autoDraw = True
994.9038 	EXP 	unnamed Polygon: autoDraw = True
994.9204 	EXP 	unnamed Polygon: autoDraw = False
996.2042 	EXP 	trial_feedback: height = 0.09
996.2042 	EXP 	trial_feedback: height = 0.09
996.2042 	EXP 	trial_feedback: height = 0.09
996.2042 	EXP 	trial_feedback: text = 'Miss!\n-$0.00'
996.2042 	EXP 	trial_feedback: autoDraw = True
998.2035 	EXP 	trial_feedback: autoDraw = False
998.2207 	EXP 	trial_feedback: autoDraw = False
998.2207 	EXP 	exp_feedback: autoDraw = False
1008.2880 	EXP 	unnamed Polygon: autoDraw = True
1008.2880 	EXP 	unnamed Polygon: autoDraw = True
1008.3045 	EXP 	unnamed Polygon: autoDraw = True
1008.3217 	EXP 	unnamed Polygon: autoDraw = True
1008.3382 	EXP 	unnamed Polygon: autoDraw = True
1008.3551 	EXP 	unnamed Polygon: autoDraw = True
1008.3713 	EXP 	unnamed Polygon: autoDraw = True
1008.3880 	EXP 	unnamed Polygon: autoDraw = True
1008.4046 	EXP 	unnamed Polygon: autoDraw = True
1008.4225 	EXP 	unnamed Polygon: autoDraw = True
1008.4379 	EXP 	unnamed Polygon: autoDraw = True
1008.4547 	EXP 	unnamed Polygon: autoDraw = True
1008.4714 	EXP 	unnamed Polygon: autoDraw = True
1008.4880 	EXP 	unnamed Polygon: autoDraw = True
1008.5052 	EXP 	unnamed Polygon: autoDraw = True
1008.5216 	EXP 	unnamed Polygon: autoDraw = True
1008.5382 	EXP 	unnamed Polygon: autoDraw = True
1008.5551 	EXP 	unnamed Polygon: autoDraw = True
1008.5713 	EXP 	unnamed Polygon: autoDraw = True
1008.5881 	EXP 	unnamed Polygon: autoDraw = True
1008.6048 	EXP 	unnamed Polygon: autoDraw = True
1008.6213 	EXP 	unnamed Polygon: autoDraw = True
1008.6382 	EXP 	unnamed Polygon: autoDraw = True
1008.6550 	EXP 	unnamed Polygon: autoDraw = True
1008.6713 	EXP 	unnamed Polygon: autoDraw = True
1008.6879 	EXP 	unnamed Polygon: autoDraw = True
1008.7049 	EXP 	unnamed Polygon: autoDraw = True
1008.7215 	EXP 	unnamed Polygon: autoDraw = True
1008.7381 	EXP 	unnamed Polygon: autoDraw = True
1008.7553 	EXP 	unnamed Polygon: autoDraw = True
1008.7716 	EXP 	unnamed Polygon: autoDraw = True
1008.7880 	EXP 	unnamed Polygon: autoDraw = True
1008.8046 	EXP 	unnamed Polygon: autoDraw = True
1008.8217 	EXP 	unnamed Polygon: autoDraw = True
1008.8378 	EXP 	unnamed Polygon: autoDraw = True
1008.8545 	EXP 	unnamed Polygon: autoDraw = True
1008.8712 	EXP 	unnamed Polygon: autoDraw = True
1008.8879 	EXP 	unnamed Polygon: autoDraw = True
1008.9046 	EXP 	unnamed Polygon: autoDraw = True
1008.9213 	EXP 	unnamed Polygon: autoDraw = True
1008.9379 	EXP 	unnamed Polygon: autoDraw = True
1008.9546 	EXP 	unnamed Polygon: autoDraw = True
1008.9710 	EXP 	unnamed Polygon: autoDraw = False
1010.2549 	EXP 	trial_feedback: height = 0.09
1010.2549 	EXP 	trial_feedback: height = 0.09
1010.2549 	EXP 	trial_feedback: height = 0.09
1010.2549 	EXP 	trial_feedback: text = 'Miss!\n$0.00'
1010.2549 	EXP 	trial_feedback: autoDraw = True
1012.2551 	EXP 	trial_feedback: autoDraw = False
1012.2716 	EXP 	trial_feedback: autoDraw = False
1012.2716 	EXP 	exp_feedback: autoDraw = False
1020.7896 	EXP 	unnamed Polygon: autoDraw = True
1020.7896 	EXP 	unnamed Polygon: autoDraw = True
1020.8066 	EXP 	unnamed Polygon: autoDraw = True
1020.8243 	EXP 	unnamed Polygon: autoDraw = True
1020.8396 	EXP 	unnamed Polygon: autoDraw = True
1020.8563 	EXP 	unnamed Polygon: autoDraw = True
1020.8733 	EXP 	unnamed Polygon: autoDraw = True
1020.8893 	EXP 	unnamed Polygon: autoDraw = True
1020.9060 	EXP 	unnamed Polygon: autoDraw = True
1020.9239 	EXP 	unnamed Polygon: autoDraw = True
1020.9394 	EXP 	unnamed Polygon: autoDraw = True
1020.9566 	EXP 	unnamed Polygon: autoDraw = True
1020.9738 	EXP 	unnamed Polygon: autoDraw = True
1020.9898 	EXP 	unnamed Polygon: autoDraw = True
1021.0056 	EXP 	unnamed Polygon: autoDraw = True
1021.0239 	EXP 	unnamed Polygon: autoDraw = True
1021.0398 	EXP 	unnamed Polygon: autoDraw = True
1021.0566 	EXP 	unnamed Polygon: autoDraw = True
1021.0739 	EXP 	unnamed Polygon: autoDraw = True
1021.0898 	EXP 	unnamed Polygon: autoDraw = True
1021.1063 	EXP 	unnamed Polygon: autoDraw = True
1021.1244 	EXP 	unnamed Polygon: autoDraw = True
1021.1409 	EXP 	unnamed Polygon: autoDraw = True
1021.1556 	EXP 	unnamed Polygon: autoDraw = True
1021.1739 	EXP 	unnamed Polygon: autoDraw = True
1021.1896 	EXP 	unnamed Polygon: autoDraw = True
1021.2065 	EXP 	unnamed Polygon: autoDraw = True
1021.2239 	EXP 	unnamed Polygon: autoDraw = True
1021.2397 	EXP 	unnamed Polygon: autoDraw = True
1021.2557 	EXP 	unnamed Polygon: autoDraw = True
1021.2724 	EXP 	unnamed Polygon: autoDraw = True
1021.2890 	EXP 	unnamed Polygon: autoDraw = True
1021.3051 	EXP 	unnamed Polygon: autoDraw = True
1021.3224 	EXP 	unnamed Polygon: autoDraw = True
1021.3391 	EXP 	unnamed Polygon: autoDraw = True
1021.3553 	EXP 	unnamed Polygon: autoDraw = True
1021.3722 	EXP 	unnamed Polygon: autoDraw = True
1021.3893 	EXP 	unnamed Polygon: autoDraw = True
1021.4055 	EXP 	unnamed Polygon: autoDraw = True
1021.4222 	EXP 	unnamed Polygon: autoDraw = True
1021.4388 	EXP 	unnamed Polygon: autoDraw = True
1021.4554 	EXP 	unnamed Polygon: autoDraw = True
1021.4725 	EXP 	unnamed Polygon: autoDraw = True
1021.4894 	EXP 	unnamed Polygon: autoDraw = False
1022.3226 	EXP 	trial_feedback: text = 'Miss!\n$0.00'
1022.3226 	EXP 	trial_feedback: autoDraw = True
1024.3234 	EXP 	trial_feedback: autoDraw = False
1024.3396 	EXP 	trial_feedback: autoDraw = False
1024.3396 	EXP 	exp_feedback: autoDraw = False
1034.4731 	EXP 	unnamed Polygon: autoDraw = True
1034.4731 	EXP 	unnamed Polygon: autoDraw = True
1034.4901 	EXP 	unnamed Polygon: autoDraw = True
1034.5064 	EXP 	unnamed Polygon: autoDraw = True
1034.5244 	EXP 	unnamed Polygon: autoDraw = True
1034.5401 	EXP 	unnamed Polygon: autoDraw = True
1034.5560 	EXP 	unnamed Polygon: autoDraw = True
1034.5733 	EXP 	unnamed Polygon: autoDraw = True
1034.5899 	EXP 	unnamed Polygon: autoDraw = True
1034.6063 	EXP 	unnamed Polygon: autoDraw = True
1034.6232 	EXP 	unnamed Polygon: autoDraw = True
1034.6400 	EXP 	unnamed Polygon: autoDraw = True
1034.6562 	EXP 	unnamed Polygon: autoDraw = True
1034.6734 	EXP 	unnamed Polygon: autoDraw = True
1034.6901 	EXP 	unnamed Polygon: autoDraw = True
1034.7064 	EXP 	unnamed Polygon: autoDraw = True
1034.7236 	EXP 	unnamed Polygon: autoDraw = True
1034.7399 	EXP 	unnamed Polygon: autoDraw = True
1034.7568 	EXP 	unnamed Polygon: autoDraw = True
1034.7738 	EXP 	unnamed Polygon: autoDraw = True
1034.7900 	EXP 	unnamed Polygon: autoDraw = True
1034.8073 	EXP 	unnamed Polygon: autoDraw = True
1034.8249 	EXP 	unnamed Polygon: autoDraw = True
1034.8405 	EXP 	unnamed Polygon: autoDraw = True
1034.8573 	EXP 	unnamed Polygon: autoDraw = True
1034.8748 	EXP 	unnamed Polygon: autoDraw = True
1034.8905 	EXP 	unnamed Polygon: autoDraw = True
1034.9064 	EXP 	unnamed Polygon: autoDraw = True
1034.9239 	EXP 	unnamed Polygon: autoDraw = True
1034.9405 	EXP 	unnamed Polygon: autoDraw = True
1034.9572 	EXP 	unnamed Polygon: autoDraw = True
1034.9741 	EXP 	unnamed Polygon: autoDraw = True
1034.9909 	EXP 	unnamed Polygon: autoDraw = True
1035.0073 	EXP 	unnamed Polygon: autoDraw = True
1035.0239 	EXP 	unnamed Polygon: autoDraw = True
1035.0400 	EXP 	unnamed Polygon: autoDraw = True
1035.0570 	EXP 	unnamed Polygon: autoDraw = True
1035.0739 	EXP 	unnamed Polygon: autoDraw = True
1035.0901 	EXP 	unnamed Polygon: autoDraw = True
1035.1065 	EXP 	unnamed Polygon: autoDraw = True
1035.1246 	EXP 	unnamed Polygon: autoDraw = True
1035.1403 	EXP 	unnamed Polygon: autoDraw = True
1035.1564 	EXP 	unnamed Polygon: autoDraw = True
1035.1749 	EXP 	unnamed Polygon: autoDraw = False
1036.3900 	EXP 	trial_feedback: height = 0.09
1036.3900 	EXP 	trial_feedback: height = 0.09
1036.3900 	EXP 	trial_feedback: height = 0.09
1036.3900 	EXP 	trial_feedback: text = 'Miss!\n-$0.00'
1036.3900 	EXP 	trial_feedback: autoDraw = True
1038.3902 	EXP 	trial_feedback: autoDraw = False
1038.4066 	EXP 	trial_feedback: autoDraw = False
1038.4066 	EXP 	exp_feedback: autoDraw = False
1046.7739 	EXP 	unnamed Polygon: autoDraw = True
1046.7739 	EXP 	unnamed Polygon: autoDraw = True
1046.7912 	EXP 	unnamed Polygon: autoDraw = True
1046.8072 	EXP 	unnamed Polygon: autoDraw = True
1046.8241 	EXP 	unnamed Polygon: autoDraw = True
1046.8406 	EXP 	unnamed Polygon: autoDraw = True
1046.8569 	EXP 	unnamed Polygon: autoDraw = True
1046.8739 	EXP 	unnamed Polygon: autoDraw = True
1046.8907 	EXP 	unnamed Polygon: autoDraw = True
1046.9074 	EXP 	unnamed Polygon: autoDraw = True
1046.9239 	EXP 	unnamed Polygon: autoDraw = True
1046.9410 	EXP 	unnamed Polygon: autoDraw = True
1046.9571 	EXP 	unnamed Polygon: autoDraw = True
1046.9744 	EXP 	unnamed Polygon: autoDraw = True
1046.9906 	EXP 	unnamed Polygon: autoDraw = True
1047.0068 	EXP 	unnamed Polygon: autoDraw = True
1047.0240 	EXP 	unnamed Polygon: autoDraw = True
1047.0406 	EXP 	unnamed Polygon: autoDraw = True
1047.0570 	EXP 	unnamed Polygon: autoDraw = True
1047.0740 	EXP 	unnamed Polygon: autoDraw = True
1047.0908 	EXP 	unnamed Polygon: autoDraw = True
1047.1073 	EXP 	unnamed Polygon: autoDraw = True
1047.1237 	EXP 	unnamed Polygon: autoDraw = True
1047.1408 	EXP 	unnamed Polygon: autoDraw = True
1047.1572 	EXP 	unnamed Polygon: autoDraw = True
1047.1739 	EXP 	unnamed Polygon: autoDraw = True
1047.1910 	EXP 	unnamed Polygon: autoDraw = True
1047.2075 	EXP 	unnamed Polygon: autoDraw = True
1047.2243 	EXP 	unnamed Polygon: autoDraw = True
1047.2408 	EXP 	unnamed Polygon: autoDraw = True
1047.2578 	EXP 	unnamed Polygon: autoDraw = True
1047.2742 	EXP 	unnamed Polygon: autoDraw = True
1047.2910 	EXP 	unnamed Polygon: autoDraw = True
1047.3075 	EXP 	unnamed Polygon: autoDraw = True
1047.3245 	EXP 	unnamed Polygon: autoDraw = True
1047.3414 	EXP 	unnamed Polygon: autoDraw = True
1047.3570 	EXP 	unnamed Polygon: autoDraw = True
1047.3746 	EXP 	unnamed Polygon: autoDraw = True
1047.3909 	EXP 	unnamed Polygon: autoDraw = True
1047.4079 	EXP 	unnamed Polygon: autoDraw = True
1047.4243 	EXP 	unnamed Polygon: autoDraw = True
1047.4408 	EXP 	unnamed Polygon: autoDraw = True
1047.4570 	EXP 	unnamed Polygon: autoDraw = True
1047.4741 	EXP 	unnamed Polygon: autoDraw = False
1048.4411 	EXP 	trial_feedback: height = 0.09
1048.4411 	EXP 	trial_feedback: height = 0.09
1048.4411 	EXP 	trial_feedback: height = 0.09
1048.4411 	EXP 	trial_feedback: text = 'Miss!\n$0.00'
1048.4411 	EXP 	trial_feedback: autoDraw = True
1050.4410 	EXP 	trial_feedback: autoDraw = False
1050.4572 	EXP 	trial_feedback: autoDraw = False
1050.4572 	EXP 	exp_feedback: autoDraw = False
1146.4683 	DATA 	Keypress: 1
1146.4698 	EXP 	window1: mouseVisible = False
1148.6156 	DATA 	Keypress: return
1156.4983 	EXP 	unnamed TextStim: text = 'Instructions...\n\nYour goal is to make as much money as possible.\n\nRemember:\nWIN CIRCLES = win money\nLOSE SQUARES = lose money\n\nQUICKLY press the button with your pointer finger when you see the solid white triangle.\n\nYou will get feedback on whether you pressed the button in time and if you won or lost money.'
1158.5241 	DATA 	Keypress: 1
1158.5258 	EXP 	window1: mouseVisible = True
1158.5363 	EXP 	Created unnamed TextStim = TextStim(__class__=<class 'psychopy.visual.text.TextStim'>, alignHoriz=method-wrapper(...), alignText='center', alignVert=method-wrapper(...), anchorHoriz='center', anchorVert='center', antialias=True, autoDraw=False, autoLog=True, bold=False, color=array([1., 1., 1.]), colorSpace='rgb', contrast=1.0, depth=0, draggable=False, flipHoriz=False, flipVert=False, font='', fontFiles=[], height=0.08, italic=False, languageStyle='LTR', name='unnamed TextStim', opacity=1.0, ori=0.0, pos=array([-0.65,  0.15]), rgb=UNKNOWN, text='+', units='height', win=Window(...), wrapWidth=1)
1158.5367 	EXP 	window1: mouseVisible = True
1158.5953 	EXP 	Created unnamed ImageStim = ImageStim(__class__=<class 'psychopy.visual.image.ImageStim'>, anchor=('center', 'center'), autoLog=True, color=array([1., 1., 1.]), colorSpace='rgb', contrast=1.0, depth=0, draggable=False, flipHoriz=False, flipVert=False, image='../stimuli/reward_high.png', interpolate=False, mask=None, maskParams=None, name='unnamed ImageStim', opacity=1.0, ori=0.0, pos=array([-0.35,  0.15]), size=array([0.2, 0.2]), texRes=128, units='height', win=Window(...))
1158.5955 	EXP 	window1: mouseVisible = True
1158.5998 	EXP 	Created unnamed TextStim = TextStim(__class__=<class 'psychopy.visual.text.TextStim'>, alignHoriz=method-wrapper(...), alignText='center', alignVert=method-wrapper(...), anchorHoriz='center', anchorVert='center', antialias=True, autoDraw=False, autoLog=True, bold=False, color=array([1., 1., 1.]), colorSpace='rgb', contrast=1.0, depth=0, draggable=False, flipHoriz=False, flipVert=False, font='', fontFiles=[], height=0.08, italic=False, languageStyle='LTR', name='unnamed TextStim', opacity=1.0, ori=0.0, pos=array([-0.15,  0.15]), rgb=UNKNOWN, text='+', units='height', win=Window(...), wrapWidth=1)
1158.6003 	EXP 	window1: mouseVisible = True
1158.6037 	EXP 	Created unnamed Polygon = Polygon(__class__=<class 'psychopy.visual.polygon.Polygon'>, anchor=('center', 'center'), autoDraw=False, autoLog=True, closeShape=True, color=method-wrapper(...), colorSpace='rgb', contrast=None, depth=0, draggable=False, fillColor=array([1, 1, 1]), fillColorSpace='rgb', fillRGB=array([1, 1, 1]), interpolate=True, lineColor=array([1., 1., 1.]), lineColorSpace='rgb', lineRGB=array([1, 1, 1]), lineWidth=1.5, name='unnamed Polygon', opacity=1.0, ori=0.0, pos=array([0.15, 0.15]), size=array([1., 1.]), units='height', vertices=ndarray(...), win=Window(...))
1158.6040 	EXP 	window1: mouseVisible = True
1158.6078 	EXP 	Created unnamed TextStim = TextStim(__class__=<class 'psychopy.visual.text.TextStim'>, alignHoriz=method-wrapper(...), alignText='center', alignVert=method-wrapper(...), anchorHoriz='center', anchorVert='center', antialias=True, autoDraw=False, autoLog=True, bold=False, color=array([1., 1., 1.]), colorSpace='rgb', contrast=1.0, depth=0, draggable=False, flipHoriz=False, flipVert=False, font='', fontFiles=[], height=0.08, italic=False, languageStyle='LTR', name='unnamed TextStim', opacity=1.0, ori=0.0, pos=array([0.35, 0.15]), rgb=UNKNOWN, text='+', units='height', win=Window(...), wrapWidth=1)
1158.6081 	EXP 	window1: mouseVisible = True
1158.6146 	EXP 	Created unnamed TextStim = TextStim(__class__=<class 'psychopy.visual.text.TextStim'>, alignHoriz=method-wrapper(...), alignText='center', alignVert=method-wrapper(...), anchorHoriz='center', anchorVert='center', antialias=True, autoDraw=False, autoLog=True, bold=False, color=array([1., 1., 1.]), colorSpace='rgb', contrast=1.0, depth=0, draggable=False, flipHoriz=False, flipVert=False, font='', fontFiles=[], height=0.08, italic=False, languageStyle='LTR', name='unnamed TextStim', opacity=1.0, ori=0.0, pos=array([0.65, 0.15]), rgb=UNKNOWN, text='Hit!\n+$5.00', units='height', win=Window(...), wrapWidth=1)
1158.6149 	EXP 	window1: mouseVisible = True
1158.6153 	WARNING 	TextStim.alignHoriz is deprecated. Use alignText and anchorHoriz attributes instead
1158.6241 	EXP 	Created unnamed TextStim = TextStim(__class__=<class 'psychopy.visual.text.TextStim'>, alignHoriz='center', alignText='center', alignVert=method-wrapper(...), anchorHoriz='center', anchorVert='center', antialias=True, autoDraw=False, autoLog=True, bold=False, color=array([1., 1., 1.]), colorSpace='rgb', contrast=1.0, depth=0, draggable=False, flipHoriz=False, flipVert=False, font='', fontFiles=[], height=0.04, italic=False, languageStyle='LTR', name='unnamed TextStim', opacity=1.0, ori=0.0, pos=array([-0.65, -0.15]), rgb=UNKNOWN, text='Pay attention', units='height', win=Window(...), wrapWidth=0.1)
1158.6243 	EXP 	window1: mouseVisible = True
1158.6245 	WARNING 	TextStim.alignHoriz is deprecated. Use alignText and anchorHoriz attributes instead
1158.6358 	EXP 	Created unnamed TextStim = TextStim(__class__=<class 'psychopy.visual.text.TextStim'>, alignHoriz='center', alignText='center', alignVert=method-wrapper(...), anchorHoriz='center', anchorVert='center', antialias=True, autoDraw=False, autoLog=True, bold=False, color=array([1., 1., 1.]), colorSpace='rgb', contrast=1.0, depth=0, draggable=False, flipHoriz=False, flipVert=False, font='', fontFiles=[], height=0.04, italic=False, languageStyle='LTR', name='unnamed TextStim', opacity=1.0, ori=0.0, pos=array([-0.35, -0.15]), rgb=UNKNOWN, text="Cue: don't respond yet", units='height', win=Window(...), wrapWidth=0.1)
1158.6360 	EXP 	window1: mouseVisible = True
1158.6363 	WARNING 	TextStim.alignHoriz is deprecated. Use alignText and anchorHoriz attributes instead
1158.6430 	EXP 	Created unnamed TextStim = TextStim(__class__=<class 'psychopy.visual.text.TextStim'>, alignHoriz='center', alignText='center', alignVert=method-wrapper(...), anchorHoriz='center', anchorVert='center', antialias=True, autoDraw=False, autoLog=True, bold=False, color=array([1., 1., 1.]), colorSpace='rgb', contrast=1.0, depth=0, draggable=False, flipHoriz=False, flipVert=False, font='', fontFiles=[], height=0.04, italic=False, languageStyle='LTR', name='unnamed TextStim', opacity=1.0, ori=0.0, pos=array([-0.15, -0.15]), rgb=UNKNOWN, text='Pay attention', units='height', win=Window(...), wrapWidth=0.1)
1158.6433 	EXP 	window1: mouseVisible = True
1158.6436 	WARNING 	TextStim.alignHoriz is deprecated. Use alignText and anchorHoriz attributes instead
1158.6538 	EXP 	Created unnamed TextStim = TextStim(__class__=<class 'psychopy.visual.text.TextStim'>, alignHoriz='center', alignText='center', alignVert=method-wrapper(...), anchorHoriz='center', anchorVert='center', antialias=True, autoDraw=False, autoLog=True, bold=False, color=array([1., 1., 1.]), colorSpace='rgb', contrast=1.0, depth=0, draggable=False, flipHoriz=False, flipVert=False, font='', fontFiles=[], height=0.04, italic=False, languageStyle='LTR', name='unnamed TextStim', opacity=1.0, ori=0.0, pos=array([ 0.15, -0.15]), rgb=UNKNOWN, text='Respond when solid triangle is on screen', units='height', win=Window(...), wrapWidth=0.1)
1158.6540 	EXP 	window1: mouseVisible = True
1158.6542 	WARNING 	TextStim.alignHoriz is deprecated. Use alignText and anchorHoriz attributes instead
1158.6590 	EXP 	Created unnamed TextStim = TextStim(__class__=<class 'psychopy.visual.text.TextStim'>, alignHoriz='center', alignText='center', alignVert=method-wrapper(...), anchorHoriz='center', anchorVert='center', antialias=True, autoDraw=False, autoLog=True, bold=False, color=array([1., 1., 1.]), colorSpace='rgb', contrast=1.0, depth=0, draggable=False, flipHoriz=False, flipVert=False, font='', fontFiles=[], height=0.04, italic=False, languageStyle='LTR', name='unnamed TextStim', opacity=1.0, ori=0.0, pos=array([ 0.35, -0.15]), rgb=UNKNOWN, text='Pay attention', units='height', win=Window(...), wrapWidth=0.1)
1158.6592 	EXP 	window1: mouseVisible = True
1158.6594 	WARNING 	TextStim.alignHoriz is deprecated. Use alignText and anchorHoriz attributes instead
1158.6652 	EXP 	Created unnamed TextStim = TextStim(__class__=<class 'psychopy.visual.text.TextStim'>, alignHoriz='center', alignText='center', alignVert=method-wrapper(...), anchorHoriz='center', anchorVert='center', antialias=True, autoDraw=False, autoLog=True, bold=False, color=array([1., 1., 1.]), colorSpace='rgb', contrast=1.0, depth=0, draggable=False, flipHoriz=False, flipVert=False, font='', fontFiles=[], height=0.04, italic=False, languageStyle='LTR', name='unnamed TextStim', opacity=1.0, ori=0.0, pos=array([ 0.65, -0.15]), rgb=UNKNOWN, text='Feedback', units='height', win=Window(...), wrapWidth=0.1)
1159.1032 	DATA 	Keypress: 1
1160.1858 	DATA 	Keypress: 1
1161.0701 	DATA 	Keypress: return
1162.0039 	DATA 	Keypress: equal
1171.2993 	EXP 	unnamed Polygon: autoDraw = True
1171.2993 	EXP 	unnamed Polygon: autoDraw = True
1171.3158 	EXP 	unnamed Polygon: autoDraw = True
1171.3331 	EXP 	unnamed Polygon: autoDraw = True
1171.3495 	EXP 	unnamed Polygon: autoDraw = True
1171.3659 	EXP 	unnamed Polygon: autoDraw = True
1171.3830 	EXP 	unnamed Polygon: autoDraw = True
1171.3992 	EXP 	unnamed Polygon: autoDraw = True
1171.4162 	EXP 	unnamed Polygon: autoDraw = True
1171.4327 	EXP 	unnamed Polygon: autoDraw = True
1171.4495 	EXP 	unnamed Polygon: autoDraw = True
1171.4660 	EXP 	unnamed Polygon: autoDraw = True
1171.4833 	EXP 	unnamed Polygon: autoDraw = True
1171.4995 	EXP 	unnamed Polygon: autoDraw = True
1171.5165 	EXP 	unnamed Polygon: autoDraw = True
1171.5333 	EXP 	unnamed Polygon: autoDraw = True
1171.5491 	EXP 	unnamed Polygon: autoDraw = True
1171.5661 	EXP 	unnamed Polygon: autoDraw = True
1171.5834 	EXP 	unnamed Polygon: autoDraw = True
1171.5994 	EXP 	unnamed Polygon: autoDraw = True
1171.6163 	EXP 	unnamed Polygon: autoDraw = True
1171.6332 	EXP 	unnamed Polygon: autoDraw = True
1171.6493 	EXP 	unnamed Polygon: autoDraw = True
1171.6668 	EXP 	unnamed Polygon: autoDraw = True
1171.6840 	EXP 	unnamed Polygon: autoDraw = True
1171.6994 	EXP 	unnamed Polygon: autoDraw = True
1171.7166 	EXP 	unnamed Polygon: autoDraw = True
1171.7339 	EXP 	unnamed Polygon: autoDraw = True
1171.7497 	EXP 	unnamed Polygon: autoDraw = True
1171.7667 	EXP 	unnamed Polygon: autoDraw = True
1171.7846 	EXP 	unnamed Polygon: autoDraw = True
1171.8001 	EXP 	unnamed Polygon: autoDraw = True
1171.8166 	EXP 	unnamed Polygon: autoDraw = True
1171.8331 	EXP 	unnamed Polygon: autoDraw = True
1171.8496 	EXP 	unnamed Polygon: autoDraw = True
1171.8662 	EXP 	unnamed Polygon: autoDraw = True
1171.8831 	EXP 	unnamed Polygon: autoDraw = True
1171.8990 	EXP 	unnamed Polygon: autoDraw = True
1171.9163 	EXP 	unnamed Polygon: autoDraw = True
1171.9331 	EXP 	unnamed Polygon: autoDraw = True
1171.9494 	EXP 	unnamed Polygon: autoDraw = True
1171.9660 	EXP 	unnamed Polygon: autoDraw = True
1171.9832 	EXP 	unnamed Polygon: autoDraw = True
1171.9994 	EXP 	unnamed Polygon: autoDraw = True
1172.0157 	EXP 	unnamed Polygon: autoDraw = False
1173.0335 	EXP 	trial_feedback: height = 0.09
1173.0335 	EXP 	trial_feedback: height = 0.09
1173.0335 	EXP 	trial_feedback: height = 0.09
1173.0335 	EXP 	trial_feedback: text = 'Miss!\n-$1.50'
1173.0335 	EXP 	trial_feedback: autoDraw = True
1175.0332 	EXP 	trial_feedback: autoDraw = False
1175.0493 	EXP 	trial_feedback: autoDraw = False
1175.0493 	EXP 	exp_feedback: autoDraw = False
1185.2498 	EXP 	unnamed Polygon: autoDraw = True
1185.2498 	EXP 	unnamed Polygon: autoDraw = True
1185.2668 	EXP 	unnamed Polygon: autoDraw = True
1185.2841 	EXP 	unnamed Polygon: autoDraw = True
1185.3002 	EXP 	unnamed Polygon: autoDraw = True
1185.3165 	EXP 	unnamed Polygon: autoDraw = True
1185.3335 	EXP 	unnamed Polygon: autoDraw = True
1185.3500 	EXP 	unnamed Polygon: autoDraw = True
1185.3667 	EXP 	unnamed Polygon: autoDraw = True
1185.3834 	EXP 	unnamed Polygon: autoDraw = True
1185.4003 	EXP 	unnamed Polygon: autoDraw = True
1185.4164 	EXP 	unnamed Polygon: autoDraw = True
1185.4342 	EXP 	unnamed Polygon: autoDraw = True
1185.4506 	EXP 	unnamed Polygon: autoDraw = True
1185.4678 	EXP 	unnamed Polygon: autoDraw = True
1185.4836 	EXP 	unnamed Polygon: autoDraw = True
1185.4999 	EXP 	unnamed Polygon: autoDraw = True
1185.5167 	EXP 	unnamed Polygon: autoDraw = True
1185.5335 	EXP 	unnamed Polygon: autoDraw = True
1185.5500 	EXP 	unnamed Polygon: autoDraw = True
1185.5664 	EXP 	unnamed Polygon: autoDraw = True
1185.5836 	EXP 	unnamed Polygon: autoDraw = True
1185.6013 	EXP 	unnamed Polygon: autoDraw = True
1185.6179 	EXP 	unnamed Polygon: autoDraw = True
1185.6350 	EXP 	unnamed Polygon: autoDraw = True
1185.6499 	EXP 	unnamed Polygon: autoDraw = True
1185.6665 	EXP 	unnamed Polygon: autoDraw = True
1185.6837 	EXP 	unnamed Polygon: autoDraw = True
1185.6998 	EXP 	unnamed Polygon: autoDraw = True
1185.7169 	EXP 	unnamed Polygon: autoDraw = True
1185.7335 	EXP 	unnamed Polygon: autoDraw = True
1185.7501 	EXP 	unnamed Polygon: autoDraw = True
1185.7668 	EXP 	unnamed Polygon: autoDraw = True
1185.7839 	EXP 	unnamed Polygon: autoDraw = True
1185.8000 	EXP 	unnamed Polygon: autoDraw = True
1185.8164 	EXP 	unnamed Polygon: autoDraw = True
1185.8338 	EXP 	unnamed Polygon: autoDraw = True
1185.8512 	EXP 	unnamed Polygon: autoDraw = True
1185.8677 	EXP 	unnamed Polygon: autoDraw = True
1185.8850 	EXP 	unnamed Polygon: autoDraw = True
1185.9004 	EXP 	unnamed Polygon: autoDraw = True
1185.9179 	EXP 	unnamed Polygon: autoDraw = True
1185.9353 	EXP 	unnamed Polygon: autoDraw = True
1185.9505 	EXP 	unnamed Polygon: autoDraw = True
1185.9685 	EXP 	unnamed Polygon: autoDraw = False
1187.0693 	EXP 	trial_feedback: height = 0.09
1187.0693 	EXP 	trial_feedback: height = 0.09
1187.0693 	EXP 	trial_feedback: height = 0.09
1187.0693 	EXP 	trial_feedback: text = 'Miss!\n$0.00'
1187.0693 	EXP 	trial_feedback: autoDraw = True
1189.0673 	EXP 	trial_feedback: autoDraw = False
1189.0843 	EXP 	trial_feedback: autoDraw = False
1189.0843 	EXP 	exp_feedback: autoDraw = False
1195.2848 	EXP 	unnamed Polygon: autoDraw = True
1195.2848 	EXP 	unnamed Polygon: autoDraw = True
1195.3010 	EXP 	unnamed Polygon: autoDraw = True
1195.3172 	EXP 	unnamed Polygon: autoDraw = True
1195.3342 	EXP 	unnamed Polygon: autoDraw = True
1195.3507 	EXP 	unnamed Polygon: autoDraw = True
1195.3678 	EXP 	unnamed Polygon: autoDraw = True
1195.3846 	EXP 	unnamed Polygon: autoDraw = True
1195.4018 	EXP 	unnamed Polygon: autoDraw = True
1195.4171 	EXP 	unnamed Polygon: autoDraw = True
1195.4340 	EXP 	unnamed Polygon: autoDraw = True
1195.4506 	EXP 	unnamed Polygon: autoDraw = True
1195.4673 	EXP 	unnamed Polygon: autoDraw = True
1195.4845 	EXP 	unnamed Polygon: autoDraw = True
1195.5009 	EXP 	unnamed Polygon: autoDraw = True
1195.5173 	EXP 	unnamed Polygon: autoDraw = True
1195.5348 	EXP 	unnamed Polygon: autoDraw = True
1195.5509 	EXP 	unnamed Polygon: autoDraw = True
1195.5671 	EXP 	unnamed Polygon: autoDraw = True
1195.5845 	EXP 	unnamed Polygon: autoDraw = True
1195.6009 	EXP 	unnamed Polygon: autoDraw = True
1195.6173 	EXP 	unnamed Polygon: autoDraw = True
1195.6347 	EXP 	unnamed Polygon: autoDraw = True
1195.6508 	EXP 	unnamed Polygon: autoDraw = True
1195.6670 	EXP 	unnamed Polygon: autoDraw = True
1195.6847 	EXP 	unnamed Polygon: autoDraw = True
1195.7018 	EXP 	unnamed Polygon: autoDraw = True
1195.7180 	EXP 	unnamed Polygon: autoDraw = True
1195.7340 	EXP 	unnamed Polygon: autoDraw = True
1195.7511 	EXP 	unnamed Polygon: autoDraw = True
1195.7672 	EXP 	unnamed Polygon: autoDraw = True
1195.7845 	EXP 	unnamed Polygon: autoDraw = True
1195.8007 	EXP 	unnamed Polygon: autoDraw = True
1195.8170 	EXP 	unnamed Polygon: autoDraw = True
1195.8347 	EXP 	unnamed Polygon: autoDraw = True
1195.8511 	EXP 	unnamed Polygon: autoDraw = True
1195.8672 	EXP 	unnamed Polygon: autoDraw = True
1195.8842 	EXP 	unnamed Polygon: autoDraw = True
1195.9006 	EXP 	unnamed Polygon: autoDraw = True
1195.9172 	EXP 	unnamed Polygon: autoDraw = True
1195.9344 	EXP 	unnamed Polygon: autoDraw = True
1195.9507 	EXP 	unnamed Polygon: autoDraw = True
1195.9673 	EXP 	unnamed Polygon: autoDraw = True
1195.9840 	EXP 	unnamed Polygon: autoDraw = True
1196.0012 	EXP 	unnamed Polygon: autoDraw = False
1197.0848 	EXP 	trial_feedback: text = 'Miss!\n$0.00'
1197.0848 	EXP 	trial_feedback: autoDraw = True
1199.0839 	EXP 	trial_feedback: autoDraw = False
1199.1007 	EXP 	trial_feedback: autoDraw = False
1199.1007 	EXP 	exp_feedback: autoDraw = False
1207.3358 	EXP 	unnamed Polygon: autoDraw = True
1207.3358 	EXP 	unnamed Polygon: autoDraw = True
1207.3518 	EXP 	unnamed Polygon: autoDraw = True
1207.3682 	EXP 	unnamed Polygon: autoDraw = True
1207.3858 	EXP 	unnamed Polygon: autoDraw = True
1207.4019 	EXP 	unnamed Polygon: autoDraw = True
1207.4190 	EXP 	unnamed Polygon: autoDraw = True
1207.4355 	EXP 	unnamed Polygon: autoDraw = True
1207.4516 	EXP 	unnamed Polygon: autoDraw = True
1207.4687 	EXP 	unnamed Polygon: autoDraw = True
1207.4856 	EXP 	unnamed Polygon: autoDraw = True
1207.5019 	EXP 	unnamed Polygon: autoDraw = True
1207.5186 	EXP 	unnamed Polygon: autoDraw = True
1207.5352 	EXP 	unnamed Polygon: autoDraw = True
1207.5517 	EXP 	unnamed Polygon: autoDraw = True
1207.5686 	EXP 	unnamed Polygon: autoDraw = True
1207.5851 	EXP 	unnamed Polygon: autoDraw = True
1207.6019 	EXP 	unnamed Polygon: autoDraw = True
1207.6183 	EXP 	unnamed Polygon: autoDraw = True
1207.6351 	EXP 	unnamed Polygon: autoDraw = True
1207.6515 	EXP 	unnamed Polygon: autoDraw = True
1207.6681 	EXP 	unnamed Polygon: autoDraw = True
1207.6851 	EXP 	unnamed Polygon: autoDraw = True
1207.7017 	EXP 	unnamed Polygon: autoDraw = True
1207.7181 	EXP 	unnamed Polygon: autoDraw = True
1207.7348 	EXP 	unnamed Polygon: autoDraw = True
1207.7516 	EXP 	unnamed Polygon: autoDraw = True
1207.7682 	EXP 	unnamed Polygon: autoDraw = True
1207.7852 	EXP 	unnamed Polygon: autoDraw = True
1207.8013 	EXP 	unnamed Polygon: autoDraw = True
1207.8182 	EXP 	unnamed Polygon: autoDraw = True
1207.8349 	EXP 	unnamed Polygon: autoDraw = True
1207.8515 	EXP 	unnamed Polygon: autoDraw = True
1207.8681 	EXP 	unnamed Polygon: autoDraw = True
1207.8849 	EXP 	unnamed Polygon: autoDraw = True
1207.9019 	EXP 	unnamed Polygon: autoDraw = True
1207.9182 	EXP 	unnamed Polygon: autoDraw = True
1207.9348 	EXP 	unnamed Polygon: autoDraw = True
1207.9515 	EXP 	unnamed Polygon: autoDraw = True
1207.9679 	EXP 	unnamed Polygon: autoDraw = True
1207.9848 	EXP 	unnamed Polygon: autoDraw = True
1208.0024 	EXP 	unnamed Polygon: autoDraw = True
1208.0181 	EXP 	unnamed Polygon: autoDraw = True
1208.0347 	EXP 	unnamed Polygon: autoDraw = True
1208.0516 	EXP 	unnamed Polygon: autoDraw = True
1208.0679 	EXP 	unnamed Polygon: autoDraw = False
1209.1181 	EXP 	trial_feedback: text = 'Miss!\n$0.00'
1209.1181 	EXP 	trial_feedback: autoDraw = True
1211.1185 	EXP 	trial_feedback: autoDraw = False
1211.1353 	EXP 	trial_feedback: autoDraw = False
1211.1353 	EXP 	exp_feedback: autoDraw = False
1219.1527 	EXP 	unnamed Polygon: autoDraw = True
1219.1527 	EXP 	unnamed Polygon: autoDraw = True
1219.1697 	EXP 	unnamed Polygon: autoDraw = True
1219.1860 	EXP 	unnamed Polygon: autoDraw = True
1219.2023 	EXP 	unnamed Polygon: autoDraw = True
1219.2191 	EXP 	unnamed Polygon: autoDraw = True
1219.2363 	EXP 	unnamed Polygon: autoDraw = True
1219.2523 	EXP 	unnamed Polygon: autoDraw = True
1219.2691 	EXP 	unnamed Polygon: autoDraw = True
1219.2858 	EXP 	unnamed Polygon: autoDraw = True
1219.3022 	EXP 	unnamed Polygon: autoDraw = True
1219.3191 	EXP 	unnamed Polygon: autoDraw = True
1219.3361 	EXP 	unnamed Polygon: autoDraw = True
1219.3526 	EXP 	unnamed Polygon: autoDraw = True
1219.3692 	EXP 	unnamed Polygon: autoDraw = True
1219.3863 	EXP 	unnamed Polygon: autoDraw = True
1219.4028 	EXP 	unnamed Polygon: autoDraw = True
1219.4192 	EXP 	unnamed Polygon: autoDraw = True
1219.4362 	EXP 	unnamed Polygon: autoDraw = True
1219.4526 	EXP 	unnamed Polygon: autoDraw = True
1219.4691 	EXP 	unnamed Polygon: autoDraw = True
1219.4862 	EXP 	unnamed Polygon: autoDraw = True
1219.5026 	EXP 	unnamed Polygon: autoDraw = True
1219.5192 	EXP 	unnamed Polygon: autoDraw = True
1219.5364 	EXP 	unnamed Polygon: autoDraw = True
1219.5522 	EXP 	unnamed Polygon: autoDraw = True
1219.5695 	EXP 	unnamed Polygon: autoDraw = True
1219.5862 	EXP 	unnamed Polygon: autoDraw = True
1219.6023 	EXP 	unnamed Polygon: autoDraw = True
1219.6192 	EXP 	unnamed Polygon: autoDraw = True
1219.6363 	EXP 	unnamed Polygon: autoDraw = True
1219.6523 	EXP 	unnamed Polygon: autoDraw = True
1219.6697 	EXP 	unnamed Polygon: autoDraw = True
1219.6860 	EXP 	unnamed Polygon: autoDraw = True
1219.7027 	EXP 	unnamed Polygon: autoDraw = True
1219.7191 	EXP 	unnamed Polygon: autoDraw = True
1219.7363 	EXP 	unnamed Polygon: autoDraw = True
1219.7524 	EXP 	unnamed Polygon: autoDraw = True
1219.7692 	EXP 	unnamed Polygon: autoDraw = True
1219.7862 	EXP 	unnamed Polygon: autoDraw = True
1219.8027 	EXP 	unnamed Polygon: autoDraw = True
1219.8193 	EXP 	unnamed Polygon: autoDraw = True
1219.8363 	EXP 	unnamed Polygon: autoDraw = True
1219.8522 	EXP 	unnamed Polygon: autoDraw = True
1219.8691 	EXP 	unnamed Polygon: autoDraw = False
1221.1358 	EXP 	trial_feedback: text = 'Miss!\n$0.00'
1221.1358 	EXP 	trial_feedback: autoDraw = True
1223.1368 	EXP 	trial_feedback: autoDraw = False
1223.1368 	EXP 	exp_feedback: autoDraw = False
1229.5532 	EXP 	unnamed Polygon: autoDraw = True
1229.5532 	EXP 	unnamed Polygon: autoDraw = True
1229.5700 	EXP 	unnamed Polygon: autoDraw = True
1229.5864 	EXP 	unnamed Polygon: autoDraw = True
1229.6028 	EXP 	unnamed Polygon: autoDraw = True
1229.6200 	EXP 	unnamed Polygon: autoDraw = True
1229.6370 	EXP 	unnamed Polygon: autoDraw = True
1229.6529 	EXP 	unnamed Polygon: autoDraw = True
1229.6701 	EXP 	unnamed Polygon: autoDraw = True
1229.6869 	EXP 	unnamed Polygon: autoDraw = True
1229.7036 	EXP 	unnamed Polygon: autoDraw = True
1229.7207 	EXP 	unnamed Polygon: autoDraw = True
1229.7368 	EXP 	unnamed Polygon: autoDraw = True
1229.7534 	EXP 	unnamed Polygon: autoDraw = True
1229.7701 	EXP 	unnamed Polygon: autoDraw = True
1229.7863 	EXP 	unnamed Polygon: autoDraw = True
1229.8027 	EXP 	unnamed Polygon: autoDraw = True
1229.8200 	EXP 	unnamed Polygon: autoDraw = True
1229.8368 	EXP 	unnamed Polygon: autoDraw = True
1229.8527 	EXP 	unnamed Polygon: autoDraw = True
1229.8698 	EXP 	unnamed Polygon: autoDraw = True
1229.8863 	EXP 	unnamed Polygon: autoDraw = True
1229.9027 	EXP 	unnamed Polygon: autoDraw = True
1229.9201 	EXP 	unnamed Polygon: autoDraw = True
1229.9367 	EXP 	unnamed Polygon: autoDraw = True
1229.9529 	EXP 	unnamed Polygon: autoDraw = True
1229.9702 	EXP 	unnamed Polygon: autoDraw = True
1229.9862 	EXP 	unnamed Polygon: autoDraw = True
1230.0027 	EXP 	unnamed Polygon: autoDraw = True
1230.0197 	EXP 	unnamed Polygon: autoDraw = True
1230.0360 	EXP 	unnamed Polygon: autoDraw = True
1230.0527 	EXP 	unnamed Polygon: autoDraw = True
1230.0698 	EXP 	unnamed Polygon: autoDraw = True
1230.0864 	EXP 	unnamed Polygon: autoDraw = True
1230.1027 	EXP 	unnamed Polygon: autoDraw = True
1230.1199 	EXP 	unnamed Polygon: autoDraw = True
1230.1367 	EXP 	unnamed Polygon: autoDraw = True
1230.1530 	EXP 	unnamed Polygon: autoDraw = True
1230.1703 	EXP 	unnamed Polygon: autoDraw = True
1230.1866 	EXP 	unnamed Polygon: autoDraw = True
1230.2031 	EXP 	unnamed Polygon: autoDraw = True
1230.2201 	EXP 	unnamed Polygon: autoDraw = True
1230.2369 	EXP 	unnamed Polygon: autoDraw = True
1230.2530 	EXP 	unnamed Polygon: autoDraw = True
1230.2702 	EXP 	unnamed Polygon: autoDraw = False
1231.1706 	EXP 	trial_feedback: height = 0.09
1231.1706 	EXP 	trial_feedback: height = 0.09
1231.1706 	EXP 	trial_feedback: height = 0.09
1231.1706 	EXP 	trial_feedback: text = 'Miss!\n-$5.00'
1231.1706 	EXP 	trial_feedback: autoDraw = True
1233.1703 	EXP 	trial_feedback: autoDraw = False
1233.1703 	EXP 	exp_feedback: autoDraw = False
1241.2380 	EXP 	unnamed Polygon: autoDraw = True
1241.2380 	EXP 	unnamed Polygon: autoDraw = True
1241.2546 	EXP 	unnamed Polygon: autoDraw = True
1241.2718 	EXP 	unnamed Polygon: autoDraw = True
1241.2878 	EXP 	unnamed Polygon: autoDraw = True
1241.3049 	EXP 	unnamed Polygon: autoDraw = True
1241.3220 	EXP 	unnamed Polygon: autoDraw = True
1241.3379 	EXP 	unnamed Polygon: autoDraw = True
1241.3544 	EXP 	unnamed Polygon: autoDraw = True
1241.3723 	EXP 	unnamed Polygon: autoDraw = True
1241.3876 	EXP 	unnamed Polygon: autoDraw = True
1241.4047 	EXP 	unnamed Polygon: autoDraw = True
1241.4223 	EXP 	unnamed Polygon: autoDraw = True
1241.4377 	EXP 	unnamed Polygon: autoDraw = True
1241.4543 	EXP 	unnamed Polygon: autoDraw = True
1241.4708 	EXP 	unnamed Polygon: autoDraw = True
1241.4873 	EXP 	unnamed Polygon: autoDraw = True
1241.5037 	EXP 	unnamed Polygon: autoDraw = True
1241.5208 	EXP 	unnamed Polygon: autoDraw = True
1241.5371 	EXP 	unnamed Polygon: autoDraw = True
1241.5538 	EXP 	unnamed Polygon: autoDraw = True
1241.5708 	EXP 	unnamed Polygon: autoDraw = True
1241.5870 	EXP 	unnamed Polygon: autoDraw = True
1241.6039 	EXP 	unnamed Polygon: autoDraw = True
1241.6211 	EXP 	unnamed Polygon: autoDraw = True
1241.6376 	EXP 	unnamed Polygon: autoDraw = True
1241.6539 	EXP 	unnamed Polygon: autoDraw = True
1241.6718 	EXP 	unnamed Polygon: autoDraw = True
1241.6882 	EXP 	unnamed Polygon: autoDraw = True
1241.7050 	EXP 	unnamed Polygon: autoDraw = True
1241.7215 	EXP 	unnamed Polygon: autoDraw = True
1241.7385 	EXP 	unnamed Polygon: autoDraw = True
1241.7541 	EXP 	unnamed Polygon: autoDraw = True
1241.7720 	EXP 	unnamed Polygon: autoDraw = True
1241.7882 	EXP 	unnamed Polygon: autoDraw = True
1241.8050 	EXP 	unnamed Polygon: autoDraw = True
1241.8221 	EXP 	unnamed Polygon: autoDraw = True
1241.8379 	EXP 	unnamed Polygon: autoDraw = True
1241.8542 	EXP 	unnamed Polygon: autoDraw = True
1241.8718 	EXP 	unnamed Polygon: autoDraw = True
1241.8877 	EXP 	unnamed Polygon: autoDraw = True
1241.9050 	EXP 	unnamed Polygon: autoDraw = True
1241.9241 	EXP 	unnamed Polygon: autoDraw = True
1241.9378 	EXP 	unnamed Polygon: autoDraw = True
1241.9544 	EXP 	unnamed Polygon: autoDraw = True
1241.9718 	EXP 	unnamed Polygon: autoDraw = False
1243.1708 	EXP 	trial_feedback: height = 0.09
1243.1708 	EXP 	trial_feedback: height = 0.09
1243.1708 	EXP 	trial_feedback: height = 0.09
1243.1708 	EXP 	trial_feedback: text = 'Miss!\n$0.00'
1243.1708 	EXP 	trial_feedback: autoDraw = True
1245.1709 	EXP 	trial_feedback: autoDraw = False
1245.1709 	EXP 	exp_feedback: autoDraw = False
1255.6045 	EXP 	unnamed Polygon: autoDraw = True
1255.6045 	EXP 	unnamed Polygon: autoDraw = True
1255.6216 	EXP 	unnamed Polygon: autoDraw = True
1255.6390 	EXP 	unnamed Polygon: autoDraw = True
1255.6557 	EXP 	unnamed Polygon: autoDraw = True
1255.6726 	EXP 	unnamed Polygon: autoDraw = True
1255.6880 	EXP 	unnamed Polygon: autoDraw = True
1255.7047 	EXP 	unnamed Polygon: autoDraw = True
1255.7213 	EXP 	unnamed Polygon: autoDraw = True
1255.7382 	EXP 	unnamed Polygon: autoDraw = True
1255.7552 	EXP 	unnamed Polygon: autoDraw = True
1255.7723 	EXP 	unnamed Polygon: autoDraw = True
1255.7886 	EXP 	unnamed Polygon: autoDraw = True
1255.8048 	EXP 	unnamed Polygon: autoDraw = True
1255.8219 	EXP 	unnamed Polygon: autoDraw = True
1255.8387 	EXP 	unnamed Polygon: autoDraw = True
1255.8548 	EXP 	unnamed Polygon: autoDraw = True
1255.8721 	EXP 	unnamed Polygon: autoDraw = True
1255.8889 	EXP 	unnamed Polygon: autoDraw = True
1255.9056 	EXP 	unnamed Polygon: autoDraw = True
1255.9236 	EXP 	unnamed Polygon: autoDraw = True
1255.9391 	EXP 	unnamed Polygon: autoDraw = True
1255.9552 	EXP 	unnamed Polygon: autoDraw = True
1255.9755 	EXP 	unnamed Polygon: autoDraw = True
1255.9892 	EXP 	unnamed Polygon: autoDraw = True
1256.0047 	EXP 	unnamed Polygon: autoDraw = True
1256.0231 	EXP 	unnamed Polygon: autoDraw = True
1256.0391 	EXP 	unnamed Polygon: autoDraw = True
1256.0560 	EXP 	unnamed Polygon: autoDraw = True
1256.0728 	EXP 	unnamed Polygon: autoDraw = True
1256.0890 	EXP 	unnamed Polygon: autoDraw = True
1256.1058 	EXP 	unnamed Polygon: autoDraw = True
1256.1233 	EXP 	unnamed Polygon: autoDraw = True
1256.1392 	EXP 	unnamed Polygon: autoDraw = True
1256.1557 	EXP 	unnamed Polygon: autoDraw = True
1256.1733 	EXP 	unnamed Polygon: autoDraw = True
1256.1887 	EXP 	unnamed Polygon: autoDraw = True
1256.2060 	EXP 	unnamed Polygon: autoDraw = True
1256.2231 	EXP 	unnamed Polygon: autoDraw = True
1256.2387 	EXP 	unnamed Polygon: autoDraw = True
1256.2559 	EXP 	unnamed Polygon: autoDraw = True
1256.2727 	EXP 	unnamed Polygon: autoDraw = True
1256.2889 	EXP 	unnamed Polygon: autoDraw = True
1256.3084 	EXP 	unnamed Polygon: autoDraw = True
1256.3234 	EXP 	unnamed Polygon: autoDraw = True
1256.3390 	EXP 	unnamed Polygon: autoDraw = True
1256.3560 	EXP 	unnamed Polygon: autoDraw = False
1257.1880 	EXP 	trial_feedback: text = 'Miss!\n$0.00'
1257.1880 	EXP 	trial_feedback: autoDraw = True
1259.1887 	EXP 	trial_feedback: autoDraw = False
1259.1887 	EXP 	exp_feedback: autoDraw = False
1269.6392 	EXP 	unnamed Polygon: autoDraw = True
1269.6392 	EXP 	unnamed Polygon: autoDraw = True
1269.6556 	EXP 	unnamed Polygon: autoDraw = True
1269.6731 	EXP 	unnamed Polygon: autoDraw = True
1269.6892 	EXP 	unnamed Polygon: autoDraw = True
1269.7060 	EXP 	unnamed Polygon: autoDraw = True
1269.7225 	EXP 	unnamed Polygon: autoDraw = True
1269.7388 	EXP 	unnamed Polygon: autoDraw = True
1269.7563 	EXP 	unnamed Polygon: autoDraw = True
1269.7726 	EXP 	unnamed Polygon: autoDraw = True
1269.7893 	EXP 	unnamed Polygon: autoDraw = True
1269.8058 	EXP 	unnamed Polygon: autoDraw = True
1269.8224 	EXP 	unnamed Polygon: autoDraw = True
1269.8389 	EXP 	unnamed Polygon: autoDraw = True
1269.8557 	EXP 	unnamed Polygon: autoDraw = True
1269.8726 	EXP 	unnamed Polygon: autoDraw = True
1269.8894 	EXP 	unnamed Polygon: autoDraw = True
1269.9056 	EXP 	unnamed Polygon: autoDraw = True
1269.9226 	EXP 	unnamed Polygon: autoDraw = True
1269.9394 	EXP 	unnamed Polygon: autoDraw = True
1269.9556 	EXP 	unnamed Polygon: autoDraw = True
1269.9730 	EXP 	unnamed Polygon: autoDraw = True
1269.9892 	EXP 	unnamed Polygon: autoDraw = True
1270.0056 	EXP 	unnamed Polygon: autoDraw = True
1270.0227 	EXP 	unnamed Polygon: autoDraw = True
1270.0390 	EXP 	unnamed Polygon: autoDraw = True
1270.0554 	EXP 	unnamed Polygon: autoDraw = True
1270.0729 	EXP 	unnamed Polygon: autoDraw = True
1270.0894 	EXP 	unnamed Polygon: autoDraw = True
1270.1071 	EXP 	unnamed Polygon: autoDraw = True
1270.1226 	EXP 	unnamed Polygon: autoDraw = True
1270.1392 	EXP 	unnamed Polygon: autoDraw = True
1270.1556 	EXP 	unnamed Polygon: autoDraw = True
1270.1726 	EXP 	unnamed Polygon: autoDraw = True
1270.1892 	EXP 	unnamed Polygon: autoDraw = True
1270.2059 	EXP 	unnamed Polygon: autoDraw = True
1270.2227 	EXP 	unnamed Polygon: autoDraw = True
1270.2393 	EXP 	unnamed Polygon: autoDraw = True
1270.2569 	EXP 	unnamed Polygon: autoDraw = True
1270.2741 	EXP 	unnamed Polygon: autoDraw = True
1270.2895 	EXP 	unnamed Polygon: autoDraw = True
1270.3069 	EXP 	unnamed Polygon: autoDraw = True
1270.3241 	EXP 	unnamed Polygon: autoDraw = True
1270.3392 	EXP 	unnamed Polygon: autoDraw = True
1270.3557 	EXP 	unnamed Polygon: autoDraw = True
1270.3727 	EXP 	unnamed Polygon: autoDraw = False
1271.2072 	EXP 	trial_feedback: text = 'Miss!\n$0.00'
1271.2072 	EXP 	trial_feedback: autoDraw = True
1273.2058 	EXP 	trial_feedback: autoDraw = False
1273.2232 	EXP 	trial_feedback: autoDraw = False
1273.2232 	EXP 	exp_feedback: autoDraw = False
1281.6066 	EXP 	unnamed Polygon: autoDraw = True
1281.6066 	EXP 	unnamed Polygon: autoDraw = True
1281.6237 	EXP 	unnamed Polygon: autoDraw = True
1281.6401 	EXP 	unnamed Polygon: autoDraw = True
1281.6567 	EXP 	unnamed Polygon: autoDraw = True
1281.6735 	EXP 	unnamed Polygon: autoDraw = True
1281.6900 	EXP 	unnamed Polygon: autoDraw = True
1281.7064 	EXP 	unnamed Polygon: autoDraw = True
1281.7233 	EXP 	unnamed Polygon: autoDraw = True
1281.7405 	EXP 	unnamed Polygon: autoDraw = True
1281.7570 	EXP 	unnamed Polygon: autoDraw = True
1281.7736 	EXP 	unnamed Polygon: autoDraw = True
1281.7900 	EXP 	unnamed Polygon: autoDraw = True
1281.8066 	EXP 	unnamed Polygon: autoDraw = True
1281.8235 	EXP 	unnamed Polygon: autoDraw = True
1281.8403 	EXP 	unnamed Polygon: autoDraw = True
1281.8563 	EXP 	unnamed Polygon: autoDraw = True
1281.8738 	EXP 	unnamed Polygon: autoDraw = True
1281.8905 	EXP 	unnamed Polygon: autoDraw = True
1281.9066 	EXP 	unnamed Polygon: autoDraw = True
1281.9236 	EXP 	unnamed Polygon: autoDraw = True
1281.9407 	EXP 	unnamed Polygon: autoDraw = True
1281.9566 	EXP 	unnamed Polygon: autoDraw = True
1281.9738 	EXP 	unnamed Polygon: autoDraw = True
1281.9901 	EXP 	unnamed Polygon: autoDraw = True
1282.0063 	EXP 	unnamed Polygon: autoDraw = True
1282.0238 	EXP 	unnamed Polygon: autoDraw = True
1282.0401 	EXP 	unnamed Polygon: autoDraw = True
1282.0569 	EXP 	unnamed Polygon: autoDraw = True
1282.0734 	EXP 	unnamed Polygon: autoDraw = True
1282.0902 	EXP 	unnamed Polygon: autoDraw = True
1282.1066 	EXP 	unnamed Polygon: autoDraw = True
1282.1232 	EXP 	unnamed Polygon: autoDraw = True
1282.1401 	EXP 	unnamed Polygon: autoDraw = True
1282.1568 	EXP 	unnamed Polygon: autoDraw = True
1282.1736 	EXP 	unnamed Polygon: autoDraw = True
1282.1896 	EXP 	unnamed Polygon: autoDraw = True
1282.2065 	EXP 	unnamed Polygon: autoDraw = True
1282.2237 	EXP 	unnamed Polygon: autoDraw = True
1282.2397 	EXP 	unnamed Polygon: autoDraw = True
1282.2565 	EXP 	unnamed Polygon: autoDraw = True
1282.2733 	EXP 	unnamed Polygon: autoDraw = True
1282.2896 	EXP 	unnamed Polygon: autoDraw = True
1282.3066 	EXP 	unnamed Polygon: autoDraw = True
1282.3232 	EXP 	unnamed Polygon: autoDraw = True
1282.3397 	EXP 	unnamed Polygon: autoDraw = True
1282.3565 	EXP 	unnamed Polygon: autoDraw = True
1282.3732 	EXP 	unnamed Polygon: autoDraw = True
1282.3902 	EXP 	unnamed Polygon: autoDraw = False
1283.2407 	EXP 	trial_feedback: text = 'Miss!\n$0.00'
1283.2407 	EXP 	trial_feedback: autoDraw = True
1285.2403 	EXP 	trial_feedback: autoDraw = False
1285.2569 	EXP 	trial_feedback: autoDraw = False
1285.2569 	EXP 	exp_feedback: autoDraw = False
1295.7259 	EXP 	unnamed Polygon: autoDraw = True
1295.7259 	EXP 	unnamed Polygon: autoDraw = True
1295.7415 	EXP 	unnamed Polygon: autoDraw = True
1295.7591 	EXP 	unnamed Polygon: autoDraw = True
1295.7756 	EXP 	unnamed Polygon: autoDraw = True
1295.7913 	EXP 	unnamed Polygon: autoDraw = True
1295.8078 	EXP 	unnamed Polygon: autoDraw = True
1295.8259 	EXP 	unnamed Polygon: autoDraw = True
1295.8413 	EXP 	unnamed Polygon: autoDraw = True
1295.8577 	EXP 	unnamed Polygon: autoDraw = True
1295.8757 	EXP 	unnamed Polygon: autoDraw = True
1295.8917 	EXP 	unnamed Polygon: autoDraw = True
1295.9085 	EXP 	unnamed Polygon: autoDraw = True
1295.9261 	EXP 	unnamed Polygon: autoDraw = True
1295.9413 	EXP 	unnamed Polygon: autoDraw = True
1295.9579 	EXP 	unnamed Polygon: autoDraw = True
1295.9750 	EXP 	unnamed Polygon: autoDraw = True
1295.9917 	EXP 	unnamed Polygon: autoDraw = True
1296.0077 	EXP 	unnamed Polygon: autoDraw = True
1296.0260 	EXP 	unnamed Polygon: autoDraw = True
1296.0415 	EXP 	unnamed Polygon: autoDraw = True
1296.0583 	EXP 	unnamed Polygon: autoDraw = True
1296.0753 	EXP 	unnamed Polygon: autoDraw = True
1296.0916 	EXP 	unnamed Polygon: autoDraw = True
1296.1074 	EXP 	unnamed Polygon: autoDraw = True
1296.1262 	EXP 	unnamed Polygon: autoDraw = True
1296.1418 	EXP 	unnamed Polygon: autoDraw = True
1296.1584 	EXP 	unnamed Polygon: autoDraw = True
1296.1752 	EXP 	unnamed Polygon: autoDraw = True
1296.1916 	EXP 	unnamed Polygon: autoDraw = True
1296.2077 	EXP 	unnamed Polygon: autoDraw = True
1296.2257 	EXP 	unnamed Polygon: autoDraw = True
1296.2421 	EXP 	unnamed Polygon: autoDraw = True
1296.2581 	EXP 	unnamed Polygon: autoDraw = True
1296.2750 	EXP 	unnamed Polygon: autoDraw = True
1296.2917 	EXP 	unnamed Polygon: autoDraw = True
1296.3080 	EXP 	unnamed Polygon: autoDraw = True
1296.3246 	EXP 	unnamed Polygon: autoDraw = True
1296.3410 	EXP 	unnamed Polygon: autoDraw = True
1296.3576 	EXP 	unnamed Polygon: autoDraw = True
1296.3745 	EXP 	unnamed Polygon: autoDraw = True
1296.3912 	EXP 	unnamed Polygon: autoDraw = True
1296.4073 	EXP 	unnamed Polygon: autoDraw = True
1296.4247 	EXP 	unnamed Polygon: autoDraw = True
1296.4413 	EXP 	unnamed Polygon: autoDraw = True
1296.4577 	EXP 	unnamed Polygon: autoDraw = True
1296.4743 	EXP 	unnamed Polygon: autoDraw = True
1296.4908 	EXP 	unnamed Polygon: autoDraw = False
1297.2918 	EXP 	trial_feedback: text = 'Miss!\n$0.00'
1297.2918 	EXP 	trial_feedback: autoDraw = True
1299.2912 	EXP 	trial_feedback: autoDraw = False
1299.3078 	EXP 	trial_feedback: autoDraw = False
1299.3078 	EXP 	exp_feedback: autoDraw = False
1309.4582 	EXP 	unnamed Polygon: autoDraw = True
1309.4582 	EXP 	unnamed Polygon: autoDraw = True
1309.4748 	EXP 	unnamed Polygon: autoDraw = True
1309.4920 	EXP 	unnamed Polygon: autoDraw = True
1309.5093 	EXP 	unnamed Polygon: autoDraw = True
1309.5253 	EXP 	unnamed Polygon: autoDraw = True
1309.5420 	EXP 	unnamed Polygon: autoDraw = True
1309.5582 	EXP 	unnamed Polygon: autoDraw = True
1309.5763 	EXP 	unnamed Polygon: autoDraw = True
1309.5929 	EXP 	unnamed Polygon: autoDraw = True
1309.6096 	EXP 	unnamed Polygon: autoDraw = True
1309.6249 	EXP 	unnamed Polygon: autoDraw = True
1309.6423 	EXP 	unnamed Polygon: autoDraw = True
1309.6583 	EXP 	unnamed Polygon: autoDraw = True
1309.6751 	EXP 	unnamed Polygon: autoDraw = True
1309.6924 	EXP 	unnamed Polygon: autoDraw = True
1309.7084 	EXP 	unnamed Polygon: autoDraw = True
1309.7251 	EXP 	unnamed Polygon: autoDraw = True
1309.7422 	EXP 	unnamed Polygon: autoDraw = True
1309.7589 	EXP 	unnamed Polygon: autoDraw = True
1309.7749 	EXP 	unnamed Polygon: autoDraw = True
1309.7919 	EXP 	unnamed Polygon: autoDraw = True
1309.8092 	EXP 	unnamed Polygon: autoDraw = True
1309.8264 	EXP 	unnamed Polygon: autoDraw = True
1309.8428 	EXP 	unnamed Polygon: autoDraw = True
1309.8597 	EXP 	unnamed Polygon: autoDraw = True
1309.8761 	EXP 	unnamed Polygon: autoDraw = True
1309.8923 	EXP 	unnamed Polygon: autoDraw = True
1309.9094 	EXP 	unnamed Polygon: autoDraw = True
1309.9261 	EXP 	unnamed Polygon: autoDraw = True
1309.9426 	EXP 	unnamed Polygon: autoDraw = True
1309.9596 	EXP 	unnamed Polygon: autoDraw = True
1309.9763 	EXP 	unnamed Polygon: autoDraw = True
1309.9924 	EXP 	unnamed Polygon: autoDraw = True
1310.0097 	EXP 	unnamed Polygon: autoDraw = True
1310.0262 	EXP 	unnamed Polygon: autoDraw = True
1310.0423 	EXP 	unnamed Polygon: autoDraw = True
1310.0597 	EXP 	unnamed Polygon: autoDraw = True
1310.0762 	EXP 	unnamed Polygon: autoDraw = True
1310.0925 	EXP 	unnamed Polygon: autoDraw = True
1310.1096 	EXP 	unnamed Polygon: autoDraw = True
1310.1263 	EXP 	unnamed Polygon: autoDraw = True
1310.1425 	EXP 	unnamed Polygon: autoDraw = True
1310.1595 	EXP 	unnamed Polygon: autoDraw = True
1310.1762 	EXP 	unnamed Polygon: autoDraw = True
1310.1927 	EXP 	unnamed Polygon: autoDraw = False
1311.3258 	EXP 	trial_feedback: height = 0.09
1311.3258 	EXP 	trial_feedback: height = 0.09
1311.3258 	EXP 	trial_feedback: height = 0.09
1311.3258 	EXP 	trial_feedback: text = 'Miss!\n-$1.50'
1311.3258 	EXP 	trial_feedback: autoDraw = True
1313.3265 	EXP 	trial_feedback: autoDraw = False
1313.3265 	EXP 	exp_feedback: autoDraw = False
1319.4589 	EXP 	unnamed Polygon: autoDraw = True
1319.4589 	EXP 	unnamed Polygon: autoDraw = True
1319.4761 	EXP 	unnamed Polygon: autoDraw = True
1319.4926 	EXP 	unnamed Polygon: autoDraw = True
1319.5089 	EXP 	unnamed Polygon: autoDraw = True
1319.5261 	EXP 	unnamed Polygon: autoDraw = True
1319.5427 	EXP 	unnamed Polygon: autoDraw = True
1319.5592 	EXP 	unnamed Polygon: autoDraw = True
1319.5763 	EXP 	unnamed Polygon: autoDraw = True
1319.5929 	EXP 	unnamed Polygon: autoDraw = True
1319.6090 	EXP 	unnamed Polygon: autoDraw = True
1319.6261 	EXP 	unnamed Polygon: autoDraw = True
1319.6437 	EXP 	unnamed Polygon: autoDraw = True
1319.6602 	EXP 	unnamed Polygon: autoDraw = True
1319.6774 	EXP 	unnamed Polygon: autoDraw = True
1319.6930 	EXP 	unnamed Polygon: autoDraw = True
1319.7103 	EXP 	unnamed Polygon: autoDraw = True
1319.7275 	EXP 	unnamed Polygon: autoDraw = True
1319.7435 	EXP 	unnamed Polygon: autoDraw = True
1319.7609 	EXP 	unnamed Polygon: autoDraw = True
1319.7766 	EXP 	unnamed Polygon: autoDraw = True
1319.7928 	EXP 	unnamed Polygon: autoDraw = True
1319.8093 	EXP 	unnamed Polygon: autoDraw = True
1319.8262 	EXP 	unnamed Polygon: autoDraw = True
1319.8429 	EXP 	unnamed Polygon: autoDraw = True
1319.8590 	EXP 	unnamed Polygon: autoDraw = True
1319.8762 	EXP 	unnamed Polygon: autoDraw = True
1319.8930 	EXP 	unnamed Polygon: autoDraw = True
1319.9094 	EXP 	unnamed Polygon: autoDraw = True
1319.9261 	EXP 	unnamed Polygon: autoDraw = True
1319.9430 	EXP 	unnamed Polygon: autoDraw = True
1319.9593 	EXP 	unnamed Polygon: autoDraw = True
1319.9765 	EXP 	unnamed Polygon: autoDraw = True
1319.9930 	EXP 	unnamed Polygon: autoDraw = True
1320.0090 	EXP 	unnamed Polygon: autoDraw = True
1320.0258 	EXP 	unnamed Polygon: autoDraw = True
1320.0427 	EXP 	unnamed Polygon: autoDraw = True
1320.0590 	EXP 	unnamed Polygon: autoDraw = True
1320.0760 	EXP 	unnamed Polygon: autoDraw = True
1320.0928 	EXP 	unnamed Polygon: autoDraw = True
1320.1091 	EXP 	unnamed Polygon: autoDraw = True
1320.1259 	EXP 	unnamed Polygon: autoDraw = True
1320.1429 	EXP 	unnamed Polygon: autoDraw = True
1320.1590 	EXP 	unnamed Polygon: autoDraw = True
1320.1759 	EXP 	unnamed Polygon: autoDraw = True
1320.1927 	EXP 	unnamed Polygon: autoDraw = True
1320.2104 	EXP 	unnamed Polygon: autoDraw = True
1320.2271 	EXP 	unnamed Polygon: autoDraw = False
1321.3766 	EXP 	trial_feedback: text = 'Miss!\n-$1.50'
1321.3766 	EXP 	trial_feedback: autoDraw = True
1323.3766 	EXP 	trial_feedback: autoDraw = False
1323.3766 	EXP 	exp_feedback: autoDraw = False
1329.8111 	EXP 	unnamed Polygon: autoDraw = True
1329.8111 	EXP 	unnamed Polygon: autoDraw = True
1329.8281 	EXP 	unnamed Polygon: autoDraw = True
1329.8435 	EXP 	unnamed Polygon: autoDraw = True
1329.8609 	EXP 	unnamed Polygon: autoDraw = True
1329.8778 	EXP 	unnamed Polygon: autoDraw = True
1329.8939 	EXP 	unnamed Polygon: autoDraw = True
1329.9110 	EXP 	unnamed Polygon: autoDraw = True
1329.9282 	EXP 	unnamed Polygon: autoDraw = True
1329.9439 	EXP 	unnamed Polygon: autoDraw = True
1329.9609 	EXP 	unnamed Polygon: autoDraw = True
1329.9779 	EXP 	unnamed Polygon: autoDraw = True
1329.9936 	EXP 	unnamed Polygon: autoDraw = True
1330.0110 	EXP 	unnamed Polygon: autoDraw = True
1330.0282 	EXP 	unnamed Polygon: autoDraw = True
1330.0439 	EXP 	unnamed Polygon: autoDraw = True
1330.0601 	EXP 	unnamed Polygon: autoDraw = True
1330.0773 	EXP 	unnamed Polygon: autoDraw = True
1330.0940 	EXP 	unnamed Polygon: autoDraw = True
1330.1098 	EXP 	unnamed Polygon: autoDraw = True
1330.1265 	EXP 	unnamed Polygon: autoDraw = True
1330.1431 	EXP 	unnamed Polygon: autoDraw = True
1330.1601 	EXP 	unnamed Polygon: autoDraw = True
1330.1770 	EXP 	unnamed Polygon: autoDraw = True
1330.1940 	EXP 	unnamed Polygon: autoDraw = True
1330.2098 	EXP 	unnamed Polygon: autoDraw = True
1330.2267 	EXP 	unnamed Polygon: autoDraw = True
1330.2433 	EXP 	unnamed Polygon: autoDraw = True
1330.2599 	EXP 	unnamed Polygon: autoDraw = True
1330.2764 	EXP 	unnamed Polygon: autoDraw = True
1330.2935 	EXP 	unnamed Polygon: autoDraw = True
1330.3101 	EXP 	unnamed Polygon: autoDraw = True
1330.3270 	EXP 	unnamed Polygon: autoDraw = True
1330.3439 	EXP 	unnamed Polygon: autoDraw = True
1330.3598 	EXP 	unnamed Polygon: autoDraw = True
1330.3769 	EXP 	unnamed Polygon: autoDraw = True
1330.3939 	EXP 	unnamed Polygon: autoDraw = True
1330.4100 	EXP 	unnamed Polygon: autoDraw = True
1330.4271 	EXP 	unnamed Polygon: autoDraw = True
1330.4430 	EXP 	unnamed Polygon: autoDraw = True
1330.4597 	EXP 	unnamed Polygon: autoDraw = True
1330.4764 	EXP 	unnamed Polygon: autoDraw = True
1330.4936 	EXP 	unnamed Polygon: autoDraw = True
1330.5097 	EXP 	unnamed Polygon: autoDraw = True
1330.5267 	EXP 	unnamed Polygon: autoDraw = False
1331.3935 	EXP 	trial_feedback: height = 0.09
1331.3935 	EXP 	trial_feedback: height = 0.09
1331.3935 	EXP 	trial_feedback: height = 0.09
1331.3935 	EXP 	trial_feedback: text = 'Miss!\n-$0.00'
1331.3935 	EXP 	trial_feedback: autoDraw = True
1333.3941 	EXP 	trial_feedback: autoDraw = False
1333.3941 	EXP 	exp_feedback: autoDraw = False
1339.8442 	EXP 	unnamed Polygon: autoDraw = True
1339.8442 	EXP 	unnamed Polygon: autoDraw = True
1339.8604 	EXP 	unnamed Polygon: autoDraw = True
1339.8779 	EXP 	unnamed Polygon: autoDraw = True
1339.8946 	EXP 	unnamed Polygon: autoDraw = True
1339.9108 	EXP 	unnamed Polygon: autoDraw = True
1339.9277 	EXP 	unnamed Polygon: autoDraw = True
1339.9436 	EXP 	unnamed Polygon: autoDraw = True
1339.9605 	EXP 	unnamed Polygon: autoDraw = True
1339.9772 	EXP 	unnamed Polygon: autoDraw = True
1339.9939 	EXP 	unnamed Polygon: autoDraw = True
1340.0106 	EXP 	unnamed Polygon: autoDraw = True
1340.0274 	EXP 	unnamed Polygon: autoDraw = True
1340.0443 	EXP 	unnamed Polygon: autoDraw = True
1340.0604 	EXP 	unnamed Polygon: autoDraw = True
1340.0777 	EXP 	unnamed Polygon: autoDraw = True
1340.0942 	EXP 	unnamed Polygon: autoDraw = True
1340.1104 	EXP 	unnamed Polygon: autoDraw = True
1340.1276 	EXP 	unnamed Polygon: autoDraw = True
1340.1447 	EXP 	unnamed Polygon: autoDraw = True
1340.1611 	EXP 	unnamed Polygon: autoDraw = True
1340.1770 	EXP 	unnamed Polygon: autoDraw = True
1340.1938 	EXP 	unnamed Polygon: autoDraw = True
1340.2108 	EXP 	unnamed Polygon: autoDraw = True
1340.2270 	EXP 	unnamed Polygon: autoDraw = True
1340.2438 	EXP 	unnamed Polygon: autoDraw = True
1340.2608 	EXP 	unnamed Polygon: autoDraw = True
1340.2771 	EXP 	unnamed Polygon: autoDraw = True
1340.2940 	EXP 	unnamed Polygon: autoDraw = True
1340.3105 	EXP 	unnamed Polygon: autoDraw = True
1340.3271 	EXP 	unnamed Polygon: autoDraw = True
1340.3439 	EXP 	unnamed Polygon: autoDraw = True
1340.3605 	EXP 	unnamed Polygon: autoDraw = True
1340.3781 	EXP 	unnamed Polygon: autoDraw = True
1340.3941 	EXP 	unnamed Polygon: autoDraw = True
1340.4107 	EXP 	unnamed Polygon: autoDraw = True
1340.4279 	EXP 	unnamed Polygon: autoDraw = True
1340.4442 	EXP 	unnamed Polygon: autoDraw = True
1340.4608 	EXP 	unnamed Polygon: autoDraw = True
1340.4775 	EXP 	unnamed Polygon: autoDraw = True
1340.4939 	EXP 	unnamed Polygon: autoDraw = True
1340.5110 	EXP 	unnamed Polygon: autoDraw = True
1340.5276 	EXP 	unnamed Polygon: autoDraw = True
1340.5441 	EXP 	unnamed Polygon: autoDraw = True
1340.5607 	EXP 	unnamed Polygon: autoDraw = True
1340.5773 	EXP 	unnamed Polygon: autoDraw = False
1341.4107 	EXP 	trial_feedback: text = 'Miss!\n-$0.00'
1341.4107 	EXP 	trial_feedback: autoDraw = True
1343.4106 	EXP 	trial_feedback: autoDraw = False
1343.4106 	EXP 	exp_feedback: autoDraw = False
1351.6787 	EXP 	unnamed Polygon: autoDraw = True
1351.6787 	EXP 	unnamed Polygon: autoDraw = True
1351.6949 	EXP 	unnamed Polygon: autoDraw = True
1351.7117 	EXP 	unnamed Polygon: autoDraw = True
1351.7288 	EXP 	unnamed Polygon: autoDraw = True
1351.7446 	EXP 	unnamed Polygon: autoDraw = True
1351.7619 	EXP 	unnamed Polygon: autoDraw = True
1351.7786 	EXP 	unnamed Polygon: autoDraw = True
1351.7950 	EXP 	unnamed Polygon: autoDraw = True
1351.8115 	EXP 	unnamed Polygon: autoDraw = True
1351.8288 	EXP 	unnamed Polygon: autoDraw = True
1351.8453 	EXP 	unnamed Polygon: autoDraw = True
1351.8620 	EXP 	unnamed Polygon: autoDraw = True
1351.8787 	EXP 	unnamed Polygon: autoDraw = True
1351.8950 	EXP 	unnamed Polygon: autoDraw = True
1351.9116 	EXP 	unnamed Polygon: autoDraw = True
1351.9291 	EXP 	unnamed Polygon: autoDraw = True
1351.9452 	EXP 	unnamed Polygon: autoDraw = True
1351.9620 	EXP 	unnamed Polygon: autoDraw = True
1351.9787 	EXP 	unnamed Polygon: autoDraw = True
1351.9952 	EXP 	unnamed Polygon: autoDraw = True
1352.0117 	EXP 	unnamed Polygon: autoDraw = True
1352.0288 	EXP 	unnamed Polygon: autoDraw = True
1352.0453 	EXP 	unnamed Polygon: autoDraw = True
1352.0619 	EXP 	unnamed Polygon: autoDraw = True
1352.0783 	EXP 	unnamed Polygon: autoDraw = True
1352.0952 	EXP 	unnamed Polygon: autoDraw = True
1352.1117 	EXP 	unnamed Polygon: autoDraw = True
1352.1290 	EXP 	unnamed Polygon: autoDraw = True
1352.1455 	EXP 	unnamed Polygon: autoDraw = True
1352.1620 	EXP 	unnamed Polygon: autoDraw = True
1352.1785 	EXP 	unnamed Polygon: autoDraw = True
1352.1952 	EXP 	unnamed Polygon: autoDraw = True
1352.2117 	EXP 	unnamed Polygon: autoDraw = True
1352.2289 	EXP 	unnamed Polygon: autoDraw = True
1352.2455 	EXP 	unnamed Polygon: autoDraw = True
1352.2620 	EXP 	unnamed Polygon: autoDraw = True
1352.2783 	EXP 	unnamed Polygon: autoDraw = True
1352.2949 	EXP 	unnamed Polygon: autoDraw = True
1352.3113 	EXP 	unnamed Polygon: autoDraw = True
1352.3284 	EXP 	unnamed Polygon: autoDraw = True
1352.3449 	EXP 	unnamed Polygon: autoDraw = True
1352.3614 	EXP 	unnamed Polygon: autoDraw = True
1352.3782 	EXP 	unnamed Polygon: autoDraw = True
1352.3951 	EXP 	unnamed Polygon: autoDraw = True
1352.4116 	EXP 	unnamed Polygon: autoDraw = True
1352.4282 	EXP 	unnamed Polygon: autoDraw = True
1352.4450 	EXP 	unnamed Polygon: autoDraw = True
1352.4615 	EXP 	unnamed Polygon: autoDraw = False
1353.4448 	EXP 	trial_feedback: height = 0.09
1353.4448 	EXP 	trial_feedback: height = 0.09
1353.4448 	EXP 	trial_feedback: height = 0.09
1353.4448 	EXP 	trial_feedback: text = 'Miss!\n-$1.50'
1353.4448 	EXP 	trial_feedback: autoDraw = True
1355.4458 	EXP 	trial_feedback: autoDraw = False
1355.4458 	EXP 	exp_feedback: autoDraw = False
1365.6797 	EXP 	unnamed Polygon: autoDraw = True
1365.6797 	EXP 	unnamed Polygon: autoDraw = True
1365.6963 	EXP 	unnamed Polygon: autoDraw = True
1365.7121 	EXP 	unnamed Polygon: autoDraw = True
1365.7289 	EXP 	unnamed Polygon: autoDraw = True
1365.7458 	EXP 	unnamed Polygon: autoDraw = True
1365.7622 	EXP 	unnamed Polygon: autoDraw = True
1365.7793 	EXP 	unnamed Polygon: autoDraw = True
1365.7958 	EXP 	unnamed Polygon: autoDraw = True
1365.8124 	EXP 	unnamed Polygon: autoDraw = True
1365.8290 	EXP 	unnamed Polygon: autoDraw = True
1365.8454 	EXP 	unnamed Polygon: autoDraw = True
1365.8623 	EXP 	unnamed Polygon: autoDraw = True
1365.8790 	EXP 	unnamed Polygon: autoDraw = True
1365.8958 	EXP 	unnamed Polygon: autoDraw = True
1365.9125 	EXP 	unnamed Polygon: autoDraw = True
1365.9292 	EXP 	unnamed Polygon: autoDraw = True
1365.9462 	EXP 	unnamed Polygon: autoDraw = True
1365.9623 	EXP 	unnamed Polygon: autoDraw = True
1365.9799 	EXP 	unnamed Polygon: autoDraw = True
1365.9959 	EXP 	unnamed Polygon: autoDraw = True
1366.0121 	EXP 	unnamed Polygon: autoDraw = True
1366.0300 	EXP 	unnamed Polygon: autoDraw = True
1366.0462 	EXP 	unnamed Polygon: autoDraw = True
1366.0623 	EXP 	unnamed Polygon: autoDraw = True
1366.0794 	EXP 	unnamed Polygon: autoDraw = True
1366.0956 	EXP 	unnamed Polygon: autoDraw = True
1366.1124 	EXP 	unnamed Polygon: autoDraw = True
1366.1292 	EXP 	unnamed Polygon: autoDraw = True
1366.1456 	EXP 	unnamed Polygon: autoDraw = True
1366.1625 	EXP 	unnamed Polygon: autoDraw = True
1366.1792 	EXP 	unnamed Polygon: autoDraw = True
1366.1956 	EXP 	unnamed Polygon: autoDraw = True
1366.2131 	EXP 	unnamed Polygon: autoDraw = True
1366.2293 	EXP 	unnamed Polygon: autoDraw = True
1366.2469 	EXP 	unnamed Polygon: autoDraw = True
1366.2636 	EXP 	unnamed Polygon: autoDraw = True
1366.2796 	EXP 	unnamed Polygon: autoDraw = True
1366.2961 	EXP 	unnamed Polygon: autoDraw = True
1366.3125 	EXP 	unnamed Polygon: autoDraw = True
1366.3293 	EXP 	unnamed Polygon: autoDraw = True
1366.3462 	EXP 	unnamed Polygon: autoDraw = True
1366.3627 	EXP 	unnamed Polygon: autoDraw = True
1366.3795 	EXP 	unnamed Polygon: autoDraw = True
1366.3963 	EXP 	unnamed Polygon: autoDraw = True
1366.4124 	EXP 	unnamed Polygon: autoDraw = True
1366.4292 	EXP 	unnamed Polygon: autoDraw = True
1366.4459 	EXP 	unnamed Polygon: autoDraw = False
1367.4797 	EXP 	trial_feedback: height = 0.09
1367.4797 	EXP 	trial_feedback: height = 0.09
1367.4797 	EXP 	trial_feedback: height = 0.09
1367.4797 	EXP 	trial_feedback: text = 'Miss!\n$0.00'
1367.4797 	EXP 	trial_feedback: autoDraw = True
1369.4792 	EXP 	trial_feedback: autoDraw = False
1369.4960 	EXP 	trial_feedback: autoDraw = False
1369.4960 	EXP 	exp_feedback: autoDraw = False
1379.9970 	EXP 	unnamed Polygon: autoDraw = True
1379.9970 	EXP 	unnamed Polygon: autoDraw = True
1380.0138 	EXP 	unnamed Polygon: autoDraw = True
1380.0309 	EXP 	unnamed Polygon: autoDraw = True
1380.0470 	EXP 	unnamed Polygon: autoDraw = True
1380.0640 	EXP 	unnamed Polygon: autoDraw = True
1380.0809 	EXP 	unnamed Polygon: autoDraw = True
1380.0972 	EXP 	unnamed Polygon: autoDraw = True
1380.1138 	EXP 	unnamed Polygon: autoDraw = True
1380.1308 	EXP 	unnamed Polygon: autoDraw = True
1380.1467 	EXP 	unnamed Polygon: autoDraw = True
1380.1639 	EXP 	unnamed Polygon: autoDraw = True
1380.1819 	EXP 	unnamed Polygon: autoDraw = True
1380.1969 	EXP 	unnamed Polygon: autoDraw = True
1380.2139 	EXP 	unnamed Polygon: autoDraw = True
1380.2307 	EXP 	unnamed Polygon: autoDraw = True
1380.2467 	EXP 	unnamed Polygon: autoDraw = True
1380.2638 	EXP 	unnamed Polygon: autoDraw = True
1380.2805 	EXP 	unnamed Polygon: autoDraw = True
1380.2969 	EXP 	unnamed Polygon: autoDraw = True
1380.3141 	EXP 	unnamed Polygon: autoDraw = True
1380.3307 	EXP 	unnamed Polygon: autoDraw = True
1380.3469 	EXP 	unnamed Polygon: autoDraw = True
1380.3641 	EXP 	unnamed Polygon: autoDraw = True
1380.3803 	EXP 	unnamed Polygon: autoDraw = True
1380.3970 	EXP 	unnamed Polygon: autoDraw = True
1380.4139 	EXP 	unnamed Polygon: autoDraw = True
1380.4309 	EXP 	unnamed Polygon: autoDraw = True
1380.4471 	EXP 	unnamed Polygon: autoDraw = True
1380.4641 	EXP 	unnamed Polygon: autoDraw = True
1380.4805 	EXP 	unnamed Polygon: autoDraw = True
1380.4971 	EXP 	unnamed Polygon: autoDraw = True
1380.5139 	EXP 	unnamed Polygon: autoDraw = True
1380.5307 	EXP 	unnamed Polygon: autoDraw = True
1380.5473 	EXP 	unnamed Polygon: autoDraw = True
1380.5637 	EXP 	unnamed Polygon: autoDraw = True
1380.5813 	EXP 	unnamed Polygon: autoDraw = True
1380.5969 	EXP 	unnamed Polygon: autoDraw = True
1380.6138 	EXP 	unnamed Polygon: autoDraw = True
1380.6305 	EXP 	unnamed Polygon: autoDraw = True
1380.6470 	EXP 	unnamed Polygon: autoDraw = True
1380.6640 	EXP 	unnamed Polygon: autoDraw = True
1380.6808 	EXP 	unnamed Polygon: autoDraw = True
1380.6970 	EXP 	unnamed Polygon: autoDraw = True
1380.7139 	EXP 	unnamed Polygon: autoDraw = True
1380.7305 	EXP 	unnamed Polygon: autoDraw = True
1380.7472 	EXP 	unnamed Polygon: autoDraw = True
1380.7642 	EXP 	unnamed Polygon: autoDraw = True
1380.7803 	EXP 	unnamed Polygon: autoDraw = False
1381.5134 	EXP 	trial_feedback: text = 'Miss!\n$0.00'
1381.5134 	EXP 	trial_feedback: autoDraw = True
1383.5135 	EXP 	trial_feedback: autoDraw = False
1383.5307 	EXP 	trial_feedback: autoDraw = False
1383.5307 	EXP 	exp_feedback: autoDraw = False
1393.7650 	EXP 	unnamed Polygon: autoDraw = True
1393.7650 	EXP 	unnamed Polygon: autoDraw = True
1393.7817 	EXP 	unnamed Polygon: autoDraw = True
1393.7979 	EXP 	unnamed Polygon: autoDraw = True
1393.8150 	EXP 	unnamed Polygon: autoDraw = True
1393.8320 	EXP 	unnamed Polygon: autoDraw = True
1393.8479 	EXP 	unnamed Polygon: autoDraw = True
1393.8649 	EXP 	unnamed Polygon: autoDraw = True
1393.8821 	EXP 	unnamed Polygon: autoDraw = True
1393.8982 	EXP 	unnamed Polygon: autoDraw = True
1393.9145 	EXP 	unnamed Polygon: autoDraw = True
1393.9318 	EXP 	unnamed Polygon: autoDraw = True
1393.9478 	EXP 	unnamed Polygon: autoDraw = True
1393.9650 	EXP 	unnamed Polygon: autoDraw = True
1393.9818 	EXP 	unnamed Polygon: autoDraw = True
1393.9981 	EXP 	unnamed Polygon: autoDraw = True
1394.0147 	EXP 	unnamed Polygon: autoDraw = True
1394.0319 	EXP 	unnamed Polygon: autoDraw = True
1394.0483 	EXP 	unnamed Polygon: autoDraw = True
1394.0649 	EXP 	unnamed Polygon: autoDraw = True
1394.0817 	EXP 	unnamed Polygon: autoDraw = True
1394.0982 	EXP 	unnamed Polygon: autoDraw = True
1394.1148 	EXP 	unnamed Polygon: autoDraw = True
1394.1316 	EXP 	unnamed Polygon: autoDraw = True
1394.1477 	EXP 	unnamed Polygon: autoDraw = True
1394.1649 	EXP 	unnamed Polygon: autoDraw = True
1394.1821 	EXP 	unnamed Polygon: autoDraw = True
1394.1979 	EXP 	unnamed Polygon: autoDraw = True
1394.2150 	EXP 	unnamed Polygon: autoDraw = True
1394.2320 	EXP 	unnamed Polygon: autoDraw = True
1394.2481 	EXP 	unnamed Polygon: autoDraw = True
1394.2647 	EXP 	unnamed Polygon: autoDraw = True
1394.2821 	EXP 	unnamed Polygon: autoDraw = True
1394.2976 	EXP 	unnamed Polygon: autoDraw = True
1394.3154 	EXP 	unnamed Polygon: autoDraw = True
1394.3319 	EXP 	unnamed Polygon: autoDraw = True
1394.3479 	EXP 	unnamed Polygon: autoDraw = True
1394.3654 	EXP 	unnamed Polygon: autoDraw = True
1394.3817 	EXP 	unnamed Polygon: autoDraw = True
1394.3989 	EXP 	unnamed Polygon: autoDraw = True
1394.4154 	EXP 	unnamed Polygon: autoDraw = True
1394.4315 	EXP 	unnamed Polygon: autoDraw = True
1394.4478 	EXP 	unnamed Polygon: autoDraw = True
1394.4642 	EXP 	unnamed Polygon: autoDraw = True
1394.4815 	EXP 	unnamed Polygon: autoDraw = True
1394.4979 	EXP 	unnamed Polygon: autoDraw = True
1394.5142 	EXP 	unnamed Polygon: autoDraw = True
1394.5313 	EXP 	unnamed Polygon: autoDraw = True
1394.5479 	EXP 	unnamed Polygon: autoDraw = True
1394.5643 	EXP 	unnamed Polygon: autoDraw = False
1395.5479 	EXP 	trial_feedback: height = 0.09
1395.5479 	EXP 	trial_feedback: height = 0.09
1395.5479 	EXP 	trial_feedback: height = 0.09
1395.5479 	EXP 	trial_feedback: text = 'Miss!\n-$1.50'
1395.5479 	EXP 	trial_feedback: autoDraw = True
1397.5477 	EXP 	trial_feedback: autoDraw = False
1397.5477 	EXP 	exp_feedback: autoDraw = False
1403.9316 	EXP 	unnamed Polygon: autoDraw = True
1403.9316 	EXP 	unnamed Polygon: autoDraw = True
1403.9483 	EXP 	unnamed Polygon: autoDraw = True
1403.9653 	EXP 	unnamed Polygon: autoDraw = True
1403.9819 	EXP 	unnamed Polygon: autoDraw = True
1403.9982 	EXP 	unnamed Polygon: autoDraw = True
1404.0159 	EXP 	unnamed Polygon: autoDraw = True
1404.0328 	EXP 	unnamed Polygon: autoDraw = True
1404.0499 	EXP 	unnamed Polygon: autoDraw = True
1404.0660 	EXP 	unnamed Polygon: autoDraw = True
1404.0821 	EXP 	unnamed Polygon: autoDraw = True
1404.0984 	EXP 	unnamed Polygon: autoDraw = True
1404.1150 	EXP 	unnamed Polygon: autoDraw = True
1404.1323 	EXP 	unnamed Polygon: autoDraw = True
1404.1487 	EXP 	unnamed Polygon: autoDraw = True
1404.1651 	EXP 	unnamed Polygon: autoDraw = True
1404.1821 	EXP 	unnamed Polygon: autoDraw = True
1404.1983 	EXP 	unnamed Polygon: autoDraw = True
1404.2153 	EXP 	unnamed Polygon: autoDraw = True
1404.2320 	EXP 	unnamed Polygon: autoDraw = True
1404.2487 	EXP 	unnamed Polygon: autoDraw = True
1404.2651 	EXP 	unnamed Polygon: autoDraw = True
1404.2822 	EXP 	unnamed Polygon: autoDraw = True
1404.2988 	EXP 	unnamed Polygon: autoDraw = True
1404.3161 	EXP 	unnamed Polygon: autoDraw = True
1404.3325 	EXP 	unnamed Polygon: autoDraw = True
1404.3487 	EXP 	unnamed Polygon: autoDraw = True
1404.3663 	EXP 	unnamed Polygon: autoDraw = True
1404.3829 	EXP 	unnamed Polygon: autoDraw = True
1404.3990 	EXP 	unnamed Polygon: autoDraw = True
1404.4164 	EXP 	unnamed Polygon: autoDraw = True
1404.4326 	EXP 	unnamed Polygon: autoDraw = True
1404.4487 	EXP 	unnamed Polygon: autoDraw = True
1404.4663 	EXP 	unnamed Polygon: autoDraw = True
1404.4826 	EXP 	unnamed Polygon: autoDraw = True
1404.4993 	EXP 	unnamed Polygon: autoDraw = True
1404.5157 	EXP 	unnamed Polygon: autoDraw = True
1404.5324 	EXP 	unnamed Polygon: autoDraw = True
1404.5485 	EXP 	unnamed Polygon: autoDraw = True
1404.5663 	EXP 	unnamed Polygon: autoDraw = True
1404.5829 	EXP 	unnamed Polygon: autoDraw = True
1404.5997 	EXP 	unnamed Polygon: autoDraw = True
1404.6163 	EXP 	unnamed Polygon: autoDraw = True
1404.6332 	EXP 	unnamed Polygon: autoDraw = True
1404.6487 	EXP 	unnamed Polygon: autoDraw = True
1404.6651 	EXP 	unnamed Polygon: autoDraw = True
1404.6823 	EXP 	unnamed Polygon: autoDraw = True
1404.6984 	EXP 	unnamed Polygon: autoDraw = True
1404.7151 	EXP 	unnamed Polygon: autoDraw = True
1404.7321 	EXP 	unnamed Polygon: autoDraw = True
1404.7484 	EXP 	unnamed Polygon: autoDraw = False
1405.5651 	EXP 	trial_feedback: text = 'Miss!\n-$1.50'
1405.5651 	EXP 	trial_feedback: autoDraw = True
1407.5663 	EXP 	trial_feedback: autoDraw = False
1407.5663 	EXP 	exp_feedback: autoDraw = False
1413.8673 	EXP 	unnamed Polygon: autoDraw = True
1413.8673 	EXP 	unnamed Polygon: autoDraw = True
1413.8834 	EXP 	unnamed Polygon: autoDraw = True
1413.8997 	EXP 	unnamed Polygon: autoDraw = True
1413.9168 	EXP 	unnamed Polygon: autoDraw = True
1413.9332 	EXP 	unnamed Polygon: autoDraw = True
1413.9494 	EXP 	unnamed Polygon: autoDraw = True
1413.9670 	EXP 	unnamed Polygon: autoDraw = True
1413.9833 	EXP 	unnamed Polygon: autoDraw = True
1413.9997 	EXP 	unnamed Polygon: autoDraw = True
1414.0165 	EXP 	unnamed Polygon: autoDraw = True
1414.0335 	EXP 	unnamed Polygon: autoDraw = True
1414.0496 	EXP 	unnamed Polygon: autoDraw = True
1414.0665 	EXP 	unnamed Polygon: autoDraw = True
1414.0833 	EXP 	unnamed Polygon: autoDraw = True
1414.0993 	EXP 	unnamed Polygon: autoDraw = True
1414.1168 	EXP 	unnamed Polygon: autoDraw = True
1414.1333 	EXP 	unnamed Polygon: autoDraw = True
1414.1494 	EXP 	unnamed Polygon: autoDraw = True
1414.1668 	EXP 	unnamed Polygon: autoDraw = True
1414.1831 	EXP 	unnamed Polygon: autoDraw = True
1414.1995 	EXP 	unnamed Polygon: autoDraw = True
1414.2160 	EXP 	unnamed Polygon: autoDraw = True
1414.2334 	EXP 	unnamed Polygon: autoDraw = True
1414.2497 	EXP 	unnamed Polygon: autoDraw = True
1414.2658 	EXP 	unnamed Polygon: autoDraw = True
1414.2832 	EXP 	unnamed Polygon: autoDraw = True
1414.2996 	EXP 	unnamed Polygon: autoDraw = True
1414.3160 	EXP 	unnamed Polygon: autoDraw = True
1414.3330 	EXP 	unnamed Polygon: autoDraw = True
1414.3497 	EXP 	unnamed Polygon: autoDraw = True
1414.3655 	EXP 	unnamed Polygon: autoDraw = True
1414.3827 	EXP 	unnamed Polygon: autoDraw = True
1414.3991 	EXP 	unnamed Polygon: autoDraw = True
1414.4157 	EXP 	unnamed Polygon: autoDraw = True
1414.4326 	EXP 	unnamed Polygon: autoDraw = True
1414.4493 	EXP 	unnamed Polygon: autoDraw = True
1414.4656 	EXP 	unnamed Polygon: autoDraw = True
1414.4826 	EXP 	unnamed Polygon: autoDraw = True
1414.4993 	EXP 	unnamed Polygon: autoDraw = True
1414.5157 	EXP 	unnamed Polygon: autoDraw = True
1414.5327 	EXP 	unnamed Polygon: autoDraw = True
1414.5495 	EXP 	unnamed Polygon: autoDraw = True
1414.5663 	EXP 	unnamed Polygon: autoDraw = True
1414.5831 	EXP 	unnamed Polygon: autoDraw = True
1414.5990 	EXP 	unnamed Polygon: autoDraw = True
1414.6158 	EXP 	unnamed Polygon: autoDraw = True
1414.6327 	EXP 	unnamed Polygon: autoDraw = True
1414.6491 	EXP 	unnamed Polygon: autoDraw = False
1415.6158 	EXP 	trial_feedback: height = 0.09
1415.6158 	EXP 	trial_feedback: height = 0.09
1415.6158 	EXP 	trial_feedback: height = 0.09
1415.6158 	EXP 	trial_feedback: text = 'Miss!\n$0.00'
1415.6158 	EXP 	trial_feedback: autoDraw = True
1417.6171 	EXP 	trial_feedback: autoDraw = False
1417.6343 	EXP 	trial_feedback: autoDraw = False
1417.6343 	EXP 	exp_feedback: autoDraw = False
1426.1663 	EXP 	unnamed Polygon: autoDraw = True
1426.1663 	EXP 	unnamed Polygon: autoDraw = True
1426.1836 	EXP 	unnamed Polygon: autoDraw = True
1426.2003 	EXP 	unnamed Polygon: autoDraw = True
1426.2165 	EXP 	unnamed Polygon: autoDraw = True
1426.2335 	EXP 	unnamed Polygon: autoDraw = True
1426.2498 	EXP 	unnamed Polygon: autoDraw = True
1426.2666 	EXP 	unnamed Polygon: autoDraw = True
1426.2837 	EXP 	unnamed Polygon: autoDraw = True
1426.2996 	EXP 	unnamed Polygon: autoDraw = True
1426.3165 	EXP 	unnamed Polygon: autoDraw = True
1426.3337 	EXP 	unnamed Polygon: autoDraw = True
1426.3501 	EXP 	unnamed Polygon: autoDraw = True
1426.3666 	EXP 	unnamed Polygon: autoDraw = True
1426.3834 	EXP 	unnamed Polygon: autoDraw = True
1426.3997 	EXP 	unnamed Polygon: autoDraw = True
1426.4165 	EXP 	unnamed Polygon: autoDraw = True
1426.4337 	EXP 	unnamed Polygon: autoDraw = True
1426.4511 	EXP 	unnamed Polygon: autoDraw = True
1426.4664 	EXP 	unnamed Polygon: autoDraw = True
1426.4834 	EXP 	unnamed Polygon: autoDraw = True
1426.5002 	EXP 	unnamed Polygon: autoDraw = True
1426.5165 	EXP 	unnamed Polygon: autoDraw = True
1426.5338 	EXP 	unnamed Polygon: autoDraw = True
1426.5505 	EXP 	unnamed Polygon: autoDraw = True
1426.5665 	EXP 	unnamed Polygon: autoDraw = True
1426.5834 	EXP 	unnamed Polygon: autoDraw = True
1426.5999 	EXP 	unnamed Polygon: autoDraw = True
1426.6177 	EXP 	unnamed Polygon: autoDraw = True
1426.6339 	EXP 	unnamed Polygon: autoDraw = True
1426.6499 	EXP 	unnamed Polygon: autoDraw = True
1426.6664 	EXP 	unnamed Polygon: autoDraw = True
1426.6836 	EXP 	unnamed Polygon: autoDraw = True
1426.6997 	EXP 	unnamed Polygon: autoDraw = True
1426.7166 	EXP 	unnamed Polygon: autoDraw = True
1426.7334 	EXP 	unnamed Polygon: autoDraw = True
1426.7502 	EXP 	unnamed Polygon: autoDraw = True
1426.7664 	EXP 	unnamed Polygon: autoDraw = True
1426.7838 	EXP 	unnamed Polygon: autoDraw = True
1426.7999 	EXP 	unnamed Polygon: autoDraw = True
1426.8174 	EXP 	unnamed Polygon: autoDraw = True
1426.8335 	EXP 	unnamed Polygon: autoDraw = True
1426.8498 	EXP 	unnamed Polygon: autoDraw = True
1426.8664 	EXP 	unnamed Polygon: autoDraw = True
1426.8835 	EXP 	unnamed Polygon: autoDraw = True
1426.9003 	EXP 	unnamed Polygon: autoDraw = False
1427.6678 	EXP 	trial_feedback: height = 0.09
1427.6678 	EXP 	trial_feedback: height = 0.09
1427.6678 	EXP 	trial_feedback: height = 0.09
1427.6678 	EXP 	trial_feedback: text = 'Miss!\n-$5.00'
1427.6678 	EXP 	trial_feedback: autoDraw = True
1429.6666 	EXP 	trial_feedback: autoDraw = False
1429.6666 	EXP 	exp_feedback: autoDraw = False
1440.1853 	EXP 	unnamed Polygon: autoDraw = True
1440.1853 	EXP 	unnamed Polygon: autoDraw = True
1440.2012 	EXP 	unnamed Polygon: autoDraw = True
1440.2179 	EXP 	unnamed Polygon: autoDraw = True
1440.2353 	EXP 	unnamed Polygon: autoDraw = True
1440.2508 	EXP 	unnamed Polygon: autoDraw = True
1440.2678 	EXP 	unnamed Polygon: autoDraw = True
1440.2847 	EXP 	unnamed Polygon: autoDraw = True
1440.3014 	EXP 	unnamed Polygon: autoDraw = True
1440.3178 	EXP 	unnamed Polygon: autoDraw = True
1440.3345 	EXP 	unnamed Polygon: autoDraw = True
1440.3510 	EXP 	unnamed Polygon: autoDraw = True
1440.3680 	EXP 	unnamed Polygon: autoDraw = True
1440.3850 	EXP 	unnamed Polygon: autoDraw = True
1440.4009 	EXP 	unnamed Polygon: autoDraw = True
1440.4177 	EXP 	unnamed Polygon: autoDraw = True
1440.4345 	EXP 	unnamed Polygon: autoDraw = True
1440.4508 	EXP 	unnamed Polygon: autoDraw = True
1440.4679 	EXP 	unnamed Polygon: autoDraw = True
1440.4848 	EXP 	unnamed Polygon: autoDraw = True
1440.5008 	EXP 	unnamed Polygon: autoDraw = True
1440.5176 	EXP 	unnamed Polygon: autoDraw = True
1440.5346 	EXP 	unnamed Polygon: autoDraw = True
1440.5509 	EXP 	unnamed Polygon: autoDraw = True
1440.5681 	EXP 	unnamed Polygon: autoDraw = True
1440.5846 	EXP 	unnamed Polygon: autoDraw = True
1440.6013 	EXP 	unnamed Polygon: autoDraw = True
1440.6180 	EXP 	unnamed Polygon: autoDraw = True
1440.6347 	EXP 	unnamed Polygon: autoDraw = True
1440.6512 	EXP 	unnamed Polygon: autoDraw = True
1440.6679 	EXP 	unnamed Polygon: autoDraw = True
1440.6846 	EXP 	unnamed Polygon: autoDraw = True
1440.7011 	EXP 	unnamed Polygon: autoDraw = True
1440.7181 	EXP 	unnamed Polygon: autoDraw = True
1440.7352 	EXP 	unnamed Polygon: autoDraw = True
1440.7512 	EXP 	unnamed Polygon: autoDraw = True
1440.7680 	EXP 	unnamed Polygon: autoDraw = True
1440.7850 	EXP 	unnamed Polygon: autoDraw = True
1440.8011 	EXP 	unnamed Polygon: autoDraw = True
1440.8190 	EXP 	unnamed Polygon: autoDraw = True
1440.8356 	EXP 	unnamed Polygon: autoDraw = True
1440.8513 	EXP 	unnamed Polygon: autoDraw = True
1440.8679 	EXP 	unnamed Polygon: autoDraw = True
1440.8848 	EXP 	unnamed Polygon: autoDraw = True
1440.9010 	EXP 	unnamed Polygon: autoDraw = True
1440.9185 	EXP 	unnamed Polygon: autoDraw = True
1440.9348 	EXP 	unnamed Polygon: autoDraw = True
1440.9510 	EXP 	unnamed Polygon: autoDraw = True
1440.9681 	EXP 	unnamed Polygon: autoDraw = True
1440.9852 	EXP 	unnamed Polygon: autoDraw = False
1441.7011 	EXP 	trial_feedback: height = 0.09
1441.7011 	EXP 	trial_feedback: height = 0.09
1441.7011 	EXP 	trial_feedback: height = 0.09
1441.7011 	EXP 	trial_feedback: text = 'Miss!\n$0.00'
1441.7011 	EXP 	trial_feedback: autoDraw = True
1443.7011 	EXP 	trial_feedback: autoDraw = False
1443.7176 	EXP 	trial_feedback: autoDraw = False
1443.7176 	EXP 	exp_feedback: autoDraw = False
1450.0030 	EXP 	unnamed Polygon: autoDraw = True
1450.0030 	EXP 	unnamed Polygon: autoDraw = True
1450.0185 	EXP 	unnamed Polygon: autoDraw = True
1450.0350 	EXP 	unnamed Polygon: autoDraw = True
1450.0520 	EXP 	unnamed Polygon: autoDraw = True
1450.0680 	EXP 	unnamed Polygon: autoDraw = True
1450.0851 	EXP 	unnamed Polygon: autoDraw = True
1450.1020 	EXP 	unnamed Polygon: autoDraw = True
1450.1182 	EXP 	unnamed Polygon: autoDraw = True
1450.1347 	EXP 	unnamed Polygon: autoDraw = True
1450.1520 	EXP 	unnamed Polygon: autoDraw = True
1450.1687 	EXP 	unnamed Polygon: autoDraw = True
1450.1854 	EXP 	unnamed Polygon: autoDraw = True
1450.2021 	EXP 	unnamed Polygon: autoDraw = True
1450.2188 	EXP 	unnamed Polygon: autoDraw = True
1450.2353 	EXP 	unnamed Polygon: autoDraw = True
1450.2519 	EXP 	unnamed Polygon: autoDraw = True
1450.2685 	EXP 	unnamed Polygon: autoDraw = True
1450.2859 	EXP 	unnamed Polygon: autoDraw = True
1450.3027 	EXP 	unnamed Polygon: autoDraw = True
1450.3184 	EXP 	unnamed Polygon: autoDraw = True
1450.3347 	EXP 	unnamed Polygon: autoDraw = True
1450.3516 	EXP 	unnamed Polygon: autoDraw = True
1450.3689 	EXP 	unnamed Polygon: autoDraw = True
1450.3853 	EXP 	unnamed Polygon: autoDraw = True
1450.4018 	EXP 	unnamed Polygon: autoDraw = True
1450.4184 	EXP 	unnamed Polygon: autoDraw = True
1450.4362 	EXP 	unnamed Polygon: autoDraw = True
1450.4517 	EXP 	unnamed Polygon: autoDraw = True
1450.4680 	EXP 	unnamed Polygon: autoDraw = True
1450.4853 	EXP 	unnamed Polygon: autoDraw = True
1450.5015 	EXP 	unnamed Polygon: autoDraw = True
1450.5180 	EXP 	unnamed Polygon: autoDraw = True
1450.5353 	EXP 	unnamed Polygon: autoDraw = True
1450.5516 	EXP 	unnamed Polygon: autoDraw = True
1450.5684 	EXP 	unnamed Polygon: autoDraw = True
1450.5847 	EXP 	unnamed Polygon: autoDraw = True
1450.6015 	EXP 	unnamed Polygon: autoDraw = True
1450.6182 	EXP 	unnamed Polygon: autoDraw = True
1450.6346 	EXP 	unnamed Polygon: autoDraw = True
1450.6517 	EXP 	unnamed Polygon: autoDraw = True
1450.6683 	EXP 	unnamed Polygon: autoDraw = True
1450.6852 	EXP 	unnamed Polygon: autoDraw = True
1450.7015 	EXP 	unnamed Polygon: autoDraw = True
1450.7181 	EXP 	unnamed Polygon: autoDraw = True
1450.7350 	EXP 	unnamed Polygon: autoDraw = True
1450.7515 	EXP 	unnamed Polygon: autoDraw = True
1450.7684 	EXP 	unnamed Polygon: autoDraw = True
1450.7854 	EXP 	unnamed Polygon: autoDraw = True
1450.8015 	EXP 	unnamed Polygon: autoDraw = False
1451.7353 	EXP 	trial_feedback: text = 'Miss!\n$0.00'
1451.7353 	EXP 	trial_feedback: autoDraw = True
1453.7353 	EXP 	trial_feedback: autoDraw = False
1453.7353 	EXP 	exp_feedback: autoDraw = False
1460.1854 	EXP 	unnamed Polygon: autoDraw = True
1460.1854 	EXP 	unnamed Polygon: autoDraw = True
1460.2026 	EXP 	unnamed Polygon: autoDraw = True
1460.2210 	EXP 	unnamed Polygon: autoDraw = True
1460.2362 	EXP 	unnamed Polygon: autoDraw = True
1460.2521 	EXP 	unnamed Polygon: autoDraw = True
1460.2693 	EXP 	unnamed Polygon: autoDraw = True
1460.2858 	EXP 	unnamed Polygon: autoDraw = True
1460.3025 	EXP 	unnamed Polygon: autoDraw = True
1460.3192 	EXP 	unnamed Polygon: autoDraw = True
1460.3359 	EXP 	unnamed Polygon: autoDraw = True
1460.3526 	EXP 	unnamed Polygon: autoDraw = True
1460.3691 	EXP 	unnamed Polygon: autoDraw = True
1460.3863 	EXP 	unnamed Polygon: autoDraw = True
1460.4029 	EXP 	unnamed Polygon: autoDraw = True
1460.4190 	EXP 	unnamed Polygon: autoDraw = True
1460.4363 	EXP 	unnamed Polygon: autoDraw = True
1460.4525 	EXP 	unnamed Polygon: autoDraw = True
1460.4690 	EXP 	unnamed Polygon: autoDraw = True
1460.4861 	EXP 	unnamed Polygon: autoDraw = True
1460.5023 	EXP 	unnamed Polygon: autoDraw = True
1460.5197 	EXP 	unnamed Polygon: autoDraw = True
1460.5362 	EXP 	unnamed Polygon: autoDraw = True
1460.5522 	EXP 	unnamed Polygon: autoDraw = True
1460.5691 	EXP 	unnamed Polygon: autoDraw = True
1460.5863 	EXP 	unnamed Polygon: autoDraw = True
1460.6021 	EXP 	unnamed Polygon: autoDraw = True
1460.6192 	EXP 	unnamed Polygon: autoDraw = True
1460.6360 	EXP 	unnamed Polygon: autoDraw = True
1460.6522 	EXP 	unnamed Polygon: autoDraw = True
1460.6689 	EXP 	unnamed Polygon: autoDraw = True
1460.6859 	EXP 	unnamed Polygon: autoDraw = True
1460.7022 	EXP 	unnamed Polygon: autoDraw = True
1460.7201 	EXP 	unnamed Polygon: autoDraw = True
1460.7363 	EXP 	unnamed Polygon: autoDraw = True
1460.7537 	EXP 	unnamed Polygon: autoDraw = True
1460.7687 	EXP 	unnamed Polygon: autoDraw = True
1460.7862 	EXP 	unnamed Polygon: autoDraw = True
1460.8022 	EXP 	unnamed Polygon: autoDraw = True
1460.8190 	EXP 	unnamed Polygon: autoDraw = True
1460.8362 	EXP 	unnamed Polygon: autoDraw = True
1460.8524 	EXP 	unnamed Polygon: autoDraw = True
1460.8688 	EXP 	unnamed Polygon: autoDraw = True
1460.8861 	EXP 	unnamed Polygon: autoDraw = True
1460.9025 	EXP 	unnamed Polygon: autoDraw = True
1460.9202 	EXP 	unnamed Polygon: autoDraw = True
1460.9363 	EXP 	unnamed Polygon: autoDraw = True
1460.9526 	EXP 	unnamed Polygon: autoDraw = True
1460.9689 	EXP 	unnamed Polygon: autoDraw = True
1460.9866 	EXP 	unnamed Polygon: autoDraw = False
1461.7701 	EXP 	trial_feedback: text = 'Miss!\n$0.00'
1461.7701 	EXP 	trial_feedback: autoDraw = True
1463.7692 	EXP 	trial_feedback: autoDraw = False
1463.7860 	EXP 	trial_feedback: autoDraw = False
1463.7860 	EXP 	exp_feedback: autoDraw = False
1470.2038 	EXP 	unnamed Polygon: autoDraw = True
1470.2038 	EXP 	unnamed Polygon: autoDraw = True
1470.2205 	EXP 	unnamed Polygon: autoDraw = True
1470.2366 	EXP 	unnamed Polygon: autoDraw = True
1470.2535 	EXP 	unnamed Polygon: autoDraw = True
1470.2701 	EXP 	unnamed Polygon: autoDraw = True
1470.2874 	EXP 	unnamed Polygon: autoDraw = True
1470.3095 	EXP 	unnamed Polygon: autoDraw = True
1470.3197 	EXP 	unnamed Polygon: autoDraw = True
1470.3368 	EXP 	unnamed Polygon: autoDraw = True
1470.3533 	EXP 	unnamed Polygon: autoDraw = True
1470.3709 	EXP 	unnamed Polygon: autoDraw = True
1470.3874 	EXP 	unnamed Polygon: autoDraw = True
1470.4032 	EXP 	unnamed Polygon: autoDraw = True
1470.4198 	EXP 	unnamed Polygon: autoDraw = True
1470.4373 	EXP 	unnamed Polygon: autoDraw = True
1470.4530 	EXP 	unnamed Polygon: autoDraw = True
1470.4706 	EXP 	unnamed Polygon: autoDraw = True
1470.4867 	EXP 	unnamed Polygon: autoDraw = True
1470.5035 	EXP 	unnamed Polygon: autoDraw = True
1470.5197 	EXP 	unnamed Polygon: autoDraw = True
1470.5369 	EXP 	unnamed Polygon: autoDraw = True
1470.5532 	EXP 	unnamed Polygon: autoDraw = True
1470.5703 	EXP 	unnamed Polygon: autoDraw = True
1470.5866 	EXP 	unnamed Polygon: autoDraw = True
1470.6033 	EXP 	unnamed Polygon: autoDraw = True
1470.6203 	EXP 	unnamed Polygon: autoDraw = True
1470.6367 	EXP 	unnamed Polygon: autoDraw = True
1470.6538 	EXP 	unnamed Polygon: autoDraw = True
1470.6703 	EXP 	unnamed Polygon: autoDraw = True
1470.6869 	EXP 	unnamed Polygon: autoDraw = True
1470.7035 	EXP 	unnamed Polygon: autoDraw = True
1470.7203 	EXP 	unnamed Polygon: autoDraw = True
1470.7367 	EXP 	unnamed Polygon: autoDraw = True
1470.7530 	EXP 	unnamed Polygon: autoDraw = True
1470.7703 	EXP 	unnamed Polygon: autoDraw = True
1470.7863 	EXP 	unnamed Polygon: autoDraw = True
1470.8029 	EXP 	unnamed Polygon: autoDraw = True
1470.8198 	EXP 	unnamed Polygon: autoDraw = True
1470.8370 	EXP 	unnamed Polygon: autoDraw = True
1470.8532 	EXP 	unnamed Polygon: autoDraw = True
1470.8704 	EXP 	unnamed Polygon: autoDraw = True
1470.8873 	EXP 	unnamed Polygon: autoDraw = True
1470.9031 	EXP 	unnamed Polygon: autoDraw = True
1470.9199 	EXP 	unnamed Polygon: autoDraw = True
1470.9367 	EXP 	unnamed Polygon: autoDraw = True
1470.9537 	EXP 	unnamed Polygon: autoDraw = True
1470.9704 	EXP 	unnamed Polygon: autoDraw = True
1470.9864 	EXP 	unnamed Polygon: autoDraw = True
1471.0032 	EXP 	unnamed Polygon: autoDraw = True
1471.0203 	EXP 	unnamed Polygon: autoDraw = False
1471.8203 	EXP 	trial_feedback: text = 'Miss!\n$0.00'
1471.8203 	EXP 	trial_feedback: autoDraw = True
1473.8201 	EXP 	trial_feedback: autoDraw = False
1473.8369 	EXP 	trial_feedback: autoDraw = False
1473.8369 	EXP 	exp_feedback: autoDraw = False
1482.1038 	EXP 	unnamed Polygon: autoDraw = True
1482.1038 	EXP 	unnamed Polygon: autoDraw = True
1482.1205 	EXP 	unnamed Polygon: autoDraw = True
1482.1374 	EXP 	unnamed Polygon: autoDraw = True
1482.1540 	EXP 	unnamed Polygon: autoDraw = True
1482.1717 	EXP 	unnamed Polygon: autoDraw = True
1482.1878 	EXP 	unnamed Polygon: autoDraw = True
1482.2036 	EXP 	unnamed Polygon: autoDraw = True
1482.2206 	EXP 	unnamed Polygon: autoDraw = True
1482.2374 	EXP 	unnamed Polygon: autoDraw = True
1482.2537 	EXP 	unnamed Polygon: autoDraw = True
1482.2704 	EXP 	unnamed Polygon: autoDraw = True
1482.2873 	EXP 	unnamed Polygon: autoDraw = True
1482.3035 	EXP 	unnamed Polygon: autoDraw = True
1482.3203 	EXP 	unnamed Polygon: autoDraw = True
1482.3376 	EXP 	unnamed Polygon: autoDraw = True
1482.3537 	EXP 	unnamed Polygon: autoDraw = True
1482.3708 	EXP 	unnamed Polygon: autoDraw = True
1482.3876 	EXP 	unnamed Polygon: autoDraw = True
1482.4037 	EXP 	unnamed Polygon: autoDraw = True
1482.4209 	EXP 	unnamed Polygon: autoDraw = True
1482.4379 	EXP 	unnamed Polygon: autoDraw = True
1482.4538 	EXP 	unnamed Polygon: autoDraw = True
1482.4711 	EXP 	unnamed Polygon: autoDraw = True
1482.4880 	EXP 	unnamed Polygon: autoDraw = True
1482.5042 	EXP 	unnamed Polygon: autoDraw = True
1482.5212 	EXP 	unnamed Polygon: autoDraw = True
1482.5380 	EXP 	unnamed Polygon: autoDraw = True
1482.5543 	EXP 	unnamed Polygon: autoDraw = True
1482.5713 	EXP 	unnamed Polygon: autoDraw = True
1482.5876 	EXP 	unnamed Polygon: autoDraw = True
1482.6042 	EXP 	unnamed Polygon: autoDraw = True
1482.6212 	EXP 	unnamed Polygon: autoDraw = True
1482.6382 	EXP 	unnamed Polygon: autoDraw = True
1482.6545 	EXP 	unnamed Polygon: autoDraw = True
1482.6707 	EXP 	unnamed Polygon: autoDraw = True
1482.6877 	EXP 	unnamed Polygon: autoDraw = True
1482.7040 	EXP 	unnamed Polygon: autoDraw = True
1482.7211 	EXP 	unnamed Polygon: autoDraw = True
1482.7380 	EXP 	unnamed Polygon: autoDraw = True
1482.7541 	EXP 	unnamed Polygon: autoDraw = True
1482.7712 	EXP 	unnamed Polygon: autoDraw = True
1482.7875 	EXP 	unnamed Polygon: autoDraw = True
1482.8039 	EXP 	unnamed Polygon: autoDraw = True
1482.8212 	EXP 	unnamed Polygon: autoDraw = True
1482.8373 	EXP 	unnamed Polygon: autoDraw = True
1482.8547 	EXP 	unnamed Polygon: autoDraw = True
1482.8706 	EXP 	unnamed Polygon: autoDraw = False
1483.8713 	EXP 	trial_feedback: height = 0.09
1483.8713 	EXP 	trial_feedback: height = 0.09
1483.8713 	EXP 	trial_feedback: height = 0.09
1483.8713 	EXP 	trial_feedback: text = 'Miss!\n-$5.00'
1483.8713 	EXP 	trial_feedback: autoDraw = True
1485.8717 	EXP 	trial_feedback: autoDraw = False
1485.8884 	EXP 	trial_feedback: autoDraw = False
1485.8884 	EXP 	exp_feedback: autoDraw = False
1496.2053 	EXP 	unnamed Polygon: autoDraw = True
1496.2053 	EXP 	unnamed Polygon: autoDraw = True
1496.2217 	EXP 	unnamed Polygon: autoDraw = True
1496.2384 	EXP 	unnamed Polygon: autoDraw = True
1496.2547 	EXP 	unnamed Polygon: autoDraw = True
1496.2715 	EXP 	unnamed Polygon: autoDraw = True
1496.2892 	EXP 	unnamed Polygon: autoDraw = True
1496.3050 	EXP 	unnamed Polygon: autoDraw = True
1496.3228 	EXP 	unnamed Polygon: autoDraw = True
1496.3383 	EXP 	unnamed Polygon: autoDraw = True
1496.3547 	EXP 	unnamed Polygon: autoDraw = True
1496.3715 	EXP 	unnamed Polygon: autoDraw = True
1496.3881 	EXP 	unnamed Polygon: autoDraw = True
1496.4051 	EXP 	unnamed Polygon: autoDraw = True
1496.4217 	EXP 	unnamed Polygon: autoDraw = True
1496.4385 	EXP 	unnamed Polygon: autoDraw = True
1496.4546 	EXP 	unnamed Polygon: autoDraw = True
1496.4716 	EXP 	unnamed Polygon: autoDraw = True
1496.4886 	EXP 	unnamed Polygon: autoDraw = True
1496.5050 	EXP 	unnamed Polygon: autoDraw = True
1496.5216 	EXP 	unnamed Polygon: autoDraw = True
1496.5387 	EXP 	unnamed Polygon: autoDraw = True
1496.5549 	EXP 	unnamed Polygon: autoDraw = True
1496.5724 	EXP 	unnamed Polygon: autoDraw = True
1496.5887 	EXP 	unnamed Polygon: autoDraw = True
1496.6058 	EXP 	unnamed Polygon: autoDraw = True
1496.6232 	EXP 	unnamed Polygon: autoDraw = True
1496.6389 	EXP 	unnamed Polygon: autoDraw = True
1496.6552 	EXP 	unnamed Polygon: autoDraw = True
1496.6724 	EXP 	unnamed Polygon: autoDraw = True
1496.6891 	EXP 	unnamed Polygon: autoDraw = True
1496.7051 	EXP 	unnamed Polygon: autoDraw = True
1496.7221 	EXP 	unnamed Polygon: autoDraw = True
1496.7387 	EXP 	unnamed Polygon: autoDraw = True
1496.7552 	EXP 	unnamed Polygon: autoDraw = True
1496.7722 	EXP 	unnamed Polygon: autoDraw = True
1496.7887 	EXP 	unnamed Polygon: autoDraw = True
1496.8051 	EXP 	unnamed Polygon: autoDraw = True
1496.8225 	EXP 	unnamed Polygon: autoDraw = True
1496.8387 	EXP 	unnamed Polygon: autoDraw = True
1496.8552 	EXP 	unnamed Polygon: autoDraw = True
1496.8715 	EXP 	unnamed Polygon: autoDraw = True
1496.8886 	EXP 	unnamed Polygon: autoDraw = True
1496.9053 	EXP 	unnamed Polygon: autoDraw = True
1496.9224 	EXP 	unnamed Polygon: autoDraw = True
1496.9389 	EXP 	unnamed Polygon: autoDraw = True
1496.9557 	EXP 	unnamed Polygon: autoDraw = True
1496.9726 	EXP 	unnamed Polygon: autoDraw = True
1496.9885 	EXP 	unnamed Polygon: autoDraw = False
1497.9220 	EXP 	trial_feedback: text = 'Miss!\n-$5.00'
1497.9220 	EXP 	trial_feedback: autoDraw = True
1499.9227 	EXP 	trial_feedback: autoDraw = False
1499.9227 	EXP 	exp_feedback: autoDraw = False
1508.1226 	EXP 	unnamed Polygon: autoDraw = True
1508.1226 	EXP 	unnamed Polygon: autoDraw = True
1508.1395 	EXP 	unnamed Polygon: autoDraw = True
1508.1554 	EXP 	unnamed Polygon: autoDraw = True
1508.1727 	EXP 	unnamed Polygon: autoDraw = True
1508.1895 	EXP 	unnamed Polygon: autoDraw = True
1508.2056 	EXP 	unnamed Polygon: autoDraw = True
1508.2229 	EXP 	unnamed Polygon: autoDraw = True
1508.2390 	EXP 	unnamed Polygon: autoDraw = True
1508.2552 	EXP 	unnamed Polygon: autoDraw = True
1508.2726 	EXP 	unnamed Polygon: autoDraw = True
1508.2894 	EXP 	unnamed Polygon: autoDraw = True
1508.3059 	EXP 	unnamed Polygon: autoDraw = True
1508.3224 	EXP 	unnamed Polygon: autoDraw = True
1508.3390 	EXP 	unnamed Polygon: autoDraw = True
1508.3556 	EXP 	unnamed Polygon: autoDraw = True
1508.3728 	EXP 	unnamed Polygon: autoDraw = True
1508.3893 	EXP 	unnamed Polygon: autoDraw = True
1508.4057 	EXP 	unnamed Polygon: autoDraw = True
1508.4226 	EXP 	unnamed Polygon: autoDraw = True
1508.4394 	EXP 	unnamed Polygon: autoDraw = True
1508.4554 	EXP 	unnamed Polygon: autoDraw = True
1508.4726 	EXP 	unnamed Polygon: autoDraw = True
1508.4894 	EXP 	unnamed Polygon: autoDraw = True
1508.5057 	EXP 	unnamed Polygon: autoDraw = True
1508.5226 	EXP 	unnamed Polygon: autoDraw = True
1508.5392 	EXP 	unnamed Polygon: autoDraw = True
1508.5558 	EXP 	unnamed Polygon: autoDraw = True
1508.5724 	EXP 	unnamed Polygon: autoDraw = True
1508.5893 	EXP 	unnamed Polygon: autoDraw = True
1508.6059 	EXP 	unnamed Polygon: autoDraw = True
1508.6224 	EXP 	unnamed Polygon: autoDraw = True
1508.6390 	EXP 	unnamed Polygon: autoDraw = True
1508.6555 	EXP 	unnamed Polygon: autoDraw = True
1508.6726 	EXP 	unnamed Polygon: autoDraw = True
1508.6894 	EXP 	unnamed Polygon: autoDraw = True
1508.7054 	EXP 	unnamed Polygon: autoDraw = True
1508.7226 	EXP 	unnamed Polygon: autoDraw = True
1508.7392 	EXP 	unnamed Polygon: autoDraw = True
1508.7562 	EXP 	unnamed Polygon: autoDraw = True
1508.7724 	EXP 	unnamed Polygon: autoDraw = True
1508.7897 	EXP 	unnamed Polygon: autoDraw = True
1508.8054 	EXP 	unnamed Polygon: autoDraw = True
1508.8227 	EXP 	unnamed Polygon: autoDraw = True
1508.8395 	EXP 	unnamed Polygon: autoDraw = True
1508.8559 	EXP 	unnamed Polygon: autoDraw = True
1508.8724 	EXP 	unnamed Polygon: autoDraw = True
1508.8896 	EXP 	unnamed Polygon: autoDraw = True
1508.9058 	EXP 	unnamed Polygon: autoDraw = True
1508.9226 	EXP 	unnamed Polygon: autoDraw = True
1508.9396 	EXP 	unnamed Polygon: autoDraw = True
1508.9558 	EXP 	unnamed Polygon: autoDraw = False
1509.9542 	EXP 	trial_feedback: height = 0.09
1509.9542 	EXP 	trial_feedback: height = 0.09
1509.9542 	EXP 	trial_feedback: height = 0.09
1509.9542 	EXP 	trial_feedback: text = 'Miss!\n-$1.50'
1509.9542 	EXP 	trial_feedback: autoDraw = True
1511.9393 	EXP 	trial_feedback: autoDraw = False
1511.9557 	EXP 	trial_feedback: autoDraw = False
1511.9557 	EXP 	exp_feedback: autoDraw = False
1522.1736 	EXP 	unnamed Polygon: autoDraw = True
1522.1736 	EXP 	unnamed Polygon: autoDraw = True
1522.1903 	EXP 	unnamed Polygon: autoDraw = True
1522.2063 	EXP 	unnamed Polygon: autoDraw = True
1522.2236 	EXP 	unnamed Polygon: autoDraw = True
1522.2404 	EXP 	unnamed Polygon: autoDraw = True
1522.2567 	EXP 	unnamed Polygon: autoDraw = True
1522.2738 	EXP 	unnamed Polygon: autoDraw = True
1522.2902 	EXP 	unnamed Polygon: autoDraw = True
1522.3062 	EXP 	unnamed Polygon: autoDraw = True
1522.3238 	EXP 	unnamed Polygon: autoDraw = True
1522.3402 	EXP 	unnamed Polygon: autoDraw = True
1522.3567 	EXP 	unnamed Polygon: autoDraw = True
1522.3746 	EXP 	unnamed Polygon: autoDraw = True
1522.3901 	EXP 	unnamed Polygon: autoDraw = True
1522.4065 	EXP 	unnamed Polygon: autoDraw = True
1522.4236 	EXP 	unnamed Polygon: autoDraw = True
1522.4402 	EXP 	unnamed Polygon: autoDraw = True
1522.4564 	EXP 	unnamed Polygon: autoDraw = True
1522.4751 	EXP 	unnamed Polygon: autoDraw = True
1522.4904 	EXP 	unnamed Polygon: autoDraw = True
1522.5063 	EXP 	unnamed Polygon: autoDraw = True
1522.5236 	EXP 	unnamed Polygon: autoDraw = True
1522.5406 	EXP 	unnamed Polygon: autoDraw = True
1522.5570 	EXP 	unnamed Polygon: autoDraw = True
1522.5737 	EXP 	unnamed Polygon: autoDraw = True
1522.5902 	EXP 	unnamed Polygon: autoDraw = True
1522.6064 	EXP 	unnamed Polygon: autoDraw = True
1522.6234 	EXP 	unnamed Polygon: autoDraw = True
1522.6406 	EXP 	unnamed Polygon: autoDraw = True
1522.6575 	EXP 	unnamed Polygon: autoDraw = True
1522.6747 	EXP 	unnamed Polygon: autoDraw = True
1522.6903 	EXP 	unnamed Polygon: autoDraw = True
1522.7064 	EXP 	unnamed Polygon: autoDraw = True
1522.7235 	EXP 	unnamed Polygon: autoDraw = True
1522.7405 	EXP 	unnamed Polygon: autoDraw = True
1522.7570 	EXP 	unnamed Polygon: autoDraw = True
1522.7737 	EXP 	unnamed Polygon: autoDraw = True
1522.7900 	EXP 	unnamed Polygon: autoDraw = True
1522.8064 	EXP 	unnamed Polygon: autoDraw = True
1522.8249 	EXP 	unnamed Polygon: autoDraw = True
1522.8405 	EXP 	unnamed Polygon: autoDraw = True
1522.8578 	EXP 	unnamed Polygon: autoDraw = True
1522.8735 	EXP 	unnamed Polygon: autoDraw = True
1522.8902 	EXP 	unnamed Polygon: autoDraw = True
1522.9066 	EXP 	unnamed Polygon: autoDraw = True
1522.9235 	EXP 	unnamed Polygon: autoDraw = True
1522.9407 	EXP 	unnamed Polygon: autoDraw = True
1522.9565 	EXP 	unnamed Polygon: autoDraw = True
1522.9735 	EXP 	unnamed Polygon: autoDraw = True
1522.9899 	EXP 	unnamed Polygon: autoDraw = False
1523.9568 	EXP 	trial_feedback: height = 0.09
1523.9568 	EXP 	trial_feedback: height = 0.09
1523.9568 	EXP 	trial_feedback: height = 0.09
1523.9568 	EXP 	trial_feedback: text = 'Miss!\n$0.00'
1523.9568 	EXP 	trial_feedback: autoDraw = True
1525.9566 	EXP 	trial_feedback: autoDraw = False
1525.9735 	EXP 	trial_feedback: autoDraw = False
1525.9735 	EXP 	exp_feedback: autoDraw = False
1532.0245 	EXP 	unnamed Polygon: autoDraw = True
1532.0245 	EXP 	unnamed Polygon: autoDraw = True
1532.0411 	EXP 	unnamed Polygon: autoDraw = True
1532.0575 	EXP 	unnamed Polygon: autoDraw = True
1532.0742 	EXP 	unnamed Polygon: autoDraw = True
1532.0909 	EXP 	unnamed Polygon: autoDraw = True
1532.1074 	EXP 	unnamed Polygon: autoDraw = True
1532.1246 	EXP 	unnamed Polygon: autoDraw = True
1532.1408 	EXP 	unnamed Polygon: autoDraw = True
1532.1578 	EXP 	unnamed Polygon: autoDraw = True
1532.1750 	EXP 	unnamed Polygon: autoDraw = True
1532.1916 	EXP 	unnamed Polygon: autoDraw = True
1532.2077 	EXP 	unnamed Polygon: autoDraw = True
1532.2245 	EXP 	unnamed Polygon: autoDraw = True
1532.2411 	EXP 	unnamed Polygon: autoDraw = True
1532.2577 	EXP 	unnamed Polygon: autoDraw = True
1532.2748 	EXP 	unnamed Polygon: autoDraw = True
1532.2912 	EXP 	unnamed Polygon: autoDraw = True
1532.3078 	EXP 	unnamed Polygon: autoDraw = True
1532.3246 	EXP 	unnamed Polygon: autoDraw = True
1532.3413 	EXP 	unnamed Polygon: autoDraw = True
1532.3579 	EXP 	unnamed Polygon: autoDraw = True
1532.3754 	EXP 	unnamed Polygon: autoDraw = True
1532.3908 	EXP 	unnamed Polygon: autoDraw = True
1532.4074 	EXP 	unnamed Polygon: autoDraw = True
1532.4245 	EXP 	unnamed Polygon: autoDraw = True
1532.4408 	EXP 	unnamed Polygon: autoDraw = True
1532.4575 	EXP 	unnamed Polygon: autoDraw = True
1532.4744 	EXP 	unnamed Polygon: autoDraw = True
1532.4911 	EXP 	unnamed Polygon: autoDraw = True
1532.5081 	EXP 	unnamed Polygon: autoDraw = True
1532.5246 	EXP 	unnamed Polygon: autoDraw = True
1532.5413 	EXP 	unnamed Polygon: autoDraw = True
1532.5579 	EXP 	unnamed Polygon: autoDraw = True
1532.5748 	EXP 	unnamed Polygon: autoDraw = True
1532.5914 	EXP 	unnamed Polygon: autoDraw = True
1532.6074 	EXP 	unnamed Polygon: autoDraw = True
1532.6248 	EXP 	unnamed Polygon: autoDraw = True
1532.6415 	EXP 	unnamed Polygon: autoDraw = True
1532.6576 	EXP 	unnamed Polygon: autoDraw = True
1532.6744 	EXP 	unnamed Polygon: autoDraw = True
1532.6912 	EXP 	unnamed Polygon: autoDraw = True
1532.7080 	EXP 	unnamed Polygon: autoDraw = True
1532.7248 	EXP 	unnamed Polygon: autoDraw = True
1532.7412 	EXP 	unnamed Polygon: autoDraw = True
1532.7583 	EXP 	unnamed Polygon: autoDraw = True
1532.7745 	EXP 	unnamed Polygon: autoDraw = True
1532.7917 	EXP 	unnamed Polygon: autoDraw = True
1532.8078 	EXP 	unnamed Polygon: autoDraw = True
1532.8244 	EXP 	unnamed Polygon: autoDraw = True
1532.8414 	EXP 	unnamed Polygon: autoDraw = False
1534.0076 	EXP 	trial_feedback: text = 'Miss!\n$0.00'
1534.0076 	EXP 	trial_feedback: autoDraw = True
1536.0077 	EXP 	trial_feedback: autoDraw = False
1536.0248 	EXP 	trial_feedback: autoDraw = False
1536.0248 	EXP 	exp_feedback: autoDraw = False
1544.2261 	EXP 	unnamed Polygon: autoDraw = True
1544.2261 	EXP 	unnamed Polygon: autoDraw = True
1544.2465 	EXP 	unnamed Polygon: autoDraw = True
1544.2586 	EXP 	unnamed Polygon: autoDraw = True
1544.2781 	EXP 	unnamed Polygon: autoDraw = True
1544.2914 	EXP 	unnamed Polygon: autoDraw = True
1544.3080 	EXP 	unnamed Polygon: autoDraw = True
1544.3251 	EXP 	unnamed Polygon: autoDraw = True
1544.3416 	EXP 	unnamed Polygon: autoDraw = True
1544.3590 	EXP 	unnamed Polygon: autoDraw = True
1544.3754 	EXP 	unnamed Polygon: autoDraw = True
1544.3918 	EXP 	unnamed Polygon: autoDraw = True
1544.4081 	EXP 	unnamed Polygon: autoDraw = True
1544.4249 	EXP 	unnamed Polygon: autoDraw = True
1544.4413 	EXP 	unnamed Polygon: autoDraw = True
1544.4584 	EXP 	unnamed Polygon: autoDraw = True
1544.4748 	EXP 	unnamed Polygon: autoDraw = True
1544.4920 	EXP 	unnamed Polygon: autoDraw = True
1544.5084 	EXP 	unnamed Polygon: autoDraw = True
1544.5247 	EXP 	unnamed Polygon: autoDraw = True
1544.5418 	EXP 	unnamed Polygon: autoDraw = True
1544.5583 	EXP 	unnamed Polygon: autoDraw = True
1544.5756 	EXP 	unnamed Polygon: autoDraw = True
1544.5922 	EXP 	unnamed Polygon: autoDraw = True
1544.6083 	EXP 	unnamed Polygon: autoDraw = True
1544.6254 	EXP 	unnamed Polygon: autoDraw = True
1544.6438 	EXP 	unnamed Polygon: autoDraw = True
1544.6639 	EXP 	unnamed Polygon: autoDraw = True
1544.6748 	EXP 	unnamed Polygon: autoDraw = True
1544.6914 	EXP 	unnamed Polygon: autoDraw = True
1544.7088 	EXP 	unnamed Polygon: autoDraw = True
1544.7249 	EXP 	unnamed Polygon: autoDraw = True
1544.7417 	EXP 	unnamed Polygon: autoDraw = True
1544.7584 	EXP 	unnamed Polygon: autoDraw = True
1544.7755 	EXP 	unnamed Polygon: autoDraw = True
1544.7924 	EXP 	unnamed Polygon: autoDraw = True
1544.8085 	EXP 	unnamed Polygon: autoDraw = True
1544.8252 	EXP 	unnamed Polygon: autoDraw = True
1544.8422 	EXP 	unnamed Polygon: autoDraw = True
1544.8604 	EXP 	unnamed Polygon: autoDraw = True
1544.8749 	EXP 	unnamed Polygon: autoDraw = True
1544.8915 	EXP 	unnamed Polygon: autoDraw = True
1544.9082 	EXP 	unnamed Polygon: autoDraw = True
1544.9249 	EXP 	unnamed Polygon: autoDraw = True
1544.9416 	EXP 	unnamed Polygon: autoDraw = True
1544.9598 	EXP 	unnamed Polygon: autoDraw = True
1544.9750 	EXP 	unnamed Polygon: autoDraw = True
1544.9915 	EXP 	unnamed Polygon: autoDraw = True
1545.0081 	EXP 	unnamed Polygon: autoDraw = True
1545.0249 	EXP 	unnamed Polygon: autoDraw = True
1545.0421 	EXP 	unnamed Polygon: autoDraw = True
1545.0582 	EXP 	unnamed Polygon: autoDraw = True
1545.0752 	EXP 	unnamed Polygon: autoDraw = False
1546.0416 	EXP 	trial_feedback: height = 0.09
1546.0416 	EXP 	trial_feedback: height = 0.09
1546.0416 	EXP 	trial_feedback: height = 0.09
1546.0416 	EXP 	trial_feedback: text = 'Miss!\n-$1.50'
1546.0416 	EXP 	trial_feedback: autoDraw = True
1548.0421 	EXP 	trial_feedback: autoDraw = False
1548.0421 	EXP 	exp_feedback: autoDraw = False
1558.4592 	EXP 	unnamed Polygon: autoDraw = True
1558.4592 	EXP 	unnamed Polygon: autoDraw = True
1558.4757 	EXP 	unnamed Polygon: autoDraw = True
1558.4928 	EXP 	unnamed Polygon: autoDraw = True
1558.5091 	EXP 	unnamed Polygon: autoDraw = True
1558.5255 	EXP 	unnamed Polygon: autoDraw = True
1558.5427 	EXP 	unnamed Polygon: autoDraw = True
1558.5594 	EXP 	unnamed Polygon: autoDraw = True
1558.5757 	EXP 	unnamed Polygon: autoDraw = True
1558.5924 	EXP 	unnamed Polygon: autoDraw = True
1558.6089 	EXP 	unnamed Polygon: autoDraw = True
1558.6260 	EXP 	unnamed Polygon: autoDraw = True
1558.6432 	EXP 	unnamed Polygon: autoDraw = True
1558.6588 	EXP 	unnamed Polygon: autoDraw = True
1558.6757 	EXP 	unnamed Polygon: autoDraw = True
1558.6928 	EXP 	unnamed Polygon: autoDraw = True
1558.7090 	EXP 	unnamed Polygon: autoDraw = True
1558.7254 	EXP 	unnamed Polygon: autoDraw = True
1558.7427 	EXP 	unnamed Polygon: autoDraw = True
1558.7594 	EXP 	unnamed Polygon: autoDraw = True
1558.7756 	EXP 	unnamed Polygon: autoDraw = True
1558.7925 	EXP 	unnamed Polygon: autoDraw = True
1558.8091 	EXP 	unnamed Polygon: autoDraw = True
1558.8271 	EXP 	unnamed Polygon: autoDraw = True
1558.8430 	EXP 	unnamed Polygon: autoDraw = True
1558.8591 	EXP 	unnamed Polygon: autoDraw = True
1558.8759 	EXP 	unnamed Polygon: autoDraw = True
1558.8929 	EXP 	unnamed Polygon: autoDraw = True
1558.9089 	EXP 	unnamed Polygon: autoDraw = True
1558.9259 	EXP 	unnamed Polygon: autoDraw = True
1558.9428 	EXP 	unnamed Polygon: autoDraw = True
1558.9596 	EXP 	unnamed Polygon: autoDraw = True
1558.9759 	EXP 	unnamed Polygon: autoDraw = True
1558.9931 	EXP 	unnamed Polygon: autoDraw = True
1559.0093 	EXP 	unnamed Polygon: autoDraw = True
1559.0255 	EXP 	unnamed Polygon: autoDraw = True
1559.0427 	EXP 	unnamed Polygon: autoDraw = True
1559.0587 	EXP 	unnamed Polygon: autoDraw = True
1559.0756 	EXP 	unnamed Polygon: autoDraw = True
1559.0925 	EXP 	unnamed Polygon: autoDraw = True
1559.1087 	EXP 	unnamed Polygon: autoDraw = True
1559.1257 	EXP 	unnamed Polygon: autoDraw = True
1559.1424 	EXP 	unnamed Polygon: autoDraw = True
1559.1588 	EXP 	unnamed Polygon: autoDraw = True
1559.1753 	EXP 	unnamed Polygon: autoDraw = True
1559.1924 	EXP 	unnamed Polygon: autoDraw = True
1559.2091 	EXP 	unnamed Polygon: autoDraw = True
1559.2258 	EXP 	unnamed Polygon: autoDraw = False
1560.0760 	EXP 	trial_feedback: height = 0.09
1560.0760 	EXP 	trial_feedback: height = 0.09
1560.0760 	EXP 	trial_feedback: height = 0.09
1560.0760 	EXP 	trial_feedback: text = 'Miss!\n-$0.00'
1560.0760 	EXP 	trial_feedback: autoDraw = True
1562.0769 	EXP 	trial_feedback: autoDraw = False
1562.0769 	EXP 	exp_feedback: autoDraw = False
1570.2097 	EXP 	unnamed Polygon: autoDraw = True
1570.2097 	EXP 	unnamed Polygon: autoDraw = True
1570.2268 	EXP 	unnamed Polygon: autoDraw = True
1570.2440 	EXP 	unnamed Polygon: autoDraw = True
1570.2610 	EXP 	unnamed Polygon: autoDraw = True
1570.2788 	EXP 	unnamed Polygon: autoDraw = True
1570.2942 	EXP 	unnamed Polygon: autoDraw = True
1570.3129 	EXP 	unnamed Polygon: autoDraw = True
1570.3268 	EXP 	unnamed Polygon: autoDraw = True
1570.3436 	EXP 	unnamed Polygon: autoDraw = True
1570.3599 	EXP 	unnamed Polygon: autoDraw = True
1570.3768 	EXP 	unnamed Polygon: autoDraw = True
1570.3934 	EXP 	unnamed Polygon: autoDraw = True
1570.4104 	EXP 	unnamed Polygon: autoDraw = True
1570.4284 	EXP 	unnamed Polygon: autoDraw = True
1570.4436 	EXP 	unnamed Polygon: autoDraw = True
1570.4596 	EXP 	unnamed Polygon: autoDraw = True
1570.4768 	EXP 	unnamed Polygon: autoDraw = True
1570.4935 	EXP 	unnamed Polygon: autoDraw = True
1570.5099 	EXP 	unnamed Polygon: autoDraw = True
1570.5272 	EXP 	unnamed Polygon: autoDraw = True
1570.5437 	EXP 	unnamed Polygon: autoDraw = True
1570.5597 	EXP 	unnamed Polygon: autoDraw = True
1570.5773 	EXP 	unnamed Polygon: autoDraw = True
1570.5938 	EXP 	unnamed Polygon: autoDraw = True
1570.6104 	EXP 	unnamed Polygon: autoDraw = True
1570.6271 	EXP 	unnamed Polygon: autoDraw = True
1570.6436 	EXP 	unnamed Polygon: autoDraw = True
1570.6600 	EXP 	unnamed Polygon: autoDraw = True
1570.6773 	EXP 	unnamed Polygon: autoDraw = True
1570.6940 	EXP 	unnamed Polygon: autoDraw = True
1570.7109 	EXP 	unnamed Polygon: autoDraw = True
1570.7282 	EXP 	unnamed Polygon: autoDraw = True
1570.7441 	EXP 	unnamed Polygon: autoDraw = True
1570.7609 	EXP 	unnamed Polygon: autoDraw = True
1570.7786 	EXP 	unnamed Polygon: autoDraw = True
1570.7942 	EXP 	unnamed Polygon: autoDraw = True
1570.8108 	EXP 	unnamed Polygon: autoDraw = True
1570.8284 	EXP 	unnamed Polygon: autoDraw = True
1570.8441 	EXP 	unnamed Polygon: autoDraw = True
1570.8600 	EXP 	unnamed Polygon: autoDraw = True
1570.8772 	EXP 	unnamed Polygon: autoDraw = True
1570.8939 	EXP 	unnamed Polygon: autoDraw = True
1570.9101 	EXP 	unnamed Polygon: autoDraw = True
1570.9277 	EXP 	unnamed Polygon: autoDraw = True
1570.9437 	EXP 	unnamed Polygon: autoDraw = True
1570.9598 	EXP 	unnamed Polygon: autoDraw = True
1570.9783 	EXP 	unnamed Polygon: autoDraw = True
1570.9937 	EXP 	unnamed Polygon: autoDraw = False
1572.1268 	EXP 	trial_feedback: text = 'Miss!\n-$0.00'
1572.1268 	EXP 	trial_feedback: autoDraw = True
1574.1271 	EXP 	trial_feedback: autoDraw = False
1574.1271 	EXP 	exp_feedback: autoDraw = False
1584.4946 	EXP 	unnamed Polygon: autoDraw = True
1584.4946 	EXP 	unnamed Polygon: autoDraw = True
1584.5110 	EXP 	unnamed Polygon: autoDraw = True
1584.5285 	EXP 	unnamed Polygon: autoDraw = True
1584.5444 	EXP 	unnamed Polygon: autoDraw = True
1584.5610 	EXP 	unnamed Polygon: autoDraw = True
1584.5782 	EXP 	unnamed Polygon: autoDraw = True
1584.5944 	EXP 	unnamed Polygon: autoDraw = True
1584.6107 	EXP 	unnamed Polygon: autoDraw = True
1584.6277 	EXP 	unnamed Polygon: autoDraw = True
1584.6442 	EXP 	unnamed Polygon: autoDraw = True
1584.6613 	EXP 	unnamed Polygon: autoDraw = True
1584.6780 	EXP 	unnamed Polygon: autoDraw = True
1584.6945 	EXP 	unnamed Polygon: autoDraw = True
1584.7106 	EXP 	unnamed Polygon: autoDraw = True
1584.7278 	EXP 	unnamed Polygon: autoDraw = True
1584.7446 	EXP 	unnamed Polygon: autoDraw = True
1584.7608 	EXP 	unnamed Polygon: autoDraw = True
1584.7779 	EXP 	unnamed Polygon: autoDraw = True
1584.7944 	EXP 	unnamed Polygon: autoDraw = True
1584.8114 	EXP 	unnamed Polygon: autoDraw = True
1584.8280 	EXP 	unnamed Polygon: autoDraw = True
1584.8441 	EXP 	unnamed Polygon: autoDraw = True
1584.8608 	EXP 	unnamed Polygon: autoDraw = True
1584.8780 	EXP 	unnamed Polygon: autoDraw = True
1584.8946 	EXP 	unnamed Polygon: autoDraw = True
1584.9109 	EXP 	unnamed Polygon: autoDraw = True
1584.9277 	EXP 	unnamed Polygon: autoDraw = True
1584.9444 	EXP 	unnamed Polygon: autoDraw = True
1584.9618 	EXP 	unnamed Polygon: autoDraw = True
1584.9786 	EXP 	unnamed Polygon: autoDraw = True
1584.9942 	EXP 	unnamed Polygon: autoDraw = True
1585.0110 	EXP 	unnamed Polygon: autoDraw = True
1585.0278 	EXP 	unnamed Polygon: autoDraw = True
1585.0448 	EXP 	unnamed Polygon: autoDraw = True
1585.0607 	EXP 	unnamed Polygon: autoDraw = True
1585.0779 	EXP 	unnamed Polygon: autoDraw = True
1585.0947 	EXP 	unnamed Polygon: autoDraw = True
1585.1107 	EXP 	unnamed Polygon: autoDraw = True
1585.1277 	EXP 	unnamed Polygon: autoDraw = True
1585.1445 	EXP 	unnamed Polygon: autoDraw = True
1585.1608 	EXP 	unnamed Polygon: autoDraw = True
1585.1777 	EXP 	unnamed Polygon: autoDraw = True
1585.1943 	EXP 	unnamed Polygon: autoDraw = True
1585.2110 	EXP 	unnamed Polygon: autoDraw = True
1585.2284 	EXP 	unnamed Polygon: autoDraw = True
1585.2448 	EXP 	unnamed Polygon: autoDraw = True
1585.2621 	EXP 	unnamed Polygon: autoDraw = True
1585.2783 	EXP 	unnamed Polygon: autoDraw = True
1585.2946 	EXP 	unnamed Polygon: autoDraw = False
1586.1620 	EXP 	trial_feedback: height = 0.09
1586.1620 	EXP 	trial_feedback: height = 0.09
1586.1620 	EXP 	trial_feedback: height = 0.09
1586.1620 	EXP 	trial_feedback: text = 'Miss!\n-$5.00'
1586.1620 	EXP 	trial_feedback: autoDraw = True
1588.1612 	EXP 	trial_feedback: autoDraw = False
1588.1781 	EXP 	trial_feedback: autoDraw = False
1588.1781 	EXP 	exp_feedback: autoDraw = False
1598.6622 	EXP 	unnamed Polygon: autoDraw = True
1598.6622 	EXP 	unnamed Polygon: autoDraw = True
1598.6789 	EXP 	unnamed Polygon: autoDraw = True
1598.6954 	EXP 	unnamed Polygon: autoDraw = True
1598.7119 	EXP 	unnamed Polygon: autoDraw = True
1598.7288 	EXP 	unnamed Polygon: autoDraw = True
1598.7454 	EXP 	unnamed Polygon: autoDraw = True
1598.7622 	EXP 	unnamed Polygon: autoDraw = True
1598.7789 	EXP 	unnamed Polygon: autoDraw = True
1598.7956 	EXP 	unnamed Polygon: autoDraw = True
1598.8121 	EXP 	unnamed Polygon: autoDraw = True
1598.8292 	EXP 	unnamed Polygon: autoDraw = True
1598.8454 	EXP 	unnamed Polygon: autoDraw = True
1598.8620 	EXP 	unnamed Polygon: autoDraw = True
1598.8791 	EXP 	unnamed Polygon: autoDraw = True
1598.8958 	EXP 	unnamed Polygon: autoDraw = True
1598.9115 	EXP 	unnamed Polygon: autoDraw = True
1598.9288 	EXP 	unnamed Polygon: autoDraw = True
1598.9457 	EXP 	unnamed Polygon: autoDraw = True
1598.9617 	EXP 	unnamed Polygon: autoDraw = True
1598.9785 	EXP 	unnamed Polygon: autoDraw = True
1598.9951 	EXP 	unnamed Polygon: autoDraw = True
1599.0119 	EXP 	unnamed Polygon: autoDraw = True
1599.0287 	EXP 	unnamed Polygon: autoDraw = True
1599.0453 	EXP 	unnamed Polygon: autoDraw = True
1599.0619 	EXP 	unnamed Polygon: autoDraw = True
1599.0789 	EXP 	unnamed Polygon: autoDraw = True
1599.0954 	EXP 	unnamed Polygon: autoDraw = True
1599.1121 	EXP 	unnamed Polygon: autoDraw = True
1599.1285 	EXP 	unnamed Polygon: autoDraw = True
1599.1452 	EXP 	unnamed Polygon: autoDraw = True
1599.1618 	EXP 	unnamed Polygon: autoDraw = True
1599.1785 	EXP 	unnamed Polygon: autoDraw = True
1599.1950 	EXP 	unnamed Polygon: autoDraw = True
1599.2122 	EXP 	unnamed Polygon: autoDraw = True
1599.2283 	EXP 	unnamed Polygon: autoDraw = True
1599.2450 	EXP 	unnamed Polygon: autoDraw = True
1599.2619 	EXP 	unnamed Polygon: autoDraw = True
1599.2786 	EXP 	unnamed Polygon: autoDraw = True
1599.2956 	EXP 	unnamed Polygon: autoDraw = True
1599.3122 	EXP 	unnamed Polygon: autoDraw = True
1599.3286 	EXP 	unnamed Polygon: autoDraw = True
1599.3456 	EXP 	unnamed Polygon: autoDraw = True
1599.3621 	EXP 	unnamed Polygon: autoDraw = True
1599.3786 	EXP 	unnamed Polygon: autoDraw = True
1599.3953 	EXP 	unnamed Polygon: autoDraw = True
1599.4121 	EXP 	unnamed Polygon: autoDraw = True
1599.4287 	EXP 	unnamed Polygon: autoDraw = True
1599.4453 	EXP 	unnamed Polygon: autoDraw = True
1599.4620 	EXP 	unnamed Polygon: autoDraw = True
1599.4786 	EXP 	unnamed Polygon: autoDraw = True
1599.4953 	EXP 	unnamed Polygon: autoDraw = False
1600.1785 	EXP 	trial_feedback: height = 0.09
1600.1785 	EXP 	trial_feedback: height = 0.09
1600.1785 	EXP 	trial_feedback: height = 0.09
1600.1785 	EXP 	trial_feedback: text = 'Miss!\n$0.00'
1600.1785 	EXP 	trial_feedback: autoDraw = True
1602.1789 	EXP 	trial_feedback: autoDraw = False
1602.1965 	EXP 	trial_feedback: autoDraw = False
1602.1965 	EXP 	exp_feedback: autoDraw = False
1612.6131 	EXP 	unnamed Polygon: autoDraw = True
1612.6131 	EXP 	unnamed Polygon: autoDraw = True
1612.6300 	EXP 	unnamed Polygon: autoDraw = True
1612.6465 	EXP 	unnamed Polygon: autoDraw = True
1612.6631 	EXP 	unnamed Polygon: autoDraw = True
1612.6796 	EXP 	unnamed Polygon: autoDraw = True
1612.6966 	EXP 	unnamed Polygon: autoDraw = True
1612.7132 	EXP 	unnamed Polygon: autoDraw = True
1612.7302 	EXP 	unnamed Polygon: autoDraw = True
1612.7468 	EXP 	unnamed Polygon: autoDraw = True
1612.7632 	EXP 	unnamed Polygon: autoDraw = True
1612.7802 	EXP 	unnamed Polygon: autoDraw = True
1612.7965 	EXP 	unnamed Polygon: autoDraw = True
1612.8136 	EXP 	unnamed Polygon: autoDraw = True
1612.8300 	EXP 	unnamed Polygon: autoDraw = True
1612.8462 	EXP 	unnamed Polygon: autoDraw = True
1612.8633 	EXP 	unnamed Polygon: autoDraw = True
1612.8799 	EXP 	unnamed Polygon: autoDraw = True
1612.8967 	EXP 	unnamed Polygon: autoDraw = True
1612.9135 	EXP 	unnamed Polygon: autoDraw = True
1612.9302 	EXP 	unnamed Polygon: autoDraw = True
1612.9465 	EXP 	unnamed Polygon: autoDraw = True
1612.9632 	EXP 	unnamed Polygon: autoDraw = True
1612.9804 	EXP 	unnamed Polygon: autoDraw = True
1612.9964 	EXP 	unnamed Polygon: autoDraw = True
1613.0133 	EXP 	unnamed Polygon: autoDraw = True
1613.0299 	EXP 	unnamed Polygon: autoDraw = True
1613.0466 	EXP 	unnamed Polygon: autoDraw = True
1613.0633 	EXP 	unnamed Polygon: autoDraw = True
1613.0801 	EXP 	unnamed Polygon: autoDraw = True
1613.0961 	EXP 	unnamed Polygon: autoDraw = True
1613.1133 	EXP 	unnamed Polygon: autoDraw = True
1613.1299 	EXP 	unnamed Polygon: autoDraw = True
1613.1468 	EXP 	unnamed Polygon: autoDraw = True
1613.1631 	EXP 	unnamed Polygon: autoDraw = True
1613.1799 	EXP 	unnamed Polygon: autoDraw = True
1613.1964 	EXP 	unnamed Polygon: autoDraw = True
1613.2137 	EXP 	unnamed Polygon: autoDraw = True
1613.2303 	EXP 	unnamed Polygon: autoDraw = True
1613.2462 	EXP 	unnamed Polygon: autoDraw = True
1613.2634 	EXP 	unnamed Polygon: autoDraw = True
1613.2804 	EXP 	unnamed Polygon: autoDraw = True
1613.2967 	EXP 	unnamed Polygon: autoDraw = True
1613.3130 	EXP 	unnamed Polygon: autoDraw = True
1613.3300 	EXP 	unnamed Polygon: autoDraw = True
1613.3465 	EXP 	unnamed Polygon: autoDraw = True
1613.3629 	EXP 	unnamed Polygon: autoDraw = True
1613.3799 	EXP 	unnamed Polygon: autoDraw = True
1613.3966 	EXP 	unnamed Polygon: autoDraw = True
1613.4132 	EXP 	unnamed Polygon: autoDraw = True
1613.4300 	EXP 	unnamed Polygon: autoDraw = False
1614.2132 	EXP 	trial_feedback: height = 0.09
1614.2132 	EXP 	trial_feedback: height = 0.09
1614.2132 	EXP 	trial_feedback: height = 0.09
1614.2132 	EXP 	trial_feedback: text = 'Miss!\n-$5.00'
1614.2132 	EXP 	trial_feedback: autoDraw = True
1616.2129 	EXP 	trial_feedback: autoDraw = False
1616.2300 	EXP 	trial_feedback: autoDraw = False
1616.2300 	EXP 	exp_feedback: autoDraw = False
1626.6635 	EXP 	unnamed Polygon: autoDraw = True
1626.6635 	EXP 	unnamed Polygon: autoDraw = True
1626.6806 	EXP 	unnamed Polygon: autoDraw = True
1626.6969 	EXP 	unnamed Polygon: autoDraw = True
1626.7136 	EXP 	unnamed Polygon: autoDraw = True
1626.7306 	EXP 	unnamed Polygon: autoDraw = True
1626.7468 	EXP 	unnamed Polygon: autoDraw = True
1626.7636 	EXP 	unnamed Polygon: autoDraw = True
1626.7809 	EXP 	unnamed Polygon: autoDraw = True
1626.7972 	EXP 	unnamed Polygon: autoDraw = True
1626.8138 	EXP 	unnamed Polygon: autoDraw = True
1626.8306 	EXP 	unnamed Polygon: autoDraw = True
1626.8469 	EXP 	unnamed Polygon: autoDraw = True
1626.8635 	EXP 	unnamed Polygon: autoDraw = True
1626.8806 	EXP 	unnamed Polygon: autoDraw = True
1626.8969 	EXP 	unnamed Polygon: autoDraw = True
1626.9137 	EXP 	unnamed Polygon: autoDraw = True
1626.9307 	EXP 	unnamed Polygon: autoDraw = True
1626.9470 	EXP 	unnamed Polygon: autoDraw = True
1626.9637 	EXP 	unnamed Polygon: autoDraw = True
1626.9807 	EXP 	unnamed Polygon: autoDraw = True
1626.9970 	EXP 	unnamed Polygon: autoDraw = True
1627.0137 	EXP 	unnamed Polygon: autoDraw = True
1627.0308 	EXP 	unnamed Polygon: autoDraw = True
1627.0474 	EXP 	unnamed Polygon: autoDraw = True
1627.0636 	EXP 	unnamed Polygon: autoDraw = True
1627.0806 	EXP 	unnamed Polygon: autoDraw = True
1627.0970 	EXP 	unnamed Polygon: autoDraw = True
1627.1137 	EXP 	unnamed Polygon: autoDraw = True
1627.1314 	EXP 	unnamed Polygon: autoDraw = True
1627.1470 	EXP 	unnamed Polygon: autoDraw = True
1627.1637 	EXP 	unnamed Polygon: autoDraw = True
1627.1804 	EXP 	unnamed Polygon: autoDraw = True
1627.1972 	EXP 	unnamed Polygon: autoDraw = True
1627.2136 	EXP 	unnamed Polygon: autoDraw = True
1627.2307 	EXP 	unnamed Polygon: autoDraw = True
1627.2470 	EXP 	unnamed Polygon: autoDraw = True
1627.2649 	EXP 	unnamed Polygon: autoDraw = True
1627.2813 	EXP 	unnamed Polygon: autoDraw = True
1627.2973 	EXP 	unnamed Polygon: autoDraw = True
1627.3145 	EXP 	unnamed Polygon: autoDraw = True
1627.3312 	EXP 	unnamed Polygon: autoDraw = True
1627.3478 	EXP 	unnamed Polygon: autoDraw = True
1627.3649 	EXP 	unnamed Polygon: autoDraw = True
1627.3813 	EXP 	unnamed Polygon: autoDraw = True
1627.3971 	EXP 	unnamed Polygon: autoDraw = True
1627.4140 	EXP 	unnamed Polygon: autoDraw = True
1627.4309 	EXP 	unnamed Polygon: autoDraw = True
1627.4469 	EXP 	unnamed Polygon: autoDraw = True
1627.4637 	EXP 	unnamed Polygon: autoDraw = True
1627.4809 	EXP 	unnamed Polygon: autoDraw = True
1627.4971 	EXP 	unnamed Polygon: autoDraw = False
1628.2470 	EXP 	trial_feedback: height = 0.09
1628.2470 	EXP 	trial_feedback: height = 0.09
1628.2470 	EXP 	trial_feedback: height = 0.09
1628.2470 	EXP 	trial_feedback: text = 'Miss!\n$0.00'
1628.2470 	EXP 	trial_feedback: autoDraw = True
1630.2471 	EXP 	trial_feedback: autoDraw = False
1630.2471 	EXP 	exp_feedback: autoDraw = False
1636.4818 	EXP 	unnamed Polygon: autoDraw = True
1636.4818 	EXP 	unnamed Polygon: autoDraw = True
1636.4974 	EXP 	unnamed Polygon: autoDraw = True
1636.5141 	EXP 	unnamed Polygon: autoDraw = True
1636.5311 	EXP 	unnamed Polygon: autoDraw = True
1636.5475 	EXP 	unnamed Polygon: autoDraw = True
1636.5641 	EXP 	unnamed Polygon: autoDraw = True
1636.5813 	EXP 	unnamed Polygon: autoDraw = True
1636.5976 	EXP 	unnamed Polygon: autoDraw = True
1636.6154 	EXP 	unnamed Polygon: autoDraw = True
1636.6317 	EXP 	unnamed Polygon: autoDraw = True
1636.6481 	EXP 	unnamed Polygon: autoDraw = True
1636.6641 	EXP 	unnamed Polygon: autoDraw = True
1636.6812 	EXP 	unnamed Polygon: autoDraw = True
1636.6976 	EXP 	unnamed Polygon: autoDraw = True
1636.7141 	EXP 	unnamed Polygon: autoDraw = True
1636.7314 	EXP 	unnamed Polygon: autoDraw = True
1636.7474 	EXP 	unnamed Polygon: autoDraw = True
1636.7641 	EXP 	unnamed Polygon: autoDraw = True
1636.7816 	EXP 	unnamed Polygon: autoDraw = True
1636.7982 	EXP 	unnamed Polygon: autoDraw = True
1636.8141 	EXP 	unnamed Polygon: autoDraw = True
1636.8313 	EXP 	unnamed Polygon: autoDraw = True
1636.8475 	EXP 	unnamed Polygon: autoDraw = True
1636.8640 	EXP 	unnamed Polygon: autoDraw = True
1636.8811 	EXP 	unnamed Polygon: autoDraw = True
1636.8974 	EXP 	unnamed Polygon: autoDraw = True
1636.9149 	EXP 	unnamed Polygon: autoDraw = True
1636.9318 	EXP 	unnamed Polygon: autoDraw = True
1636.9476 	EXP 	unnamed Polygon: autoDraw = True
1636.9641 	EXP 	unnamed Polygon: autoDraw = True
1636.9814 	EXP 	unnamed Polygon: autoDraw = True
1636.9974 	EXP 	unnamed Polygon: autoDraw = True
1637.0147 	EXP 	unnamed Polygon: autoDraw = True
1637.0315 	EXP 	unnamed Polygon: autoDraw = True
1637.0480 	EXP 	unnamed Polygon: autoDraw = True
1637.0642 	EXP 	unnamed Polygon: autoDraw = True
1637.0813 	EXP 	unnamed Polygon: autoDraw = True
1637.0984 	EXP 	unnamed Polygon: autoDraw = True
1637.1142 	EXP 	unnamed Polygon: autoDraw = True
1637.1314 	EXP 	unnamed Polygon: autoDraw = True
1637.1475 	EXP 	unnamed Polygon: autoDraw = True
1637.1643 	EXP 	unnamed Polygon: autoDraw = True
1637.1810 	EXP 	unnamed Polygon: autoDraw = True
1637.1975 	EXP 	unnamed Polygon: autoDraw = True
1637.2142 	EXP 	unnamed Polygon: autoDraw = True
1637.2311 	EXP 	unnamed Polygon: autoDraw = True
1637.2482 	EXP 	unnamed Polygon: autoDraw = True
1637.2643 	EXP 	unnamed Polygon: autoDraw = True
1637.2811 	EXP 	unnamed Polygon: autoDraw = True
1637.2976 	EXP 	unnamed Polygon: autoDraw = True
1637.3149 	EXP 	unnamed Polygon: autoDraw = False
1638.2482 	EXP 	trial_feedback: height = 0.09
1638.2482 	EXP 	trial_feedback: height = 0.09
1638.2482 	EXP 	trial_feedback: height = 0.09
1638.2482 	EXP 	trial_feedback: text = 'Miss!\n-$5.00'
1638.2482 	EXP 	trial_feedback: autoDraw = True
1640.2478 	EXP 	trial_feedback: autoDraw = False
1640.2646 	EXP 	trial_feedback: autoDraw = False
1640.2646 	EXP 	exp_feedback: autoDraw = False
1648.7821 	EXP 	unnamed Polygon: autoDraw = True
1648.7821 	EXP 	unnamed Polygon: autoDraw = True
1648.7984 	EXP 	unnamed Polygon: autoDraw = True
1648.8148 	EXP 	unnamed Polygon: autoDraw = True
1648.8319 	EXP 	unnamed Polygon: autoDraw = True
1648.8485 	EXP 	unnamed Polygon: autoDraw = True
1648.8663 	EXP 	unnamed Polygon: autoDraw = True
1648.8823 	EXP 	unnamed Polygon: autoDraw = True
1648.8986 	EXP 	unnamed Polygon: autoDraw = True
1648.9150 	EXP 	unnamed Polygon: autoDraw = True
1648.9325 	EXP 	unnamed Polygon: autoDraw = True
1648.9495 	EXP 	unnamed Polygon: autoDraw = True
1648.9683 	EXP 	unnamed Polygon: autoDraw = True
1648.9823 	EXP 	unnamed Polygon: autoDraw = True
1648.9985 	EXP 	unnamed Polygon: autoDraw = True
1649.0152 	EXP 	unnamed Polygon: autoDraw = True
1649.0319 	EXP 	unnamed Polygon: autoDraw = True
1649.0485 	EXP 	unnamed Polygon: autoDraw = True
1649.0650 	EXP 	unnamed Polygon: autoDraw = True
1649.0819 	EXP 	unnamed Polygon: autoDraw = True
1649.0989 	EXP 	unnamed Polygon: autoDraw = True
1649.1163 	EXP 	unnamed Polygon: autoDraw = True
1649.1328 	EXP 	unnamed Polygon: autoDraw = True
1649.1485 	EXP 	unnamed Polygon: autoDraw = True
1649.1649 	EXP 	unnamed Polygon: autoDraw = True
1649.1821 	EXP 	unnamed Polygon: autoDraw = True
1649.1982 	EXP 	unnamed Polygon: autoDraw = True
1649.2151 	EXP 	unnamed Polygon: autoDraw = True
1649.2320 	EXP 	unnamed Polygon: autoDraw = True
1649.2483 	EXP 	unnamed Polygon: autoDraw = True
1649.2666 	EXP 	unnamed Polygon: autoDraw = True
1649.2828 	EXP 	unnamed Polygon: autoDraw = True
1649.2992 	EXP 	unnamed Polygon: autoDraw = True
1649.3150 	EXP 	unnamed Polygon: autoDraw = True
1649.3323 	EXP 	unnamed Polygon: autoDraw = True
1649.3485 	EXP 	unnamed Polygon: autoDraw = True
1649.3650 	EXP 	unnamed Polygon: autoDraw = True
1649.3819 	EXP 	unnamed Polygon: autoDraw = True
1649.3984 	EXP 	unnamed Polygon: autoDraw = True
1649.4150 	EXP 	unnamed Polygon: autoDraw = True
1649.4323 	EXP 	unnamed Polygon: autoDraw = True
1649.4489 	EXP 	unnamed Polygon: autoDraw = True
1649.4651 	EXP 	unnamed Polygon: autoDraw = True
1649.4822 	EXP 	unnamed Polygon: autoDraw = True
1649.4983 	EXP 	unnamed Polygon: autoDraw = True
1649.5151 	EXP 	unnamed Polygon: autoDraw = True
1649.5323 	EXP 	unnamed Polygon: autoDraw = True
1649.5484 	EXP 	unnamed Polygon: autoDraw = True
1649.5650 	EXP 	unnamed Polygon: autoDraw = True
1649.5827 	EXP 	unnamed Polygon: autoDraw = False
1650.2826 	EXP 	trial_feedback: height = 0.09
1650.2826 	EXP 	trial_feedback: height = 0.09
1650.2826 	EXP 	trial_feedback: height = 0.09
1650.2826 	EXP 	trial_feedback: text = 'Miss!\n-$0.00'
1650.2826 	EXP 	trial_feedback: autoDraw = True
1652.2824 	EXP 	trial_feedback: autoDraw = False
1652.2986 	EXP 	trial_feedback: autoDraw = False
1652.2986 	EXP 	exp_feedback: autoDraw = False
1660.6331 	EXP 	unnamed Polygon: autoDraw = True
1660.6331 	EXP 	unnamed Polygon: autoDraw = True
1660.6500 	EXP 	unnamed Polygon: autoDraw = True
1660.6665 	EXP 	unnamed Polygon: autoDraw = True
1660.6836 	EXP 	unnamed Polygon: autoDraw = True
1660.7004 	EXP 	unnamed Polygon: autoDraw = True
1660.7166 	EXP 	unnamed Polygon: autoDraw = True
1660.7332 	EXP 	unnamed Polygon: autoDraw = True
1660.7501 	EXP 	unnamed Polygon: autoDraw = True
1660.7665 	EXP 	unnamed Polygon: autoDraw = True
1660.7831 	EXP 	unnamed Polygon: autoDraw = True
1660.7998 	EXP 	unnamed Polygon: autoDraw = True
1660.8164 	EXP 	unnamed Polygon: autoDraw = True
1660.8332 	EXP 	unnamed Polygon: autoDraw = True
1660.8497 	EXP 	unnamed Polygon: autoDraw = True
1660.8661 	EXP 	unnamed Polygon: autoDraw = True
1660.8832 	EXP 	unnamed Polygon: autoDraw = True
1660.8999 	EXP 	unnamed Polygon: autoDraw = True
1660.9167 	EXP 	unnamed Polygon: autoDraw = True
1660.9333 	EXP 	unnamed Polygon: autoDraw = True
1660.9498 	EXP 	unnamed Polygon: autoDraw = True
1660.9665 	EXP 	unnamed Polygon: autoDraw = True
1660.9834 	EXP 	unnamed Polygon: autoDraw = True
1660.9996 	EXP 	unnamed Polygon: autoDraw = True
1661.0166 	EXP 	unnamed Polygon: autoDraw = True
1661.0334 	EXP 	unnamed Polygon: autoDraw = True
1661.0498 	EXP 	unnamed Polygon: autoDraw = True
1661.0664 	EXP 	unnamed Polygon: autoDraw = True
1661.0833 	EXP 	unnamed Polygon: autoDraw = True
1661.0994 	EXP 	unnamed Polygon: autoDraw = True
1661.1164 	EXP 	unnamed Polygon: autoDraw = True
1661.1331 	EXP 	unnamed Polygon: autoDraw = True
1661.1497 	EXP 	unnamed Polygon: autoDraw = True
1661.1664 	EXP 	unnamed Polygon: autoDraw = True
1661.1833 	EXP 	unnamed Polygon: autoDraw = True
1661.1998 	EXP 	unnamed Polygon: autoDraw = True
1661.2165 	EXP 	unnamed Polygon: autoDraw = True
1661.2335 	EXP 	unnamed Polygon: autoDraw = True
1661.2500 	EXP 	unnamed Polygon: autoDraw = True
1661.2668 	EXP 	unnamed Polygon: autoDraw = True
1661.2836 	EXP 	unnamed Polygon: autoDraw = True
1661.2996 	EXP 	unnamed Polygon: autoDraw = True
1661.3167 	EXP 	unnamed Polygon: autoDraw = True
1661.3331 	EXP 	unnamed Polygon: autoDraw = True
1661.3498 	EXP 	unnamed Polygon: autoDraw = True
1661.3664 	EXP 	unnamed Polygon: autoDraw = True
1661.3838 	EXP 	unnamed Polygon: autoDraw = True
1661.3997 	EXP 	unnamed Polygon: autoDraw = True
1661.4173 	EXP 	unnamed Polygon: autoDraw = True
1661.4335 	EXP 	unnamed Polygon: autoDraw = True
1661.4496 	EXP 	unnamed Polygon: autoDraw = False
1662.3171 	EXP 	trial_feedback: text = 'Miss!\n-$0.00'
1662.3171 	EXP 	trial_feedback: autoDraw = True
1664.3167 	EXP 	trial_feedback: autoDraw = False
1664.3167 	EXP 	exp_feedback: autoDraw = False
1670.4009 	EXP 	unnamed Polygon: autoDraw = True
1670.4009 	EXP 	unnamed Polygon: autoDraw = True
1670.4171 	EXP 	unnamed Polygon: autoDraw = True
1670.4340 	EXP 	unnamed Polygon: autoDraw = True
1670.4510 	EXP 	unnamed Polygon: autoDraw = True
1670.4694 	EXP 	unnamed Polygon: autoDraw = True
1670.4837 	EXP 	unnamed Polygon: autoDraw = True
1670.5004 	EXP 	unnamed Polygon: autoDraw = True
1670.5168 	EXP 	unnamed Polygon: autoDraw = True
1670.5338 	EXP 	unnamed Polygon: autoDraw = True
1670.5500 	EXP 	unnamed Polygon: autoDraw = True
1670.5669 	EXP 	unnamed Polygon: autoDraw = True
1670.5838 	EXP 	unnamed Polygon: autoDraw = True
1670.6003 	EXP 	unnamed Polygon: autoDraw = True
1670.6165 	EXP 	unnamed Polygon: autoDraw = True
1670.6338 	EXP 	unnamed Polygon: autoDraw = True
1670.6501 	EXP 	unnamed Polygon: autoDraw = True
1670.6668 	EXP 	unnamed Polygon: autoDraw = True
1670.6836 	EXP 	unnamed Polygon: autoDraw = True
1670.6998 	EXP 	unnamed Polygon: autoDraw = True
1670.7165 	EXP 	unnamed Polygon: autoDraw = True
1670.7335 	EXP 	unnamed Polygon: autoDraw = True
1670.7501 	EXP 	unnamed Polygon: autoDraw = True
1670.7667 	EXP 	unnamed Polygon: autoDraw = True
1670.7855 	EXP 	unnamed Polygon: autoDraw = True
1670.8017 	EXP 	unnamed Polygon: autoDraw = True
1670.8246 	EXP 	unnamed Polygon: autoDraw = True
1670.8338 	EXP 	unnamed Polygon: autoDraw = True
1670.8503 	EXP 	unnamed Polygon: autoDraw = True
1670.8669 	EXP 	unnamed Polygon: autoDraw = True
1670.8857 	EXP 	unnamed Polygon: autoDraw = True
1670.9005 	EXP 	unnamed Polygon: autoDraw = True
1670.9194 	EXP 	unnamed Polygon: autoDraw = True
1670.9341 	EXP 	unnamed Polygon: autoDraw = True
1670.9505 	EXP 	unnamed Polygon: autoDraw = True
1670.9665 	EXP 	unnamed Polygon: autoDraw = True
1670.9838 	EXP 	unnamed Polygon: autoDraw = True
1671.0003 	EXP 	unnamed Polygon: autoDraw = True
1671.0168 	EXP 	unnamed Polygon: autoDraw = True
1671.0333 	EXP 	unnamed Polygon: autoDraw = True
1671.0500 	EXP 	unnamed Polygon: autoDraw = True
1671.0666 	EXP 	unnamed Polygon: autoDraw = True
1671.0833 	EXP 	unnamed Polygon: autoDraw = True
1671.0999 	EXP 	unnamed Polygon: autoDraw = True
1671.1171 	EXP 	unnamed Polygon: autoDraw = True
1671.1338 	EXP 	unnamed Polygon: autoDraw = True
1671.1531 	EXP 	unnamed Polygon: autoDraw = True
1671.1675 	EXP 	unnamed Polygon: autoDraw = True
1671.1846 	EXP 	unnamed Polygon: autoDraw = True
1671.2005 	EXP 	unnamed Polygon: autoDraw = True
1671.2170 	EXP 	unnamed Polygon: autoDraw = True
1671.2345 	EXP 	unnamed Polygon: autoDraw = True
1671.2503 	EXP 	unnamed Polygon: autoDraw = False
1672.3338 	EXP 	trial_feedback: height = 0.09
1672.3338 	EXP 	trial_feedback: height = 0.09
1672.3338 	EXP 	trial_feedback: height = 0.09
1672.3338 	EXP 	trial_feedback: text = 'Miss!\n-$5.00'
1672.3338 	EXP 	trial_feedback: autoDraw = True
1674.3341 	EXP 	trial_feedback: autoDraw = False
1674.3503 	EXP 	trial_feedback: autoDraw = False
1674.3503 	EXP 	exp_feedback: autoDraw = False
1680.8172 	EXP 	unnamed Polygon: autoDraw = True
1680.8172 	EXP 	unnamed Polygon: autoDraw = True
1680.8344 	EXP 	unnamed Polygon: autoDraw = True
1680.8508 	EXP 	unnamed Polygon: autoDraw = True
1680.8673 	EXP 	unnamed Polygon: autoDraw = True
1680.8846 	EXP 	unnamed Polygon: autoDraw = True
1680.9006 	EXP 	unnamed Polygon: autoDraw = True
1680.9171 	EXP 	unnamed Polygon: autoDraw = True
1680.9344 	EXP 	unnamed Polygon: autoDraw = True
1680.9515 	EXP 	unnamed Polygon: autoDraw = True
1680.9686 	EXP 	unnamed Polygon: autoDraw = True
1680.9846 	EXP 	unnamed Polygon: autoDraw = True
1681.0004 	EXP 	unnamed Polygon: autoDraw = True
1681.0171 	EXP 	unnamed Polygon: autoDraw = True
1681.0343 	EXP 	unnamed Polygon: autoDraw = True
1681.0504 	EXP 	unnamed Polygon: autoDraw = True
1681.0672 	EXP 	unnamed Polygon: autoDraw = True
1681.0842 	EXP 	unnamed Polygon: autoDraw = True
1681.1004 	EXP 	unnamed Polygon: autoDraw = True
1681.1184 	EXP 	unnamed Polygon: autoDraw = True
1681.1353 	EXP 	unnamed Polygon: autoDraw = True
1681.1505 	EXP 	unnamed Polygon: autoDraw = True
1681.1671 	EXP 	unnamed Polygon: autoDraw = True
1681.1848 	EXP 	unnamed Polygon: autoDraw = True
1681.2008 	EXP 	unnamed Polygon: autoDraw = True
1681.2175 	EXP 	unnamed Polygon: autoDraw = True
1681.2345 	EXP 	unnamed Polygon: autoDraw = True
1681.2508 	EXP 	unnamed Polygon: autoDraw = True
1681.2673 	EXP 	unnamed Polygon: autoDraw = True
1681.2845 	EXP 	unnamed Polygon: autoDraw = True
1681.3017 	EXP 	unnamed Polygon: autoDraw = True
1681.3187 	EXP 	unnamed Polygon: autoDraw = True
1681.3343 	EXP 	unnamed Polygon: autoDraw = True
1681.3505 	EXP 	unnamed Polygon: autoDraw = True
1681.3674 	EXP 	unnamed Polygon: autoDraw = True
1681.3844 	EXP 	unnamed Polygon: autoDraw = True
1681.4006 	EXP 	unnamed Polygon: autoDraw = True
1681.4171 	EXP 	unnamed Polygon: autoDraw = True
1681.4343 	EXP 	unnamed Polygon: autoDraw = True
1681.4509 	EXP 	unnamed Polygon: autoDraw = True
1681.4684 	EXP 	unnamed Polygon: autoDraw = True
1681.4845 	EXP 	unnamed Polygon: autoDraw = True
1681.5004 	EXP 	unnamed Polygon: autoDraw = True
1681.5173 	EXP 	unnamed Polygon: autoDraw = True
1681.5345 	EXP 	unnamed Polygon: autoDraw = True
1681.5505 	EXP 	unnamed Polygon: autoDraw = True
1681.5673 	EXP 	unnamed Polygon: autoDraw = True
1681.5845 	EXP 	unnamed Polygon: autoDraw = True
1681.6005 	EXP 	unnamed Polygon: autoDraw = True
1681.6174 	EXP 	unnamed Polygon: autoDraw = True
1681.6344 	EXP 	unnamed Polygon: autoDraw = True
1681.6507 	EXP 	unnamed Polygon: autoDraw = False
1682.3685 	EXP 	trial_feedback: height = 0.09
1682.3685 	EXP 	trial_feedback: height = 0.09
1682.3685 	EXP 	trial_feedback: height = 0.09
1682.3685 	EXP 	trial_feedback: text = 'Miss!\n$0.00'
1682.3685 	EXP 	trial_feedback: autoDraw = True
1684.3675 	EXP 	trial_feedback: autoDraw = False
1684.3845 	EXP 	trial_feedback: autoDraw = False
1684.3845 	EXP 	exp_feedback: autoDraw = False
1692.5684 	EXP 	unnamed Polygon: autoDraw = True
1692.5684 	EXP 	unnamed Polygon: autoDraw = True
1692.5856 	EXP 	unnamed Polygon: autoDraw = True
1692.6018 	EXP 	unnamed Polygon: autoDraw = True
1692.6187 	EXP 	unnamed Polygon: autoDraw = True
1692.6354 	EXP 	unnamed Polygon: autoDraw = True
1692.6518 	EXP 	unnamed Polygon: autoDraw = True
1692.6687 	EXP 	unnamed Polygon: autoDraw = True
1692.6852 	EXP 	unnamed Polygon: autoDraw = True
1692.7018 	EXP 	unnamed Polygon: autoDraw = True
1692.7185 	EXP 	unnamed Polygon: autoDraw = True
1692.7356 	EXP 	unnamed Polygon: autoDraw = True
1692.7525 	EXP 	unnamed Polygon: autoDraw = True
1692.7687 	EXP 	unnamed Polygon: autoDraw = True
1692.7856 	EXP 	unnamed Polygon: autoDraw = True
1692.8019 	EXP 	unnamed Polygon: autoDraw = True
1692.8189 	EXP 	unnamed Polygon: autoDraw = True
1692.8357 	EXP 	unnamed Polygon: autoDraw = True
1692.8519 	EXP 	unnamed Polygon: autoDraw = True
1692.8683 	EXP 	unnamed Polygon: autoDraw = True
1692.8858 	EXP 	unnamed Polygon: autoDraw = True
1692.9020 	EXP 	unnamed Polygon: autoDraw = True
1692.9187 	EXP 	unnamed Polygon: autoDraw = True
1692.9353 	EXP 	unnamed Polygon: autoDraw = True
1692.9515 	EXP 	unnamed Polygon: autoDraw = True
1692.9686 	EXP 	unnamed Polygon: autoDraw = True
1692.9856 	EXP 	unnamed Polygon: autoDraw = True
1693.0022 	EXP 	unnamed Polygon: autoDraw = True
1693.0187 	EXP 	unnamed Polygon: autoDraw = True
1693.0353 	EXP 	unnamed Polygon: autoDraw = True
1693.0517 	EXP 	unnamed Polygon: autoDraw = True
1693.0684 	EXP 	unnamed Polygon: autoDraw = True
1693.0858 	EXP 	unnamed Polygon: autoDraw = True
1693.1019 	EXP 	unnamed Polygon: autoDraw = True
1693.1187 	EXP 	unnamed Polygon: autoDraw = True
1693.1357 	EXP 	unnamed Polygon: autoDraw = True
1693.1520 	EXP 	unnamed Polygon: autoDraw = True
1693.1687 	EXP 	unnamed Polygon: autoDraw = True
1693.1858 	EXP 	unnamed Polygon: autoDraw = True
1693.2022 	EXP 	unnamed Polygon: autoDraw = True
1693.2185 	EXP 	unnamed Polygon: autoDraw = True
1693.2355 	EXP 	unnamed Polygon: autoDraw = True
1693.2525 	EXP 	unnamed Polygon: autoDraw = True
1693.2687 	EXP 	unnamed Polygon: autoDraw = True
1693.2853 	EXP 	unnamed Polygon: autoDraw = True
1693.3020 	EXP 	unnamed Polygon: autoDraw = True
1693.3184 	EXP 	unnamed Polygon: autoDraw = True
1693.3354 	EXP 	unnamed Polygon: autoDraw = True
1693.3519 	EXP 	unnamed Polygon: autoDraw = True
1693.3684 	EXP 	unnamed Polygon: autoDraw = True
1693.3855 	EXP 	unnamed Polygon: autoDraw = True
1693.4016 	EXP 	unnamed Polygon: autoDraw = False
1694.4182 	EXP 	trial_feedback: height = 0.09
1694.4182 	EXP 	trial_feedback: height = 0.09
1694.4182 	EXP 	trial_feedback: height = 0.09
1694.4182 	EXP 	trial_feedback: text = 'Miss!\n-$0.00'
1694.4182 	EXP 	trial_feedback: autoDraw = True
1696.4197 	EXP 	trial_feedback: autoDraw = False
1696.4197 	EXP 	exp_feedback: autoDraw = False
1704.5863 	EXP 	unnamed Polygon: autoDraw = True
1704.5863 	EXP 	unnamed Polygon: autoDraw = True
1704.6023 	EXP 	unnamed Polygon: autoDraw = True
1704.6191 	EXP 	unnamed Polygon: autoDraw = True
1704.6359 	EXP 	unnamed Polygon: autoDraw = True
1704.6524 	EXP 	unnamed Polygon: autoDraw = True
1704.6690 	EXP 	unnamed Polygon: autoDraw = True
1704.6862 	EXP 	unnamed Polygon: autoDraw = True
1704.7024 	EXP 	unnamed Polygon: autoDraw = True
1704.7190 	EXP 	unnamed Polygon: autoDraw = True
1704.7362 	EXP 	unnamed Polygon: autoDraw = True
1704.7524 	EXP 	unnamed Polygon: autoDraw = True
1704.7689 	EXP 	unnamed Polygon: autoDraw = True
1704.7858 	EXP 	unnamed Polygon: autoDraw = True
1704.8022 	EXP 	unnamed Polygon: autoDraw = True
1704.8189 	EXP 	unnamed Polygon: autoDraw = True
1704.8360 	EXP 	unnamed Polygon: autoDraw = True
1704.8523 	EXP 	unnamed Polygon: autoDraw = True
1704.8691 	EXP 	unnamed Polygon: autoDraw = True
1704.8862 	EXP 	unnamed Polygon: autoDraw = True
1704.9024 	EXP 	unnamed Polygon: autoDraw = True
1704.9191 	EXP 	unnamed Polygon: autoDraw = True
1704.9358 	EXP 	unnamed Polygon: autoDraw = True
1704.9524 	EXP 	unnamed Polygon: autoDraw = True
1704.9704 	EXP 	unnamed Polygon: autoDraw = True
1704.9866 	EXP 	unnamed Polygon: autoDraw = True
1705.0038 	EXP 	unnamed Polygon: autoDraw = True
1705.0207 	EXP 	unnamed Polygon: autoDraw = True
1705.0366 	EXP 	unnamed Polygon: autoDraw = True
1705.0534 	EXP 	unnamed Polygon: autoDraw = True
1705.0706 	EXP 	unnamed Polygon: autoDraw = True
1705.0864 	EXP 	unnamed Polygon: autoDraw = True
1705.1029 	EXP 	unnamed Polygon: autoDraw = True
1705.1193 	EXP 	unnamed Polygon: autoDraw = True
1705.1363 	EXP 	unnamed Polygon: autoDraw = True
1705.1526 	EXP 	unnamed Polygon: autoDraw = True
1705.1693 	EXP 	unnamed Polygon: autoDraw = True
1705.1862 	EXP 	unnamed Polygon: autoDraw = True
1705.2025 	EXP 	unnamed Polygon: autoDraw = True
1705.2193 	EXP 	unnamed Polygon: autoDraw = True
1705.2363 	EXP 	unnamed Polygon: autoDraw = True
1705.2524 	EXP 	unnamed Polygon: autoDraw = True
1705.2693 	EXP 	unnamed Polygon: autoDraw = True
1705.2862 	EXP 	unnamed Polygon: autoDraw = True
1705.3023 	EXP 	unnamed Polygon: autoDraw = True
1705.3192 	EXP 	unnamed Polygon: autoDraw = True
1705.3360 	EXP 	unnamed Polygon: autoDraw = True
1705.3526 	EXP 	unnamed Polygon: autoDraw = True
1705.3690 	EXP 	unnamed Polygon: autoDraw = True
1705.3861 	EXP 	unnamed Polygon: autoDraw = True
1705.4022 	EXP 	unnamed Polygon: autoDraw = True
1705.4192 	EXP 	unnamed Polygon: autoDraw = True
1705.4368 	EXP 	unnamed Polygon: autoDraw = True
1705.4550 	EXP 	unnamed Polygon: autoDraw = False
1706.4691 	EXP 	trial_feedback: text = 'Miss!\n-$0.00'
1706.4691 	EXP 	trial_feedback: autoDraw = True
1708.4694 	EXP 	trial_feedback: autoDraw = False
1708.4694 	EXP 	exp_feedback: autoDraw = False
1714.6871 	EXP 	unnamed Polygon: autoDraw = True
1714.6871 	EXP 	unnamed Polygon: autoDraw = True
1714.7033 	EXP 	unnamed Polygon: autoDraw = True
1714.7199 	EXP 	unnamed Polygon: autoDraw = True
1714.7367 	EXP 	unnamed Polygon: autoDraw = True
1714.7535 	EXP 	unnamed Polygon: autoDraw = True
1714.7700 	EXP 	unnamed Polygon: autoDraw = True
1714.7871 	EXP 	unnamed Polygon: autoDraw = True
1714.8033 	EXP 	unnamed Polygon: autoDraw = True
1714.8201 	EXP 	unnamed Polygon: autoDraw = True
1714.8367 	EXP 	unnamed Polygon: autoDraw = True
1714.8532 	EXP 	unnamed Polygon: autoDraw = True
1714.8699 	EXP 	unnamed Polygon: autoDraw = True
1714.8867 	EXP 	unnamed Polygon: autoDraw = True
1714.9032 	EXP 	unnamed Polygon: autoDraw = True
1714.9198 	EXP 	unnamed Polygon: autoDraw = True
1714.9369 	EXP 	unnamed Polygon: autoDraw = True
1714.9532 	EXP 	unnamed Polygon: autoDraw = True
1714.9698 	EXP 	unnamed Polygon: autoDraw = True
1714.9868 	EXP 	unnamed Polygon: autoDraw = True
1715.0031 	EXP 	unnamed Polygon: autoDraw = True
1715.0200 	EXP 	unnamed Polygon: autoDraw = True
1715.0367 	EXP 	unnamed Polygon: autoDraw = True
1715.0530 	EXP 	unnamed Polygon: autoDraw = True
1715.0697 	EXP 	unnamed Polygon: autoDraw = True
1715.0870 	EXP 	unnamed Polygon: autoDraw = True
1715.1042 	EXP 	unnamed Polygon: autoDraw = True
1715.1201 	EXP 	unnamed Polygon: autoDraw = True
1715.1368 	EXP 	unnamed Polygon: autoDraw = True
1715.1531 	EXP 	unnamed Polygon: autoDraw = True
1715.1699 	EXP 	unnamed Polygon: autoDraw = True
1715.1870 	EXP 	unnamed Polygon: autoDraw = True
1715.2031 	EXP 	unnamed Polygon: autoDraw = True
1715.2198 	EXP 	unnamed Polygon: autoDraw = True
1715.2366 	EXP 	unnamed Polygon: autoDraw = True
1715.2535 	EXP 	unnamed Polygon: autoDraw = True
1715.2714 	EXP 	unnamed Polygon: autoDraw = True
1715.2873 	EXP 	unnamed Polygon: autoDraw = True
1715.3029 	EXP 	unnamed Polygon: autoDraw = True
1715.3198 	EXP 	unnamed Polygon: autoDraw = True
1715.3367 	EXP 	unnamed Polygon: autoDraw = True
1715.3528 	EXP 	unnamed Polygon: autoDraw = True
1715.3696 	EXP 	unnamed Polygon: autoDraw = True
1715.3867 	EXP 	unnamed Polygon: autoDraw = True
1715.4033 	EXP 	unnamed Polygon: autoDraw = True
1715.4212 	EXP 	unnamed Polygon: autoDraw = True
1715.4371 	EXP 	unnamed Polygon: autoDraw = True
1715.4533 	EXP 	unnamed Polygon: autoDraw = True
1715.4699 	EXP 	unnamed Polygon: autoDraw = True
1715.4869 	EXP 	unnamed Polygon: autoDraw = True
1715.5030 	EXP 	unnamed Polygon: autoDraw = True
1715.5202 	EXP 	unnamed Polygon: autoDraw = True
1715.5369 	EXP 	unnamed Polygon: autoDraw = True
1715.5530 	EXP 	unnamed Polygon: autoDraw = False
1716.4869 	EXP 	trial_feedback: height = 0.09
1716.4869 	EXP 	trial_feedback: height = 0.09
1716.4869 	EXP 	trial_feedback: height = 0.09
1716.4869 	EXP 	trial_feedback: text = 'Miss!\n$0.00'
1716.4869 	EXP 	trial_feedback: autoDraw = True
1718.4870 	EXP 	trial_feedback: autoDraw = False
1718.4870 	EXP 	exp_feedback: autoDraw = False
1726.6377 	EXP 	unnamed Polygon: autoDraw = True
1726.6377 	EXP 	unnamed Polygon: autoDraw = True
1726.6538 	EXP 	unnamed Polygon: autoDraw = True
1726.6711 	EXP 	unnamed Polygon: autoDraw = True
1726.6874 	EXP 	unnamed Polygon: autoDraw = True
1726.7036 	EXP 	unnamed Polygon: autoDraw = True
1726.7207 	EXP 	unnamed Polygon: autoDraw = True
1726.7376 	EXP 	unnamed Polygon: autoDraw = True
1726.7539 	EXP 	unnamed Polygon: autoDraw = True
1726.7708 	EXP 	unnamed Polygon: autoDraw = True
1726.7873 	EXP 	unnamed Polygon: autoDraw = True
1726.8039 	EXP 	unnamed Polygon: autoDraw = True
1726.8209 	EXP 	unnamed Polygon: autoDraw = True
1726.8376 	EXP 	unnamed Polygon: autoDraw = True
1726.8538 	EXP 	unnamed Polygon: autoDraw = True
1726.8724 	EXP 	unnamed Polygon: autoDraw = True
1726.8881 	EXP 	unnamed Polygon: autoDraw = True
1726.9036 	EXP 	unnamed Polygon: autoDraw = True
1726.9207 	EXP 	unnamed Polygon: autoDraw = True
1726.9375 	EXP 	unnamed Polygon: autoDraw = True
1726.9540 	EXP 	unnamed Polygon: autoDraw = True
1726.9709 	EXP 	unnamed Polygon: autoDraw = True
1726.9875 	EXP 	unnamed Polygon: autoDraw = True
1727.0040 	EXP 	unnamed Polygon: autoDraw = True
1727.0223 	EXP 	unnamed Polygon: autoDraw = True
1727.0382 	EXP 	unnamed Polygon: autoDraw = True
1727.0554 	EXP 	unnamed Polygon: autoDraw = True
1727.0706 	EXP 	unnamed Polygon: autoDraw = True
1727.0877 	EXP 	unnamed Polygon: autoDraw = True
1727.1040 	EXP 	unnamed Polygon: autoDraw = True
1727.1209 	EXP 	unnamed Polygon: autoDraw = True
1727.1383 	EXP 	unnamed Polygon: autoDraw = True
1727.1545 	EXP 	unnamed Polygon: autoDraw = True
1727.1711 	EXP 	unnamed Polygon: autoDraw = True
1727.1876 	EXP 	unnamed Polygon: autoDraw = True
1727.2041 	EXP 	unnamed Polygon: autoDraw = True
1727.2239 	EXP 	unnamed Polygon: autoDraw = True
1727.2376 	EXP 	unnamed Polygon: autoDraw = True
1727.2555 	EXP 	unnamed Polygon: autoDraw = True
1727.2747 	EXP 	unnamed Polygon: autoDraw = True
1727.2875 	EXP 	unnamed Polygon: autoDraw = True
1727.3040 	EXP 	unnamed Polygon: autoDraw = True
1727.3210 	EXP 	unnamed Polygon: autoDraw = True
1727.3376 	EXP 	unnamed Polygon: autoDraw = True
1727.3542 	EXP 	unnamed Polygon: autoDraw = True
1727.3708 	EXP 	unnamed Polygon: autoDraw = True
1727.3877 	EXP 	unnamed Polygon: autoDraw = True
1727.4048 	EXP 	unnamed Polygon: autoDraw = True
1727.4220 	EXP 	unnamed Polygon: autoDraw = True
1727.4385 	EXP 	unnamed Polygon: autoDraw = True
1727.4551 	EXP 	unnamed Polygon: autoDraw = True
1727.4724 	EXP 	unnamed Polygon: autoDraw = True
1727.4879 	EXP 	unnamed Polygon: autoDraw = False
1728.5051 	EXP 	trial_feedback: text = 'Miss!\n$0.00'
1728.5051 	EXP 	trial_feedback: autoDraw = True
1730.5039 	EXP 	trial_feedback: autoDraw = False
1730.5039 	EXP 	exp_feedback: autoDraw = False
1738.6049 	EXP 	unnamed Polygon: autoDraw = True
1738.6049 	EXP 	unnamed Polygon: autoDraw = True
1738.6221 	EXP 	unnamed Polygon: autoDraw = True
1738.6385 	EXP 	unnamed Polygon: autoDraw = True
1738.6546 	EXP 	unnamed Polygon: autoDraw = True
1738.6719 	EXP 	unnamed Polygon: autoDraw = True
1738.6885 	EXP 	unnamed Polygon: autoDraw = True
1738.7047 	EXP 	unnamed Polygon: autoDraw = True
1738.7218 	EXP 	unnamed Polygon: autoDraw = True
1738.7384 	EXP 	unnamed Polygon: autoDraw = True
1738.7549 	EXP 	unnamed Polygon: autoDraw = True
1738.7716 	EXP 	unnamed Polygon: autoDraw = True
1738.7885 	EXP 	unnamed Polygon: autoDraw = True
1738.8047 	EXP 	unnamed Polygon: autoDraw = True
1738.8217 	EXP 	unnamed Polygon: autoDraw = True
1738.8383 	EXP 	unnamed Polygon: autoDraw = True
1738.8547 	EXP 	unnamed Polygon: autoDraw = True
1738.8717 	EXP 	unnamed Polygon: autoDraw = True
1738.8886 	EXP 	unnamed Polygon: autoDraw = True
1738.9045 	EXP 	unnamed Polygon: autoDraw = True
1738.9220 	EXP 	unnamed Polygon: autoDraw = True
1738.9390 	EXP 	unnamed Polygon: autoDraw = True
1738.9551 	EXP 	unnamed Polygon: autoDraw = True
1738.9721 	EXP 	unnamed Polygon: autoDraw = True
1738.9885 	EXP 	unnamed Polygon: autoDraw = True
1739.0048 	EXP 	unnamed Polygon: autoDraw = True
1739.0219 	EXP 	unnamed Polygon: autoDraw = True
1739.0389 	EXP 	unnamed Polygon: autoDraw = True
1739.0550 	EXP 	unnamed Polygon: autoDraw = True
1739.0720 	EXP 	unnamed Polygon: autoDraw = True
1739.0886 	EXP 	unnamed Polygon: autoDraw = True
1739.1049 	EXP 	unnamed Polygon: autoDraw = True
1739.1218 	EXP 	unnamed Polygon: autoDraw = True
1739.1385 	EXP 	unnamed Polygon: autoDraw = True
1739.1548 	EXP 	unnamed Polygon: autoDraw = True
1739.1720 	EXP 	unnamed Polygon: autoDraw = True
1739.1885 	EXP 	unnamed Polygon: autoDraw = True
1739.2047 	EXP 	unnamed Polygon: autoDraw = True
1739.2218 	EXP 	unnamed Polygon: autoDraw = True
1739.2385 	EXP 	unnamed Polygon: autoDraw = True
1739.2549 	EXP 	unnamed Polygon: autoDraw = True
1739.2718 	EXP 	unnamed Polygon: autoDraw = True
1739.2885 	EXP 	unnamed Polygon: autoDraw = True
1739.3048 	EXP 	unnamed Polygon: autoDraw = True
1739.3217 	EXP 	unnamed Polygon: autoDraw = True
1739.3385 	EXP 	unnamed Polygon: autoDraw = True
1739.3553 	EXP 	unnamed Polygon: autoDraw = True
1739.3732 	EXP 	unnamed Polygon: autoDraw = True
1739.3888 	EXP 	unnamed Polygon: autoDraw = True
1739.4047 	EXP 	unnamed Polygon: autoDraw = True
1739.4219 	EXP 	unnamed Polygon: autoDraw = True
1739.4385 	EXP 	unnamed Polygon: autoDraw = True
1739.4547 	EXP 	unnamed Polygon: autoDraw = False
1740.5391 	EXP 	trial_feedback: text = 'Miss!\n$0.00'
1740.5391 	EXP 	trial_feedback: autoDraw = True
1742.5387 	EXP 	trial_feedback: autoDraw = False
1742.5551 	EXP 	trial_feedback: autoDraw = False
1742.5551 	EXP 	exp_feedback: autoDraw = False
1898.6087 	DATA 	Keypress: return
1898.6092 	WARNING 	Total earnings: -104.0
1899.1488 	EXP 	window1: mouseVisible = True
