12.1081 	WARNING 	Monitor specification not found. Creating a temporary one...
12.1182 	WARNING 	Requested an unavailable screen number - using first available.
13.3009 	WARNING 	Couldn't measure a consistent frame rate!
  - Is your graphics card set to sync to vertical blank?
  - Are you running other processes on your computer?

13.3014 	EXP 	Created window1 = Window(allowGUI=True, allowStencil=False, autoLog=True, backendConf=UNKNOWN, backgroundFit=<method-wrapper '__getattribute__' of attributeSetter object at 0x1715030a0>, backgroundImage=<method-wrapper '__getattribute__' of attributeSetter object at 0x171503100>, bitsMode=UNKNOWN, blendMode='avg', bpc=(8, 8, 8), color=array([-1, -1, -1]), colorSpace='rgb', depthBits=8, fullscr=False, gamma=None, gammaErrorPolicy='raise', infoMsg=UNKNOWN, lms=UNKNOWN, monitor=<psychopy.monitors.calibTools.Monitor object at 0x1715953c0>, multiSample=False, name='window1', numSamples=2, pos=(464, 258), screen=2, size=array([1600, 1200]), stencilBits=0, stereo=False, title='PsychoPy', units='height', useFBO=False, useRetina=True, viewOri=0.0, viewPos=None, viewScale=None, waitBlanking=True, winType='pyglet')
13.3015 	EXP 	window1: backgroundImage = None
13.3015 	EXP 	window1: backgroundFit = 'cover'
13.3042 	EXP 	window1: Attempting to measure frame rate of screen (2) ...
13.3043 	EXP 	window1: recordFrameIntervals = False
13.3841 	EXP 	window1: recordFrameIntervals = True
14.2124 	WARNING 	Couldn't measure a consistent frame rate!
  - Is your graphics card set to sync to vertical blank?
  - Are you running other processes on your computer?

14.2512 	EXP 	Created unnamed TextStim = TextStim(__class__=<class 'psychopy.visual.text.TextStim'>, alignHoriz=method-wrapper(...), alignText='center', alignVert=method-wrapper(...), anchorHoriz='center', anchorVert='center', antialias=True, autoDraw=False, autoLog=True, bold=False, color=array([1., 1., 1.]), colorSpace='rgb', contrast=1.0, depth=0, draggable=False, flipHoriz=False, flipVert=False, font='', fontFiles=[], height=0.04, italic=False, languageStyle='LTR', name='unnamed TextStim', opacity=1.0, ori=0.0, pos=array([ 0.  , -0.25]), rgb=UNKNOWN, text='Press the button to continue.', units='height', win=Window(...), wrapWidth=1)
14.2540 	EXP 	Created unnamed TextStim = TextStim(__class__=<class 'psychopy.visual.text.TextStim'>, alignHoriz=method-wrapper(...), alignText='center', alignVert=method-wrapper(...), anchorHoriz='center', anchorVert='center', antialias=True, autoDraw=False, autoLog=True, bold=False, color=array([1., 1., 1.]), colorSpace='rgb', contrast=1.0, depth=0, draggable=False, flipHoriz=False, flipVert=False, font='', fontFiles=[], height=0.08, italic=False, languageStyle='LTR', name='unnamed TextStim', opacity=1.0, ori=0.0, pos=array([0., 0.]), rgb=UNKNOWN, text='+', units='height', win=Window(...), wrapWidth=1)
14.2593 	EXP 	Created unnamed TextStim = TextStim(__class__=<class 'psychopy.visual.text.TextStim'>, alignHoriz=method-wrapper(...), alignText='center', alignVert=method-wrapper(...), anchorHoriz='center', anchorVert='center', antialias=True, autoDraw=False, autoLog=True, bold=False, color=array([1., 1., 1.]), colorSpace='rgb', contrast=1.0, depth=0, draggable=False, flipHoriz=False, flipVert=False, font='', fontFiles=[], height=0.04, italic=False, languageStyle='LTR', name='unnamed TextStim', opacity=1.0, ori=0.0, pos=array([0., 0.]), rgb=UNKNOWN, text=str(...), units='height', win=Window(...), wrapWidth=0.8888888888888888)
14.2669 	EXP 	Created unnamed TextStim = TextStim(__class__=<class 'psychopy.visual.text.TextStim'>, alignHoriz=method-wrapper(...), alignText='center', alignVert=method-wrapper(...), anchorHoriz='center', anchorVert='center', antialias=True, autoDraw=False, autoLog=True, bold=False, color=array([1., 1., 1.]), colorSpace='rgb', contrast=1.0, depth=0, draggable=False, flipHoriz=False, flipVert=False, font='Arial', fontFiles=[], height=0.04, italic=False, languageStyle='LTR', name='unnamed TextStim', opacity=1.0, ori=0.0, pos=array([0. , 0.1]), rgb=UNKNOWN, text='Hello World', units='height', win=Window(...), wrapWidth=0.8888888888888888)
14.2754 	EXP 	Created unnamed TextStim = TextStim(__class__=<class 'psychopy.visual.text.TextStim'>, alignHoriz=method-wrapper(...), alignText='center', alignVert=method-wrapper(...), anchorHoriz='center', anchorVert='center', antialias=True, autoDraw=False, autoLog=True, bold=False, color=array([1., 1., 1.]), colorSpace='rgb', contrast=1.0, depth=0, draggable=False, flipHoriz=False, flipVert=False, font='', fontFiles=[], height=0.04, italic=False, languageStyle='LTR', name='unnamed TextStim', opacity=1.0, ori=0.0, pos=array([0., 0.]), rgb=UNKNOWN, text=str(...), units='height', win=Window(...), wrapWidth=0.8888888888888888)
14.2783 	EXP 	Created unnamed TextStim = TextStim(__class__=<class 'psychopy.visual.text.TextStim'>, alignHoriz=method-wrapper(...), alignText='center', alignVert=method-wrapper(...), anchorHoriz='center', anchorVert='center', antialias=True, autoDraw=False, autoLog=True, bold=False, color=array([1., 1., 1.]), colorSpace='rgb', contrast=1.0, depth=0, draggable=False, flipHoriz=False, flipVert=False, font='', fontFiles=[], height=0.04, italic=False, languageStyle='LTR', name='unnamed TextStim', opacity=1.0, ori=0.0, pos=array([0., 0.]), rgb=UNKNOWN, text='The task will begin momentarily. Get ready...', units='height', win=Window(...), wrapWidth=1)
14.2804 	EXP 	Created unnamed TextStim = TextStim(__class__=<class 'psychopy.visual.text.TextStim'>, alignHoriz=method-wrapper(...), alignText='center', alignVert=method-wrapper(...), anchorHoriz='center', anchorVert='center', antialias=True, autoDraw=False, autoLog=True, bold=False, color=array([1., 1., 1.]), colorSpace='rgb', contrast=1.0, depth=0, draggable=False, flipHoriz=False, flipVert=False, font='', fontFiles=[], height=0.04, italic=False, languageStyle='LTR', name='unnamed TextStim', opacity=1.0, ori=0.0, pos=array([0., 0.]), rgb=UNKNOWN, text=str(...), units='height', win=Window(...), wrapWidth=0.8888888888888888)
14.2990 	EXP 	Created unnamed ImageStim = ImageStim(__class__=<class 'psychopy.visual.image.ImageStim'>, anchor=('center', 'center'), autoLog=True, color=array([1., 1., 1.]), colorSpace='rgb', contrast=1.0, depth=0, draggable=False, flipHoriz=False, flipVert=False, image='../stimuli/reward_low.png', interpolate=False, mask=None, maskParams=None, name='unnamed ImageStim', opacity=1, ori=0.0, pos=array([0., 0.]), size=array([0.3, 0.3]), texRes=128, units='height', win=Window(...))
14.3045 	EXP 	Created unnamed ImageStim = ImageStim(__class__=<class 'psychopy.visual.image.ImageStim'>, anchor=('center', 'center'), autoLog=True, color=array([1., 1., 1.]), colorSpace='rgb', contrast=1.0, depth=0, draggable=False, flipHoriz=False, flipVert=False, image='../stimuli/reward_high.png', interpolate=False, mask=None, maskParams=None, name='unnamed ImageStim', opacity=1, ori=0.0, pos=array([0., 0.]), size=array([0.3, 0.3]), texRes=128, units='height', win=Window(...))
14.3117 	EXP 	Created unnamed ImageStim = ImageStim(__class__=<class 'psychopy.visual.image.ImageStim'>, anchor=('center', 'center'), autoLog=True, color=array([1., 1., 1.]), colorSpace='rgb', contrast=1.0, depth=0, draggable=False, flipHoriz=False, flipVert=False, image='../stimuli/reward_neut.png', interpolate=False, mask=None, maskParams=None, name='unnamed ImageStim', opacity=1, ori=0.0, pos=array([0., 0.]), size=array([0.3, 0.3]), texRes=128, units='height', win=Window(...))
14.3172 	EXP 	Created unnamed ImageStim = ImageStim(__class__=<class 'psychopy.visual.image.ImageStim'>, anchor=('center', 'center'), autoLog=True, color=array([1., 1., 1.]), colorSpace='rgb', contrast=1.0, depth=0, draggable=False, flipHoriz=False, flipVert=False, image='../stimuli/loss_low.png', interpolate=False, mask=None, maskParams=None, name='unnamed ImageStim', opacity=1, ori=0.0, pos=array([0., 0.]), size=array([0.3, 0.3]), texRes=128, units='height', win=Window(...))
14.3220 	EXP 	Created unnamed ImageStim = ImageStim(__class__=<class 'psychopy.visual.image.ImageStim'>, anchor=('center', 'center'), autoLog=True, color=array([1., 1., 1.]), colorSpace='rgb', contrast=1.0, depth=0, draggable=False, flipHoriz=False, flipVert=False, image='../stimuli/loss_high.png', interpolate=False, mask=None, maskParams=None, name='unnamed ImageStim', opacity=1, ori=0.0, pos=array([0., 0.]), size=array([0.3, 0.3]), texRes=128, units='height', win=Window(...))
14.3265 	EXP 	Created unnamed ImageStim = ImageStim(__class__=<class 'psychopy.visual.image.ImageStim'>, anchor=('center', 'center'), autoLog=True, color=array([1., 1., 1.]), colorSpace='rgb', contrast=1.0, depth=0, draggable=False, flipHoriz=False, flipVert=False, image='../stimuli/loss_neut.png', interpolate=False, mask=None, maskParams=None, name='unnamed ImageStim', opacity=1, ori=0.0, pos=array([0., 0.]), size=array([0.3, 0.3]), texRes=128, units='height', win=Window(...))
14.3286 	EXP 	Created unnamed Polygon = Polygon(__class__=<class 'psychopy.visual.polygon.Polygon'>, anchor=('center', 'center'), autoDraw=False, autoLog=True, closeShape=True, color=method-wrapper(...), colorSpace='rgb', contrast=None, depth=0, draggable=False, fillColor=array([1, 1, 1]), fillColorSpace='rgb', fillRGB=array([1, 1, 1]), interpolate=True, lineColor=array([1., 1., 1.]), lineColorSpace='rgb', lineRGB=array([1, 1, 1]), lineWidth=1.5, name='unnamed Polygon', opacity=1, ori=0.0, pos=array([0., 0.]), size=array([1., 1.]), units='height', vertices=ndarray(...), win=Window(...))
14.3318 	EXP 	Created trial_feedback = TextStim(__class__=<class 'psychopy.visual.text.TextStim'>, alignHoriz=method-wrapper(...), alignText='center', alignVert=method-wrapper(...), anchorHoriz='center', anchorVert='center', antialias=True, autoDraw=False, autoLog=True, bold=False, color=array([1., 1., 1.]), colorSpace='rgb', contrast=1.0, depth=0, draggable=False, flipHoriz=False, flipVert=False, font='Arial', fontFiles=[], height=0.09, italic=False, languageStyle='LTR', name='trial_feedback', opacity=1, ori=0, pos=array([0., 0.]), rgb=UNKNOWN, text='Trial:', units='height', win=Window(...), wrapWidth=1)
14.3340 	EXP 	Created exp_feedback = TextStim(__class__=<class 'psychopy.visual.text.TextStim'>, alignHoriz=method-wrapper(...), alignText='center', alignVert=method-wrapper(...), anchorHoriz='center', anchorVert='center', antialias=True, autoDraw=False, autoLog=True, bold=False, color=array([1., 1., 1.]), colorSpace='rgb', contrast=1.0, depth=0, draggable=False, flipHoriz=False, flipVert=False, font='Arial', fontFiles=[], height=0.09, italic=False, languageStyle='LTR', name='exp_feedback', opacity=1, ori=0, pos=array([ 0.    , -0.0625]), rgb=UNKNOWN, text='Total:', units='height', win=Window(...), wrapWidth=1)
14.3375 	EXP 	Created unnamed TextStim = TextStim(__class__=<class 'psychopy.visual.text.TextStim'>, alignHoriz=method-wrapper(...), alignText='center', alignVert=method-wrapper(...), anchorHoriz='center', anchorVert='center', antialias=True, autoDraw=False, autoLog=True, bold=False, color=array([1., 1., 1.]), colorSpace='rgb', contrast=1.0, depth=0, draggable=False, flipHoriz=False, flipVert=False, font='', fontFiles=[], height=0.04, italic=False, languageStyle='LTR', name='unnamed TextStim', opacity=1.0, ori=0.0, pos=array([0., 0.]), rgb=UNKNOWN, text=str(...), units='height', win=Window(...), wrapWidth=1)
14.3387 	EXP 	Created unnamed TextStim = TextStim(__class__=<class 'psychopy.visual.text.TextStim'>, alignHoriz=method-wrapper(...), alignText='center', alignVert=method-wrapper(...), anchorHoriz='center', anchorVert='center', antialias=True, autoDraw=False, autoLog=True, bold=False, color=array([1., 1., 1.]), colorSpace='rgb', contrast=1.0, depth=0, draggable=False, flipHoriz=False, flipVert=False, font='', fontFiles=[], height=0.04, italic=False, languageStyle='LTR', name='unnamed TextStim', opacity=1.0, ori=0.0, pos=array([0., 0.]), rgb=UNKNOWN, text='Get ready', units='height', win=Window(...), wrapWidth=1)
14.3403 	EXP 	Created unnamed TextStim = TextStim(__class__=<class 'psychopy.visual.text.TextStim'>, alignHoriz=method-wrapper(...), alignText='center', alignVert=method-wrapper(...), anchorHoriz='center', anchorVert='center', antialias=True, autoDraw=False, autoLog=True, bold=False, color=array([1., 1., 1.]), colorSpace='rgb', contrast=1.0, depth=0, draggable=False, flipHoriz=False, flipVert=False, font='', fontFiles=[], height=0.04, italic=False, languageStyle='LTR', name='unnamed TextStim', opacity=1.0, ori=0.0, pos=array([0., 0.]), rgb=UNKNOWN, text='Please wait\n\n', units='height', win=Window(...), wrapWidth=1)
14.4028 	WARNING 	t of last frame was 190.51ms (=1/5)
16.3236 	DATA 	Keypress: 1
24.4222 	WARNING 	t of last frame was 21.32ms (=1/46)
24.4222 	EXP 	unnamed TextStim: height = 0.04
24.4222 	EXP 	unnamed TextStim: height = 0.04
24.4222 	EXP 	unnamed TextStim: height = 0.04
24.4222 	EXP 	unnamed TextStim: text = 'Welcome!'
26.0430 	DATA 	Keypress: 1
26.0647 	WARNING 	t of last frame was 1642.43ms (=1/0)
26.0647 	EXP 	unnamed TextStim: height = 0.04
26.0647 	EXP 	unnamed TextStim: height = 0.04
26.0647 	EXP 	unnamed TextStim: height = 0.04
26.0647 	EXP 	unnamed TextStim: text = 'First you will see a cross in the middle of the screen, like this:\n\n+\n\nThis means you should focus on the screen and get ready to play. '
28.1337 	DATA 	Keypress: 1
28.1404 	EXP 	Created unnamed Polygon = Polygon(__class__=<class 'psychopy.visual.polygon.Polygon'>, anchor=('center', 'center'), autoDraw=False, autoLog=True, closeShape=True, color=method-wrapper(...), colorSpace='rgb', contrast=None, depth=0, draggable=False, fillColor=array([1, 1, 1]), fillColorSpace='rgb', fillRGB=array([1, 1, 1]), interpolate=True, lineColor=array([1., 1., 1.]), lineColorSpace='rgb', lineRGB=array([1, 1, 1]), lineWidth=1.5, name='unnamed Polygon', opacity=1, ori=0.0, pos=array([0. , 0.1]), size=array([1., 1.]), units='height', vertices=ndarray(...), win=Window(...))
28.1641 	WARNING 	t of last frame was 2099.42ms (=1/0)
28.1641 	EXP 	unnamed TextStim: height = 0.04
28.1641 	EXP 	unnamed TextStim: height = 0.04
28.1641 	EXP 	unnamed TextStim: height = 0.04
28.1641 	EXP 	unnamed TextStim: text = 'Next, a small solid WHITE TRIANGLE will appear on the screen:\n\n \n\n \n\n \n\nPress the button as fast as you can when you see the solid white triangle. '
28.7652 	DATA 	Keypress: 1
28.8026 	WARNING 	Multiple dropped frames have occurred - I'll stop bothering you about them!
28.8026 	EXP 	unnamed TextStim: height = 0.04
28.8026 	EXP 	unnamed TextStim: height = 0.04
28.8026 	EXP 	unnamed TextStim: height = 0.04
28.8026 	EXP 	unnamed TextStim: text = 'Any Questions?\n\nPlease ask them now.'
29.1240 	DATA 	Keypress: 1
29.4491 	DATA 	Keypress: 1
30.3608 	DATA 	Keypress: return
35.3795 	EXP 	unnamed Polygon: autoDraw = True
35.3795 	EXP 	unnamed Polygon: autoDraw = True
35.3883 	EXP 	unnamed Polygon: autoDraw = True
35.3920 	EXP 	unnamed Polygon: autoDraw = True
35.4050 	EXP 	unnamed Polygon: autoDraw = True
35.4128 	EXP 	unnamed Polygon: autoDraw = True
35.4268 	EXP 	unnamed Polygon: autoDraw = True
35.4389 	EXP 	unnamed Polygon: autoDraw = True
35.4510 	EXP 	unnamed Polygon: autoDraw = True
35.4637 	EXP 	unnamed Polygon: autoDraw = True
35.4761 	EXP 	unnamed Polygon: autoDraw = True
35.4885 	EXP 	unnamed Polygon: autoDraw = True
35.5011 	EXP 	unnamed Polygon: autoDraw = True
35.5139 	EXP 	unnamed Polygon: autoDraw = True
35.5269 	EXP 	unnamed Polygon: autoDraw = True
35.5389 	EXP 	unnamed Polygon: autoDraw = True
35.5517 	EXP 	unnamed Polygon: autoDraw = True
35.5643 	EXP 	unnamed Polygon: autoDraw = True
35.5770 	EXP 	unnamed Polygon: autoDraw = True
35.5891 	EXP 	unnamed Polygon: autoDraw = True
35.6015 	EXP 	unnamed Polygon: autoDraw = True
35.6143 	EXP 	unnamed Polygon: autoDraw = True
35.6266 	EXP 	unnamed Polygon: autoDraw = True
35.6389 	EXP 	unnamed Polygon: autoDraw = True
35.6517 	EXP 	unnamed Polygon: autoDraw = True
35.6559 	DATA 	Keypress: 1
35.6627 	EXP 	unnamed Polygon: autoDraw = True
35.6762 	EXP 	unnamed Polygon: autoDraw = True
35.6799 	EXP 	unnamed Polygon: autoDraw = True
35.6969 	EXP 	unnamed Polygon: autoDraw = True
35.7008 	EXP 	unnamed Polygon: autoDraw = True
35.7046 	EXP 	unnamed Polygon: autoDraw = True
35.7178 	EXP 	unnamed Polygon: autoDraw = True
35.7259 	EXP 	unnamed Polygon: autoDraw = True
35.7294 	EXP 	unnamed Polygon: autoDraw = True
35.7427 	EXP 	unnamed Polygon: autoDraw = True
35.7510 	EXP 	unnamed Polygon: autoDraw = True
35.7547 	EXP 	unnamed Polygon: autoDraw = True
35.7677 	EXP 	unnamed Polygon: autoDraw = True
35.7759 	EXP 	unnamed Polygon: autoDraw = True
35.7797 	EXP 	unnamed Polygon: autoDraw = True
35.7927 	EXP 	unnamed Polygon: autoDraw = True
35.8009 	EXP 	unnamed Polygon: autoDraw = True
35.8048 	EXP 	unnamed Polygon: autoDraw = True
35.8179 	EXP 	unnamed Polygon: autoDraw = True
35.8259 	EXP 	unnamed Polygon: autoDraw = True
35.8298 	EXP 	unnamed Polygon: autoDraw = True
35.8427 	EXP 	unnamed Polygon: autoDraw = True
35.8510 	EXP 	unnamed Polygon: autoDraw = True
35.8556 	EXP 	unnamed Polygon: autoDraw = True
35.8678 	EXP 	unnamed Polygon: autoDraw = True
35.8796 	EXP 	unnamed Polygon: autoDraw = False
41.6155 	EXP 	unnamed Polygon: autoDraw = True
41.6155 	EXP 	unnamed Polygon: autoDraw = True
41.6206 	EXP 	unnamed Polygon: autoDraw = True
41.6342 	EXP 	unnamed Polygon: autoDraw = True
41.6424 	EXP 	unnamed Polygon: autoDraw = True
41.6453 	EXP 	unnamed Polygon: autoDraw = True
41.6592 	EXP 	unnamed Polygon: autoDraw = True
41.6682 	EXP 	unnamed Polygon: autoDraw = True
41.6700 	EXP 	unnamed Polygon: autoDraw = True
41.6851 	EXP 	unnamed Polygon: autoDraw = True
41.6924 	EXP 	unnamed Polygon: autoDraw = True
41.6953 	EXP 	unnamed Polygon: autoDraw = True
41.7100 	EXP 	unnamed Polygon: autoDraw = True
41.7176 	EXP 	unnamed Polygon: autoDraw = True
41.7206 	EXP 	unnamed Polygon: autoDraw = True
41.7346 	EXP 	unnamed Polygon: autoDraw = True
41.7426 	EXP 	unnamed Polygon: autoDraw = True
41.7460 	EXP 	unnamed Polygon: autoDraw = True
41.7596 	EXP 	unnamed Polygon: autoDraw = True
41.7677 	EXP 	unnamed Polygon: autoDraw = True
41.7724 	EXP 	unnamed Polygon: autoDraw = True
41.7845 	EXP 	unnamed Polygon: autoDraw = True
41.7926 	EXP 	unnamed Polygon: autoDraw = True
41.7967 	EXP 	unnamed Polygon: autoDraw = True
41.8096 	EXP 	unnamed Polygon: autoDraw = True
41.8177 	EXP 	unnamed Polygon: autoDraw = True
41.8224 	EXP 	unnamed Polygon: autoDraw = True
41.8346 	EXP 	unnamed Polygon: autoDraw = True
41.8427 	EXP 	unnamed Polygon: autoDraw = True
41.8474 	EXP 	unnamed Polygon: autoDraw = True
41.8595 	EXP 	unnamed Polygon: autoDraw = True
41.8676 	EXP 	unnamed Polygon: autoDraw = True
41.8717 	EXP 	unnamed Polygon: autoDraw = True
41.8846 	EXP 	unnamed Polygon: autoDraw = True
41.8927 	EXP 	unnamed Polygon: autoDraw = True
41.8969 	EXP 	unnamed Polygon: autoDraw = True
41.9096 	EXP 	unnamed Polygon: autoDraw = True
41.9136 	DATA 	Keypress: 1
41.9346 	EXP 	unnamed Polygon: autoDraw = True
41.9512 	EXP 	unnamed Polygon: autoDraw = True
41.9593 	EXP 	unnamed Polygon: autoDraw = True
41.9634 	EXP 	unnamed Polygon: autoDraw = True
41.9763 	EXP 	unnamed Polygon: autoDraw = True
41.9843 	EXP 	unnamed Polygon: autoDraw = True
41.9880 	EXP 	unnamed Polygon: autoDraw = True
42.0012 	EXP 	unnamed Polygon: autoDraw = True
42.0093 	EXP 	unnamed Polygon: autoDraw = True
42.0135 	EXP 	unnamed Polygon: autoDraw = True
42.0262 	EXP 	unnamed Polygon: autoDraw = True
42.0343 	EXP 	unnamed Polygon: autoDraw = True
42.0392 	EXP 	unnamed Polygon: autoDraw = True
42.0512 	EXP 	unnamed Polygon: autoDraw = True
42.0593 	EXP 	unnamed Polygon: autoDraw = True
42.0642 	EXP 	unnamed Polygon: autoDraw = True
42.0762 	EXP 	unnamed Polygon: autoDraw = True
42.0844 	EXP 	unnamed Polygon: autoDraw = True
42.0881 	EXP 	unnamed Polygon: autoDraw = True
42.1012 	EXP 	unnamed Polygon: autoDraw = True
42.1093 	EXP 	unnamed Polygon: autoDraw = True
42.1177 	EXP 	unnamed Polygon: autoDraw = False
49.8355 	EXP 	unnamed Polygon: autoDraw = True
49.8355 	EXP 	unnamed Polygon: autoDraw = True
49.8425 	EXP 	unnamed Polygon: autoDraw = True
49.8456 	EXP 	unnamed Polygon: autoDraw = True
49.8592 	EXP 	unnamed Polygon: autoDraw = True
49.8674 	EXP 	unnamed Polygon: autoDraw = True
49.8703 	EXP 	unnamed Polygon: autoDraw = True
49.8852 	EXP 	unnamed Polygon: autoDraw = True
49.8927 	EXP 	unnamed Polygon: autoDraw = True
49.8957 	EXP 	unnamed Polygon: autoDraw = True
49.9095 	EXP 	unnamed Polygon: autoDraw = True
49.9177 	EXP 	unnamed Polygon: autoDraw = True
49.9213 	EXP 	unnamed Polygon: autoDraw = True
49.9345 	EXP 	unnamed Polygon: autoDraw = True
49.9427 	EXP 	unnamed Polygon: autoDraw = True
49.9463 	EXP 	unnamed Polygon: autoDraw = True
49.9595 	EXP 	unnamed Polygon: autoDraw = True
49.9676 	EXP 	unnamed Polygon: autoDraw = True
49.9713 	EXP 	unnamed Polygon: autoDraw = True
49.9845 	EXP 	unnamed Polygon: autoDraw = True
49.9927 	EXP 	unnamed Polygon: autoDraw = True
49.9967 	EXP 	unnamed Polygon: autoDraw = True
50.0095 	EXP 	unnamed Polygon: autoDraw = True
50.0177 	EXP 	unnamed Polygon: autoDraw = True
50.0218 	EXP 	unnamed Polygon: autoDraw = True
50.0346 	EXP 	unnamed Polygon: autoDraw = True
50.0426 	EXP 	unnamed Polygon: autoDraw = True
50.0467 	EXP 	unnamed Polygon: autoDraw = True
50.0595 	EXP 	unnamed Polygon: autoDraw = True
50.0677 	EXP 	unnamed Polygon: autoDraw = True
50.0727 	EXP 	unnamed Polygon: autoDraw = True
50.0846 	EXP 	unnamed Polygon: autoDraw = True
50.0882 	DATA 	Keypress: 1
50.0921 	EXP 	unnamed Polygon: autoDraw = True
50.0959 	EXP 	unnamed Polygon: autoDraw = True
50.1092 	EXP 	unnamed Polygon: autoDraw = True
50.1188 	EXP 	unnamed Polygon: autoDraw = True
50.1345 	EXP 	unnamed Polygon: autoDraw = True
50.1427 	EXP 	unnamed Polygon: autoDraw = True
50.1461 	EXP 	unnamed Polygon: autoDraw = True
50.1596 	EXP 	unnamed Polygon: autoDraw = True
50.1677 	EXP 	unnamed Polygon: autoDraw = True
50.1707 	EXP 	unnamed Polygon: autoDraw = True
50.1845 	EXP 	unnamed Polygon: autoDraw = True
50.1926 	EXP 	unnamed Polygon: autoDraw = True
50.1962 	EXP 	unnamed Polygon: autoDraw = True
50.2095 	EXP 	unnamed Polygon: autoDraw = True
50.2176 	EXP 	unnamed Polygon: autoDraw = True
50.2214 	EXP 	unnamed Polygon: autoDraw = True
50.2346 	EXP 	unnamed Polygon: autoDraw = True
50.2426 	EXP 	unnamed Polygon: autoDraw = True
50.2465 	EXP 	unnamed Polygon: autoDraw = True
50.2595 	EXP 	unnamed Polygon: autoDraw = True
50.2676 	EXP 	unnamed Polygon: autoDraw = True
50.2713 	EXP 	unnamed Polygon: autoDraw = True
50.2846 	EXP 	unnamed Polygon: autoDraw = True
50.2927 	EXP 	unnamed Polygon: autoDraw = True
50.2964 	EXP 	unnamed Polygon: autoDraw = True
50.3094 	EXP 	unnamed Polygon: autoDraw = True
50.3176 	EXP 	unnamed Polygon: autoDraw = True
50.3207 	EXP 	unnamed Polygon: autoDraw = True
50.3344 	EXP 	unnamed Polygon: autoDraw = True
50.3419 	EXP 	unnamed Polygon: autoDraw = False
64.3612 	DATA 	Keypress: 1
65.5758 	DATA 	Keypress: 1
74.4282 	EXP 	unnamed TextStim: height = 0.04
74.4282 	EXP 	unnamed TextStim: height = 0.04
74.4282 	EXP 	unnamed TextStim: height = 0.04
74.4282 	EXP 	unnamed TextStim: text = 'Instructions...\n\nYour goal is to make as much money as possible.\n\nRemember:\nWIN CIRCLES = win money\nLOSE SQUARES = lose money\n\nQUICKLY press the button with your pointer finger when you see the solid white triangle.\n\nYou will get feedback on whether you pressed the button in time and if you won or lost money.'
75.6883 	DATA 	Keypress: 1
75.6906 	EXP 	Created unnamed TextStim = TextStim(__class__=<class 'psychopy.visual.text.TextStim'>, alignHoriz=method-wrapper(...), alignText='center', alignVert=method-wrapper(...), anchorHoriz='center', anchorVert='center', antialias=True, autoDraw=False, autoLog=True, bold=False, color=array([1., 1., 1.]), colorSpace='rgb', contrast=1.0, depth=0, draggable=False, flipHoriz=False, flipVert=False, font='', fontFiles=[], height=0.08, italic=False, languageStyle='LTR', name='unnamed TextStim', opacity=1.0, ori=0.0, pos=array([-0.65,  0.15]), rgb=UNKNOWN, text='+', units='height', win=Window(...), wrapWidth=1)
75.6969 	EXP 	Created unnamed ImageStim = ImageStim(__class__=<class 'psychopy.visual.image.ImageStim'>, anchor=('center', 'center'), autoLog=True, color=array([1., 1., 1.]), colorSpace='rgb', contrast=1.0, depth=0, draggable=False, flipHoriz=False, flipVert=False, image='../stimuli/reward_high.png', interpolate=False, mask=None, maskParams=None, name='unnamed ImageStim', opacity=1, ori=0.0, pos=array([-0.35,  0.15]), size=array([0.2, 0.2]), texRes=128, units='height', win=Window(...))
75.6978 	EXP 	Created unnamed TextStim = TextStim(__class__=<class 'psychopy.visual.text.TextStim'>, alignHoriz=method-wrapper(...), alignText='center', alignVert=method-wrapper(...), anchorHoriz='center', anchorVert='center', antialias=True, autoDraw=False, autoLog=True, bold=False, color=array([1., 1., 1.]), colorSpace='rgb', contrast=1.0, depth=0, draggable=False, flipHoriz=False, flipVert=False, font='', fontFiles=[], height=0.08, italic=False, languageStyle='LTR', name='unnamed TextStim', opacity=1.0, ori=0.0, pos=array([-0.15,  0.15]), rgb=UNKNOWN, text='+', units='height', win=Window(...), wrapWidth=1)
75.6985 	EXP 	Created unnamed Polygon = Polygon(__class__=<class 'psychopy.visual.polygon.Polygon'>, anchor=('center', 'center'), autoDraw=False, autoLog=True, closeShape=True, color=method-wrapper(...), colorSpace='rgb', contrast=None, depth=0, draggable=False, fillColor=array([1, 1, 1]), fillColorSpace='rgb', fillRGB=array([1, 1, 1]), interpolate=True, lineColor=array([1., 1., 1.]), lineColorSpace='rgb', lineRGB=array([1, 1, 1]), lineWidth=1.5, name='unnamed Polygon', opacity=1, ori=0.0, pos=array([0.15, 0.15]), size=array([1., 1.]), units='height', vertices=ndarray(...), win=Window(...))
75.6993 	EXP 	Created unnamed TextStim = TextStim(__class__=<class 'psychopy.visual.text.TextStim'>, alignHoriz=method-wrapper(...), alignText='center', alignVert=method-wrapper(...), anchorHoriz='center', anchorVert='center', antialias=True, autoDraw=False, autoLog=True, bold=False, color=array([1., 1., 1.]), colorSpace='rgb', contrast=1.0, depth=0, draggable=False, flipHoriz=False, flipVert=False, font='', fontFiles=[], height=0.08, italic=False, languageStyle='LTR', name='unnamed TextStim', opacity=1.0, ori=0.0, pos=array([0.35, 0.15]), rgb=UNKNOWN, text='+', units='height', win=Window(...), wrapWidth=1)
75.7025 	EXP 	Created unnamed TextStim = TextStim(__class__=<class 'psychopy.visual.text.TextStim'>, alignHoriz=method-wrapper(...), alignText='center', alignVert=method-wrapper(...), anchorHoriz='center', anchorVert='center', antialias=True, autoDraw=False, autoLog=True, bold=False, color=array([1., 1., 1.]), colorSpace='rgb', contrast=1.0, depth=0, draggable=False, flipHoriz=False, flipVert=False, font='', fontFiles=[], height=0.08, italic=False, languageStyle='LTR', name='unnamed TextStim', opacity=1.0, ori=0.0, pos=array([0.65, 0.15]), rgb=UNKNOWN, text='Hit!\n+$5.00', units='height', win=Window(...), wrapWidth=1)
75.7027 	WARNING 	TextStim.alignHoriz is deprecated. Use alignText and anchorHoriz attributes instead
75.7048 	EXP 	Created unnamed TextStim = TextStim(__class__=<class 'psychopy.visual.text.TextStim'>, alignHoriz='center', alignText='center', alignVert=method-wrapper(...), anchorHoriz='center', anchorVert='center', antialias=True, autoDraw=False, autoLog=True, bold=False, color=array([1., 1., 1.]), colorSpace='rgb', contrast=1.0, depth=0, draggable=False, flipHoriz=False, flipVert=False, font='', fontFiles=[], height=0.04, italic=False, languageStyle='LTR', name='unnamed TextStim', opacity=1.0, ori=0.0, pos=array([-0.65, -0.15]), rgb=UNKNOWN, text='Pay attention', units='height', win=Window(...), wrapWidth=0.1)
75.7049 	WARNING 	TextStim.alignHoriz is deprecated. Use alignText and anchorHoriz attributes instead
75.7072 	EXP 	Created unnamed TextStim = TextStim(__class__=<class 'psychopy.visual.text.TextStim'>, alignHoriz='center', alignText='center', alignVert=method-wrapper(...), anchorHoriz='center', anchorVert='center', antialias=True, autoDraw=False, autoLog=True, bold=False, color=array([1., 1., 1.]), colorSpace='rgb', contrast=1.0, depth=0, draggable=False, flipHoriz=False, flipVert=False, font='', fontFiles=[], height=0.04, italic=False, languageStyle='LTR', name='unnamed TextStim', opacity=1.0, ori=0.0, pos=array([-0.35, -0.15]), rgb=UNKNOWN, text="Cue: don't respond yet", units='height', win=Window(...), wrapWidth=0.1)
75.7073 	WARNING 	TextStim.alignHoriz is deprecated. Use alignText and anchorHoriz attributes instead
75.7084 	EXP 	Created unnamed TextStim = TextStim(__class__=<class 'psychopy.visual.text.TextStim'>, alignHoriz='center', alignText='center', alignVert=method-wrapper(...), anchorHoriz='center', anchorVert='center', antialias=True, autoDraw=False, autoLog=True, bold=False, color=array([1., 1., 1.]), colorSpace='rgb', contrast=1.0, depth=0, draggable=False, flipHoriz=False, flipVert=False, font='', fontFiles=[], height=0.04, italic=False, languageStyle='LTR', name='unnamed TextStim', opacity=1.0, ori=0.0, pos=array([-0.15, -0.15]), rgb=UNKNOWN, text='Pay attention', units='height', win=Window(...), wrapWidth=0.1)
75.7085 	WARNING 	TextStim.alignHoriz is deprecated. Use alignText and anchorHoriz attributes instead
75.7107 	EXP 	Created unnamed TextStim = TextStim(__class__=<class 'psychopy.visual.text.TextStim'>, alignHoriz='center', alignText='center', alignVert=method-wrapper(...), anchorHoriz='center', anchorVert='center', antialias=True, autoDraw=False, autoLog=True, bold=False, color=array([1., 1., 1.]), colorSpace='rgb', contrast=1.0, depth=0, draggable=False, flipHoriz=False, flipVert=False, font='', fontFiles=[], height=0.04, italic=False, languageStyle='LTR', name='unnamed TextStim', opacity=1.0, ori=0.0, pos=array([ 0.15, -0.15]), rgb=UNKNOWN, text='Respond when solid triangle is on screen', units='height', win=Window(...), wrapWidth=0.1)
75.7108 	WARNING 	TextStim.alignHoriz is deprecated. Use alignText and anchorHoriz attributes instead
75.7119 	EXP 	Created unnamed TextStim = TextStim(__class__=<class 'psychopy.visual.text.TextStim'>, alignHoriz='center', alignText='center', alignVert=method-wrapper(...), anchorHoriz='center', anchorVert='center', antialias=True, autoDraw=False, autoLog=True, bold=False, color=array([1., 1., 1.]), colorSpace='rgb', contrast=1.0, depth=0, draggable=False, flipHoriz=False, flipVert=False, font='', fontFiles=[], height=0.04, italic=False, languageStyle='LTR', name='unnamed TextStim', opacity=1.0, ori=0.0, pos=array([ 0.35, -0.15]), rgb=UNKNOWN, text='Pay attention', units='height', win=Window(...), wrapWidth=0.1)
75.7120 	WARNING 	TextStim.alignHoriz is deprecated. Use alignText and anchorHoriz attributes instead
75.7132 	EXP 	Created unnamed TextStim = TextStim(__class__=<class 'psychopy.visual.text.TextStim'>, alignHoriz='center', alignText='center', alignVert=method-wrapper(...), anchorHoriz='center', anchorVert='center', antialias=True, autoDraw=False, autoLog=True, bold=False, color=array([1., 1., 1.]), colorSpace='rgb', contrast=1.0, depth=0, draggable=False, flipHoriz=False, flipVert=False, font='', fontFiles=[], height=0.04, italic=False, languageStyle='LTR', name='unnamed TextStim', opacity=1.0, ori=0.0, pos=array([ 0.65, -0.15]), rgb=UNKNOWN, text='Feedback', units='height', win=Window(...), wrapWidth=0.1)
76.4475 	DATA 	Keypress: 1
77.1549 	DATA 	Keypress: 1
78.7040 	DATA 	Keypress: space
79.9466 	DATA 	Keypress: return
81.3196 	DATA 	Keypress: equal
90.7109 	EXP 	unnamed Polygon: autoDraw = True
90.7109 	EXP 	unnamed Polygon: autoDraw = True
90.7168 	EXP 	unnamed Polygon: autoDraw = True
90.7301 	EXP 	unnamed Polygon: autoDraw = True
90.7384 	EXP 	unnamed Polygon: autoDraw = True
90.7409 	EXP 	unnamed Polygon: autoDraw = True
90.7552 	EXP 	unnamed Polygon: autoDraw = True
90.7637 	EXP 	unnamed Polygon: autoDraw = True
90.7666 	EXP 	unnamed Polygon: autoDraw = True
90.7804 	EXP 	unnamed Polygon: autoDraw = True
90.7884 	EXP 	unnamed Polygon: autoDraw = True
90.7920 	EXP 	unnamed Polygon: autoDraw = True
90.8054 	EXP 	unnamed Polygon: autoDraw = True
90.8135 	EXP 	unnamed Polygon: autoDraw = True
90.8176 	EXP 	unnamed Polygon: autoDraw = True
90.8304 	EXP 	unnamed Polygon: autoDraw = True
90.8385 	EXP 	unnamed Polygon: autoDraw = True
90.8424 	EXP 	unnamed Polygon: autoDraw = True
90.8555 	EXP 	unnamed Polygon: autoDraw = True
90.8636 	EXP 	unnamed Polygon: autoDraw = True
90.8675 	EXP 	unnamed Polygon: autoDraw = True
90.8806 	EXP 	unnamed Polygon: autoDraw = True
90.8895 	EXP 	unnamed Polygon: autoDraw = True
90.8967 	EXP 	unnamed Polygon: autoDraw = True
90.9002 	EXP 	unnamed Polygon: autoDraw = True
90.9134 	EXP 	unnamed Polygon: autoDraw = True
90.9151 	DATA 	Keypress: 1
90.9218 	EXP 	unnamed Polygon: autoDraw = True
90.9252 	EXP 	unnamed Polygon: autoDraw = True
90.9385 	EXP 	unnamed Polygon: autoDraw = True
90.9469 	EXP 	unnamed Polygon: autoDraw = True
90.9507 	EXP 	unnamed Polygon: autoDraw = True
90.9635 	EXP 	unnamed Polygon: autoDraw = True
90.9717 	EXP 	unnamed Polygon: autoDraw = True
90.9744 	EXP 	unnamed Polygon: autoDraw = True
90.9965 	EXP 	unnamed Polygon: autoDraw = False
92.4517 	EXP 	trial_feedback: height = 0.09
92.4517 	EXP 	trial_feedback: height = 0.09
92.4517 	EXP 	trial_feedback: height = 0.09
92.4517 	EXP 	trial_feedback: text = 'Hit!\n$0.00'
92.4517 	EXP 	trial_feedback: autoDraw = True
94.4469 	EXP 	trial_feedback: autoDraw = False
94.4508 	EXP 	trial_feedback: autoDraw = False
94.4508 	EXP 	exp_feedback: autoDraw = False
100.7180 	DATA 	Keypress: 1
104.7199 	EXP 	unnamed Polygon: autoDraw = True
104.7199 	EXP 	unnamed Polygon: autoDraw = True
104.7252 	EXP 	unnamed Polygon: autoDraw = True
104.7384 	EXP 	unnamed Polygon: autoDraw = True
104.7468 	EXP 	unnamed Polygon: autoDraw = True
104.7498 	EXP 	unnamed Polygon: autoDraw = True
104.7634 	EXP 	unnamed Polygon: autoDraw = True
104.7717 	EXP 	unnamed Polygon: autoDraw = True
104.7746 	EXP 	unnamed Polygon: autoDraw = True
104.7884 	EXP 	unnamed Polygon: autoDraw = True
104.7968 	EXP 	unnamed Polygon: autoDraw = True
104.8006 	EXP 	unnamed Polygon: autoDraw = True
104.8141 	EXP 	unnamed Polygon: autoDraw = True
104.8219 	EXP 	unnamed Polygon: autoDraw = True
104.8253 	EXP 	unnamed Polygon: autoDraw = True
104.8387 	EXP 	unnamed Polygon: autoDraw = True
104.8469 	EXP 	unnamed Polygon: autoDraw = True
104.8504 	EXP 	unnamed Polygon: autoDraw = True
104.8637 	EXP 	unnamed Polygon: autoDraw = True
104.8719 	EXP 	unnamed Polygon: autoDraw = True
104.8754 	EXP 	unnamed Polygon: autoDraw = True
104.8888 	EXP 	unnamed Polygon: autoDraw = True
104.8968 	EXP 	unnamed Polygon: autoDraw = True
104.9001 	EXP 	unnamed Polygon: autoDraw = True
104.9138 	EXP 	unnamed Polygon: autoDraw = True
104.9219 	EXP 	unnamed Polygon: autoDraw = True
104.9265 	EXP 	unnamed Polygon: autoDraw = True
104.9388 	EXP 	unnamed Polygon: autoDraw = True
104.9424 	DATA 	Keypress: 1
104.9467 	EXP 	unnamed Polygon: autoDraw = True
104.9510 	EXP 	unnamed Polygon: autoDraw = True
104.9637 	EXP 	unnamed Polygon: autoDraw = True
104.9887 	EXP 	unnamed Polygon: autoDraw = False
106.5219 	EXP 	trial_feedback: text = 'Hit!\n$0.00'
106.5219 	EXP 	trial_feedback: autoDraw = True
108.5097 	EXP 	trial_feedback: autoDraw = False
108.5302 	EXP 	trial_feedback: autoDraw = False
108.5302 	EXP 	exp_feedback: autoDraw = False
116.4337 	DATA 	Keypress: 1
116.5939 	EXP 	unnamed Polygon: autoDraw = True
116.5939 	EXP 	unnamed Polygon: autoDraw = True
116.6001 	EXP 	unnamed Polygon: autoDraw = True
116.6134 	EXP 	unnamed Polygon: autoDraw = True
116.6217 	EXP 	unnamed Polygon: autoDraw = True
116.6246 	EXP 	unnamed Polygon: autoDraw = True
116.6385 	EXP 	unnamed Polygon: autoDraw = True
116.6467 	EXP 	unnamed Polygon: autoDraw = True
116.6494 	EXP 	unnamed Polygon: autoDraw = True
116.6634 	EXP 	unnamed Polygon: autoDraw = True
116.6722 	EXP 	unnamed Polygon: autoDraw = True
116.6758 	EXP 	unnamed Polygon: autoDraw = True
116.6893 	EXP 	unnamed Polygon: autoDraw = True
116.6969 	EXP 	unnamed Polygon: autoDraw = True
116.7002 	EXP 	unnamed Polygon: autoDraw = True
116.7137 	EXP 	unnamed Polygon: autoDraw = True
116.7220 	EXP 	unnamed Polygon: autoDraw = True
116.7256 	EXP 	unnamed Polygon: autoDraw = True
116.7388 	EXP 	unnamed Polygon: autoDraw = True
116.7470 	EXP 	unnamed Polygon: autoDraw = True
116.7503 	EXP 	unnamed Polygon: autoDraw = True
116.7638 	EXP 	unnamed Polygon: autoDraw = True
116.7719 	EXP 	unnamed Polygon: autoDraw = True
116.7756 	EXP 	unnamed Polygon: autoDraw = True
116.7887 	EXP 	unnamed Polygon: autoDraw = True
116.7969 	EXP 	unnamed Polygon: autoDraw = True
116.8009 	EXP 	unnamed Polygon: autoDraw = True
116.8137 	EXP 	unnamed Polygon: autoDraw = True
116.8220 	EXP 	unnamed Polygon: autoDraw = True
116.8256 	DATA 	Keypress: 1
116.8297 	EXP 	unnamed Polygon: autoDraw = True
116.8335 	EXP 	unnamed Polygon: autoDraw = True
116.8471 	EXP 	unnamed Polygon: autoDraw = True
116.8552 	EXP 	unnamed Polygon: autoDraw = True
116.8589 	EXP 	unnamed Polygon: autoDraw = True
116.8671 	EXP 	unnamed Polygon: autoDraw = False
118.6230 	EXP 	trial_feedback: height = 0.09
118.6230 	EXP 	trial_feedback: height = 0.09
118.6230 	EXP 	trial_feedback: height = 0.09
118.6230 	EXP 	trial_feedback: text = 'Miss!\n-$5.00'
118.6230 	EXP 	trial_feedback: autoDraw = True
120.6180 	EXP 	trial_feedback: autoDraw = False
120.6303 	EXP 	trial_feedback: autoDraw = False
120.6303 	EXP 	exp_feedback: autoDraw = False
130.8323 	EXP 	unnamed Polygon: autoDraw = True
130.8323 	EXP 	unnamed Polygon: autoDraw = True
130.8425 	EXP 	unnamed Polygon: autoDraw = True
130.8559 	EXP 	unnamed Polygon: autoDraw = True
130.8686 	EXP 	unnamed Polygon: autoDraw = True
130.8807 	EXP 	unnamed Polygon: autoDraw = True
130.8939 	EXP 	unnamed Polygon: autoDraw = True
130.9058 	EXP 	unnamed Polygon: autoDraw = True
130.9185 	EXP 	unnamed Polygon: autoDraw = True
130.9309 	EXP 	unnamed Polygon: autoDraw = True
130.9440 	EXP 	unnamed Polygon: autoDraw = True
130.9557 	EXP 	unnamed Polygon: autoDraw = True
130.9683 	EXP 	unnamed Polygon: autoDraw = True
130.9804 	EXP 	unnamed Polygon: autoDraw = True
130.9934 	EXP 	unnamed Polygon: autoDraw = True
131.0057 	EXP 	unnamed Polygon: autoDraw = True
131.0184 	EXP 	unnamed Polygon: autoDraw = True
131.0229 	DATA 	Keypress: 1
131.0297 	EXP 	unnamed Polygon: autoDraw = True
131.0428 	EXP 	unnamed Polygon: autoDraw = True
131.0552 	EXP 	unnamed Polygon: autoDraw = True
131.0677 	EXP 	unnamed Polygon: autoDraw = True
131.0803 	EXP 	unnamed Polygon: autoDraw = True
131.0932 	EXP 	unnamed Polygon: autoDraw = True
131.1061 	EXP 	unnamed Polygon: autoDraw = True
131.1182 	EXP 	unnamed Polygon: autoDraw = False
132.7559 	EXP 	trial_feedback: height = 0.09
132.7559 	EXP 	trial_feedback: height = 0.09
132.7559 	EXP 	trial_feedback: height = 0.09
132.7559 	EXP 	trial_feedback: text = 'Hit!\n+$5.00'
132.7559 	EXP 	trial_feedback: autoDraw = True
134.7557 	EXP 	trial_feedback: autoDraw = False
134.7689 	EXP 	trial_feedback: autoDraw = False
134.7689 	EXP 	exp_feedback: autoDraw = False
143.1323 	EXP 	unnamed Polygon: autoDraw = True
143.1323 	EXP 	unnamed Polygon: autoDraw = True
143.1421 	EXP 	unnamed Polygon: autoDraw = True
143.1556 	EXP 	unnamed Polygon: autoDraw = True
143.1677 	EXP 	unnamed Polygon: autoDraw = True
143.1802 	EXP 	unnamed Polygon: autoDraw = True
143.1928 	EXP 	unnamed Polygon: autoDraw = True
143.2056 	EXP 	unnamed Polygon: autoDraw = True
143.2185 	EXP 	unnamed Polygon: autoDraw = True
143.2310 	EXP 	unnamed Polygon: autoDraw = True
143.2437 	EXP 	unnamed Polygon: autoDraw = True
143.2560 	EXP 	unnamed Polygon: autoDraw = True
143.2687 	EXP 	unnamed Polygon: autoDraw = True
143.2811 	EXP 	unnamed Polygon: autoDraw = True
143.2938 	EXP 	unnamed Polygon: autoDraw = True
143.3060 	EXP 	unnamed Polygon: autoDraw = True
143.3183 	EXP 	unnamed Polygon: autoDraw = True
143.3309 	EXP 	unnamed Polygon: autoDraw = True
143.3430 	EXP 	unnamed Polygon: autoDraw = True
143.3566 	EXP 	unnamed Polygon: autoDraw = True
143.3693 	EXP 	unnamed Polygon: autoDraw = True
143.3745 	DATA 	Keypress: 1
143.3800 	EXP 	unnamed Polygon: autoDraw = True
143.3926 	EXP 	unnamed Polygon: autoDraw = False
144.8096 	EXP 	trial_feedback: text = 'Hit!\n+$5.00'
144.8096 	EXP 	trial_feedback: autoDraw = True
146.7964 	EXP 	trial_feedback: autoDraw = False
146.8178 	EXP 	trial_feedback: autoDraw = False
146.8178 	EXP 	exp_feedback: autoDraw = False
157.2881 	EXP 	unnamed Polygon: autoDraw = True
157.2881 	EXP 	unnamed Polygon: autoDraw = True
157.2967 	EXP 	unnamed Polygon: autoDraw = True
157.2997 	EXP 	unnamed Polygon: autoDraw = True
157.3135 	EXP 	unnamed Polygon: autoDraw = True
157.3217 	EXP 	unnamed Polygon: autoDraw = True
157.3246 	EXP 	unnamed Polygon: autoDraw = True
157.3387 	EXP 	unnamed Polygon: autoDraw = True
157.3473 	EXP 	unnamed Polygon: autoDraw = True
157.3499 	EXP 	unnamed Polygon: autoDraw = True
157.3643 	EXP 	unnamed Polygon: autoDraw = True
157.3718 	EXP 	unnamed Polygon: autoDraw = True
157.3750 	EXP 	unnamed Polygon: autoDraw = True
157.3892 	EXP 	unnamed Polygon: autoDraw = True
157.3971 	EXP 	unnamed Polygon: autoDraw = True
157.4003 	EXP 	unnamed Polygon: autoDraw = True
157.4138 	EXP 	unnamed Polygon: autoDraw = True
157.4219 	EXP 	unnamed Polygon: autoDraw = True
157.4245 	EXP 	unnamed Polygon: autoDraw = True
157.4389 	EXP 	unnamed Polygon: autoDraw = True
157.4470 	EXP 	unnamed Polygon: autoDraw = True
157.4505 	EXP 	unnamed Polygon: autoDraw = True
157.4639 	EXP 	unnamed Polygon: autoDraw = True
157.4719 	EXP 	unnamed Polygon: autoDraw = True
157.4752 	EXP 	unnamed Polygon: autoDraw = True
157.4888 	EXP 	unnamed Polygon: autoDraw = True
157.4970 	EXP 	unnamed Polygon: autoDraw = True
157.5005 	EXP 	unnamed Polygon: autoDraw = True
157.5139 	EXP 	unnamed Polygon: autoDraw = True
157.5182 	DATA 	Keypress: 1
157.5259 	EXP 	unnamed Polygon: autoDraw = True
157.5388 	EXP 	unnamed Polygon: autoDraw = True
157.5469 	EXP 	unnamed Polygon: autoDraw = True
157.5499 	EXP 	unnamed Polygon: autoDraw = True
157.5637 	EXP 	unnamed Polygon: autoDraw = True
157.5713 	EXP 	unnamed Polygon: autoDraw = False
158.9011 	EXP 	trial_feedback: height = 0.09
158.9011 	EXP 	trial_feedback: height = 0.09
158.9011 	EXP 	trial_feedback: height = 0.09
158.9011 	EXP 	trial_feedback: text = 'Hit!\n+$1.50'
158.9011 	EXP 	trial_feedback: autoDraw = True
160.8971 	EXP 	trial_feedback: autoDraw = False
160.9018 	EXP 	trial_feedback: autoDraw = False
160.9018 	EXP 	exp_feedback: autoDraw = False
168.3005 	DATA 	Keypress: 1
168.6834 	DATA 	Keypress: 1
169.2281 	EXP 	unnamed Polygon: autoDraw = True
169.2281 	EXP 	unnamed Polygon: autoDraw = True
169.2335 	EXP 	unnamed Polygon: autoDraw = True
169.2469 	EXP 	unnamed Polygon: autoDraw = True
169.2546 	EXP 	unnamed Polygon: autoDraw = True
169.2687 	EXP 	unnamed Polygon: autoDraw = True
169.2806 	EXP 	unnamed Polygon: autoDraw = True
169.2936 	EXP 	unnamed Polygon: autoDraw = True
169.3053 	EXP 	unnamed Polygon: autoDraw = True
169.3180 	EXP 	unnamed Polygon: autoDraw = True
169.3306 	EXP 	unnamed Polygon: autoDraw = True
169.3433 	EXP 	unnamed Polygon: autoDraw = True
169.3562 	EXP 	unnamed Polygon: autoDraw = True
169.3687 	EXP 	unnamed Polygon: autoDraw = True
169.3811 	EXP 	unnamed Polygon: autoDraw = True
169.3935 	EXP 	unnamed Polygon: autoDraw = True
169.4062 	EXP 	unnamed Polygon: autoDraw = True
169.4187 	EXP 	unnamed Polygon: autoDraw = True
169.4308 	EXP 	unnamed Polygon: autoDraw = True
169.4434 	EXP 	unnamed Polygon: autoDraw = True
169.4474 	DATA 	Keypress: 1
169.4556 	EXP 	unnamed Polygon: autoDraw = True
169.4684 	EXP 	unnamed Polygon: autoDraw = True
169.4808 	EXP 	unnamed Polygon: autoDraw = True
169.4927 	EXP 	unnamed Polygon: autoDraw = True
169.5052 	EXP 	unnamed Polygon: autoDraw = False
170.9798 	EXP 	trial_feedback: height = 0.09
170.9798 	EXP 	trial_feedback: height = 0.09
170.9798 	EXP 	trial_feedback: height = 0.09
170.9798 	EXP 	trial_feedback: text = 'Miss!\n$0.00'
170.9798 	EXP 	trial_feedback: autoDraw = True
172.9685 	EXP 	trial_feedback: autoDraw = False
172.9808 	EXP 	trial_feedback: autoDraw = False
172.9808 	EXP 	exp_feedback: autoDraw = False
179.4689 	EXP 	unnamed Polygon: autoDraw = True
179.4689 	EXP 	unnamed Polygon: autoDraw = True
179.4811 	EXP 	unnamed Polygon: autoDraw = True
179.4928 	EXP 	unnamed Polygon: autoDraw = True
179.5057 	EXP 	unnamed Polygon: autoDraw = True
179.5184 	EXP 	unnamed Polygon: autoDraw = True
179.5306 	EXP 	unnamed Polygon: autoDraw = True
179.5431 	EXP 	unnamed Polygon: autoDraw = True
179.5559 	EXP 	unnamed Polygon: autoDraw = True
179.5684 	EXP 	unnamed Polygon: autoDraw = True
179.5810 	EXP 	unnamed Polygon: autoDraw = True
179.5935 	EXP 	unnamed Polygon: autoDraw = True
179.6059 	EXP 	unnamed Polygon: autoDraw = True
179.6184 	EXP 	unnamed Polygon: autoDraw = True
179.6309 	EXP 	unnamed Polygon: autoDraw = True
179.6429 	EXP 	unnamed Polygon: autoDraw = True
179.6560 	EXP 	unnamed Polygon: autoDraw = True
179.6683 	EXP 	unnamed Polygon: autoDraw = True
179.6809 	EXP 	unnamed Polygon: autoDraw = True
179.6930 	EXP 	unnamed Polygon: autoDraw = True
179.7061 	EXP 	unnamed Polygon: autoDraw = True
179.7104 	DATA 	Keypress: 1
179.7174 	EXP 	unnamed Polygon: autoDraw = True
179.7302 	EXP 	unnamed Polygon: autoDraw = True
179.7434 	EXP 	unnamed Polygon: autoDraw = True
179.7552 	EXP 	unnamed Polygon: autoDraw = True
179.7678 	EXP 	unnamed Polygon: autoDraw = False
181.0800 	EXP 	trial_feedback: height = 0.09
181.0800 	EXP 	trial_feedback: height = 0.09
181.0800 	EXP 	trial_feedback: height = 0.09
181.0800 	EXP 	trial_feedback: text = 'Hit!\n$0.00'
181.0800 	EXP 	trial_feedback: autoDraw = True
183.0684 	EXP 	trial_feedback: autoDraw = False
183.0926 	EXP 	trial_feedback: autoDraw = False
183.0926 	EXP 	exp_feedback: autoDraw = False
191.1933 	EXP 	unnamed Polygon: autoDraw = True
191.1933 	EXP 	unnamed Polygon: autoDraw = True
191.2056 	EXP 	unnamed Polygon: autoDraw = True
191.2136 	EXP 	unnamed Polygon: autoDraw = True
191.2173 	EXP 	unnamed Polygon: autoDraw = True
191.2303 	EXP 	unnamed Polygon: autoDraw = True
191.2387 	EXP 	unnamed Polygon: autoDraw = True
191.2423 	EXP 	unnamed Polygon: autoDraw = True
191.2555 	EXP 	unnamed Polygon: autoDraw = True
191.2636 	EXP 	unnamed Polygon: autoDraw = True
191.2673 	EXP 	unnamed Polygon: autoDraw = True
191.2807 	EXP 	unnamed Polygon: autoDraw = True
191.2886 	EXP 	unnamed Polygon: autoDraw = True
191.2919 	EXP 	unnamed Polygon: autoDraw = True
191.3055 	EXP 	unnamed Polygon: autoDraw = True
191.3136 	EXP 	unnamed Polygon: autoDraw = True
191.3171 	EXP 	unnamed Polygon: autoDraw = True
191.3306 	EXP 	unnamed Polygon: autoDraw = True
191.3386 	EXP 	unnamed Polygon: autoDraw = True
191.3422 	EXP 	unnamed Polygon: autoDraw = True
191.3556 	EXP 	unnamed Polygon: autoDraw = True
191.3637 	EXP 	unnamed Polygon: autoDraw = True
191.3672 	EXP 	unnamed Polygon: autoDraw = True
191.3805 	EXP 	unnamed Polygon: autoDraw = True
191.3888 	EXP 	unnamed Polygon: autoDraw = True
191.3923 	EXP 	unnamed Polygon: autoDraw = True
191.4058 	EXP 	unnamed Polygon: autoDraw = True
191.4091 	DATA 	Keypress: 1
191.4129 	EXP 	unnamed Polygon: autoDraw = True
191.4166 	EXP 	unnamed Polygon: autoDraw = True
191.4299 	EXP 	unnamed Polygon: autoDraw = True
191.4384 	EXP 	unnamed Polygon: autoDraw = True
191.4413 	EXP 	unnamed Polygon: autoDraw = True
191.4552 	EXP 	unnamed Polygon: autoDraw = True
191.4653 	EXP 	unnamed Polygon: autoDraw = True
191.4672 	EXP 	unnamed Polygon: autoDraw = True
191.4813 	EXP 	unnamed Polygon: autoDraw = True
191.4890 	EXP 	unnamed Polygon: autoDraw = True
191.4916 	EXP 	unnamed Polygon: autoDraw = True
191.5052 	EXP 	unnamed Polygon: autoDraw = True
191.5134 	EXP 	unnamed Polygon: autoDraw = False
193.2306 	EXP 	trial_feedback: text = 'Hit!\n$0.00'
193.2306 	EXP 	trial_feedback: autoDraw = True
195.2177 	EXP 	trial_feedback: autoDraw = False
195.2387 	EXP 	trial_feedback: autoDraw = False
195.2387 	EXP 	exp_feedback: autoDraw = False
203.2723 	EXP 	unnamed Polygon: autoDraw = True
203.2723 	EXP 	unnamed Polygon: autoDraw = True
203.2798 	EXP 	unnamed Polygon: autoDraw = True
203.2825 	EXP 	unnamed Polygon: autoDraw = True
203.2966 	EXP 	unnamed Polygon: autoDraw = True
203.3049 	EXP 	unnamed Polygon: autoDraw = True
203.3074 	EXP 	unnamed Polygon: autoDraw = True
203.3216 	EXP 	unnamed Polygon: autoDraw = True
203.3300 	EXP 	unnamed Polygon: autoDraw = True
203.3329 	EXP 	unnamed Polygon: autoDraw = True
203.3468 	EXP 	unnamed Polygon: autoDraw = True
203.3551 	EXP 	unnamed Polygon: autoDraw = True
203.3580 	EXP 	unnamed Polygon: autoDraw = True
203.3717 	EXP 	unnamed Polygon: autoDraw = True
203.3800 	EXP 	unnamed Polygon: autoDraw = True
203.3840 	EXP 	unnamed Polygon: autoDraw = True
203.3969 	EXP 	unnamed Polygon: autoDraw = True
203.4050 	EXP 	unnamed Polygon: autoDraw = True
203.4086 	EXP 	unnamed Polygon: autoDraw = True
203.4218 	EXP 	unnamed Polygon: autoDraw = True
203.4300 	EXP 	unnamed Polygon: autoDraw = True
203.4341 	EXP 	unnamed Polygon: autoDraw = True
203.4470 	EXP 	unnamed Polygon: autoDraw = True
203.4558 	EXP 	unnamed Polygon: autoDraw = True
203.4597 	EXP 	unnamed Polygon: autoDraw = True
203.4720 	EXP 	unnamed Polygon: autoDraw = True
203.4803 	EXP 	unnamed Polygon: autoDraw = True
203.4837 	EXP 	unnamed Polygon: autoDraw = True
203.4971 	EXP 	unnamed Polygon: autoDraw = True
203.5002 	DATA 	Keypress: 1
203.5047 	EXP 	unnamed Polygon: autoDraw = True
203.5124 	EXP 	unnamed Polygon: autoDraw = False
205.2765 	EXP 	trial_feedback: height = 0.09
205.2765 	EXP 	trial_feedback: height = 0.09
205.2765 	EXP 	trial_feedback: height = 0.09
205.2765 	EXP 	trial_feedback: text = 'Hit!\n+$5.00'
205.2765 	EXP 	trial_feedback: autoDraw = True
207.2720 	EXP 	trial_feedback: autoDraw = False
207.2759 	EXP 	trial_feedback: autoDraw = False
207.2759 	EXP 	exp_feedback: autoDraw = False
217.5657 	EXP 	unnamed Polygon: autoDraw = True
217.5657 	EXP 	unnamed Polygon: autoDraw = True
217.5708 	EXP 	unnamed Polygon: autoDraw = True
217.5843 	EXP 	unnamed Polygon: autoDraw = True
217.5922 	EXP 	unnamed Polygon: autoDraw = True
217.6047 	EXP 	unnamed Polygon: autoDraw = True
217.6183 	EXP 	unnamed Polygon: autoDraw = True
217.6309 	EXP 	unnamed Polygon: autoDraw = True
217.6429 	EXP 	unnamed Polygon: autoDraw = True
217.6559 	EXP 	unnamed Polygon: autoDraw = True
217.6678 	EXP 	unnamed Polygon: autoDraw = True
217.6812 	EXP 	unnamed Polygon: autoDraw = True
217.6933 	EXP 	unnamed Polygon: autoDraw = True
217.7060 	EXP 	unnamed Polygon: autoDraw = True
217.7185 	EXP 	unnamed Polygon: autoDraw = True
217.7311 	EXP 	unnamed Polygon: autoDraw = True
217.7438 	EXP 	unnamed Polygon: autoDraw = True
217.7562 	EXP 	unnamed Polygon: autoDraw = True
217.7683 	EXP 	unnamed Polygon: autoDraw = True
217.7813 	EXP 	unnamed Polygon: autoDraw = True
217.7943 	EXP 	unnamed Polygon: autoDraw = True
217.8020 	DATA 	Keypress: 1
217.8060 	EXP 	unnamed Polygon: autoDraw = False
219.3240 	EXP 	trial_feedback: height = 0.09
219.3240 	EXP 	trial_feedback: height = 0.09
219.3240 	EXP 	trial_feedback: height = 0.09
219.3240 	EXP 	trial_feedback: text = 'Miss!\n-$1.50'
219.3240 	EXP 	trial_feedback: autoDraw = True
221.3178 	EXP 	trial_feedback: autoDraw = False
221.3216 	EXP 	trial_feedback: autoDraw = False
221.3216 	EXP 	exp_feedback: autoDraw = False
227.6147 	EXP 	unnamed Polygon: autoDraw = True
227.6147 	EXP 	unnamed Polygon: autoDraw = True
227.6266 	EXP 	unnamed Polygon: autoDraw = True
227.6346 	EXP 	unnamed Polygon: autoDraw = True
227.6382 	EXP 	unnamed Polygon: autoDraw = True
227.6518 	EXP 	unnamed Polygon: autoDraw = True
227.6595 	EXP 	unnamed Polygon: autoDraw = True
227.6629 	EXP 	unnamed Polygon: autoDraw = True
227.6765 	EXP 	unnamed Polygon: autoDraw = True
227.6844 	EXP 	unnamed Polygon: autoDraw = True
227.6873 	EXP 	unnamed Polygon: autoDraw = True
227.7019 	EXP 	unnamed Polygon: autoDraw = True
227.7096 	EXP 	unnamed Polygon: autoDraw = True
227.7132 	EXP 	unnamed Polygon: autoDraw = True
227.7263 	EXP 	unnamed Polygon: autoDraw = True
227.7345 	EXP 	unnamed Polygon: autoDraw = True
227.7378 	EXP 	unnamed Polygon: autoDraw = True
227.7513 	EXP 	unnamed Polygon: autoDraw = True
227.7595 	EXP 	unnamed Polygon: autoDraw = True
227.7640 	EXP 	unnamed Polygon: autoDraw = True
227.7765 	EXP 	unnamed Polygon: autoDraw = True
227.7846 	EXP 	unnamed Polygon: autoDraw = True
227.7886 	EXP 	unnamed Polygon: autoDraw = True
227.7960 	EXP 	unnamed Polygon: autoDraw = True
227.8094 	EXP 	unnamed Polygon: autoDraw = True
227.8186 	EXP 	unnamed Polygon: autoDraw = True
227.8209 	EXP 	unnamed Polygon: autoDraw = True
227.8354 	EXP 	unnamed Polygon: autoDraw = True
227.8395 	DATA 	Keypress: 1
227.8422 	EXP 	unnamed Polygon: autoDraw = True
227.8459 	EXP 	unnamed Polygon: autoDraw = True
227.8593 	EXP 	unnamed Polygon: autoDraw = True
227.8676 	EXP 	unnamed Polygon: autoDraw = False
229.4100 	EXP 	trial_feedback: height = 0.09
229.4100 	EXP 	trial_feedback: height = 0.09
229.4100 	EXP 	trial_feedback: height = 0.09
229.4100 	EXP 	trial_feedback: text = 'Hit!\n+$1.50'
229.4100 	EXP 	trial_feedback: autoDraw = True
231.3845 	EXP 	trial_feedback: autoDraw = False
231.4014 	EXP 	trial_feedback: autoDraw = False
231.4014 	EXP 	exp_feedback: autoDraw = False
241.7010 	DATA 	Keypress: 1
241.7301 	EXP 	unnamed Polygon: autoDraw = True
241.7301 	EXP 	unnamed Polygon: autoDraw = True
241.7427 	EXP 	unnamed Polygon: autoDraw = True
241.7510 	EXP 	unnamed Polygon: autoDraw = True
241.7539 	EXP 	unnamed Polygon: autoDraw = True
241.7677 	EXP 	unnamed Polygon: autoDraw = True
241.7759 	EXP 	unnamed Polygon: autoDraw = True
241.7787 	EXP 	unnamed Polygon: autoDraw = True
241.7927 	EXP 	unnamed Polygon: autoDraw = True
241.8020 	EXP 	unnamed Polygon: autoDraw = True
241.8043 	EXP 	unnamed Polygon: autoDraw = True
241.8187 	EXP 	unnamed Polygon: autoDraw = True
241.8260 	EXP 	unnamed Polygon: autoDraw = True
241.8293 	EXP 	unnamed Polygon: autoDraw = True
241.8436 	EXP 	unnamed Polygon: autoDraw = True
241.8510 	EXP 	unnamed Polygon: autoDraw = True
241.8539 	EXP 	unnamed Polygon: autoDraw = True
241.8685 	EXP 	unnamed Polygon: autoDraw = True
241.8764 	EXP 	unnamed Polygon: autoDraw = True
241.8794 	EXP 	unnamed Polygon: autoDraw = True
241.8937 	EXP 	unnamed Polygon: autoDraw = True
241.9015 	EXP 	unnamed Polygon: autoDraw = True
241.9047 	EXP 	unnamed Polygon: autoDraw = True
241.9188 	EXP 	unnamed Polygon: autoDraw = True
241.9261 	EXP 	unnamed Polygon: autoDraw = True
241.9301 	EXP 	unnamed Polygon: autoDraw = True
241.9430 	EXP 	unnamed Polygon: autoDraw = True
241.9510 	EXP 	unnamed Polygon: autoDraw = True
241.9549 	EXP 	unnamed Polygon: autoDraw = True
241.9681 	EXP 	unnamed Polygon: autoDraw = True
241.9762 	EXP 	unnamed Polygon: autoDraw = True
241.9807 	EXP 	unnamed Polygon: autoDraw = True
241.9929 	EXP 	unnamed Polygon: autoDraw = True
242.0013 	EXP 	unnamed Polygon: autoDraw = True
242.0049 	DATA 	Keypress: 1
242.0089 	EXP 	unnamed Polygon: autoDraw = True
242.0134 	EXP 	unnamed Polygon: autoDraw = True
242.0261 	EXP 	unnamed Polygon: autoDraw = True
242.0348 	EXP 	unnamed Polygon: autoDraw = False
243.4432 	EXP 	trial_feedback: height = 0.09
243.4432 	EXP 	trial_feedback: height = 0.09
243.4432 	EXP 	trial_feedback: height = 0.09
243.4432 	EXP 	trial_feedback: text = 'Miss!\n$0.00'
243.4432 	EXP 	trial_feedback: autoDraw = True
245.4428 	EXP 	trial_feedback: autoDraw = False
245.4428 	EXP 	exp_feedback: autoDraw = False
253.9073 	EXP 	unnamed Polygon: autoDraw = True
253.9073 	EXP 	unnamed Polygon: autoDraw = True
253.9125 	EXP 	unnamed Polygon: autoDraw = True
253.9261 	EXP 	unnamed Polygon: autoDraw = True
253.9341 	EXP 	unnamed Polygon: autoDraw = True
253.9477 	EXP 	unnamed Polygon: autoDraw = True
253.9597 	EXP 	unnamed Polygon: autoDraw = True
253.9726 	EXP 	unnamed Polygon: autoDraw = True
253.9846 	EXP 	unnamed Polygon: autoDraw = True
253.9977 	EXP 	unnamed Polygon: autoDraw = True
254.0097 	EXP 	unnamed Polygon: autoDraw = True
254.0228 	EXP 	unnamed Polygon: autoDraw = True
254.0350 	EXP 	unnamed Polygon: autoDraw = True
254.0476 	EXP 	unnamed Polygon: autoDraw = True
254.0596 	EXP 	unnamed Polygon: autoDraw = True
254.0725 	EXP 	unnamed Polygon: autoDraw = True
254.0849 	EXP 	unnamed Polygon: autoDraw = True
254.0981 	EXP 	unnamed Polygon: autoDraw = True
254.1099 	EXP 	unnamed Polygon: autoDraw = True
254.1235 	EXP 	unnamed Polygon: autoDraw = True
254.1321 	DATA 	Keypress: 1
254.1355 	EXP 	unnamed Polygon: autoDraw = False
255.4925 	EXP 	trial_feedback: text = 'Miss!\n$0.00'
255.4925 	EXP 	trial_feedback: autoDraw = True
257.4887 	EXP 	trial_feedback: autoDraw = False
257.5055 	EXP 	trial_feedback: autoDraw = False
257.5055 	EXP 	exp_feedback: autoDraw = False
263.6275 	EXP 	unnamed Polygon: autoDraw = True
263.6275 	EXP 	unnamed Polygon: autoDraw = True
263.6387 	EXP 	unnamed Polygon: autoDraw = True
263.6468 	EXP 	unnamed Polygon: autoDraw = True
263.6496 	EXP 	unnamed Polygon: autoDraw = True
263.6542 	EXP 	unnamed Polygon: autoDraw = True
263.6676 	EXP 	unnamed Polygon: autoDraw = True
263.6767 	EXP 	unnamed Polygon: autoDraw = True
263.6799 	EXP 	unnamed Polygon: autoDraw = True
263.6935 	EXP 	unnamed Polygon: autoDraw = True
263.7011 	EXP 	unnamed Polygon: autoDraw = True
263.7048 	EXP 	unnamed Polygon: autoDraw = True
263.7182 	EXP 	unnamed Polygon: autoDraw = True
263.7260 	EXP 	unnamed Polygon: autoDraw = True
263.7292 	EXP 	unnamed Polygon: autoDraw = True
263.7431 	EXP 	unnamed Polygon: autoDraw = True
263.7511 	EXP 	unnamed Polygon: autoDraw = True
263.7546 	EXP 	unnamed Polygon: autoDraw = True
263.7681 	EXP 	unnamed Polygon: autoDraw = True
263.7761 	EXP 	unnamed Polygon: autoDraw = True
263.7798 	EXP 	unnamed Polygon: autoDraw = True
263.7933 	EXP 	unnamed Polygon: autoDraw = True
263.8010 	EXP 	unnamed Polygon: autoDraw = True
263.8047 	EXP 	unnamed Polygon: autoDraw = True
263.8181 	EXP 	unnamed Polygon: autoDraw = True
263.8263 	EXP 	unnamed Polygon: autoDraw = True
263.8293 	EXP 	unnamed Polygon: autoDraw = True
263.8433 	EXP 	unnamed Polygon: autoDraw = True
263.8510 	EXP 	unnamed Polygon: autoDraw = True
263.8576 	EXP 	unnamed Polygon: autoDraw = False
263.8694 	DATA 	Keypress: 1
265.5431 	EXP 	trial_feedback: text = 'Miss!\n$0.00'
265.5431 	EXP 	trial_feedback: autoDraw = True
267.5263 	EXP 	trial_feedback: autoDraw = False
267.5431 	EXP 	trial_feedback: autoDraw = False
267.5431 	EXP 	exp_feedback: autoDraw = False
277.5554 	DATA 	Keypress: 1
277.5672 	EXP 	unnamed Polygon: autoDraw = True
277.5672 	EXP 	unnamed Polygon: autoDraw = True
277.5803 	EXP 	unnamed Polygon: autoDraw = True
277.5886 	EXP 	unnamed Polygon: autoDraw = True
277.5916 	EXP 	unnamed Polygon: autoDraw = True
277.6053 	EXP 	unnamed Polygon: autoDraw = True
277.6130 	EXP 	unnamed Polygon: autoDraw = True
277.6264 	EXP 	unnamed Polygon: autoDraw = True
277.6391 	EXP 	unnamed Polygon: autoDraw = True
277.6517 	EXP 	unnamed Polygon: autoDraw = True
277.6637 	EXP 	unnamed Polygon: autoDraw = True
277.6766 	EXP 	unnamed Polygon: autoDraw = True
277.6889 	EXP 	unnamed Polygon: autoDraw = True
277.7017 	EXP 	unnamed Polygon: autoDraw = True
277.7143 	EXP 	unnamed Polygon: autoDraw = True
277.7271 	EXP 	unnamed Polygon: autoDraw = True
277.7393 	EXP 	unnamed Polygon: autoDraw = True
277.7519 	EXP 	unnamed Polygon: autoDraw = True
277.7640 	EXP 	unnamed Polygon: autoDraw = False
279.5637 	EXP 	trial_feedback: text = 'Miss!\n$0.00'
279.5637 	EXP 	trial_feedback: autoDraw = True
281.5528 	EXP 	trial_feedback: autoDraw = False
281.5652 	EXP 	trial_feedback: autoDraw = False
281.5652 	EXP 	exp_feedback: autoDraw = False
287.9069 	EXP 	unnamed Polygon: autoDraw = True
287.9069 	EXP 	unnamed Polygon: autoDraw = True
287.9182 	EXP 	unnamed Polygon: autoDraw = True
287.9268 	EXP 	unnamed Polygon: autoDraw = True
287.9302 	EXP 	unnamed Polygon: autoDraw = True
287.9343 	EXP 	unnamed Polygon: autoDraw = True
287.9465 	EXP 	unnamed Polygon: autoDraw = True
287.9595 	EXP 	unnamed Polygon: autoDraw = True
287.9722 	EXP 	unnamed Polygon: autoDraw = True
287.9845 	EXP 	unnamed Polygon: autoDraw = True
287.9978 	EXP 	unnamed Polygon: autoDraw = True
288.0097 	EXP 	unnamed Polygon: autoDraw = True
288.0228 	EXP 	unnamed Polygon: autoDraw = True
288.0352 	EXP 	unnamed Polygon: autoDraw = True
288.0481 	EXP 	unnamed Polygon: autoDraw = True
288.0602 	EXP 	unnamed Polygon: autoDraw = True
288.0727 	EXP 	unnamed Polygon: autoDraw = True
288.0855 	EXP 	unnamed Polygon: autoDraw = True
288.0980 	EXP 	unnamed Polygon: autoDraw = True
288.1100 	EXP 	unnamed Polygon: autoDraw = True
288.1226 	EXP 	unnamed Polygon: autoDraw = True
288.1348 	EXP 	unnamed Polygon: autoDraw = False
288.3633 	DATA 	Keypress: 1
289.5971 	EXP 	trial_feedback: text = 'Miss!\n$0.00'
289.5971 	EXP 	trial_feedback: autoDraw = True
291.5975 	EXP 	trial_feedback: autoDraw = False
291.6104 	EXP 	trial_feedback: autoDraw = False
291.6104 	EXP 	exp_feedback: autoDraw = False
297.6861 	EXP 	unnamed Polygon: autoDraw = True
297.6861 	EXP 	unnamed Polygon: autoDraw = True
297.6967 	EXP 	unnamed Polygon: autoDraw = True
297.7095 	EXP 	unnamed Polygon: autoDraw = True
297.7225 	EXP 	unnamed Polygon: autoDraw = True
297.7348 	EXP 	unnamed Polygon: autoDraw = True
297.7469 	EXP 	unnamed Polygon: autoDraw = True
297.7598 	EXP 	unnamed Polygon: autoDraw = True
297.7717 	EXP 	unnamed Polygon: autoDraw = True
297.7842 	EXP 	unnamed Polygon: autoDraw = True
297.7974 	EXP 	unnamed Polygon: autoDraw = True
297.8098 	EXP 	unnamed Polygon: autoDraw = True
297.8228 	EXP 	unnamed Polygon: autoDraw = True
297.8348 	EXP 	unnamed Polygon: autoDraw = True
297.8473 	EXP 	unnamed Polygon: autoDraw = True
297.8602 	EXP 	unnamed Polygon: autoDraw = True
297.8724 	EXP 	unnamed Polygon: autoDraw = True
297.8851 	EXP 	unnamed Polygon: autoDraw = True
297.8976 	EXP 	unnamed Polygon: autoDraw = True
297.9098 	EXP 	unnamed Polygon: autoDraw = False
297.9131 	DATA 	Keypress: 1
299.6346 	EXP 	trial_feedback: text = 'Miss!\n$0.00'
299.6346 	EXP 	trial_feedback: autoDraw = True
301.6225 	EXP 	trial_feedback: autoDraw = False
301.6467 	EXP 	trial_feedback: autoDraw = False
301.6467 	EXP 	exp_feedback: autoDraw = False
309.7247 	EXP 	unnamed Polygon: autoDraw = True
309.7247 	EXP 	unnamed Polygon: autoDraw = True
309.7344 	EXP 	unnamed Polygon: autoDraw = True
309.7469 	EXP 	unnamed Polygon: autoDraw = True
309.7596 	EXP 	unnamed Polygon: autoDraw = True
309.7724 	EXP 	unnamed Polygon: autoDraw = True
309.7854 	EXP 	unnamed Polygon: autoDraw = True
309.7975 	EXP 	unnamed Polygon: autoDraw = True
309.8105 	EXP 	unnamed Polygon: autoDraw = True
309.8230 	EXP 	unnamed Polygon: autoDraw = True
309.8350 	EXP 	unnamed Polygon: autoDraw = True
309.8476 	EXP 	unnamed Polygon: autoDraw = True
309.8607 	EXP 	unnamed Polygon: autoDraw = True
309.8722 	EXP 	unnamed Polygon: autoDraw = True
309.8854 	EXP 	unnamed Polygon: autoDraw = True
309.8979 	EXP 	unnamed Polygon: autoDraw = True
309.9098 	EXP 	unnamed Polygon: autoDraw = True
309.9222 	EXP 	unnamed Polygon: autoDraw = True
309.9352 	EXP 	unnamed Polygon: autoDraw = True
309.9471 	EXP 	unnamed Polygon: autoDraw = True
309.9510 	DATA 	Keypress: 1
309.9598 	EXP 	unnamed Polygon: autoDraw = True
309.9720 	EXP 	unnamed Polygon: autoDraw = True
309.9850 	EXP 	unnamed Polygon: autoDraw = True
309.9972 	EXP 	unnamed Polygon: autoDraw = True
310.0095 	EXP 	unnamed Polygon: autoDraw = True
310.0221 	EXP 	unnamed Polygon: autoDraw = False
311.7610 	EXP 	trial_feedback: height = 0.09
311.7610 	EXP 	trial_feedback: height = 0.09
311.7610 	EXP 	trial_feedback: height = 0.09
311.7610 	EXP 	trial_feedback: text = 'Hit!\n$0.00'
311.7610 	EXP 	trial_feedback: autoDraw = True
313.7486 	EXP 	trial_feedback: autoDraw = False
313.7606 	EXP 	trial_feedback: autoDraw = False
313.7606 	EXP 	exp_feedback: autoDraw = False
320.1135 	DATA 	Keypress: 1
323.9872 	EXP 	unnamed Polygon: autoDraw = True
323.9872 	EXP 	unnamed Polygon: autoDraw = True
323.9971 	EXP 	unnamed Polygon: autoDraw = True
324.0099 	EXP 	unnamed Polygon: autoDraw = True
324.0222 	EXP 	unnamed Polygon: autoDraw = True
324.0351 	EXP 	unnamed Polygon: autoDraw = True
324.0480 	EXP 	unnamed Polygon: autoDraw = True
324.0599 	EXP 	unnamed Polygon: autoDraw = True
324.0725 	EXP 	unnamed Polygon: autoDraw = True
324.0853 	EXP 	unnamed Polygon: autoDraw = True
324.0978 	EXP 	unnamed Polygon: autoDraw = True
324.1100 	EXP 	unnamed Polygon: autoDraw = True
324.1229 	EXP 	unnamed Polygon: autoDraw = True
324.1349 	EXP 	unnamed Polygon: autoDraw = True
324.1479 	EXP 	unnamed Polygon: autoDraw = True
324.1599 	EXP 	unnamed Polygon: autoDraw = True
324.1731 	EXP 	unnamed Polygon: autoDraw = True
324.1861 	EXP 	unnamed Polygon: autoDraw = True
324.1986 	EXP 	unnamed Polygon: autoDraw = True
324.2023 	DATA 	Keypress: 1
324.2096 	EXP 	unnamed Polygon: autoDraw = True
324.2226 	EXP 	unnamed Polygon: autoDraw = True
324.2352 	EXP 	unnamed Polygon: autoDraw = True
324.2472 	EXP 	unnamed Polygon: autoDraw = True
324.2599 	EXP 	unnamed Polygon: autoDraw = True
324.2726 	EXP 	unnamed Polygon: autoDraw = False
325.8725 	EXP 	trial_feedback: text = 'Hit!\n$0.00'
325.8725 	EXP 	trial_feedback: autoDraw = True
327.8717 	EXP 	trial_feedback: autoDraw = False
327.8845 	EXP 	trial_feedback: autoDraw = False
327.8845 	EXP 	exp_feedback: autoDraw = False
338.2770 	EXP 	unnamed Polygon: autoDraw = True
338.2770 	EXP 	unnamed Polygon: autoDraw = True
338.2887 	EXP 	unnamed Polygon: autoDraw = True
338.2972 	EXP 	unnamed Polygon: autoDraw = True
338.3006 	EXP 	unnamed Polygon: autoDraw = True
338.3140 	EXP 	unnamed Polygon: autoDraw = True
338.3222 	EXP 	unnamed Polygon: autoDraw = True
338.3259 	EXP 	unnamed Polygon: autoDraw = True
338.3390 	EXP 	unnamed Polygon: autoDraw = True
338.3471 	EXP 	unnamed Polygon: autoDraw = True
338.3515 	EXP 	unnamed Polygon: autoDraw = True
338.3640 	EXP 	unnamed Polygon: autoDraw = True
338.3720 	EXP 	unnamed Polygon: autoDraw = True
338.3760 	EXP 	unnamed Polygon: autoDraw = True
338.3894 	EXP 	unnamed Polygon: autoDraw = True
338.3971 	EXP 	unnamed Polygon: autoDraw = True
338.4011 	EXP 	unnamed Polygon: autoDraw = True
338.4140 	EXP 	unnamed Polygon: autoDraw = True
338.4221 	EXP 	unnamed Polygon: autoDraw = True
338.4258 	EXP 	unnamed Polygon: autoDraw = True
338.4389 	EXP 	unnamed Polygon: autoDraw = True
338.4471 	EXP 	unnamed Polygon: autoDraw = True
338.4505 	EXP 	unnamed Polygon: autoDraw = True
338.4639 	EXP 	unnamed Polygon: autoDraw = True
338.4723 	EXP 	unnamed Polygon: autoDraw = True
338.4768 	EXP 	unnamed Polygon: autoDraw = True
338.4806 	DATA 	Keypress: 1
338.4852 	EXP 	unnamed Polygon: autoDraw = True
338.4975 	EXP 	unnamed Polygon: autoDraw = True
338.5054 	EXP 	unnamed Polygon: autoDraw = True
338.5098 	EXP 	unnamed Polygon: autoDraw = True
338.5224 	EXP 	unnamed Polygon: autoDraw = True
338.5303 	EXP 	unnamed Polygon: autoDraw = False
339.9554 	EXP 	trial_feedback: text = 'Hit!\n$0.00'
339.9554 	EXP 	trial_feedback: autoDraw = True
341.9474 	EXP 	trial_feedback: autoDraw = False
341.9554 	EXP 	trial_feedback: autoDraw = False
341.9554 	EXP 	exp_feedback: autoDraw = False
350.1779 	EXP 	unnamed Polygon: autoDraw = True
350.1779 	EXP 	unnamed Polygon: autoDraw = True
350.1890 	EXP 	unnamed Polygon: autoDraw = True
350.1972 	EXP 	unnamed Polygon: autoDraw = True
350.2009 	EXP 	unnamed Polygon: autoDraw = True
350.2142 	EXP 	unnamed Polygon: autoDraw = True
350.2221 	EXP 	unnamed Polygon: autoDraw = True
350.2255 	EXP 	unnamed Polygon: autoDraw = True
350.2390 	EXP 	unnamed Polygon: autoDraw = True
350.2471 	EXP 	unnamed Polygon: autoDraw = True
350.2508 	EXP 	unnamed Polygon: autoDraw = True
350.2640 	EXP 	unnamed Polygon: autoDraw = True
350.2721 	EXP 	unnamed Polygon: autoDraw = True
350.2765 	EXP 	unnamed Polygon: autoDraw = True
350.2891 	EXP 	unnamed Polygon: autoDraw = True
350.2972 	EXP 	unnamed Polygon: autoDraw = True
350.3017 	EXP 	unnamed Polygon: autoDraw = True
350.3139 	EXP 	unnamed Polygon: autoDraw = True
350.3221 	EXP 	unnamed Polygon: autoDraw = True
350.3266 	EXP 	unnamed Polygon: autoDraw = True
350.3389 	EXP 	unnamed Polygon: autoDraw = True
350.3472 	EXP 	unnamed Polygon: autoDraw = True
350.3516 	EXP 	unnamed Polygon: autoDraw = True
350.3642 	EXP 	unnamed Polygon: autoDraw = True
350.3678 	DATA 	Keypress: 1
350.3720 	EXP 	unnamed Polygon: autoDraw = True
350.3767 	EXP 	unnamed Polygon: autoDraw = True
350.3887 	EXP 	unnamed Polygon: autoDraw = True
350.3972 	EXP 	unnamed Polygon: autoDraw = True
350.4002 	EXP 	unnamed Polygon: autoDraw = True
350.4143 	EXP 	unnamed Polygon: autoDraw = True
350.4217 	EXP 	unnamed Polygon: autoDraw = False
352.0471 	EXP 	trial_feedback: text = 'Hit!\n$0.00'
352.0471 	EXP 	trial_feedback: autoDraw = True
354.0388 	EXP 	trial_feedback: autoDraw = False
354.0556 	EXP 	trial_feedback: autoDraw = False
354.0556 	EXP 	exp_feedback: autoDraw = False
364.2197 	EXP 	unnamed Polygon: autoDraw = True
364.2197 	EXP 	unnamed Polygon: autoDraw = True
364.2309 	EXP 	unnamed Polygon: autoDraw = True
364.2387 	EXP 	unnamed Polygon: autoDraw = True
364.2425 	EXP 	unnamed Polygon: autoDraw = True
364.2516 	EXP 	unnamed Polygon: autoDraw = True
364.2546 	EXP 	unnamed Polygon: autoDraw = True
364.2587 	EXP 	unnamed Polygon: autoDraw = True
364.2720 	EXP 	unnamed Polygon: autoDraw = True
364.2760 	EXP 	unnamed Polygon: autoDraw = True
364.2932 	EXP 	unnamed Polygon: autoDraw = True
364.3141 	EXP 	unnamed Polygon: autoDraw = True
364.3307 	EXP 	unnamed Polygon: autoDraw = True
364.3391 	EXP 	unnamed Polygon: autoDraw = True
364.3430 	EXP 	unnamed Polygon: autoDraw = True
364.3557 	EXP 	unnamed Polygon: autoDraw = True
364.3639 	EXP 	unnamed Polygon: autoDraw = True
364.3682 	EXP 	unnamed Polygon: autoDraw = True
364.3807 	EXP 	unnamed Polygon: autoDraw = True
364.3888 	EXP 	unnamed Polygon: autoDraw = True
364.3932 	EXP 	unnamed Polygon: autoDraw = True
364.4056 	EXP 	unnamed Polygon: autoDraw = True
364.4139 	EXP 	unnamed Polygon: autoDraw = True
364.4181 	EXP 	unnamed Polygon: autoDraw = True
364.4306 	EXP 	unnamed Polygon: autoDraw = True
364.4389 	EXP 	unnamed Polygon: autoDraw = True
364.4439 	EXP 	unnamed Polygon: autoDraw = True
364.4474 	DATA 	Keypress: 1
364.4518 	EXP 	unnamed Polygon: autoDraw = True
364.4640 	EXP 	unnamed Polygon: autoDraw = True
364.4721 	EXP 	unnamed Polygon: autoDraw = True
364.4768 	EXP 	unnamed Polygon: autoDraw = True
364.4893 	EXP 	unnamed Polygon: autoDraw = True
364.4974 	EXP 	unnamed Polygon: autoDraw = True
364.4999 	EXP 	unnamed Polygon: autoDraw = True
364.5140 	EXP 	unnamed Polygon: autoDraw = True
364.5221 	EXP 	unnamed Polygon: autoDraw = True
364.5258 	EXP 	unnamed Polygon: autoDraw = True
364.5390 	EXP 	unnamed Polygon: autoDraw = False
366.1722 	EXP 	trial_feedback: text = 'Hit!\n$0.00'
366.1722 	EXP 	trial_feedback: autoDraw = True
368.1641 	EXP 	trial_feedback: autoDraw = False
368.1721 	EXP 	trial_feedback: autoDraw = False
368.1721 	EXP 	exp_feedback: autoDraw = False
376.3029 	EXP 	unnamed Polygon: autoDraw = True
376.3029 	EXP 	unnamed Polygon: autoDraw = True
376.3143 	EXP 	unnamed Polygon: autoDraw = True
376.3221 	EXP 	unnamed Polygon: autoDraw = True
376.3261 	EXP 	unnamed Polygon: autoDraw = True
376.3391 	EXP 	unnamed Polygon: autoDraw = True
376.3472 	EXP 	unnamed Polygon: autoDraw = True
376.3505 	EXP 	unnamed Polygon: autoDraw = True
376.3640 	EXP 	unnamed Polygon: autoDraw = True
376.3722 	EXP 	unnamed Polygon: autoDraw = True
376.3754 	EXP 	unnamed Polygon: autoDraw = True
376.3890 	EXP 	unnamed Polygon: autoDraw = True
376.3971 	EXP 	unnamed Polygon: autoDraw = True
376.4006 	EXP 	unnamed Polygon: autoDraw = True
376.4141 	EXP 	unnamed Polygon: autoDraw = True
376.4221 	EXP 	unnamed Polygon: autoDraw = True
376.4265 	EXP 	unnamed Polygon: autoDraw = True
376.4389 	EXP 	unnamed Polygon: autoDraw = True
376.4472 	EXP 	unnamed Polygon: autoDraw = True
376.4515 	EXP 	unnamed Polygon: autoDraw = True
376.4639 	EXP 	unnamed Polygon: autoDraw = True
376.4722 	EXP 	unnamed Polygon: autoDraw = True
376.4760 	EXP 	unnamed Polygon: autoDraw = True
376.4891 	EXP 	unnamed Polygon: autoDraw = True
376.4975 	EXP 	unnamed Polygon: autoDraw = True
376.5016 	EXP 	unnamed Polygon: autoDraw = True
376.5056 	DATA 	Keypress: 1
376.5090 	EXP 	unnamed Polygon: autoDraw = True
376.5225 	EXP 	unnamed Polygon: autoDraw = True
376.5305 	EXP 	unnamed Polygon: autoDraw = True
376.5338 	EXP 	unnamed Polygon: autoDraw = True
376.5474 	EXP 	unnamed Polygon: autoDraw = True
376.5555 	EXP 	unnamed Polygon: autoDraw = True
376.5590 	EXP 	unnamed Polygon: autoDraw = True
376.5724 	EXP 	unnamed Polygon: autoDraw = True
376.5805 	EXP 	unnamed Polygon: autoDraw = True
376.5851 	EXP 	unnamed Polygon: autoDraw = True
376.5974 	EXP 	unnamed Polygon: autoDraw = True
376.6054 	EXP 	unnamed Polygon: autoDraw = True
376.6098 	EXP 	unnamed Polygon: autoDraw = True
376.6221 	EXP 	unnamed Polygon: autoDraw = True
376.6304 	EXP 	unnamed Polygon: autoDraw = True
376.6379 	EXP 	unnamed Polygon: autoDraw = False
378.3389 	EXP 	trial_feedback: text = 'Hit!\n$0.00'
378.3389 	EXP 	trial_feedback: autoDraw = True
380.3307 	EXP 	trial_feedback: autoDraw = False
380.3434 	EXP 	trial_feedback: autoDraw = False
380.3434 	EXP 	exp_feedback: autoDraw = False
388.4092 	DATA 	Keypress: 1
388.7782 	EXP 	unnamed Polygon: autoDraw = True
388.7782 	EXP 	unnamed Polygon: autoDraw = True
388.7833 	EXP 	unnamed Polygon: autoDraw = True
388.7970 	EXP 	unnamed Polygon: autoDraw = True
388.8049 	EXP 	unnamed Polygon: autoDraw = True
388.8186 	EXP 	unnamed Polygon: autoDraw = True
388.8305 	EXP 	unnamed Polygon: autoDraw = True
388.8435 	EXP 	unnamed Polygon: autoDraw = True
388.8558 	EXP 	unnamed Polygon: autoDraw = True
388.8681 	EXP 	unnamed Polygon: autoDraw = True
388.8805 	EXP 	unnamed Polygon: autoDraw = True
388.8936 	EXP 	unnamed Polygon: autoDraw = True
388.9057 	EXP 	unnamed Polygon: autoDraw = True
388.9186 	EXP 	unnamed Polygon: autoDraw = True
388.9308 	EXP 	unnamed Polygon: autoDraw = True
388.9433 	EXP 	unnamed Polygon: autoDraw = True
388.9563 	EXP 	unnamed Polygon: autoDraw = True
388.9690 	EXP 	unnamed Polygon: autoDraw = True
388.9815 	EXP 	unnamed Polygon: autoDraw = True
388.9855 	DATA 	Keypress: 1
388.9922 	EXP 	unnamed Polygon: autoDraw = True
389.0060 	EXP 	unnamed Polygon: autoDraw = True
389.0185 	EXP 	unnamed Polygon: autoDraw = True
389.0308 	EXP 	unnamed Polygon: autoDraw = True
389.0445 	EXP 	unnamed Polygon: autoDraw = True
389.0556 	EXP 	unnamed Polygon: autoDraw = True
389.0685 	EXP 	unnamed Polygon: autoDraw = True
389.0809 	EXP 	unnamed Polygon: autoDraw = True
389.0936 	EXP 	unnamed Polygon: autoDraw = True
389.1057 	EXP 	unnamed Polygon: autoDraw = False
390.5182 	EXP 	trial_feedback: height = 0.09
390.5182 	EXP 	trial_feedback: height = 0.09
390.5182 	EXP 	trial_feedback: height = 0.09
390.5182 	EXP 	trial_feedback: text = 'Miss!\n-$5.00'
390.5182 	EXP 	trial_feedback: autoDraw = True
392.4929 	EXP 	trial_feedback: autoDraw = False
392.5098 	EXP 	trial_feedback: autoDraw = False
392.5098 	EXP 	exp_feedback: autoDraw = False
400.5319 	EXP 	unnamed Polygon: autoDraw = True
400.5319 	EXP 	unnamed Polygon: autoDraw = True
400.5434 	EXP 	unnamed Polygon: autoDraw = True
400.5518 	EXP 	unnamed Polygon: autoDraw = True
400.5553 	EXP 	unnamed Polygon: autoDraw = True
400.5593 	EXP 	unnamed Polygon: autoDraw = True
400.5719 	EXP 	unnamed Polygon: autoDraw = True
400.5808 	EXP 	unnamed Polygon: autoDraw = True
400.5834 	EXP 	unnamed Polygon: autoDraw = True
400.5978 	EXP 	unnamed Polygon: autoDraw = True
400.6054 	EXP 	unnamed Polygon: autoDraw = True
400.6086 	EXP 	unnamed Polygon: autoDraw = True
400.6227 	EXP 	unnamed Polygon: autoDraw = True
400.6305 	EXP 	unnamed Polygon: autoDraw = True
400.6339 	EXP 	unnamed Polygon: autoDraw = True
400.6472 	EXP 	unnamed Polygon: autoDraw = True
400.6554 	EXP 	unnamed Polygon: autoDraw = True
400.6585 	EXP 	unnamed Polygon: autoDraw = True
400.6722 	EXP 	unnamed Polygon: autoDraw = True
400.6806 	EXP 	unnamed Polygon: autoDraw = True
400.6840 	EXP 	unnamed Polygon: autoDraw = True
400.6976 	EXP 	unnamed Polygon: autoDraw = True
400.7058 	EXP 	unnamed Polygon: autoDraw = True
400.7090 	EXP 	unnamed Polygon: autoDraw = True
400.7224 	EXP 	unnamed Polygon: autoDraw = True
400.7307 	EXP 	unnamed Polygon: autoDraw = True
400.7341 	EXP 	unnamed Polygon: autoDraw = True
400.7473 	EXP 	unnamed Polygon: autoDraw = True
400.7556 	EXP 	unnamed Polygon: autoDraw = True
400.7636 	EXP 	unnamed Polygon: autoDraw = False
400.7702 	DATA 	Keypress: 1
402.5107 	EXP 	trial_feedback: height = 0.09
402.5107 	EXP 	trial_feedback: height = 0.09
402.5107 	EXP 	trial_feedback: height = 0.09
402.5107 	EXP 	trial_feedback: text = 'Miss!\n$0.00'
402.5107 	EXP 	trial_feedback: autoDraw = True
404.5061 	EXP 	trial_feedback: autoDraw = False
404.5105 	EXP 	trial_feedback: autoDraw = False
404.5105 	EXP 	exp_feedback: autoDraw = False
412.8394 	EXP 	unnamed Polygon: autoDraw = True
412.8394 	EXP 	unnamed Polygon: autoDraw = True
412.8472 	EXP 	unnamed Polygon: autoDraw = True
412.8503 	EXP 	unnamed Polygon: autoDraw = True
412.8638 	EXP 	unnamed Polygon: autoDraw = True
412.8720 	EXP 	unnamed Polygon: autoDraw = True
412.8750 	EXP 	unnamed Polygon: autoDraw = True
412.8890 	EXP 	unnamed Polygon: autoDraw = True
412.8971 	EXP 	unnamed Polygon: autoDraw = True
412.9007 	EXP 	unnamed Polygon: autoDraw = True
412.9140 	EXP 	unnamed Polygon: autoDraw = True
412.9221 	EXP 	unnamed Polygon: autoDraw = True
412.9254 	EXP 	unnamed Polygon: autoDraw = True
412.9390 	EXP 	unnamed Polygon: autoDraw = True
412.9472 	EXP 	unnamed Polygon: autoDraw = True
412.9511 	EXP 	unnamed Polygon: autoDraw = True
412.9640 	EXP 	unnamed Polygon: autoDraw = True
412.9722 	EXP 	unnamed Polygon: autoDraw = True
412.9765 	EXP 	unnamed Polygon: autoDraw = True
412.9891 	EXP 	unnamed Polygon: autoDraw = True
412.9972 	EXP 	unnamed Polygon: autoDraw = True
413.0007 	EXP 	unnamed Polygon: autoDraw = True
413.0141 	EXP 	unnamed Polygon: autoDraw = True
413.0222 	EXP 	unnamed Polygon: autoDraw = True
413.0266 	EXP 	unnamed Polygon: autoDraw = True
413.0390 	EXP 	unnamed Polygon: autoDraw = True
413.0473 	EXP 	unnamed Polygon: autoDraw = True
413.0521 	EXP 	unnamed Polygon: autoDraw = True
413.0640 	EXP 	unnamed Polygon: autoDraw = True
413.0673 	DATA 	Keypress: 1
413.0723 	EXP 	unnamed Polygon: autoDraw = True
413.0754 	EXP 	unnamed Polygon: autoDraw = True
413.0887 	EXP 	unnamed Polygon: autoDraw = True
413.0970 	EXP 	unnamed Polygon: autoDraw = True
413.0999 	EXP 	unnamed Polygon: autoDraw = True
413.1142 	EXP 	unnamed Polygon: autoDraw = True
413.1225 	EXP 	unnamed Polygon: autoDraw = True
413.1257 	EXP 	unnamed Polygon: autoDraw = True
413.1387 	EXP 	unnamed Polygon: autoDraw = True
413.1472 	EXP 	unnamed Polygon: autoDraw = True
413.1545 	EXP 	unnamed Polygon: autoDraw = False
414.6476 	EXP 	trial_feedback: height = 0.09
414.6476 	EXP 	trial_feedback: height = 0.09
414.6476 	EXP 	trial_feedback: height = 0.09
414.6476 	EXP 	trial_feedback: text = 'Hit!\n$0.00'
414.6476 	EXP 	trial_feedback: autoDraw = True
416.6224 	EXP 	trial_feedback: autoDraw = False
416.6392 	EXP 	trial_feedback: autoDraw = False
416.6392 	EXP 	exp_feedback: autoDraw = False
424.6256 	DATA 	Keypress: 1
425.0610 	EXP 	unnamed Polygon: autoDraw = True
425.0610 	EXP 	unnamed Polygon: autoDraw = True
425.0724 	EXP 	unnamed Polygon: autoDraw = True
425.0811 	EXP 	unnamed Polygon: autoDraw = True
425.0835 	EXP 	unnamed Polygon: autoDraw = True
425.0977 	EXP 	unnamed Polygon: autoDraw = True
425.1054 	EXP 	unnamed Polygon: autoDraw = True
425.1082 	EXP 	unnamed Polygon: autoDraw = True
425.1223 	EXP 	unnamed Polygon: autoDraw = True
425.1308 	EXP 	unnamed Polygon: autoDraw = True
425.1334 	EXP 	unnamed Polygon: autoDraw = True
425.1473 	EXP 	unnamed Polygon: autoDraw = True
425.1555 	EXP 	unnamed Polygon: autoDraw = True
425.1580 	EXP 	unnamed Polygon: autoDraw = True
425.1729 	EXP 	unnamed Polygon: autoDraw = True
425.1805 	EXP 	unnamed Polygon: autoDraw = True
425.1840 	EXP 	unnamed Polygon: autoDraw = True
425.1974 	EXP 	unnamed Polygon: autoDraw = True
425.2056 	EXP 	unnamed Polygon: autoDraw = True
425.2099 	EXP 	unnamed Polygon: autoDraw = True
425.2223 	EXP 	unnamed Polygon: autoDraw = True
425.2305 	EXP 	unnamed Polygon: autoDraw = True
425.2345 	EXP 	unnamed Polygon: autoDraw = True
425.2474 	EXP 	unnamed Polygon: autoDraw = True
425.2510 	DATA 	Keypress: 1
425.2549 	EXP 	unnamed Polygon: autoDraw = True
425.2588 	EXP 	unnamed Polygon: autoDraw = True
425.2722 	EXP 	unnamed Polygon: autoDraw = True
425.2807 	EXP 	unnamed Polygon: autoDraw = False
426.6905 	EXP 	trial_feedback: height = 0.09
426.6905 	EXP 	trial_feedback: height = 0.09
426.6905 	EXP 	trial_feedback: height = 0.09
426.6905 	EXP 	trial_feedback: text = 'Miss!\n-$0.00'
426.6905 	EXP 	trial_feedback: autoDraw = True
428.6851 	EXP 	trial_feedback: autoDraw = False
428.6980 	EXP 	trial_feedback: autoDraw = False
428.6980 	EXP 	exp_feedback: autoDraw = False
434.8614 	EXP 	unnamed Polygon: autoDraw = True
434.8614 	EXP 	unnamed Polygon: autoDraw = True
434.8717 	EXP 	unnamed Polygon: autoDraw = True
434.8852 	EXP 	unnamed Polygon: autoDraw = True
434.8980 	EXP 	unnamed Polygon: autoDraw = True
434.9104 	EXP 	unnamed Polygon: autoDraw = True
434.9235 	EXP 	unnamed Polygon: autoDraw = True
434.9349 	EXP 	unnamed Polygon: autoDraw = True
434.9477 	EXP 	unnamed Polygon: autoDraw = True
434.9598 	EXP 	unnamed Polygon: autoDraw = True
434.9727 	EXP 	unnamed Polygon: autoDraw = True
434.9849 	EXP 	unnamed Polygon: autoDraw = True
434.9980 	EXP 	unnamed Polygon: autoDraw = True
435.0104 	EXP 	unnamed Polygon: autoDraw = True
435.0226 	EXP 	unnamed Polygon: autoDraw = True
435.0357 	EXP 	unnamed Polygon: autoDraw = True
435.0485 	EXP 	unnamed Polygon: autoDraw = True
435.0605 	EXP 	unnamed Polygon: autoDraw = True
435.0735 	EXP 	unnamed Polygon: autoDraw = True
435.0841 	EXP 	unnamed Polygon: autoDraw = False
435.0997 	DATA 	Keypress: 1
436.7101 	EXP 	trial_feedback: height = 0.09
436.7101 	EXP 	trial_feedback: height = 0.09
436.7101 	EXP 	trial_feedback: height = 0.09
436.7101 	EXP 	trial_feedback: text = 'Miss!\n-$1.50'
436.7101 	EXP 	trial_feedback: autoDraw = True
438.7101 	EXP 	trial_feedback: autoDraw = False
438.7236 	EXP 	trial_feedback: autoDraw = False
438.7236 	EXP 	exp_feedback: autoDraw = False
449.1868 	EXP 	unnamed Polygon: autoDraw = True
449.1868 	EXP 	unnamed Polygon: autoDraw = True
449.1919 	EXP 	unnamed Polygon: autoDraw = True
449.2054 	EXP 	unnamed Polygon: autoDraw = True
449.2137 	EXP 	unnamed Polygon: autoDraw = True
449.2170 	EXP 	unnamed Polygon: autoDraw = True
449.2305 	EXP 	unnamed Polygon: autoDraw = True
449.2386 	EXP 	unnamed Polygon: autoDraw = True
449.2417 	EXP 	unnamed Polygon: autoDraw = True
449.2554 	EXP 	unnamed Polygon: autoDraw = True
449.2647 	EXP 	unnamed Polygon: autoDraw = True
449.2667 	EXP 	unnamed Polygon: autoDraw = True
449.2803 	EXP 	unnamed Polygon: autoDraw = True
449.2896 	EXP 	unnamed Polygon: autoDraw = True
449.2915 	EXP 	unnamed Polygon: autoDraw = True
449.3063 	EXP 	unnamed Polygon: autoDraw = True
449.3143 	EXP 	unnamed Polygon: autoDraw = True
449.3168 	EXP 	unnamed Polygon: autoDraw = True
449.3314 	EXP 	unnamed Polygon: autoDraw = True
449.3387 	EXP 	unnamed Polygon: autoDraw = True
449.3417 	EXP 	unnamed Polygon: autoDraw = True
449.3564 	EXP 	unnamed Polygon: autoDraw = True
449.3642 	EXP 	unnamed Polygon: autoDraw = True
449.3673 	EXP 	unnamed Polygon: autoDraw = True
449.3811 	EXP 	unnamed Polygon: autoDraw = True
449.3891 	EXP 	unnamed Polygon: autoDraw = True
449.3919 	EXP 	unnamed Polygon: autoDraw = True
449.4054 	EXP 	unnamed Polygon: autoDraw = True
449.4073 	DATA 	Keypress: 1
449.4137 	EXP 	unnamed Polygon: autoDraw = True
449.4171 	EXP 	unnamed Polygon: autoDraw = False
450.7722 	EXP 	trial_feedback: height = 0.09
450.7722 	EXP 	trial_feedback: height = 0.09
450.7722 	EXP 	trial_feedback: height = 0.09
450.7722 	EXP 	trial_feedback: text = 'Hit!\n+$5.00'
450.7722 	EXP 	trial_feedback: autoDraw = True
452.7684 	EXP 	trial_feedback: autoDraw = False
452.7766 	EXP 	trial_feedback: autoDraw = False
452.7766 	EXP 	exp_feedback: autoDraw = False
459.1361 	EXP 	unnamed Polygon: autoDraw = True
459.1361 	EXP 	unnamed Polygon: autoDraw = True
459.1511 	EXP 	unnamed Polygon: autoDraw = True
459.1538 	EXP 	unnamed Polygon: autoDraw = True
459.1677 	EXP 	unnamed Polygon: autoDraw = True
459.1703 	EXP 	unnamed Polygon: autoDraw = True
459.1843 	EXP 	unnamed Polygon: autoDraw = True
459.1868 	EXP 	unnamed Polygon: autoDraw = True
459.2010 	EXP 	unnamed Polygon: autoDraw = True
459.2038 	EXP 	unnamed Polygon: autoDraw = True
459.2178 	EXP 	unnamed Polygon: autoDraw = True
459.2213 	EXP 	unnamed Polygon: autoDraw = True
459.2346 	EXP 	unnamed Polygon: autoDraw = True
459.2375 	EXP 	unnamed Polygon: autoDraw = True
459.2513 	EXP 	unnamed Polygon: autoDraw = True
459.2548 	EXP 	unnamed Polygon: autoDraw = True
459.2681 	EXP 	unnamed Polygon: autoDraw = True
459.2711 	EXP 	unnamed Polygon: autoDraw = True
459.2847 	EXP 	unnamed Polygon: autoDraw = True
459.2882 	EXP 	unnamed Polygon: autoDraw = True
459.3011 	EXP 	unnamed Polygon: autoDraw = True
459.3043 	EXP 	unnamed Polygon: autoDraw = True
459.3183 	EXP 	unnamed Polygon: autoDraw = True
459.3223 	EXP 	unnamed Polygon: autoDraw = True
459.3349 	EXP 	unnamed Polygon: autoDraw = True
459.3407 	EXP 	unnamed Polygon: autoDraw = False
459.3712 	DATA 	Keypress: 1
460.7878 	EXP 	trial_feedback: height = 0.09
460.7878 	EXP 	trial_feedback: height = 0.09
460.7878 	EXP 	trial_feedback: height = 0.09
460.7878 	EXP 	trial_feedback: text = 'Miss!\n-$0.00'
460.7878 	EXP 	trial_feedback: autoDraw = True
462.7847 	EXP 	trial_feedback: autoDraw = False
462.7884 	EXP 	trial_feedback: autoDraw = False
462.7884 	EXP 	exp_feedback: autoDraw = False
468.8558 	DATA 	Keypress: 1
468.8703 	EXP 	unnamed Polygon: autoDraw = True
468.8703 	EXP 	unnamed Polygon: autoDraw = True
468.8762 	EXP 	unnamed Polygon: autoDraw = True
468.8794 	EXP 	unnamed Polygon: autoDraw = True
468.8929 	EXP 	unnamed Polygon: autoDraw = True
468.9016 	EXP 	unnamed Polygon: autoDraw = True
468.9137 	EXP 	unnamed Polygon: autoDraw = True
468.9257 	EXP 	unnamed Polygon: autoDraw = True
468.9397 	EXP 	unnamed Polygon: autoDraw = True
468.9515 	EXP 	unnamed Polygon: autoDraw = True
468.9643 	EXP 	unnamed Polygon: autoDraw = True
468.9766 	EXP 	unnamed Polygon: autoDraw = True
468.9895 	EXP 	unnamed Polygon: autoDraw = True
469.0025 	EXP 	unnamed Polygon: autoDraw = True
469.0141 	EXP 	unnamed Polygon: autoDraw = True
469.0269 	EXP 	unnamed Polygon: autoDraw = True
469.0394 	EXP 	unnamed Polygon: autoDraw = True
469.0519 	EXP 	unnamed Polygon: autoDraw = True
469.0641 	EXP 	unnamed Polygon: autoDraw = True
469.0771 	EXP 	unnamed Polygon: autoDraw = True
469.0897 	EXP 	unnamed Polygon: autoDraw = True
469.1019 	EXP 	unnamed Polygon: autoDraw = True
469.1143 	EXP 	unnamed Polygon: autoDraw = True
469.1270 	EXP 	unnamed Polygon: autoDraw = True
469.1394 	EXP 	unnamed Polygon: autoDraw = True
469.1518 	EXP 	unnamed Polygon: autoDraw = True
469.1643 	EXP 	unnamed Polygon: autoDraw = True
469.1766 	EXP 	unnamed Polygon: autoDraw = True
469.1891 	EXP 	unnamed Polygon: autoDraw = True
469.2020 	EXP 	unnamed Polygon: autoDraw = False
470.8135 	EXP 	trial_feedback: height = 0.09
470.8135 	EXP 	trial_feedback: height = 0.09
470.8135 	EXP 	trial_feedback: height = 0.09
470.8135 	EXP 	trial_feedback: text = 'Miss!\n-$5.00'
470.8135 	EXP 	trial_feedback: autoDraw = True
472.8147 	EXP 	trial_feedback: autoDraw = False
472.8269 	EXP 	trial_feedback: autoDraw = False
472.8269 	EXP 	exp_feedback: autoDraw = False
483.1796 	EXP 	unnamed Polygon: autoDraw = True
483.1796 	EXP 	unnamed Polygon: autoDraw = True
483.1883 	EXP 	unnamed Polygon: autoDraw = True
483.2012 	EXP 	unnamed Polygon: autoDraw = True
483.2143 	EXP 	unnamed Polygon: autoDraw = True
483.2268 	EXP 	unnamed Polygon: autoDraw = True
483.2395 	EXP 	unnamed Polygon: autoDraw = True
483.2516 	EXP 	unnamed Polygon: autoDraw = True
483.2648 	EXP 	unnamed Polygon: autoDraw = True
483.2772 	EXP 	unnamed Polygon: autoDraw = True
483.2899 	EXP 	unnamed Polygon: autoDraw = True
483.3030 	EXP 	unnamed Polygon: autoDraw = True
483.3151 	EXP 	unnamed Polygon: autoDraw = True
483.3271 	EXP 	unnamed Polygon: autoDraw = True
483.3401 	EXP 	unnamed Polygon: autoDraw = True
483.3525 	EXP 	unnamed Polygon: autoDraw = True
483.3648 	EXP 	unnamed Polygon: autoDraw = True
483.3777 	EXP 	unnamed Polygon: autoDraw = True
483.3900 	EXP 	unnamed Polygon: autoDraw = True
483.4017 	EXP 	unnamed Polygon: autoDraw = True
483.4057 	DATA 	Keypress: 1
483.4140 	EXP 	unnamed Polygon: autoDraw = True
483.4266 	EXP 	unnamed Polygon: autoDraw = True
483.4392 	EXP 	unnamed Polygon: autoDraw = True
483.4521 	EXP 	unnamed Polygon: autoDraw = True
483.4645 	EXP 	unnamed Polygon: autoDraw = True
483.4769 	EXP 	unnamed Polygon: autoDraw = True
483.4894 	EXP 	unnamed Polygon: autoDraw = True
483.5020 	EXP 	unnamed Polygon: autoDraw = True
483.5144 	EXP 	unnamed Polygon: autoDraw = True
483.5275 	EXP 	unnamed Polygon: autoDraw = True
483.5388 	EXP 	unnamed Polygon: autoDraw = False
485.0011 	EXP 	trial_feedback: height = 0.09
485.0011 	EXP 	trial_feedback: height = 0.09
485.0011 	EXP 	trial_feedback: height = 0.09
485.0011 	EXP 	trial_feedback: text = 'Hit!\n$0.00'
485.0011 	EXP 	trial_feedback: autoDraw = True
486.9893 	EXP 	trial_feedback: autoDraw = False
487.0143 	EXP 	trial_feedback: autoDraw = False
487.0143 	EXP 	exp_feedback: autoDraw = False
493.2826 	EXP 	unnamed Polygon: autoDraw = True
493.2826 	EXP 	unnamed Polygon: autoDraw = True
493.2883 	EXP 	unnamed Polygon: autoDraw = True
493.3012 	EXP 	unnamed Polygon: autoDraw = True
493.3092 	EXP 	unnamed Polygon: autoDraw = True
493.3218 	EXP 	unnamed Polygon: autoDraw = True
493.3341 	EXP 	unnamed Polygon: autoDraw = True
493.3477 	EXP 	unnamed Polygon: autoDraw = True
493.3599 	EXP 	unnamed Polygon: autoDraw = True
493.3726 	EXP 	unnamed Polygon: autoDraw = True
493.3853 	EXP 	unnamed Polygon: autoDraw = True
493.3980 	EXP 	unnamed Polygon: autoDraw = True
493.4104 	EXP 	unnamed Polygon: autoDraw = True
493.4236 	EXP 	unnamed Polygon: autoDraw = True
493.4349 	EXP 	unnamed Polygon: autoDraw = True
493.4476 	EXP 	unnamed Polygon: autoDraw = True
493.4600 	EXP 	unnamed Polygon: autoDraw = True
493.4730 	EXP 	unnamed Polygon: autoDraw = True
493.4852 	EXP 	unnamed Polygon: autoDraw = True
493.4979 	EXP 	unnamed Polygon: autoDraw = True
493.5102 	EXP 	unnamed Polygon: autoDraw = True
493.5154 	DATA 	Keypress: 1
493.5220 	EXP 	unnamed Polygon: autoDraw = True
493.5346 	EXP 	unnamed Polygon: autoDraw = True
493.5487 	EXP 	unnamed Polygon: autoDraw = True
493.5601 	EXP 	unnamed Polygon: autoDraw = True
493.5727 	EXP 	unnamed Polygon: autoDraw = True
493.5849 	EXP 	unnamed Polygon: autoDraw = True
493.5986 	EXP 	unnamed Polygon: autoDraw = True
493.6106 	EXP 	unnamed Polygon: autoDraw = True
493.6223 	EXP 	unnamed Polygon: autoDraw = True
493.6348 	EXP 	unnamed Polygon: autoDraw = True
493.6475 	EXP 	unnamed Polygon: autoDraw = True
493.6597 	EXP 	unnamed Polygon: autoDraw = False
495.1857 	EXP 	trial_feedback: text = 'Hit!\n$0.00'
495.1857 	EXP 	trial_feedback: autoDraw = True
497.1853 	EXP 	trial_feedback: autoDraw = False
497.1981 	EXP 	trial_feedback: autoDraw = False
497.1981 	EXP 	exp_feedback: autoDraw = False
503.4713 	DATA 	Keypress: 1
507.3291 	EXP 	unnamed Polygon: autoDraw = True
507.3291 	EXP 	unnamed Polygon: autoDraw = True
507.3428 	EXP 	unnamed Polygon: autoDraw = True
507.3514 	EXP 	unnamed Polygon: autoDraw = True
507.3548 	EXP 	unnamed Polygon: autoDraw = True
507.3681 	EXP 	unnamed Polygon: autoDraw = True
507.3763 	EXP 	unnamed Polygon: autoDraw = True
507.3798 	EXP 	unnamed Polygon: autoDraw = True
507.3931 	EXP 	unnamed Polygon: autoDraw = True
507.4013 	EXP 	unnamed Polygon: autoDraw = True
507.4050 	EXP 	unnamed Polygon: autoDraw = True
507.4182 	EXP 	unnamed Polygon: autoDraw = True
507.4264 	EXP 	unnamed Polygon: autoDraw = True
507.4298 	EXP 	unnamed Polygon: autoDraw = True
507.4432 	EXP 	unnamed Polygon: autoDraw = True
507.4514 	EXP 	unnamed Polygon: autoDraw = True
507.4562 	EXP 	unnamed Polygon: autoDraw = True
507.4684 	EXP 	unnamed Polygon: autoDraw = True
507.4763 	EXP 	unnamed Polygon: autoDraw = True
507.4813 	EXP 	unnamed Polygon: autoDraw = True
507.4933 	EXP 	unnamed Polygon: autoDraw = True
507.5014 	EXP 	unnamed Polygon: autoDraw = True
507.5059 	EXP 	unnamed Polygon: autoDraw = True
507.5183 	EXP 	unnamed Polygon: autoDraw = True
507.5265 	EXP 	unnamed Polygon: autoDraw = True
507.5305 	EXP 	unnamed Polygon: autoDraw = True
507.5432 	EXP 	unnamed Polygon: autoDraw = True
507.5514 	EXP 	unnamed Polygon: autoDraw = True
507.5556 	EXP 	unnamed Polygon: autoDraw = True
507.5683 	EXP 	unnamed Polygon: autoDraw = True
507.5765 	EXP 	unnamed Polygon: autoDraw = True
507.5808 	EXP 	unnamed Polygon: autoDraw = True
507.5933 	EXP 	unnamed Polygon: autoDraw = True
507.6015 	EXP 	unnamed Polygon: autoDraw = True
507.6062 	EXP 	unnamed Polygon: autoDraw = True
507.6092 	DATA 	Keypress: 1
507.6150 	EXP 	unnamed Polygon: autoDraw = True
507.6267 	EXP 	unnamed Polygon: autoDraw = True
507.6347 	EXP 	unnamed Polygon: autoDraw = True
507.6388 	EXP 	unnamed Polygon: autoDraw = True
507.6516 	EXP 	unnamed Polygon: autoDraw = True
507.6598 	EXP 	unnamed Polygon: autoDraw = True
507.6636 	EXP 	unnamed Polygon: autoDraw = True
507.6766 	EXP 	unnamed Polygon: autoDraw = True
507.6847 	EXP 	unnamed Polygon: autoDraw = True
507.6890 	EXP 	unnamed Polygon: autoDraw = True
507.7017 	EXP 	unnamed Polygon: autoDraw = True
507.7098 	EXP 	unnamed Polygon: autoDraw = True
507.7135 	EXP 	unnamed Polygon: autoDraw = True
507.7267 	EXP 	unnamed Polygon: autoDraw = True
507.7342 	EXP 	unnamed Polygon: autoDraw = False
509.3598 	EXP 	trial_feedback: text = 'Hit!\n$0.00'
509.3598 	EXP 	trial_feedback: autoDraw = True
511.3477 	EXP 	trial_feedback: autoDraw = False
511.3681 	EXP 	trial_feedback: autoDraw = False
511.3681 	EXP 	exp_feedback: autoDraw = False
517.5830 	EXP 	unnamed Polygon: autoDraw = True
517.5830 	EXP 	unnamed Polygon: autoDraw = True
517.5875 	EXP 	unnamed Polygon: autoDraw = True
517.6013 	EXP 	unnamed Polygon: autoDraw = True
517.6091 	EXP 	unnamed Polygon: autoDraw = True
517.6228 	EXP 	unnamed Polygon: autoDraw = True
517.6349 	EXP 	unnamed Polygon: autoDraw = True
517.6479 	EXP 	unnamed Polygon: autoDraw = True
517.6598 	EXP 	unnamed Polygon: autoDraw = True
517.6726 	EXP 	unnamed Polygon: autoDraw = True
517.6848 	EXP 	unnamed Polygon: autoDraw = True
517.6977 	EXP 	unnamed Polygon: autoDraw = True
517.7101 	EXP 	unnamed Polygon: autoDraw = True
517.7232 	EXP 	unnamed Polygon: autoDraw = True
517.7348 	EXP 	unnamed Polygon: autoDraw = True
517.7477 	EXP 	unnamed Polygon: autoDraw = True
517.7600 	EXP 	unnamed Polygon: autoDraw = True
517.7728 	EXP 	unnamed Polygon: autoDraw = True
517.7855 	EXP 	unnamed Polygon: autoDraw = True
517.7991 	EXP 	unnamed Polygon: autoDraw = True
517.8101 	EXP 	unnamed Polygon: autoDraw = True
517.8228 	EXP 	unnamed Polygon: autoDraw = False
517.8388 	DATA 	Keypress: 1
519.3844 	EXP 	trial_feedback: height = 0.09
519.3844 	EXP 	trial_feedback: height = 0.09
519.3844 	EXP 	trial_feedback: height = 0.09
519.3844 	EXP 	trial_feedback: text = 'Miss!\n-$1.50'
519.3844 	EXP 	trial_feedback: autoDraw = True
521.3853 	EXP 	trial_feedback: autoDraw = False
521.3976 	EXP 	trial_feedback: autoDraw = False
521.3976 	EXP 	exp_feedback: autoDraw = False
529.7701 	EXP 	unnamed Polygon: autoDraw = True
529.7701 	EXP 	unnamed Polygon: autoDraw = True
529.7753 	EXP 	unnamed Polygon: autoDraw = True
529.7888 	EXP 	unnamed Polygon: autoDraw = True
529.7966 	EXP 	unnamed Polygon: autoDraw = True
529.8104 	EXP 	unnamed Polygon: autoDraw = True
529.8223 	EXP 	unnamed Polygon: autoDraw = True
529.8350 	EXP 	unnamed Polygon: autoDraw = True
529.8478 	EXP 	unnamed Polygon: autoDraw = True
529.8602 	EXP 	unnamed Polygon: autoDraw = True
529.8725 	EXP 	unnamed Polygon: autoDraw = True
529.8853 	EXP 	unnamed Polygon: autoDraw = True
529.8979 	EXP 	unnamed Polygon: autoDraw = True
529.9104 	EXP 	unnamed Polygon: autoDraw = True
529.9228 	EXP 	unnamed Polygon: autoDraw = True
529.9353 	EXP 	unnamed Polygon: autoDraw = True
529.9481 	EXP 	unnamed Polygon: autoDraw = True
529.9599 	EXP 	unnamed Polygon: autoDraw = True
529.9640 	DATA 	Keypress: 1
529.9728 	EXP 	unnamed Polygon: autoDraw = True
529.9974 	EXP 	unnamed Polygon: autoDraw = False
531.4597 	EXP 	trial_feedback: height = 0.09
531.4597 	EXP 	trial_feedback: height = 0.09
531.4597 	EXP 	trial_feedback: height = 0.09
531.4597 	EXP 	trial_feedback: text = 'Hit!\n$0.00'
531.4597 	EXP 	trial_feedback: autoDraw = True
533.4476 	EXP 	trial_feedback: autoDraw = False
533.4731 	EXP 	trial_feedback: autoDraw = False
533.4731 	EXP 	exp_feedback: autoDraw = False
543.5988 	EXP 	unnamed Polygon: autoDraw = True
543.5988 	EXP 	unnamed Polygon: autoDraw = True
543.6100 	EXP 	unnamed Polygon: autoDraw = True
543.6225 	EXP 	unnamed Polygon: autoDraw = True
543.6349 	EXP 	unnamed Polygon: autoDraw = True
543.6386 	DATA 	Keypress: 1
543.6469 	EXP 	unnamed Polygon: autoDraw = True
543.6604 	EXP 	unnamed Polygon: autoDraw = True
543.6726 	EXP 	unnamed Polygon: autoDraw = True
543.6853 	EXP 	unnamed Polygon: autoDraw = True
543.6978 	EXP 	unnamed Polygon: autoDraw = True
543.7107 	EXP 	unnamed Polygon: autoDraw = True
543.7232 	EXP 	unnamed Polygon: autoDraw = True
543.7358 	EXP 	unnamed Polygon: autoDraw = True
543.7480 	EXP 	unnamed Polygon: autoDraw = True
543.7604 	EXP 	unnamed Polygon: autoDraw = True
543.7725 	EXP 	unnamed Polygon: autoDraw = True
543.7855 	EXP 	unnamed Polygon: autoDraw = True
543.7981 	EXP 	unnamed Polygon: autoDraw = True
543.8107 	EXP 	unnamed Polygon: autoDraw = True
543.8230 	EXP 	unnamed Polygon: autoDraw = True
543.8356 	EXP 	unnamed Polygon: autoDraw = True
543.8477 	EXP 	unnamed Polygon: autoDraw = True
543.8599 	EXP 	unnamed Polygon: autoDraw = False
545.7345 	EXP 	trial_feedback: height = 0.09
545.7345 	EXP 	trial_feedback: height = 0.09
545.7345 	EXP 	trial_feedback: height = 0.09
545.7345 	EXP 	trial_feedback: text = 'Hit!\n+$5.00'
545.7345 	EXP 	trial_feedback: autoDraw = True
547.7227 	EXP 	trial_feedback: autoDraw = False
547.7344 	EXP 	trial_feedback: autoDraw = False
547.7344 	EXP 	exp_feedback: autoDraw = False
554.0614 	EXP 	unnamed Polygon: autoDraw = True
554.0614 	EXP 	unnamed Polygon: autoDraw = True
554.0721 	EXP 	unnamed Polygon: autoDraw = True
554.0845 	EXP 	unnamed Polygon: autoDraw = True
554.0976 	EXP 	unnamed Polygon: autoDraw = True
554.1102 	EXP 	unnamed Polygon: autoDraw = True
554.1227 	EXP 	unnamed Polygon: autoDraw = True
554.1352 	EXP 	unnamed Polygon: autoDraw = True
554.1480 	EXP 	unnamed Polygon: autoDraw = True
554.1602 	EXP 	unnamed Polygon: autoDraw = True
554.1731 	EXP 	unnamed Polygon: autoDraw = True
554.1849 	EXP 	unnamed Polygon: autoDraw = True
554.1979 	EXP 	unnamed Polygon: autoDraw = True
554.2104 	EXP 	unnamed Polygon: autoDraw = True
554.2227 	EXP 	unnamed Polygon: autoDraw = True
554.2354 	EXP 	unnamed Polygon: autoDraw = True
554.2487 	EXP 	unnamed Polygon: autoDraw = True
554.2609 	EXP 	unnamed Polygon: autoDraw = True
554.2730 	EXP 	unnamed Polygon: autoDraw = True
554.2859 	EXP 	unnamed Polygon: autoDraw = True
554.2901 	DATA 	Keypress: 1
554.2972 	EXP 	unnamed Polygon: autoDraw = True
554.3097 	EXP 	unnamed Polygon: autoDraw = True
554.3226 	EXP 	unnamed Polygon: autoDraw = False
555.8099 	EXP 	trial_feedback: height = 0.09
555.8099 	EXP 	trial_feedback: height = 0.09
555.8099 	EXP 	trial_feedback: height = 0.09
555.8099 	EXP 	trial_feedback: text = 'Hit!\n+$1.50'
555.8099 	EXP 	trial_feedback: autoDraw = True
557.7986 	EXP 	trial_feedback: autoDraw = False
557.8109 	EXP 	trial_feedback: autoDraw = False
557.8109 	EXP 	exp_feedback: autoDraw = False
568.2037 	EXP 	unnamed Polygon: autoDraw = True
568.2037 	EXP 	unnamed Polygon: autoDraw = True
568.2085 	EXP 	unnamed Polygon: autoDraw = True
568.2222 	EXP 	unnamed Polygon: autoDraw = True
568.2304 	EXP 	unnamed Polygon: autoDraw = True
568.2331 	EXP 	unnamed Polygon: autoDraw = True
568.2480 	EXP 	unnamed Polygon: autoDraw = True
568.2560 	EXP 	unnamed Polygon: autoDraw = True
568.2579 	EXP 	unnamed Polygon: autoDraw = True
568.2723 	EXP 	unnamed Polygon: autoDraw = True
568.2805 	EXP 	unnamed Polygon: autoDraw = True
568.2839 	EXP 	unnamed Polygon: autoDraw = True
568.2982 	EXP 	unnamed Polygon: autoDraw = True
568.3057 	EXP 	unnamed Polygon: autoDraw = True
568.3089 	EXP 	unnamed Polygon: autoDraw = True
568.3225 	EXP 	unnamed Polygon: autoDraw = True
568.3306 	EXP 	unnamed Polygon: autoDraw = True
568.3341 	EXP 	unnamed Polygon: autoDraw = True
568.3475 	EXP 	unnamed Polygon: autoDraw = True
568.3557 	EXP 	unnamed Polygon: autoDraw = True
568.3602 	EXP 	unnamed Polygon: autoDraw = True
568.3725 	EXP 	unnamed Polygon: autoDraw = True
568.3766 	DATA 	Keypress: 1
568.3975 	EXP 	unnamed Polygon: autoDraw = True
568.4145 	EXP 	unnamed Polygon: autoDraw = True
568.4223 	EXP 	unnamed Polygon: autoDraw = True
568.4265 	EXP 	unnamed Polygon: autoDraw = True
568.4391 	EXP 	unnamed Polygon: autoDraw = True
568.4473 	EXP 	unnamed Polygon: autoDraw = True
568.4518 	EXP 	unnamed Polygon: autoDraw = True
568.4642 	EXP 	unnamed Polygon: autoDraw = True
568.4724 	EXP 	unnamed Polygon: autoDraw = True
568.4806 	EXP 	unnamed Polygon: autoDraw = False
569.9475 	EXP 	trial_feedback: text = 'Hit!\n+$1.50'
569.9475 	EXP 	trial_feedback: autoDraw = True
571.9432 	EXP 	trial_feedback: autoDraw = False
571.9476 	EXP 	trial_feedback: autoDraw = False
571.9476 	EXP 	exp_feedback: autoDraw = False
579.9818 	EXP 	unnamed Polygon: autoDraw = True
579.9818 	EXP 	unnamed Polygon: autoDraw = True
579.9934 	EXP 	unnamed Polygon: autoDraw = True
580.0019 	EXP 	unnamed Polygon: autoDraw = True
580.0050 	EXP 	unnamed Polygon: autoDraw = True
580.0184 	EXP 	unnamed Polygon: autoDraw = True
580.0264 	EXP 	unnamed Polygon: autoDraw = True
580.0297 	EXP 	unnamed Polygon: autoDraw = True
580.0432 	EXP 	unnamed Polygon: autoDraw = True
580.0514 	EXP 	unnamed Polygon: autoDraw = True
580.0547 	EXP 	unnamed Polygon: autoDraw = True
580.0686 	EXP 	unnamed Polygon: autoDraw = True
580.0765 	EXP 	unnamed Polygon: autoDraw = True
580.0795 	EXP 	unnamed Polygon: autoDraw = True
580.0934 	EXP 	unnamed Polygon: autoDraw = True
580.1020 	EXP 	unnamed Polygon: autoDraw = True
580.1046 	EXP 	unnamed Polygon: autoDraw = True
580.1184 	EXP 	unnamed Polygon: autoDraw = True
580.1264 	EXP 	unnamed Polygon: autoDraw = True
580.1299 	EXP 	unnamed Polygon: autoDraw = True
580.1434 	EXP 	unnamed Polygon: autoDraw = True
580.1514 	EXP 	unnamed Polygon: autoDraw = True
580.1559 	EXP 	unnamed Polygon: autoDraw = True
580.1683 	EXP 	unnamed Polygon: autoDraw = True
580.1764 	EXP 	unnamed Polygon: autoDraw = True
580.1808 	EXP 	unnamed Polygon: autoDraw = True
580.1933 	EXP 	unnamed Polygon: autoDraw = True
580.2017 	EXP 	unnamed Polygon: autoDraw = True
580.2064 	EXP 	unnamed Polygon: autoDraw = True
580.2097 	DATA 	Keypress: 1
580.2138 	EXP 	unnamed Polygon: autoDraw = True
580.2267 	EXP 	unnamed Polygon: autoDraw = True
580.2351 	EXP 	unnamed Polygon: autoDraw = False
582.0267 	EXP 	trial_feedback: height = 0.09
582.0267 	EXP 	trial_feedback: height = 0.09
582.0267 	EXP 	trial_feedback: height = 0.09
582.0267 	EXP 	trial_feedback: text = 'Hit!\n$0.00'
582.0267 	EXP 	trial_feedback: autoDraw = True
584.0015 	EXP 	trial_feedback: autoDraw = False
584.0183 	EXP 	trial_feedback: autoDraw = False
584.0183 	EXP 	exp_feedback: autoDraw = False
590.2657 	EXP 	unnamed Polygon: autoDraw = True
590.2657 	EXP 	unnamed Polygon: autoDraw = True
590.2765 	EXP 	unnamed Polygon: autoDraw = True
590.2850 	EXP 	unnamed Polygon: autoDraw = True
590.2879 	EXP 	unnamed Polygon: autoDraw = True
590.2944 	EXP 	unnamed Polygon: autoDraw = True
590.3051 	EXP 	unnamed Polygon: autoDraw = True
590.3175 	EXP 	unnamed Polygon: autoDraw = True
590.3300 	EXP 	unnamed Polygon: autoDraw = True
590.3432 	EXP 	unnamed Polygon: autoDraw = True
590.3557 	EXP 	unnamed Polygon: autoDraw = True
590.3683 	EXP 	unnamed Polygon: autoDraw = True
590.3812 	EXP 	unnamed Polygon: autoDraw = True
590.3938 	EXP 	unnamed Polygon: autoDraw = True
590.4067 	EXP 	unnamed Polygon: autoDraw = True
590.4183 	EXP 	unnamed Polygon: autoDraw = True
590.4313 	EXP 	unnamed Polygon: autoDraw = True
590.4433 	EXP 	unnamed Polygon: autoDraw = True
590.4566 	EXP 	unnamed Polygon: autoDraw = True
590.4682 	EXP 	unnamed Polygon: autoDraw = True
590.4812 	EXP 	unnamed Polygon: autoDraw = True
590.4855 	DATA 	Keypress: 1
590.4930 	EXP 	unnamed Polygon: autoDraw = True
590.5062 	EXP 	unnamed Polygon: autoDraw = True
590.5187 	EXP 	unnamed Polygon: autoDraw = True
590.5313 	EXP 	unnamed Polygon: autoDraw = True
590.5434 	EXP 	unnamed Polygon: autoDraw = False
592.1187 	EXP 	trial_feedback: text = 'Hit!\n$0.00'
592.1187 	EXP 	trial_feedback: autoDraw = True
594.1182 	EXP 	trial_feedback: autoDraw = False
594.1314 	EXP 	trial_feedback: autoDraw = False
594.1314 	EXP 	exp_feedback: autoDraw = False
604.2821 	EXP 	unnamed Polygon: autoDraw = True
604.2821 	EXP 	unnamed Polygon: autoDraw = True
604.2879 	EXP 	unnamed Polygon: autoDraw = True
604.3014 	EXP 	unnamed Polygon: autoDraw = True
604.3097 	EXP 	unnamed Polygon: autoDraw = True
604.3123 	EXP 	unnamed Polygon: autoDraw = True
604.3264 	EXP 	unnamed Polygon: autoDraw = True
604.3349 	EXP 	unnamed Polygon: autoDraw = True
604.3384 	EXP 	unnamed Polygon: autoDraw = True
604.3522 	EXP 	unnamed Polygon: autoDraw = True
604.3599 	EXP 	unnamed Polygon: autoDraw = True
604.3641 	EXP 	unnamed Polygon: autoDraw = True
604.3767 	EXP 	unnamed Polygon: autoDraw = True
604.3849 	EXP 	unnamed Polygon: autoDraw = True
604.3885 	EXP 	unnamed Polygon: autoDraw = True
604.4017 	EXP 	unnamed Polygon: autoDraw = True
604.4098 	EXP 	unnamed Polygon: autoDraw = True
604.4142 	EXP 	unnamed Polygon: autoDraw = True
604.4268 	EXP 	unnamed Polygon: autoDraw = True
604.4348 	EXP 	unnamed Polygon: autoDraw = True
604.4394 	EXP 	unnamed Polygon: autoDraw = True
604.4517 	EXP 	unnamed Polygon: autoDraw = True
604.4598 	EXP 	unnamed Polygon: autoDraw = True
604.4636 	EXP 	unnamed Polygon: autoDraw = True
604.4768 	EXP 	unnamed Polygon: autoDraw = True
604.4848 	EXP 	unnamed Polygon: autoDraw = True
604.4885 	EXP 	unnamed Polygon: autoDraw = True
604.5017 	EXP 	unnamed Polygon: autoDraw = True
604.5098 	EXP 	unnamed Polygon: autoDraw = True
604.5135 	EXP 	unnamed Polygon: autoDraw = True
604.5266 	EXP 	unnamed Polygon: autoDraw = True
604.5348 	EXP 	unnamed Polygon: autoDraw = True
604.5391 	EXP 	unnamed Polygon: autoDraw = True
604.5517 	EXP 	unnamed Polygon: autoDraw = True
604.5599 	EXP 	unnamed Polygon: autoDraw = True
604.5646 	EXP 	unnamed Polygon: autoDraw = True
604.5767 	EXP 	unnamed Polygon: autoDraw = True
604.5846 	EXP 	unnamed Polygon: autoDraw = False
604.6636 	DATA 	Keypress: 1
606.1475 	EXP 	trial_feedback: height = 0.09
606.1475 	EXP 	trial_feedback: height = 0.09
606.1475 	EXP 	trial_feedback: height = 0.09
606.1475 	EXP 	trial_feedback: text = 'Miss!\n-$1.50'
606.1475 	EXP 	trial_feedback: autoDraw = True
608.1432 	EXP 	trial_feedback: autoDraw = False
608.1476 	EXP 	trial_feedback: autoDraw = False
608.1476 	EXP 	exp_feedback: autoDraw = False
616.2694 	EXP 	unnamed Polygon: autoDraw = True
616.2694 	EXP 	unnamed Polygon: autoDraw = True
616.2765 	EXP 	unnamed Polygon: autoDraw = True
616.2794 	EXP 	unnamed Polygon: autoDraw = True
616.2932 	EXP 	unnamed Polygon: autoDraw = True
616.3013 	EXP 	unnamed Polygon: autoDraw = True
616.3045 	EXP 	unnamed Polygon: autoDraw = True
616.3180 	EXP 	unnamed Polygon: autoDraw = True
616.3265 	EXP 	unnamed Polygon: autoDraw = True
616.3289 	EXP 	unnamed Polygon: autoDraw = True
616.3437 	EXP 	unnamed Polygon: autoDraw = True
616.3517 	EXP 	unnamed Polygon: autoDraw = True
616.3549 	EXP 	unnamed Polygon: autoDraw = True
616.3688 	EXP 	unnamed Polygon: autoDraw = True
616.3765 	EXP 	unnamed Polygon: autoDraw = True
616.3797 	EXP 	unnamed Polygon: autoDraw = True
616.3935 	EXP 	unnamed Polygon: autoDraw = True
616.4016 	EXP 	unnamed Polygon: autoDraw = True
616.4048 	EXP 	unnamed Polygon: autoDraw = True
616.4188 	EXP 	unnamed Polygon: autoDraw = True
616.4265 	EXP 	unnamed Polygon: autoDraw = True
616.4296 	EXP 	unnamed Polygon: autoDraw = True
616.4436 	EXP 	unnamed Polygon: autoDraw = True
616.4515 	EXP 	unnamed Polygon: autoDraw = True
616.4549 	EXP 	unnamed Polygon: autoDraw = True
616.4643 	EXP 	unnamed Polygon: autoDraw = False
616.4786 	DATA 	Keypress: 1
618.1769 	EXP 	trial_feedback: height = 0.09
618.1769 	EXP 	trial_feedback: height = 0.09
618.1769 	EXP 	trial_feedback: height = 0.09
618.1769 	EXP 	trial_feedback: text = 'Miss!\n-$0.00'
618.1769 	EXP 	trial_feedback: autoDraw = True
620.1516 	EXP 	trial_feedback: autoDraw = False
620.1684 	EXP 	trial_feedback: autoDraw = False
620.1684 	EXP 	exp_feedback: autoDraw = False
626.4940 	EXP 	unnamed Polygon: autoDraw = True
626.4940 	EXP 	unnamed Polygon: autoDraw = True
626.5014 	EXP 	unnamed Polygon: autoDraw = True
626.5044 	EXP 	unnamed Polygon: autoDraw = True
626.5181 	EXP 	unnamed Polygon: autoDraw = True
626.5266 	EXP 	unnamed Polygon: autoDraw = True
626.5295 	EXP 	unnamed Polygon: autoDraw = True
626.5435 	EXP 	unnamed Polygon: autoDraw = True
626.5515 	EXP 	unnamed Polygon: autoDraw = True
626.5549 	EXP 	unnamed Polygon: autoDraw = True
626.5684 	EXP 	unnamed Polygon: autoDraw = True
626.5765 	EXP 	unnamed Polygon: autoDraw = True
626.5799 	EXP 	unnamed Polygon: autoDraw = True
626.5935 	EXP 	unnamed Polygon: autoDraw = True
626.6015 	EXP 	unnamed Polygon: autoDraw = True
626.6052 	EXP 	unnamed Polygon: autoDraw = True
626.6184 	EXP 	unnamed Polygon: autoDraw = True
626.6265 	EXP 	unnamed Polygon: autoDraw = True
626.6301 	EXP 	unnamed Polygon: autoDraw = True
626.6435 	EXP 	unnamed Polygon: autoDraw = True
626.6515 	EXP 	unnamed Polygon: autoDraw = True
626.6561 	EXP 	unnamed Polygon: autoDraw = True
626.6684 	EXP 	unnamed Polygon: autoDraw = True
626.6765 	EXP 	unnamed Polygon: autoDraw = True
626.6799 	EXP 	unnamed Polygon: autoDraw = True
626.6934 	EXP 	unnamed Polygon: autoDraw = True
626.7015 	EXP 	unnamed Polygon: autoDraw = True
626.7057 	EXP 	unnamed Polygon: autoDraw = True
626.7184 	EXP 	unnamed Polygon: autoDraw = True
626.7266 	EXP 	unnamed Polygon: autoDraw = True
626.7307 	DATA 	Keypress: 1
626.7352 	EXP 	unnamed Polygon: autoDraw = True
626.7385 	EXP 	unnamed Polygon: autoDraw = True
626.7518 	EXP 	unnamed Polygon: autoDraw = True
626.7599 	EXP 	unnamed Polygon: autoDraw = True
626.7637 	EXP 	unnamed Polygon: autoDraw = True
626.7768 	EXP 	unnamed Polygon: autoDraw = True
626.7849 	EXP 	unnamed Polygon: autoDraw = True
626.7947 	EXP 	unnamed Polygon: autoDraw = False
628.2644 	EXP 	trial_feedback: height = 0.09
628.2644 	EXP 	trial_feedback: height = 0.09
628.2644 	EXP 	trial_feedback: height = 0.09
628.2644 	EXP 	trial_feedback: text = 'Hit!\n$0.00'
628.2644 	EXP 	trial_feedback: autoDraw = True
630.2646 	EXP 	trial_feedback: autoDraw = False
630.2769 	EXP 	trial_feedback: autoDraw = False
630.2769 	EXP 	exp_feedback: autoDraw = False
636.4365 	EXP 	unnamed Polygon: autoDraw = True
636.4365 	EXP 	unnamed Polygon: autoDraw = True
636.4421 	EXP 	unnamed Polygon: autoDraw = True
636.4556 	EXP 	unnamed Polygon: autoDraw = True
636.4639 	EXP 	unnamed Polygon: autoDraw = True
636.4663 	EXP 	unnamed Polygon: autoDraw = True
636.4808 	EXP 	unnamed Polygon: autoDraw = True
636.4891 	EXP 	unnamed Polygon: autoDraw = True
636.4951 	EXP 	unnamed Polygon: autoDraw = True
636.5009 	EXP 	unnamed Polygon: autoDraw = True
636.5139 	EXP 	unnamed Polygon: autoDraw = True
636.5221 	EXP 	unnamed Polygon: autoDraw = True
636.5248 	EXP 	unnamed Polygon: autoDraw = True
636.5392 	EXP 	unnamed Polygon: autoDraw = True
636.5474 	EXP 	unnamed Polygon: autoDraw = True
636.5506 	EXP 	unnamed Polygon: autoDraw = True
636.5642 	EXP 	unnamed Polygon: autoDraw = True
636.5725 	EXP 	unnamed Polygon: autoDraw = True
636.5760 	EXP 	unnamed Polygon: autoDraw = True
636.5892 	EXP 	unnamed Polygon: autoDraw = True
636.5973 	EXP 	unnamed Polygon: autoDraw = True
636.6016 	EXP 	unnamed Polygon: autoDraw = True
636.6143 	EXP 	unnamed Polygon: autoDraw = True
636.6224 	EXP 	unnamed Polygon: autoDraw = True
636.6267 	EXP 	unnamed Polygon: autoDraw = True
636.6393 	EXP 	unnamed Polygon: autoDraw = True
636.6477 	EXP 	unnamed Polygon: autoDraw = True
636.6561 	DATA 	Keypress: 1
636.6604 	EXP 	unnamed Polygon: autoDraw = False
638.3015 	EXP 	trial_feedback: height = 0.09
638.3015 	EXP 	trial_feedback: height = 0.09
638.3015 	EXP 	trial_feedback: height = 0.09
638.3015 	EXP 	trial_feedback: text = 'Miss!\n-$0.00'
638.3015 	EXP 	trial_feedback: autoDraw = True
640.3020 	EXP 	trial_feedback: autoDraw = False
640.3143 	EXP 	trial_feedback: autoDraw = False
640.3143 	EXP 	exp_feedback: autoDraw = False
646.6802 	DATA 	Keypress: 1
646.8040 	EXP 	unnamed Polygon: autoDraw = True
646.8040 	EXP 	unnamed Polygon: autoDraw = True
646.8139 	EXP 	unnamed Polygon: autoDraw = True
646.8264 	EXP 	unnamed Polygon: autoDraw = True
646.8396 	EXP 	unnamed Polygon: autoDraw = True
646.8521 	EXP 	unnamed Polygon: autoDraw = True
646.8645 	EXP 	unnamed Polygon: autoDraw = True
646.8772 	EXP 	unnamed Polygon: autoDraw = True
646.8899 	EXP 	unnamed Polygon: autoDraw = True
646.9024 	EXP 	unnamed Polygon: autoDraw = True
646.9144 	EXP 	unnamed Polygon: autoDraw = True
646.9270 	EXP 	unnamed Polygon: autoDraw = True
646.9394 	EXP 	unnamed Polygon: autoDraw = True
646.9518 	EXP 	unnamed Polygon: autoDraw = True
646.9648 	EXP 	unnamed Polygon: autoDraw = True
646.9771 	EXP 	unnamed Polygon: autoDraw = True
646.9896 	EXP 	unnamed Polygon: autoDraw = True
647.0020 	EXP 	unnamed Polygon: autoDraw = True
647.0142 	EXP 	unnamed Polygon: autoDraw = True
647.0266 	EXP 	unnamed Polygon: autoDraw = True
647.0403 	EXP 	unnamed Polygon: autoDraw = True
647.0520 	EXP 	unnamed Polygon: autoDraw = True
647.0563 	DATA 	Keypress: 1
647.0635 	EXP 	unnamed Polygon: autoDraw = True
647.0766 	EXP 	unnamed Polygon: autoDraw = True
647.0813 	EXP 	unnamed Polygon: autoDraw = True
647.0976 	EXP 	unnamed Polygon: autoDraw = True
647.1055 	EXP 	unnamed Polygon: autoDraw = False
648.4351 	EXP 	trial_feedback: height = 0.09
648.4351 	EXP 	trial_feedback: height = 0.09
648.4351 	EXP 	trial_feedback: height = 0.09
648.4351 	EXP 	trial_feedback: text = 'Miss!\n$0.00'
648.4351 	EXP 	trial_feedback: autoDraw = True
650.4099 	EXP 	trial_feedback: autoDraw = False
650.4267 	EXP 	trial_feedback: autoDraw = False
650.4267 	EXP 	exp_feedback: autoDraw = False
656.7069 	EXP 	unnamed Polygon: autoDraw = True
656.7069 	EXP 	unnamed Polygon: autoDraw = True
656.7186 	EXP 	unnamed Polygon: autoDraw = True
656.7265 	EXP 	unnamed Polygon: autoDraw = True
656.7298 	EXP 	unnamed Polygon: autoDraw = True
656.7362 	EXP 	unnamed Polygon: autoDraw = True
656.7467 	EXP 	unnamed Polygon: autoDraw = True
656.7601 	EXP 	unnamed Polygon: autoDraw = True
656.7723 	EXP 	unnamed Polygon: autoDraw = True
656.7850 	EXP 	unnamed Polygon: autoDraw = True
656.7981 	EXP 	unnamed Polygon: autoDraw = True
656.8103 	EXP 	unnamed Polygon: autoDraw = True
656.8229 	EXP 	unnamed Polygon: autoDraw = True
656.8352 	EXP 	unnamed Polygon: autoDraw = True
656.8481 	EXP 	unnamed Polygon: autoDraw = True
656.8602 	EXP 	unnamed Polygon: autoDraw = True
656.8736 	EXP 	unnamed Polygon: autoDraw = True
656.8849 	EXP 	unnamed Polygon: autoDraw = True
656.8980 	EXP 	unnamed Polygon: autoDraw = True
656.9100 	EXP 	unnamed Polygon: autoDraw = True
656.9230 	EXP 	unnamed Polygon: autoDraw = True
656.9360 	EXP 	unnamed Polygon: autoDraw = True
656.9485 	EXP 	unnamed Polygon: autoDraw = True
656.9603 	EXP 	unnamed Polygon: autoDraw = True
656.9645 	DATA 	Keypress: 1
656.9724 	EXP 	unnamed Polygon: autoDraw = True
656.9848 	EXP 	unnamed Polygon: autoDraw = True
656.9975 	EXP 	unnamed Polygon: autoDraw = True
657.0099 	EXP 	unnamed Polygon: autoDraw = True
657.0227 	EXP 	unnamed Polygon: autoDraw = True
657.0350 	EXP 	unnamed Polygon: autoDraw = True
657.0474 	EXP 	unnamed Polygon: autoDraw = True
657.0599 	EXP 	unnamed Polygon: autoDraw = True
657.0728 	EXP 	unnamed Polygon: autoDraw = True
657.0854 	EXP 	unnamed Polygon: autoDraw = True
657.0978 	EXP 	unnamed Polygon: autoDraw = True
657.1099 	EXP 	unnamed Polygon: autoDraw = True
657.1228 	EXP 	unnamed Polygon: autoDraw = True
657.1345 	EXP 	unnamed Polygon: autoDraw = False
658.6225 	EXP 	trial_feedback: height = 0.09
658.6225 	EXP 	trial_feedback: height = 0.09
658.6225 	EXP 	trial_feedback: height = 0.09
658.6225 	EXP 	trial_feedback: text = 'Hit!\n$0.00'
658.6225 	EXP 	trial_feedback: autoDraw = True
660.6226 	EXP 	trial_feedback: autoDraw = False
660.6350 	EXP 	trial_feedback: autoDraw = False
660.6350 	EXP 	exp_feedback: autoDraw = False
684.5037 	DATA 	Keypress: 1
685.5677 	DATA 	Keypress: 1
687.0296 	DATA 	Keypress: return
687.4372 	DATA 	Keypress: return
694.5310 	EXP 	unnamed TextStim: text = 'Instructions...\n\nYour goal is to make as much money as possible.\n\nRemember:\nWIN CIRCLES = win money\nLOSE SQUARES = lose money\n\nQUICKLY press the button with your pointer finger when you see the solid white triangle.\n\nYou will get feedback on whether you pressed the button in time and if you won or lost money.'
696.4722 	DATA 	Keypress: 1
696.4740 	EXP 	Created unnamed TextStim = TextStim(__class__=<class 'psychopy.visual.text.TextStim'>, alignHoriz=method-wrapper(...), alignText='center', alignVert=method-wrapper(...), anchorHoriz='center', anchorVert='center', antialias=True, autoDraw=False, autoLog=True, bold=False, color=array([1., 1., 1.]), colorSpace='rgb', contrast=1.0, depth=0, draggable=False, flipHoriz=False, flipVert=False, font='', fontFiles=[], height=0.08, italic=False, languageStyle='LTR', name='unnamed TextStim', opacity=1.0, ori=0.0, pos=array([-0.65,  0.15]), rgb=UNKNOWN, text='+', units='height', win=Window(...), wrapWidth=1)
696.4805 	EXP 	Created unnamed ImageStim = ImageStim(__class__=<class 'psychopy.visual.image.ImageStim'>, anchor=('center', 'center'), autoLog=True, color=array([1., 1., 1.]), colorSpace='rgb', contrast=1.0, depth=0, draggable=False, flipHoriz=False, flipVert=False, image='../stimuli/reward_high.png', interpolate=False, mask=None, maskParams=None, name='unnamed ImageStim', opacity=1, ori=0.0, pos=array([-0.35,  0.15]), size=array([0.2, 0.2]), texRes=128, units='height', win=Window(...))
696.4814 	EXP 	Created unnamed TextStim = TextStim(__class__=<class 'psychopy.visual.text.TextStim'>, alignHoriz=method-wrapper(...), alignText='center', alignVert=method-wrapper(...), anchorHoriz='center', anchorVert='center', antialias=True, autoDraw=False, autoLog=True, bold=False, color=array([1., 1., 1.]), colorSpace='rgb', contrast=1.0, depth=0, draggable=False, flipHoriz=False, flipVert=False, font='', fontFiles=[], height=0.08, italic=False, languageStyle='LTR', name='unnamed TextStim', opacity=1.0, ori=0.0, pos=array([-0.15,  0.15]), rgb=UNKNOWN, text='+', units='height', win=Window(...), wrapWidth=1)
696.4821 	EXP 	Created unnamed Polygon = Polygon(__class__=<class 'psychopy.visual.polygon.Polygon'>, anchor=('center', 'center'), autoDraw=False, autoLog=True, closeShape=True, color=method-wrapper(...), colorSpace='rgb', contrast=None, depth=0, draggable=False, fillColor=array([1, 1, 1]), fillColorSpace='rgb', fillRGB=array([1, 1, 1]), interpolate=True, lineColor=array([1., 1., 1.]), lineColorSpace='rgb', lineRGB=array([1, 1, 1]), lineWidth=1.5, name='unnamed Polygon', opacity=1, ori=0.0, pos=array([0.15, 0.15]), size=array([1., 1.]), units='height', vertices=ndarray(...), win=Window(...))
696.4830 	EXP 	Created unnamed TextStim = TextStim(__class__=<class 'psychopy.visual.text.TextStim'>, alignHoriz=method-wrapper(...), alignText='center', alignVert=method-wrapper(...), anchorHoriz='center', anchorVert='center', antialias=True, autoDraw=False, autoLog=True, bold=False, color=array([1., 1., 1.]), colorSpace='rgb', contrast=1.0, depth=0, draggable=False, flipHoriz=False, flipVert=False, font='', fontFiles=[], height=0.08, italic=False, languageStyle='LTR', name='unnamed TextStim', opacity=1.0, ori=0.0, pos=array([0.35, 0.15]), rgb=UNKNOWN, text='+', units='height', win=Window(...), wrapWidth=1)
696.4842 	EXP 	Created unnamed TextStim = TextStim(__class__=<class 'psychopy.visual.text.TextStim'>, alignHoriz=method-wrapper(...), alignText='center', alignVert=method-wrapper(...), anchorHoriz='center', anchorVert='center', antialias=True, autoDraw=False, autoLog=True, bold=False, color=array([1., 1., 1.]), colorSpace='rgb', contrast=1.0, depth=0, draggable=False, flipHoriz=False, flipVert=False, font='', fontFiles=[], height=0.08, italic=False, languageStyle='LTR', name='unnamed TextStim', opacity=1.0, ori=0.0, pos=array([0.65, 0.15]), rgb=UNKNOWN, text='Hit!\n+$5.00', units='height', win=Window(...), wrapWidth=1)
696.4843 	WARNING 	TextStim.alignHoriz is deprecated. Use alignText and anchorHoriz attributes instead
696.4861 	EXP 	Created unnamed TextStim = TextStim(__class__=<class 'psychopy.visual.text.TextStim'>, alignHoriz='center', alignText='center', alignVert=method-wrapper(...), anchorHoriz='center', anchorVert='center', antialias=True, autoDraw=False, autoLog=True, bold=False, color=array([1., 1., 1.]), colorSpace='rgb', contrast=1.0, depth=0, draggable=False, flipHoriz=False, flipVert=False, font='', fontFiles=[], height=0.04, italic=False, languageStyle='LTR', name='unnamed TextStim', opacity=1.0, ori=0.0, pos=array([-0.65, -0.15]), rgb=UNKNOWN, text='Pay attention', units='height', win=Window(...), wrapWidth=0.1)
696.4862 	WARNING 	TextStim.alignHoriz is deprecated. Use alignText and anchorHoriz attributes instead
696.4881 	EXP 	Created unnamed TextStim = TextStim(__class__=<class 'psychopy.visual.text.TextStim'>, alignHoriz='center', alignText='center', alignVert=method-wrapper(...), anchorHoriz='center', anchorVert='center', antialias=True, autoDraw=False, autoLog=True, bold=False, color=array([1., 1., 1.]), colorSpace='rgb', contrast=1.0, depth=0, draggable=False, flipHoriz=False, flipVert=False, font='', fontFiles=[], height=0.04, italic=False, languageStyle='LTR', name='unnamed TextStim', opacity=1.0, ori=0.0, pos=array([-0.35, -0.15]), rgb=UNKNOWN, text="Cue: don't respond yet", units='height', win=Window(...), wrapWidth=0.1)
696.4882 	WARNING 	TextStim.alignHoriz is deprecated. Use alignText and anchorHoriz attributes instead
696.4893 	EXP 	Created unnamed TextStim = TextStim(__class__=<class 'psychopy.visual.text.TextStim'>, alignHoriz='center', alignText='center', alignVert=method-wrapper(...), anchorHoriz='center', anchorVert='center', antialias=True, autoDraw=False, autoLog=True, bold=False, color=array([1., 1., 1.]), colorSpace='rgb', contrast=1.0, depth=0, draggable=False, flipHoriz=False, flipVert=False, font='', fontFiles=[], height=0.04, italic=False, languageStyle='LTR', name='unnamed TextStim', opacity=1.0, ori=0.0, pos=array([-0.15, -0.15]), rgb=UNKNOWN, text='Pay attention', units='height', win=Window(...), wrapWidth=0.1)
696.4894 	WARNING 	TextStim.alignHoriz is deprecated. Use alignText and anchorHoriz attributes instead
696.4916 	EXP 	Created unnamed TextStim = TextStim(__class__=<class 'psychopy.visual.text.TextStim'>, alignHoriz='center', alignText='center', alignVert=method-wrapper(...), anchorHoriz='center', anchorVert='center', antialias=True, autoDraw=False, autoLog=True, bold=False, color=array([1., 1., 1.]), colorSpace='rgb', contrast=1.0, depth=0, draggable=False, flipHoriz=False, flipVert=False, font='', fontFiles=[], height=0.04, italic=False, languageStyle='LTR', name='unnamed TextStim', opacity=1.0, ori=0.0, pos=array([ 0.15, -0.15]), rgb=UNKNOWN, text='Respond when solid triangle is on screen', units='height', win=Window(...), wrapWidth=0.1)
696.4917 	WARNING 	TextStim.alignHoriz is deprecated. Use alignText and anchorHoriz attributes instead
696.4927 	EXP 	Created unnamed TextStim = TextStim(__class__=<class 'psychopy.visual.text.TextStim'>, alignHoriz='center', alignText='center', alignVert=method-wrapper(...), anchorHoriz='center', anchorVert='center', antialias=True, autoDraw=False, autoLog=True, bold=False, color=array([1., 1., 1.]), colorSpace='rgb', contrast=1.0, depth=0, draggable=False, flipHoriz=False, flipVert=False, font='', fontFiles=[], height=0.04, italic=False, languageStyle='LTR', name='unnamed TextStim', opacity=1.0, ori=0.0, pos=array([ 0.35, -0.15]), rgb=UNKNOWN, text='Pay attention', units='height', win=Window(...), wrapWidth=0.1)
696.4928 	WARNING 	TextStim.alignHoriz is deprecated. Use alignText and anchorHoriz attributes instead
696.4939 	EXP 	Created unnamed TextStim = TextStim(__class__=<class 'psychopy.visual.text.TextStim'>, alignHoriz='center', alignText='center', alignVert=method-wrapper(...), anchorHoriz='center', anchorVert='center', antialias=True, autoDraw=False, autoLog=True, bold=False, color=array([1., 1., 1.]), colorSpace='rgb', contrast=1.0, depth=0, draggable=False, flipHoriz=False, flipVert=False, font='', fontFiles=[], height=0.04, italic=False, languageStyle='LTR', name='unnamed TextStim', opacity=1.0, ori=0.0, pos=array([ 0.65, -0.15]), rgb=UNKNOWN, text='Feedback', units='height', win=Window(...), wrapWidth=0.1)
697.1479 	DATA 	Keypress: 1
697.5919 	DATA 	Keypress: 1
698.3920 	DATA 	Keypress: rshift
698.7036 	DATA 	Keypress: return
700.5495 	DATA 	Keypress: equal
710.0360 	EXP 	unnamed Polygon: autoDraw = True
710.0360 	EXP 	unnamed Polygon: autoDraw = True
710.0477 	EXP 	unnamed Polygon: autoDraw = True
710.0558 	EXP 	unnamed Polygon: autoDraw = True
710.0587 	EXP 	unnamed Polygon: autoDraw = True
710.0725 	EXP 	unnamed Polygon: autoDraw = True
710.0806 	EXP 	unnamed Polygon: autoDraw = True
710.0832 	EXP 	unnamed Polygon: autoDraw = True
710.0975 	EXP 	unnamed Polygon: autoDraw = True
710.1056 	EXP 	unnamed Polygon: autoDraw = True
710.1087 	EXP 	unnamed Polygon: autoDraw = True
710.1225 	EXP 	unnamed Polygon: autoDraw = True
710.1307 	EXP 	unnamed Polygon: autoDraw = True
710.1350 	EXP 	unnamed Polygon: autoDraw = True
710.1474 	EXP 	unnamed Polygon: autoDraw = True
710.1559 	EXP 	unnamed Polygon: autoDraw = True
710.1597 	EXP 	unnamed Polygon: autoDraw = True
710.1726 	EXP 	unnamed Polygon: autoDraw = True
710.1807 	EXP 	unnamed Polygon: autoDraw = True
710.1854 	EXP 	unnamed Polygon: autoDraw = True
710.1976 	EXP 	unnamed Polygon: autoDraw = True
710.2058 	EXP 	unnamed Polygon: autoDraw = True
710.2094 	EXP 	unnamed Polygon: autoDraw = True
710.2227 	EXP 	unnamed Polygon: autoDraw = True
710.2308 	EXP 	unnamed Polygon: autoDraw = True
710.2354 	EXP 	unnamed Polygon: autoDraw = True
710.2476 	EXP 	unnamed Polygon: autoDraw = True
710.2508 	DATA 	Keypress: 1
710.2556 	EXP 	unnamed Polygon: autoDraw = True
710.2600 	EXP 	unnamed Polygon: autoDraw = True
710.2727 	EXP 	unnamed Polygon: autoDraw = True
710.2807 	EXP 	unnamed Polygon: autoDraw = True
710.2847 	EXP 	unnamed Polygon: autoDraw = True
710.2976 	EXP 	unnamed Polygon: autoDraw = True
710.3060 	EXP 	unnamed Polygon: autoDraw = True
710.3100 	EXP 	unnamed Polygon: autoDraw = True
710.3227 	EXP 	unnamed Polygon: autoDraw = True
710.3307 	EXP 	unnamed Polygon: autoDraw = True
710.3344 	EXP 	unnamed Polygon: autoDraw = True
710.3477 	EXP 	unnamed Polygon: autoDraw = True
710.3558 	EXP 	unnamed Polygon: autoDraw = False
711.6975 	EXP 	trial_feedback: text = 'Hit!\n$0.00'
711.6975 	EXP 	trial_feedback: autoDraw = True
713.6850 	EXP 	trial_feedback: autoDraw = False
713.6879 	EXP 	trial_feedback: autoDraw = False
713.6879 	EXP 	exp_feedback: autoDraw = False
722.1827 	EXP 	unnamed Polygon: autoDraw = True
722.1827 	EXP 	unnamed Polygon: autoDraw = True
722.1932 	EXP 	unnamed Polygon: autoDraw = True
722.2023 	EXP 	unnamed Polygon: autoDraw = True
722.2073 	EXP 	unnamed Polygon: autoDraw = True
722.2225 	EXP 	unnamed Polygon: autoDraw = True
722.2436 	EXP 	unnamed Polygon: autoDraw = True
722.2602 	EXP 	unnamed Polygon: autoDraw = True
722.2685 	EXP 	unnamed Polygon: autoDraw = True
722.2727 	EXP 	unnamed Polygon: autoDraw = True
722.2851 	EXP 	unnamed Polygon: autoDraw = True
722.2935 	EXP 	unnamed Polygon: autoDraw = True
722.2980 	EXP 	unnamed Polygon: autoDraw = True
722.3102 	EXP 	unnamed Polygon: autoDraw = True
722.3183 	EXP 	unnamed Polygon: autoDraw = True
722.3217 	EXP 	unnamed Polygon: autoDraw = True
722.3351 	EXP 	unnamed Polygon: autoDraw = True
722.3434 	EXP 	unnamed Polygon: autoDraw = True
722.3482 	EXP 	unnamed Polygon: autoDraw = True
722.3602 	EXP 	unnamed Polygon: autoDraw = True
722.3684 	EXP 	unnamed Polygon: autoDraw = True
722.3727 	EXP 	unnamed Polygon: autoDraw = True
722.3851 	EXP 	unnamed Polygon: autoDraw = True
722.3936 	EXP 	unnamed Polygon: autoDraw = True
722.3979 	EXP 	unnamed Polygon: autoDraw = True
722.4018 	DATA 	Keypress: 1
722.4058 	EXP 	unnamed Polygon: autoDraw = True
722.4187 	EXP 	unnamed Polygon: autoDraw = True
722.4266 	EXP 	unnamed Polygon: autoDraw = True
722.4300 	EXP 	unnamed Polygon: autoDraw = True
722.4435 	EXP 	unnamed Polygon: autoDraw = True
722.4516 	EXP 	unnamed Polygon: autoDraw = True
722.4557 	EXP 	unnamed Polygon: autoDraw = True
722.4686 	EXP 	unnamed Polygon: autoDraw = True
722.4766 	EXP 	unnamed Polygon: autoDraw = True
722.4798 	EXP 	unnamed Polygon: autoDraw = True
722.4935 	EXP 	unnamed Polygon: autoDraw = True
722.5015 	EXP 	unnamed Polygon: autoDraw = True
722.5047 	EXP 	unnamed Polygon: autoDraw = True
722.5188 	EXP 	unnamed Polygon: autoDraw = True
722.5266 	EXP 	unnamed Polygon: autoDraw = True
722.5297 	EXP 	unnamed Polygon: autoDraw = True
722.5434 	EXP 	unnamed Polygon: autoDraw = True
722.5515 	EXP 	unnamed Polygon: autoDraw = True
722.5545 	EXP 	unnamed Polygon: autoDraw = True
722.5685 	EXP 	unnamed Polygon: autoDraw = True
722.5766 	EXP 	unnamed Polygon: autoDraw = True
722.5799 	EXP 	unnamed Polygon: autoDraw = True
722.5935 	EXP 	unnamed Polygon: autoDraw = True
722.6016 	EXP 	unnamed Polygon: autoDraw = True
722.6059 	EXP 	unnamed Polygon: autoDraw = True
722.6131 	EXP 	unnamed Polygon: autoDraw = False
723.9349 	EXP 	trial_feedback: text = 'Hit!\n$0.00'
723.9349 	EXP 	trial_feedback: autoDraw = True
725.9350 	EXP 	trial_feedback: autoDraw = False
725.9350 	EXP 	exp_feedback: autoDraw = False
732.1781 	EXP 	unnamed Polygon: autoDraw = True
732.1781 	EXP 	unnamed Polygon: autoDraw = True
732.1848 	EXP 	unnamed Polygon: autoDraw = True
732.1880 	EXP 	unnamed Polygon: autoDraw = True
732.2016 	EXP 	unnamed Polygon: autoDraw = True
732.2099 	EXP 	unnamed Polygon: autoDraw = True
732.2138 	EXP 	unnamed Polygon: autoDraw = True
732.2265 	EXP 	unnamed Polygon: autoDraw = True
732.2349 	EXP 	unnamed Polygon: autoDraw = True
732.2389 	EXP 	unnamed Polygon: autoDraw = True
732.2523 	EXP 	unnamed Polygon: autoDraw = True
732.2605 	EXP 	unnamed Polygon: autoDraw = True
732.2646 	EXP 	unnamed Polygon: autoDraw = True
732.2771 	EXP 	unnamed Polygon: autoDraw = True
732.2849 	EXP 	unnamed Polygon: autoDraw = True
732.2886 	EXP 	unnamed Polygon: autoDraw = True
732.3018 	EXP 	unnamed Polygon: autoDraw = True
732.3098 	EXP 	unnamed Polygon: autoDraw = True
732.3133 	EXP 	unnamed Polygon: autoDraw = True
732.3267 	EXP 	unnamed Polygon: autoDraw = True
732.3349 	EXP 	unnamed Polygon: autoDraw = True
732.3387 	EXP 	unnamed Polygon: autoDraw = True
732.3518 	EXP 	unnamed Polygon: autoDraw = True
732.3599 	EXP 	unnamed Polygon: autoDraw = True
732.3644 	EXP 	unnamed Polygon: autoDraw = True
732.3713 	EXP 	unnamed Polygon: autoDraw = True
732.3853 	EXP 	unnamed Polygon: autoDraw = True
732.3933 	EXP 	unnamed Polygon: autoDraw = True
732.3965 	EXP 	unnamed Polygon: autoDraw = True
732.3987 	DATA 	Keypress: 1
732.4099 	EXP 	unnamed Polygon: autoDraw = True
732.4186 	EXP 	unnamed Polygon: autoDraw = True
732.4215 	EXP 	unnamed Polygon: autoDraw = True
732.4354 	EXP 	unnamed Polygon: autoDraw = True
732.4432 	EXP 	unnamed Polygon: autoDraw = True
732.4462 	EXP 	unnamed Polygon: autoDraw = True
732.4602 	EXP 	unnamed Polygon: autoDraw = True
732.4683 	EXP 	unnamed Polygon: autoDraw = True
732.4726 	EXP 	unnamed Polygon: autoDraw = True
732.4850 	EXP 	unnamed Polygon: autoDraw = True
732.4933 	EXP 	unnamed Polygon: autoDraw = True
732.4977 	EXP 	unnamed Polygon: autoDraw = True
732.5101 	EXP 	unnamed Polygon: autoDraw = True
732.5183 	EXP 	unnamed Polygon: autoDraw = True
732.5220 	EXP 	unnamed Polygon: autoDraw = True
732.5351 	EXP 	unnamed Polygon: autoDraw = True
732.5433 	EXP 	unnamed Polygon: autoDraw = True
732.5477 	EXP 	unnamed Polygon: autoDraw = True
732.5602 	EXP 	unnamed Polygon: autoDraw = True
732.5683 	EXP 	unnamed Polygon: autoDraw = True
732.5729 	EXP 	unnamed Polygon: autoDraw = True
732.5851 	EXP 	unnamed Polygon: autoDraw = True
732.5968 	EXP 	unnamed Polygon: autoDraw = False
734.1602 	EXP 	trial_feedback: text = 'Hit!\n$0.00'
734.1602 	EXP 	trial_feedback: autoDraw = True
736.1433 	EXP 	trial_feedback: autoDraw = False
736.1601 	EXP 	trial_feedback: autoDraw = False
736.1601 	EXP 	exp_feedback: autoDraw = False
742.5494 	EXP 	unnamed Polygon: autoDraw = True
742.5494 	EXP 	unnamed Polygon: autoDraw = True
742.5598 	EXP 	unnamed Polygon: autoDraw = True
742.5687 	EXP 	unnamed Polygon: autoDraw = True
742.5718 	EXP 	unnamed Polygon: autoDraw = True
742.5855 	EXP 	unnamed Polygon: autoDraw = True
742.5932 	EXP 	unnamed Polygon: autoDraw = True
742.5964 	EXP 	unnamed Polygon: autoDraw = True
742.6107 	EXP 	unnamed Polygon: autoDraw = True
742.6184 	EXP 	unnamed Polygon: autoDraw = True
742.6216 	EXP 	unnamed Polygon: autoDraw = True
742.6349 	EXP 	unnamed Polygon: autoDraw = True
742.6439 	EXP 	unnamed Polygon: autoDraw = True
742.6470 	EXP 	unnamed Polygon: autoDraw = True
742.6605 	EXP 	unnamed Polygon: autoDraw = True
742.6683 	EXP 	unnamed Polygon: autoDraw = True
742.6723 	EXP 	unnamed Polygon: autoDraw = True
742.6853 	EXP 	unnamed Polygon: autoDraw = True
742.6932 	EXP 	unnamed Polygon: autoDraw = True
742.6962 	EXP 	unnamed Polygon: autoDraw = True
742.7099 	EXP 	unnamed Polygon: autoDraw = True
742.7194 	EXP 	unnamed Polygon: autoDraw = True
742.7219 	EXP 	unnamed Polygon: autoDraw = True
742.7348 	EXP 	unnamed Polygon: autoDraw = True
742.7441 	EXP 	unnamed Polygon: autoDraw = True
742.7481 	EXP 	unnamed Polygon: autoDraw = True
742.7602 	EXP 	unnamed Polygon: autoDraw = True
742.7684 	EXP 	unnamed Polygon: autoDraw = True
742.7721 	DATA 	Keypress: 1
742.7754 	EXP 	unnamed Polygon: autoDraw = True
742.7792 	EXP 	unnamed Polygon: autoDraw = True
742.7932 	EXP 	unnamed Polygon: autoDraw = True
742.8014 	EXP 	unnamed Polygon: autoDraw = True
742.8052 	EXP 	unnamed Polygon: autoDraw = True
742.8182 	EXP 	unnamed Polygon: autoDraw = True
742.8279 	EXP 	unnamed Polygon: autoDraw = False
744.2685 	EXP 	trial_feedback: height = 0.09
744.2685 	EXP 	trial_feedback: height = 0.09
744.2685 	EXP 	trial_feedback: height = 0.09
744.2685 	EXP 	trial_feedback: text = 'Hit!\n+$5.00'
744.2685 	EXP 	trial_feedback: autoDraw = True
746.2434 	EXP 	trial_feedback: autoDraw = False
746.2602 	EXP 	trial_feedback: autoDraw = False
746.2602 	EXP 	exp_feedback: autoDraw = False
754.2784 	EXP 	unnamed Polygon: autoDraw = True
754.2784 	EXP 	unnamed Polygon: autoDraw = True
754.2839 	EXP 	unnamed Polygon: autoDraw = True
754.2974 	EXP 	unnamed Polygon: autoDraw = True
754.3058 	EXP 	unnamed Polygon: autoDraw = True
754.3092 	EXP 	unnamed Polygon: autoDraw = True
754.3226 	EXP 	unnamed Polygon: autoDraw = True
754.3310 	EXP 	unnamed Polygon: autoDraw = True
754.3350 	EXP 	unnamed Polygon: autoDraw = True
754.3478 	EXP 	unnamed Polygon: autoDraw = True
754.3559 	EXP 	unnamed Polygon: autoDraw = True
754.3594 	EXP 	unnamed Polygon: autoDraw = True
754.3726 	EXP 	unnamed Polygon: autoDraw = True
754.3808 	EXP 	unnamed Polygon: autoDraw = True
754.3848 	EXP 	unnamed Polygon: autoDraw = True
754.3977 	EXP 	unnamed Polygon: autoDraw = True
754.4058 	EXP 	unnamed Polygon: autoDraw = True
754.4094 	EXP 	unnamed Polygon: autoDraw = True
754.4226 	EXP 	unnamed Polygon: autoDraw = True
754.4308 	EXP 	unnamed Polygon: autoDraw = True
754.4354 	EXP 	unnamed Polygon: autoDraw = True
754.4477 	EXP 	unnamed Polygon: autoDraw = True
754.4559 	EXP 	unnamed Polygon: autoDraw = True
754.4604 	EXP 	unnamed Polygon: autoDraw = True
754.4727 	EXP 	unnamed Polygon: autoDraw = True
754.4809 	EXP 	unnamed Polygon: autoDraw = True
754.4858 	EXP 	unnamed Polygon: autoDraw = True
754.4977 	EXP 	unnamed Polygon: autoDraw = True
754.5017 	DATA 	Keypress: 1
754.5228 	EXP 	unnamed Polygon: autoDraw = True
754.5393 	EXP 	unnamed Polygon: autoDraw = False
756.3143 	EXP 	trial_feedback: text = 'Hit!\n+$5.00'
756.3143 	EXP 	trial_feedback: autoDraw = True
758.3014 	EXP 	trial_feedback: autoDraw = False
758.3226 	EXP 	trial_feedback: autoDraw = False
758.3226 	EXP 	exp_feedback: autoDraw = False
768.4206 	EXP 	unnamed Polygon: autoDraw = True
768.4206 	EXP 	unnamed Polygon: autoDraw = True
768.4259 	EXP 	unnamed Polygon: autoDraw = True
768.4390 	EXP 	unnamed Polygon: autoDraw = True
768.4468 	EXP 	unnamed Polygon: autoDraw = True
768.4604 	EXP 	unnamed Polygon: autoDraw = True
768.4726 	EXP 	unnamed Polygon: autoDraw = True
768.4853 	EXP 	unnamed Polygon: autoDraw = True
768.4978 	EXP 	unnamed Polygon: autoDraw = True
768.5105 	EXP 	unnamed Polygon: autoDraw = True
768.5230 	EXP 	unnamed Polygon: autoDraw = True
768.5359 	EXP 	unnamed Polygon: autoDraw = True
768.5479 	EXP 	unnamed Polygon: autoDraw = True
768.5604 	EXP 	unnamed Polygon: autoDraw = True
768.5727 	EXP 	unnamed Polygon: autoDraw = True
768.5859 	EXP 	unnamed Polygon: autoDraw = True
768.5981 	EXP 	unnamed Polygon: autoDraw = True
768.6101 	EXP 	unnamed Polygon: autoDraw = True
768.6227 	EXP 	unnamed Polygon: autoDraw = True
768.6354 	EXP 	unnamed Polygon: autoDraw = True
768.6479 	EXP 	unnamed Polygon: autoDraw = True
768.6560 	DATA 	Keypress: 1
768.6597 	EXP 	unnamed Polygon: autoDraw = False
770.3894 	EXP 	trial_feedback: height = 0.09
770.3894 	EXP 	trial_feedback: height = 0.09
770.3894 	EXP 	trial_feedback: height = 0.09
770.3894 	EXP 	trial_feedback: text = 'Miss!\n$0.00'
770.3894 	EXP 	trial_feedback: autoDraw = True
772.3604 	EXP 	trial_feedback: autoDraw = False
772.3809 	EXP 	trial_feedback: autoDraw = False
772.3809 	EXP 	exp_feedback: autoDraw = False
782.2757 	DATA 	Keypress: 1
782.8700 	EXP 	unnamed Polygon: autoDraw = True
782.8700 	EXP 	unnamed Polygon: autoDraw = True
782.8807 	EXP 	unnamed Polygon: autoDraw = True
782.8827 	DATA 	Keypress: 1
782.8890 	EXP 	unnamed Polygon: autoDraw = True
782.8917 	EXP 	unnamed Polygon: autoDraw = True
782.8969 	EXP 	unnamed Polygon: autoDraw = True
782.9099 	EXP 	unnamed Polygon: autoDraw = True
782.9235 	EXP 	unnamed Polygon: autoDraw = True
782.9349 	EXP 	unnamed Polygon: autoDraw = True
782.9474 	EXP 	unnamed Polygon: autoDraw = True
782.9603 	EXP 	unnamed Polygon: autoDraw = True
782.9726 	EXP 	unnamed Polygon: autoDraw = True
782.9854 	EXP 	unnamed Polygon: autoDraw = True
782.9976 	EXP 	unnamed Polygon: autoDraw = True
783.0102 	EXP 	unnamed Polygon: autoDraw = True
783.0234 	EXP 	unnamed Polygon: autoDraw = True
783.0361 	EXP 	unnamed Polygon: autoDraw = True
783.0486 	EXP 	unnamed Polygon: autoDraw = True
783.0608 	EXP 	unnamed Polygon: autoDraw = True
783.0734 	EXP 	unnamed Polygon: autoDraw = True
783.0854 	EXP 	unnamed Polygon: autoDraw = True
783.0984 	EXP 	unnamed Polygon: autoDraw = True
783.1104 	EXP 	unnamed Polygon: autoDraw = True
783.1235 	EXP 	unnamed Polygon: autoDraw = True
783.1356 	EXP 	unnamed Polygon: autoDraw = True
783.1475 	EXP 	unnamed Polygon: autoDraw = False
784.6855 	EXP 	trial_feedback: text = 'Miss!\n$0.00'
784.6855 	EXP 	trial_feedback: autoDraw = True
786.6855 	EXP 	trial_feedback: autoDraw = False
786.6979 	EXP 	trial_feedback: autoDraw = False
786.6979 	EXP 	exp_feedback: autoDraw = False
790.9516 	DATA 	Keypress: 1
795.1829 	EXP 	unnamed Polygon: autoDraw = True
795.1829 	EXP 	unnamed Polygon: autoDraw = True
795.1971 	EXP 	unnamed Polygon: autoDraw = True
795.2016 	EXP 	unnamed Polygon: autoDraw = True
795.2180 	EXP 	unnamed Polygon: autoDraw = True
795.2220 	EXP 	unnamed Polygon: autoDraw = True
795.2249 	EXP 	unnamed Polygon: autoDraw = True
795.2390 	EXP 	unnamed Polygon: autoDraw = True
795.2471 	EXP 	unnamed Polygon: autoDraw = True
795.2510 	EXP 	unnamed Polygon: autoDraw = True
795.2640 	EXP 	unnamed Polygon: autoDraw = True
795.2723 	EXP 	unnamed Polygon: autoDraw = True
795.2755 	EXP 	unnamed Polygon: autoDraw = True
795.2890 	EXP 	unnamed Polygon: autoDraw = True
795.2972 	EXP 	unnamed Polygon: autoDraw = True
795.3005 	EXP 	unnamed Polygon: autoDraw = True
795.3140 	EXP 	unnamed Polygon: autoDraw = True
795.3224 	EXP 	unnamed Polygon: autoDraw = True
795.3271 	EXP 	unnamed Polygon: autoDraw = True
795.3390 	EXP 	unnamed Polygon: autoDraw = True
795.3477 	EXP 	unnamed Polygon: autoDraw = True
795.3525 	EXP 	unnamed Polygon: autoDraw = True
795.3643 	EXP 	unnamed Polygon: autoDraw = True
795.3725 	EXP 	unnamed Polygon: autoDraw = True
795.3761 	EXP 	unnamed Polygon: autoDraw = True
795.3893 	EXP 	unnamed Polygon: autoDraw = True
795.3973 	EXP 	unnamed Polygon: autoDraw = True
795.4010 	EXP 	unnamed Polygon: autoDraw = True
795.4144 	EXP 	unnamed Polygon: autoDraw = True
795.4207 	DATA 	Keypress: 1
795.4268 	EXP 	unnamed Polygon: autoDraw = False
796.7094 	EXP 	trial_feedback: height = 0.09
796.7094 	EXP 	trial_feedback: height = 0.09
796.7094 	EXP 	trial_feedback: height = 0.09
796.7094 	EXP 	trial_feedback: text = 'Miss!\n-$0.00'
796.7094 	EXP 	trial_feedback: autoDraw = True
798.6977 	EXP 	trial_feedback: autoDraw = False
798.7227 	EXP 	trial_feedback: autoDraw = False
798.7227 	EXP 	exp_feedback: autoDraw = False
804.9614 	EXP 	unnamed Polygon: autoDraw = True
804.9614 	EXP 	unnamed Polygon: autoDraw = True
804.9724 	EXP 	unnamed Polygon: autoDraw = True
804.9811 	EXP 	unnamed Polygon: autoDraw = True
804.9851 	EXP 	unnamed Polygon: autoDraw = True
804.9981 	EXP 	unnamed Polygon: autoDraw = True
805.0059 	EXP 	unnamed Polygon: autoDraw = True
805.0100 	EXP 	unnamed Polygon: autoDraw = True
805.0228 	EXP 	unnamed Polygon: autoDraw = True
805.0309 	EXP 	unnamed Polygon: autoDraw = True
805.0340 	EXP 	unnamed Polygon: autoDraw = True
805.0479 	EXP 	unnamed Polygon: autoDraw = True
805.0559 	EXP 	unnamed Polygon: autoDraw = True
805.0599 	EXP 	unnamed Polygon: autoDraw = True
805.0727 	EXP 	unnamed Polygon: autoDraw = True
805.0811 	EXP 	unnamed Polygon: autoDraw = True
805.0851 	EXP 	unnamed Polygon: autoDraw = True
805.0978 	EXP 	unnamed Polygon: autoDraw = True
805.1060 	EXP 	unnamed Polygon: autoDraw = True
805.1101 	EXP 	unnamed Polygon: autoDraw = True
805.1228 	EXP 	unnamed Polygon: autoDraw = True
805.1311 	EXP 	unnamed Polygon: autoDraw = True
805.1350 	EXP 	unnamed Polygon: autoDraw = True
805.1478 	EXP 	unnamed Polygon: autoDraw = True
805.1510 	DATA 	Keypress: 1
805.1553 	EXP 	unnamed Polygon: autoDraw = True
805.1590 	EXP 	unnamed Polygon: autoDraw = True
805.1724 	EXP 	unnamed Polygon: autoDraw = True
805.1816 	EXP 	unnamed Polygon: autoDraw = True
805.1982 	EXP 	unnamed Polygon: autoDraw = True
805.2060 	EXP 	unnamed Polygon: autoDraw = True
805.2101 	EXP 	unnamed Polygon: autoDraw = True
805.2172 	EXP 	unnamed Polygon: autoDraw = True
805.2307 	EXP 	unnamed Polygon: autoDraw = True
805.2391 	EXP 	unnamed Polygon: autoDraw = True
805.2416 	EXP 	unnamed Polygon: autoDraw = True
805.2567 	EXP 	unnamed Polygon: autoDraw = True
805.2640 	EXP 	unnamed Polygon: autoDraw = False
806.8743 	EXP 	trial_feedback: height = 0.09
806.8743 	EXP 	trial_feedback: height = 0.09
806.8743 	EXP 	trial_feedback: height = 0.09
806.8743 	EXP 	trial_feedback: text = 'Hit!\n$0.00'
806.8743 	EXP 	trial_feedback: autoDraw = True
808.8688 	EXP 	trial_feedback: autoDraw = False
808.8818 	EXP 	trial_feedback: autoDraw = False
808.8818 	EXP 	exp_feedback: autoDraw = False
817.2614 	EXP 	unnamed Polygon: autoDraw = True
817.2614 	EXP 	unnamed Polygon: autoDraw = True
817.2730 	EXP 	unnamed Polygon: autoDraw = True
817.2808 	EXP 	unnamed Polygon: autoDraw = True
817.2844 	EXP 	unnamed Polygon: autoDraw = True
817.2935 	EXP 	unnamed Polygon: autoDraw = True
817.2969 	EXP 	unnamed Polygon: autoDraw = True
817.3024 	EXP 	unnamed Polygon: autoDraw = True
817.3134 	EXP 	unnamed Polygon: autoDraw = True
817.3260 	EXP 	unnamed Polygon: autoDraw = True
817.3398 	EXP 	unnamed Polygon: autoDraw = True
817.3521 	EXP 	unnamed Polygon: autoDraw = True
817.3642 	EXP 	unnamed Polygon: autoDraw = True
817.3771 	EXP 	unnamed Polygon: autoDraw = True
817.3894 	EXP 	unnamed Polygon: autoDraw = True
817.4026 	EXP 	unnamed Polygon: autoDraw = True
817.4143 	EXP 	unnamed Polygon: autoDraw = True
817.4276 	EXP 	unnamed Polygon: autoDraw = True
817.4398 	EXP 	unnamed Polygon: autoDraw = True
817.4520 	EXP 	unnamed Polygon: autoDraw = True
817.4645 	EXP 	unnamed Polygon: autoDraw = True
817.4768 	EXP 	unnamed Polygon: autoDraw = True
817.4810 	DATA 	Keypress: 1
817.4893 	EXP 	unnamed Polygon: autoDraw = True
817.5024 	EXP 	unnamed Polygon: autoDraw = True
817.5146 	EXP 	unnamed Polygon: autoDraw = True
817.5276 	EXP 	unnamed Polygon: autoDraw = True
817.5399 	EXP 	unnamed Polygon: autoDraw = True
817.5527 	EXP 	unnamed Polygon: autoDraw = True
817.5648 	EXP 	unnamed Polygon: autoDraw = True
817.5761 	EXP 	unnamed Polygon: autoDraw = False
818.9942 	EXP 	trial_feedback: height = 0.09
818.9942 	EXP 	trial_feedback: height = 0.09
818.9942 	EXP 	trial_feedback: height = 0.09
818.9942 	EXP 	trial_feedback: text = 'Hit!\n+$1.50'
818.9942 	EXP 	trial_feedback: autoDraw = True
820.9892 	EXP 	trial_feedback: autoDraw = False
820.9933 	EXP 	trial_feedback: autoDraw = False
820.9933 	EXP 	exp_feedback: autoDraw = False
831.2987 	EXP 	unnamed Polygon: autoDraw = True
831.2987 	EXP 	unnamed Polygon: autoDraw = True
831.3057 	EXP 	unnamed Polygon: autoDraw = True
831.3089 	EXP 	unnamed Polygon: autoDraw = True
831.3225 	EXP 	unnamed Polygon: autoDraw = True
831.3307 	EXP 	unnamed Polygon: autoDraw = True
831.3339 	EXP 	unnamed Polygon: autoDraw = True
831.3482 	EXP 	unnamed Polygon: autoDraw = True
831.3560 	EXP 	unnamed Polygon: autoDraw = True
831.3600 	EXP 	unnamed Polygon: autoDraw = True
831.3728 	EXP 	unnamed Polygon: autoDraw = True
831.3809 	EXP 	unnamed Polygon: autoDraw = True
831.3849 	EXP 	unnamed Polygon: autoDraw = True
831.3977 	EXP 	unnamed Polygon: autoDraw = True
831.4059 	EXP 	unnamed Polygon: autoDraw = True
831.4101 	EXP 	unnamed Polygon: autoDraw = True
831.4228 	EXP 	unnamed Polygon: autoDraw = True
831.4309 	EXP 	unnamed Polygon: autoDraw = True
831.4353 	EXP 	unnamed Polygon: autoDraw = True
831.4478 	EXP 	unnamed Polygon: autoDraw = True
831.4560 	EXP 	unnamed Polygon: autoDraw = True
831.4606 	EXP 	unnamed Polygon: autoDraw = True
831.4728 	EXP 	unnamed Polygon: autoDraw = True
831.4809 	EXP 	unnamed Polygon: autoDraw = True
831.4854 	EXP 	unnamed Polygon: autoDraw = True
831.4979 	EXP 	unnamed Polygon: autoDraw = True
831.5060 	EXP 	unnamed Polygon: autoDraw = True
831.5101 	EXP 	unnamed Polygon: autoDraw = True
831.5229 	EXP 	unnamed Polygon: autoDraw = True
831.5310 	EXP 	unnamed Polygon: autoDraw = True
831.5349 	DATA 	Keypress: 1
831.5392 	EXP 	unnamed Polygon: autoDraw = True
831.5427 	EXP 	unnamed Polygon: autoDraw = True
831.5561 	EXP 	unnamed Polygon: autoDraw = True
831.5642 	EXP 	unnamed Polygon: autoDraw = True
831.5683 	EXP 	unnamed Polygon: autoDraw = True
831.5811 	EXP 	unnamed Polygon: autoDraw = True
831.5892 	EXP 	unnamed Polygon: autoDraw = True
831.5937 	EXP 	unnamed Polygon: autoDraw = True
831.6061 	EXP 	unnamed Polygon: autoDraw = True
831.6171 	EXP 	unnamed Polygon: autoDraw = False
833.1019 	EXP 	trial_feedback: height = 0.09
833.1019 	EXP 	trial_feedback: height = 0.09
833.1019 	EXP 	trial_feedback: height = 0.09
833.1019 	EXP 	trial_feedback: text = 'Hit!\n$0.00'
833.1019 	EXP 	trial_feedback: autoDraw = True
835.0977 	EXP 	trial_feedback: autoDraw = False
835.1023 	EXP 	trial_feedback: autoDraw = False
835.1023 	EXP 	exp_feedback: autoDraw = False
843.5620 	EXP 	unnamed Polygon: autoDraw = True
843.5620 	EXP 	unnamed Polygon: autoDraw = True
843.5676 	EXP 	unnamed Polygon: autoDraw = True
843.5808 	EXP 	unnamed Polygon: autoDraw = True
843.5891 	EXP 	unnamed Polygon: autoDraw = True
843.5919 	EXP 	unnamed Polygon: autoDraw = True
843.6058 	EXP 	unnamed Polygon: autoDraw = True
843.6141 	EXP 	unnamed Polygon: autoDraw = True
843.6167 	EXP 	unnamed Polygon: autoDraw = True
843.6316 	EXP 	unnamed Polygon: autoDraw = True
843.6395 	EXP 	unnamed Polygon: autoDraw = True
843.6424 	EXP 	unnamed Polygon: autoDraw = True
843.6567 	EXP 	unnamed Polygon: autoDraw = True
843.6643 	EXP 	unnamed Polygon: autoDraw = True
843.6685 	EXP 	unnamed Polygon: autoDraw = True
843.6812 	EXP 	unnamed Polygon: autoDraw = True
843.6892 	EXP 	unnamed Polygon: autoDraw = True
843.6932 	EXP 	unnamed Polygon: autoDraw = True
843.7064 	EXP 	unnamed Polygon: autoDraw = True
843.7096 	DATA 	Keypress: 1
843.7137 	EXP 	unnamed Polygon: autoDraw = True
843.7178 	EXP 	unnamed Polygon: autoDraw = True
843.7307 	EXP 	unnamed Polygon: autoDraw = True
843.7390 	EXP 	unnamed Polygon: autoDraw = True
843.7416 	EXP 	unnamed Polygon: autoDraw = True
843.7569 	EXP 	unnamed Polygon: autoDraw = True
843.7640 	EXP 	unnamed Polygon: autoDraw = True
843.7669 	EXP 	unnamed Polygon: autoDraw = True
843.7816 	EXP 	unnamed Polygon: autoDraw = True
843.7893 	EXP 	unnamed Polygon: autoDraw = True
843.7925 	EXP 	unnamed Polygon: autoDraw = True
843.8061 	EXP 	unnamed Polygon: autoDraw = True
843.8142 	EXP 	unnamed Polygon: autoDraw = True
843.8177 	EXP 	unnamed Polygon: autoDraw = True
843.8311 	EXP 	unnamed Polygon: autoDraw = True
843.8392 	EXP 	unnamed Polygon: autoDraw = True
843.8425 	EXP 	unnamed Polygon: autoDraw = True
843.8562 	EXP 	unnamed Polygon: autoDraw = True
843.8636 	EXP 	unnamed Polygon: autoDraw = False
845.3061 	EXP 	trial_feedback: height = 0.09
845.3061 	EXP 	trial_feedback: height = 0.09
845.3061 	EXP 	trial_feedback: height = 0.09
845.3061 	EXP 	trial_feedback: text = 'Hit!\n+$1.50'
845.3061 	EXP 	trial_feedback: autoDraw = True
847.2810 	EXP 	trial_feedback: autoDraw = False
847.2978 	EXP 	trial_feedback: autoDraw = False
847.2978 	EXP 	exp_feedback: autoDraw = False
857.7458 	EXP 	unnamed Polygon: autoDraw = True
857.7458 	EXP 	unnamed Polygon: autoDraw = True
857.7507 	EXP 	unnamed Polygon: autoDraw = True
857.7641 	EXP 	unnamed Polygon: autoDraw = True
857.7724 	EXP 	unnamed Polygon: autoDraw = True
857.7752 	EXP 	unnamed Polygon: autoDraw = True
857.7891 	EXP 	unnamed Polygon: autoDraw = True
857.7982 	EXP 	unnamed Polygon: autoDraw = True
857.8009 	EXP 	unnamed Polygon: autoDraw = True
857.8150 	EXP 	unnamed Polygon: autoDraw = True
857.8228 	EXP 	unnamed Polygon: autoDraw = True
857.8252 	EXP 	unnamed Polygon: autoDraw = True
857.8397 	EXP 	unnamed Polygon: autoDraw = True
857.8478 	EXP 	unnamed Polygon: autoDraw = True
857.8502 	EXP 	unnamed Polygon: autoDraw = True
857.8641 	EXP 	unnamed Polygon: autoDraw = True
857.8736 	EXP 	unnamed Polygon: autoDraw = True
857.8756 	EXP 	unnamed Polygon: autoDraw = True
857.8901 	EXP 	unnamed Polygon: autoDraw = True
857.8976 	EXP 	unnamed Polygon: autoDraw = True
857.9005 	EXP 	unnamed Polygon: autoDraw = True
857.9149 	EXP 	unnamed Polygon: autoDraw = True
857.9229 	EXP 	unnamed Polygon: autoDraw = True
857.9256 	EXP 	unnamed Polygon: autoDraw = True
857.9391 	EXP 	unnamed Polygon: autoDraw = True
857.9485 	EXP 	unnamed Polygon: autoDraw = True
857.9513 	EXP 	unnamed Polygon: autoDraw = True
857.9651 	EXP 	unnamed Polygon: autoDraw = True
857.9671 	DATA 	Keypress: 1
857.9724 	EXP 	unnamed Polygon: autoDraw = True
857.9760 	EXP 	unnamed Polygon: autoDraw = True
857.9891 	EXP 	unnamed Polygon: autoDraw = True
857.9974 	EXP 	unnamed Polygon: autoDraw = False
859.3474 	EXP 	trial_feedback: height = 0.09
859.3474 	EXP 	trial_feedback: height = 0.09
859.3474 	EXP 	trial_feedback: height = 0.09
859.3474 	EXP 	trial_feedback: text = 'Hit!\n$0.00'
859.3474 	EXP 	trial_feedback: autoDraw = True
861.3476 	EXP 	trial_feedback: autoDraw = False
861.3476 	EXP 	exp_feedback: autoDraw = False
867.8043 	EXP 	unnamed Polygon: autoDraw = True
867.8043 	EXP 	unnamed Polygon: autoDraw = True
867.8089 	EXP 	unnamed Polygon: autoDraw = True
867.8225 	EXP 	unnamed Polygon: autoDraw = True
867.8307 	EXP 	unnamed Polygon: autoDraw = True
867.8333 	EXP 	unnamed Polygon: autoDraw = True
867.8476 	EXP 	unnamed Polygon: autoDraw = True
867.8563 	EXP 	unnamed Polygon: autoDraw = True
867.8590 	EXP 	unnamed Polygon: autoDraw = True
867.8734 	EXP 	unnamed Polygon: autoDraw = True
867.8814 	EXP 	unnamed Polygon: autoDraw = True
867.8845 	EXP 	unnamed Polygon: autoDraw = True
867.8975 	EXP 	unnamed Polygon: autoDraw = True
867.9067 	EXP 	unnamed Polygon: autoDraw = True
867.9093 	EXP 	unnamed Polygon: autoDraw = True
867.9233 	EXP 	unnamed Polygon: autoDraw = True
867.9309 	EXP 	unnamed Polygon: autoDraw = True
867.9343 	EXP 	unnamed Polygon: autoDraw = True
867.9478 	EXP 	unnamed Polygon: autoDraw = True
867.9559 	EXP 	unnamed Polygon: autoDraw = True
867.9590 	EXP 	unnamed Polygon: autoDraw = True
867.9728 	EXP 	unnamed Polygon: autoDraw = True
867.9810 	EXP 	unnamed Polygon: autoDraw = True
867.9854 	EXP 	unnamed Polygon: autoDraw = True
867.9978 	EXP 	unnamed Polygon: autoDraw = True
868.0060 	EXP 	unnamed Polygon: autoDraw = True
868.0095 	EXP 	unnamed Polygon: autoDraw = True
868.0228 	EXP 	unnamed Polygon: autoDraw = True
868.0265 	DATA 	Keypress: 1
868.0305 	EXP 	unnamed Polygon: autoDraw = True
868.0344 	EXP 	unnamed Polygon: autoDraw = True
868.0474 	EXP 	unnamed Polygon: autoDraw = True
868.0557 	EXP 	unnamed Polygon: autoDraw = True
868.0582 	EXP 	unnamed Polygon: autoDraw = True
868.0726 	EXP 	unnamed Polygon: autoDraw = True
868.0807 	EXP 	unnamed Polygon: autoDraw = True
868.0834 	EXP 	unnamed Polygon: autoDraw = True
868.0985 	EXP 	unnamed Polygon: autoDraw = True
868.1057 	EXP 	unnamed Polygon: autoDraw = True
868.1090 	EXP 	unnamed Polygon: autoDraw = True
868.1235 	EXP 	unnamed Polygon: autoDraw = True
868.1312 	EXP 	unnamed Polygon: autoDraw = True
868.1333 	EXP 	unnamed Polygon: autoDraw = True
868.1475 	EXP 	unnamed Polygon: autoDraw = True
868.1568 	EXP 	unnamed Polygon: autoDraw = True
868.1734 	EXP 	unnamed Polygon: autoDraw = True
868.1810 	EXP 	unnamed Polygon: autoDraw = True
868.1850 	EXP 	unnamed Polygon: autoDraw = True
868.1978 	EXP 	unnamed Polygon: autoDraw = True
868.2053 	EXP 	unnamed Polygon: autoDraw = False
869.5560 	EXP 	trial_feedback: text = 'Hit!\n$0.00'
869.5560 	EXP 	trial_feedback: autoDraw = True
871.5557 	EXP 	trial_feedback: autoDraw = False
871.5683 	EXP 	trial_feedback: autoDraw = False
871.5683 	EXP 	exp_feedback: autoDraw = False
879.6074 	EXP 	unnamed Polygon: autoDraw = True
879.6074 	EXP 	unnamed Polygon: autoDraw = True
879.6132 	EXP 	unnamed Polygon: autoDraw = True
879.6267 	EXP 	unnamed Polygon: autoDraw = True
879.6350 	EXP 	unnamed Polygon: autoDraw = True
879.6373 	EXP 	unnamed Polygon: autoDraw = True
879.6520 	EXP 	unnamed Polygon: autoDraw = True
879.6602 	EXP 	unnamed Polygon: autoDraw = True
879.6641 	EXP 	unnamed Polygon: autoDraw = True
879.6770 	EXP 	unnamed Polygon: autoDraw = True
879.6851 	EXP 	unnamed Polygon: autoDraw = True
879.6893 	EXP 	unnamed Polygon: autoDraw = True
879.7019 	EXP 	unnamed Polygon: autoDraw = True
879.7102 	EXP 	unnamed Polygon: autoDraw = True
879.7145 	EXP 	unnamed Polygon: autoDraw = True
879.7269 	EXP 	unnamed Polygon: autoDraw = True
879.7351 	EXP 	unnamed Polygon: autoDraw = True
879.7390 	EXP 	unnamed Polygon: autoDraw = True
879.7519 	EXP 	unnamed Polygon: autoDraw = True
879.7601 	EXP 	unnamed Polygon: autoDraw = True
879.7641 	EXP 	unnamed Polygon: autoDraw = True
879.7770 	EXP 	unnamed Polygon: autoDraw = True
879.7851 	EXP 	unnamed Polygon: autoDraw = True
879.7898 	EXP 	unnamed Polygon: autoDraw = True
879.8020 	EXP 	unnamed Polygon: autoDraw = True
879.8102 	EXP 	unnamed Polygon: autoDraw = True
879.8141 	EXP 	unnamed Polygon: autoDraw = True
879.8270 	EXP 	unnamed Polygon: autoDraw = True
879.8351 	EXP 	unnamed Polygon: autoDraw = True
879.8390 	EXP 	unnamed Polygon: autoDraw = True
879.8520 	EXP 	unnamed Polygon: autoDraw = True
879.8557 	DATA 	Keypress: 1
879.8600 	EXP 	unnamed Polygon: autoDraw = True
879.8638 	EXP 	unnamed Polygon: autoDraw = True
879.8769 	EXP 	unnamed Polygon: autoDraw = True
879.8851 	EXP 	unnamed Polygon: autoDraw = True
879.8887 	EXP 	unnamed Polygon: autoDraw = True
879.9020 	EXP 	unnamed Polygon: autoDraw = True
879.9101 	EXP 	unnamed Polygon: autoDraw = True
879.9141 	EXP 	unnamed Polygon: autoDraw = True
879.9271 	EXP 	unnamed Polygon: autoDraw = True
879.9351 	EXP 	unnamed Polygon: autoDraw = True
879.9387 	EXP 	unnamed Polygon: autoDraw = True
879.9519 	EXP 	unnamed Polygon: autoDraw = True
879.9602 	EXP 	unnamed Polygon: autoDraw = True
879.9646 	EXP 	unnamed Polygon: autoDraw = True
879.9770 	EXP 	unnamed Polygon: autoDraw = True
880.0020 	EXP 	unnamed Polygon: autoDraw = False
881.7268 	EXP 	trial_feedback: text = 'Hit!\n$0.00'
881.7268 	EXP 	trial_feedback: autoDraw = True
883.7187 	EXP 	trial_feedback: autoDraw = False
883.7269 	EXP 	trial_feedback: autoDraw = False
883.7269 	EXP 	exp_feedback: autoDraw = False
892.0405 	EXP 	unnamed Polygon: autoDraw = True
892.0405 	EXP 	unnamed Polygon: autoDraw = True
892.0517 	EXP 	unnamed Polygon: autoDraw = True
892.0602 	EXP 	unnamed Polygon: autoDraw = True
892.0641 	EXP 	unnamed Polygon: autoDraw = True
892.0771 	EXP 	unnamed Polygon: autoDraw = True
892.0853 	EXP 	unnamed Polygon: autoDraw = True
892.0894 	EXP 	unnamed Polygon: autoDraw = True
892.1020 	EXP 	unnamed Polygon: autoDraw = True
892.1101 	EXP 	unnamed Polygon: autoDraw = True
892.1137 	EXP 	unnamed Polygon: autoDraw = True
892.1274 	EXP 	unnamed Polygon: autoDraw = True
892.1351 	EXP 	unnamed Polygon: autoDraw = True
892.1386 	EXP 	unnamed Polygon: autoDraw = True
892.1520 	EXP 	unnamed Polygon: autoDraw = True
892.1601 	EXP 	unnamed Polygon: autoDraw = True
892.1630 	EXP 	unnamed Polygon: autoDraw = True
892.1771 	EXP 	unnamed Polygon: autoDraw = True
892.1851 	EXP 	unnamed Polygon: autoDraw = True
892.1883 	EXP 	unnamed Polygon: autoDraw = True
892.2021 	EXP 	unnamed Polygon: autoDraw = True
892.2102 	EXP 	unnamed Polygon: autoDraw = True
892.2138 	EXP 	unnamed Polygon: autoDraw = True
892.2270 	EXP 	unnamed Polygon: autoDraw = True
892.2351 	EXP 	unnamed Polygon: autoDraw = True
892.2393 	EXP 	unnamed Polygon: autoDraw = True
892.2520 	EXP 	unnamed Polygon: autoDraw = True
892.2589 	DATA 	Keypress: 1
892.2639 	EXP 	unnamed Polygon: autoDraw = False
893.7455 	EXP 	trial_feedback: height = 0.09
893.7455 	EXP 	trial_feedback: height = 0.09
893.7455 	EXP 	trial_feedback: height = 0.09
893.7455 	EXP 	trial_feedback: text = 'Miss!\n$0.00'
893.7455 	EXP 	trial_feedback: autoDraw = True
895.7396 	EXP 	trial_feedback: autoDraw = False
895.7523 	EXP 	trial_feedback: autoDraw = False
895.7523 	EXP 	exp_feedback: autoDraw = False
902.2412 	EXP 	unnamed Polygon: autoDraw = True
902.2412 	EXP 	unnamed Polygon: autoDraw = True
902.2517 	EXP 	unnamed Polygon: autoDraw = True
902.2640 	EXP 	unnamed Polygon: autoDraw = True
902.2771 	EXP 	unnamed Polygon: autoDraw = True
902.2896 	EXP 	unnamed Polygon: autoDraw = True
902.3018 	EXP 	unnamed Polygon: autoDraw = True
902.3146 	EXP 	unnamed Polygon: autoDraw = True
902.3276 	EXP 	unnamed Polygon: autoDraw = True
902.3397 	EXP 	unnamed Polygon: autoDraw = True
902.3527 	EXP 	unnamed Polygon: autoDraw = True
902.3647 	EXP 	unnamed Polygon: autoDraw = True
902.3777 	EXP 	unnamed Polygon: autoDraw = True
902.3898 	EXP 	unnamed Polygon: autoDraw = True
902.4027 	EXP 	unnamed Polygon: autoDraw = True
902.4149 	EXP 	unnamed Polygon: autoDraw = True
902.4270 	EXP 	unnamed Polygon: autoDraw = True
902.4393 	EXP 	unnamed Polygon: autoDraw = True
902.4521 	EXP 	unnamed Polygon: autoDraw = True
902.4649 	EXP 	unnamed Polygon: autoDraw = True
902.4774 	EXP 	unnamed Polygon: autoDraw = True
902.4814 	DATA 	Keypress: 1
902.4894 	EXP 	unnamed Polygon: autoDraw = True
902.5025 	EXP 	unnamed Polygon: autoDraw = True
902.5151 	EXP 	unnamed Polygon: autoDraw = True
902.5268 	EXP 	unnamed Polygon: autoDraw = True
902.5401 	EXP 	unnamed Polygon: autoDraw = True
902.5519 	EXP 	unnamed Polygon: autoDraw = True
902.5644 	EXP 	unnamed Polygon: autoDraw = True
902.5772 	EXP 	unnamed Polygon: autoDraw = True
902.5902 	EXP 	unnamed Polygon: autoDraw = True
902.6019 	EXP 	unnamed Polygon: autoDraw = False
903.9024 	EXP 	trial_feedback: height = 0.09
903.9024 	EXP 	trial_feedback: height = 0.09
903.9024 	EXP 	trial_feedback: height = 0.09
903.9024 	EXP 	trial_feedback: text = 'Hit!\n$0.00'
903.9024 	EXP 	trial_feedback: autoDraw = True
905.9024 	EXP 	trial_feedback: autoDraw = False
905.9144 	EXP 	trial_feedback: autoDraw = False
905.9144 	EXP 	exp_feedback: autoDraw = False
916.0917 	EXP 	unnamed Polygon: autoDraw = True
916.0917 	EXP 	unnamed Polygon: autoDraw = True
916.1015 	EXP 	unnamed Polygon: autoDraw = True
916.1147 	EXP 	unnamed Polygon: autoDraw = True
916.1268 	EXP 	unnamed Polygon: autoDraw = True
916.1393 	EXP 	unnamed Polygon: autoDraw = True
916.1519 	EXP 	unnamed Polygon: autoDraw = True
916.1649 	EXP 	unnamed Polygon: autoDraw = True
916.1770 	EXP 	unnamed Polygon: autoDraw = True
916.1898 	EXP 	unnamed Polygon: autoDraw = True
916.2025 	EXP 	unnamed Polygon: autoDraw = True
916.2148 	EXP 	unnamed Polygon: autoDraw = True
916.2272 	EXP 	unnamed Polygon: autoDraw = True
916.2395 	EXP 	unnamed Polygon: autoDraw = True
916.2522 	EXP 	unnamed Polygon: autoDraw = True
916.2646 	EXP 	unnamed Polygon: autoDraw = True
916.2768 	EXP 	unnamed Polygon: autoDraw = True
916.2897 	EXP 	unnamed Polygon: autoDraw = True
916.3023 	EXP 	unnamed Polygon: autoDraw = True
916.3148 	EXP 	unnamed Polygon: autoDraw = True
916.3272 	EXP 	unnamed Polygon: autoDraw = True
916.3309 	DATA 	Keypress: 1
916.3394 	EXP 	unnamed Polygon: autoDraw = True
916.3527 	EXP 	unnamed Polygon: autoDraw = True
916.3642 	EXP 	unnamed Polygon: autoDraw = True
916.3779 	EXP 	unnamed Polygon: autoDraw = True
916.3899 	EXP 	unnamed Polygon: autoDraw = False
918.0280 	EXP 	trial_feedback: text = 'Hit!\n$0.00'
918.0280 	EXP 	trial_feedback: autoDraw = True
920.0187 	EXP 	trial_feedback: autoDraw = False
920.0268 	EXP 	trial_feedback: autoDraw = False
920.0268 	EXP 	exp_feedback: autoDraw = False
926.4662 	EXP 	unnamed Polygon: autoDraw = True
926.4662 	EXP 	unnamed Polygon: autoDraw = True
926.4767 	EXP 	unnamed Polygon: autoDraw = True
926.4852 	EXP 	unnamed Polygon: autoDraw = True
926.4883 	EXP 	unnamed Polygon: autoDraw = True
926.4931 	EXP 	unnamed Polygon: autoDraw = True
926.5060 	EXP 	unnamed Polygon: autoDraw = True
926.5142 	EXP 	unnamed Polygon: autoDraw = True
926.5177 	EXP 	unnamed Polygon: autoDraw = True
926.5313 	EXP 	unnamed Polygon: autoDraw = True
926.5392 	EXP 	unnamed Polygon: autoDraw = True
926.5425 	EXP 	unnamed Polygon: autoDraw = True
926.5563 	EXP 	unnamed Polygon: autoDraw = True
926.5647 	EXP 	unnamed Polygon: autoDraw = True
926.5676 	EXP 	unnamed Polygon: autoDraw = True
926.5815 	EXP 	unnamed Polygon: autoDraw = True
926.5892 	EXP 	unnamed Polygon: autoDraw = True
926.5929 	EXP 	unnamed Polygon: autoDraw = True
926.6061 	EXP 	unnamed Polygon: autoDraw = True
926.6143 	EXP 	unnamed Polygon: autoDraw = True
926.6179 	EXP 	unnamed Polygon: autoDraw = True
926.6312 	EXP 	unnamed Polygon: autoDraw = True
926.6393 	EXP 	unnamed Polygon: autoDraw = True
926.6425 	EXP 	unnamed Polygon: autoDraw = True
926.6566 	EXP 	unnamed Polygon: autoDraw = True
926.6643 	EXP 	unnamed Polygon: autoDraw = True
926.6677 	EXP 	unnamed Polygon: autoDraw = True
926.6810 	EXP 	unnamed Polygon: autoDraw = True
926.6894 	EXP 	unnamed Polygon: autoDraw = True
926.6929 	DATA 	Keypress: 1
926.6963 	EXP 	unnamed Polygon: autoDraw = True
926.7006 	EXP 	unnamed Polygon: autoDraw = True
926.7141 	EXP 	unnamed Polygon: autoDraw = True
926.7224 	EXP 	unnamed Polygon: autoDraw = True
926.7250 	EXP 	unnamed Polygon: autoDraw = True
926.7391 	EXP 	unnamed Polygon: autoDraw = True
926.7473 	EXP 	unnamed Polygon: autoDraw = False
928.1019 	EXP 	trial_feedback: text = 'Hit!\n$0.00'
928.1019 	EXP 	trial_feedback: autoDraw = True
930.0977 	EXP 	trial_feedback: autoDraw = False
930.1145 	EXP 	trial_feedback: autoDraw = False
930.1145 	EXP 	exp_feedback: autoDraw = False
940.2080 	EXP 	unnamed Polygon: autoDraw = True
940.2080 	EXP 	unnamed Polygon: autoDraw = True
940.2135 	EXP 	unnamed Polygon: autoDraw = True
940.2267 	EXP 	unnamed Polygon: autoDraw = True
940.2345 	EXP 	unnamed Polygon: autoDraw = True
940.2482 	EXP 	unnamed Polygon: autoDraw = True
940.2602 	EXP 	unnamed Polygon: autoDraw = True
940.2734 	EXP 	unnamed Polygon: autoDraw = True
940.2853 	EXP 	unnamed Polygon: autoDraw = True
940.2984 	EXP 	unnamed Polygon: autoDraw = True
940.3111 	EXP 	unnamed Polygon: autoDraw = True
940.3237 	EXP 	unnamed Polygon: autoDraw = True
940.3357 	EXP 	unnamed Polygon: autoDraw = True
940.3486 	EXP 	unnamed Polygon: autoDraw = True
940.3606 	EXP 	unnamed Polygon: autoDraw = True
940.3732 	EXP 	unnamed Polygon: autoDraw = True
940.3854 	EXP 	unnamed Polygon: autoDraw = True
940.3981 	EXP 	unnamed Polygon: autoDraw = True
940.4107 	EXP 	unnamed Polygon: autoDraw = True
940.4235 	EXP 	unnamed Polygon: autoDraw = True
940.4273 	DATA 	Keypress: 1
940.4353 	EXP 	unnamed Polygon: autoDraw = True
940.4486 	EXP 	unnamed Polygon: autoDraw = True
940.4608 	EXP 	unnamed Polygon: autoDraw = True
940.4735 	EXP 	unnamed Polygon: autoDraw = True
940.4859 	EXP 	unnamed Polygon: autoDraw = True
940.4983 	EXP 	unnamed Polygon: autoDraw = True
940.5097 	EXP 	unnamed Polygon: autoDraw = False
942.2226 	EXP 	trial_feedback: text = 'Hit!\n$0.00'
942.2226 	EXP 	trial_feedback: autoDraw = True
944.2227 	EXP 	trial_feedback: autoDraw = False
944.2270 	EXP 	trial_feedback: autoDraw = False
944.2270 	EXP 	exp_feedback: autoDraw = False
950.6865 	EXP 	unnamed Polygon: autoDraw = True
950.6865 	EXP 	unnamed Polygon: autoDraw = True
950.6978 	EXP 	unnamed Polygon: autoDraw = True
950.7060 	EXP 	unnamed Polygon: autoDraw = True
950.7097 	EXP 	unnamed Polygon: autoDraw = True
950.7228 	EXP 	unnamed Polygon: autoDraw = True
950.7310 	EXP 	unnamed Polygon: autoDraw = True
950.7346 	EXP 	unnamed Polygon: autoDraw = True
950.7479 	EXP 	unnamed Polygon: autoDraw = True
950.7560 	EXP 	unnamed Polygon: autoDraw = True
950.7599 	EXP 	unnamed Polygon: autoDraw = True
950.7730 	EXP 	unnamed Polygon: autoDraw = True
950.7810 	EXP 	unnamed Polygon: autoDraw = True
950.7850 	EXP 	unnamed Polygon: autoDraw = True
950.7979 	EXP 	unnamed Polygon: autoDraw = True
950.8061 	EXP 	unnamed Polygon: autoDraw = True
950.8102 	EXP 	unnamed Polygon: autoDraw = True
950.8229 	EXP 	unnamed Polygon: autoDraw = True
950.8310 	EXP 	unnamed Polygon: autoDraw = True
950.8345 	EXP 	unnamed Polygon: autoDraw = True
950.8477 	EXP 	unnamed Polygon: autoDraw = True
950.8560 	EXP 	unnamed Polygon: autoDraw = True
950.8603 	EXP 	unnamed Polygon: autoDraw = True
950.8728 	EXP 	unnamed Polygon: autoDraw = True
950.8810 	EXP 	unnamed Polygon: autoDraw = True
950.8845 	DATA 	Keypress: 1
950.8888 	EXP 	unnamed Polygon: autoDraw = True
950.8932 	EXP 	unnamed Polygon: autoDraw = True
950.9063 	EXP 	unnamed Polygon: autoDraw = True
950.9143 	EXP 	unnamed Polygon: autoDraw = True
950.9185 	EXP 	unnamed Polygon: autoDraw = True
950.9312 	EXP 	unnamed Polygon: autoDraw = True
950.9393 	EXP 	unnamed Polygon: autoDraw = True
950.9429 	EXP 	unnamed Polygon: autoDraw = True
950.9561 	EXP 	unnamed Polygon: autoDraw = True
950.9639 	EXP 	unnamed Polygon: autoDraw = False
952.3326 	EXP 	trial_feedback: height = 0.09
952.3326 	EXP 	trial_feedback: height = 0.09
952.3326 	EXP 	trial_feedback: height = 0.09
952.3326 	EXP 	trial_feedback: text = 'Hit!\n+$1.50'
952.3326 	EXP 	trial_feedback: autoDraw = True
954.3271 	EXP 	trial_feedback: autoDraw = False
954.3400 	EXP 	trial_feedback: autoDraw = False
954.3400 	EXP 	exp_feedback: autoDraw = False
960.6794 	EXP 	unnamed Polygon: autoDraw = True
960.6794 	EXP 	unnamed Polygon: autoDraw = True
960.6889 	EXP 	unnamed Polygon: autoDraw = True
960.7020 	EXP 	unnamed Polygon: autoDraw = True
960.7146 	EXP 	unnamed Polygon: autoDraw = True
960.7272 	EXP 	unnamed Polygon: autoDraw = True
960.7394 	EXP 	unnamed Polygon: autoDraw = True
960.7519 	EXP 	unnamed Polygon: autoDraw = True
960.7644 	EXP 	unnamed Polygon: autoDraw = True
960.7771 	EXP 	unnamed Polygon: autoDraw = True
960.7899 	EXP 	unnamed Polygon: autoDraw = True
960.8024 	EXP 	unnamed Polygon: autoDraw = True
960.8149 	EXP 	unnamed Polygon: autoDraw = True
960.8277 	EXP 	unnamed Polygon: autoDraw = True
960.8399 	EXP 	unnamed Polygon: autoDraw = True
960.8527 	EXP 	unnamed Polygon: autoDraw = True
960.8650 	EXP 	unnamed Polygon: autoDraw = True
960.8776 	EXP 	unnamed Polygon: autoDraw = True
960.8901 	EXP 	unnamed Polygon: autoDraw = True
960.9028 	EXP 	unnamed Polygon: autoDraw = True
960.9147 	EXP 	unnamed Polygon: autoDraw = True
960.9274 	EXP 	unnamed Polygon: autoDraw = True
960.9399 	EXP 	unnamed Polygon: autoDraw = True
960.9521 	EXP 	unnamed Polygon: autoDraw = True
960.9648 	EXP 	unnamed Polygon: autoDraw = False
960.9817 	DATA 	Keypress: 1
962.4014 	EXP 	trial_feedback: height = 0.09
962.4014 	EXP 	trial_feedback: height = 0.09
962.4014 	EXP 	trial_feedback: height = 0.09
962.4014 	EXP 	trial_feedback: text = 'Miss!\n-$1.50'
962.4014 	EXP 	trial_feedback: autoDraw = True
964.4023 	EXP 	trial_feedback: autoDraw = False
964.4146 	EXP 	trial_feedback: autoDraw = False
964.4146 	EXP 	exp_feedback: autoDraw = False
970.6688 	DATA 	Keypress: 1
974.6562 	DATA 	Keypress: 1
974.8790 	EXP 	unnamed Polygon: autoDraw = True
974.8790 	EXP 	unnamed Polygon: autoDraw = True
974.8900 	EXP 	unnamed Polygon: autoDraw = True
974.9018 	EXP 	unnamed Polygon: autoDraw = True
974.9146 	EXP 	unnamed Polygon: autoDraw = True
974.9271 	EXP 	unnamed Polygon: autoDraw = True
974.9393 	EXP 	unnamed Polygon: autoDraw = True
974.9524 	EXP 	unnamed Polygon: autoDraw = True
974.9646 	EXP 	unnamed Polygon: autoDraw = True
974.9770 	EXP 	unnamed Polygon: autoDraw = True
974.9896 	EXP 	unnamed Polygon: autoDraw = True
975.0027 	EXP 	unnamed Polygon: autoDraw = True
975.0151 	EXP 	unnamed Polygon: autoDraw = True
975.0271 	EXP 	unnamed Polygon: autoDraw = True
975.0401 	EXP 	unnamed Polygon: autoDraw = True
975.0525 	EXP 	unnamed Polygon: autoDraw = True
975.0654 	EXP 	unnamed Polygon: autoDraw = True
975.0782 	EXP 	unnamed Polygon: autoDraw = True
975.0817 	DATA 	Keypress: 1
975.0900 	EXP 	unnamed Polygon: autoDraw = True
975.1028 	EXP 	unnamed Polygon: autoDraw = True
975.1151 	EXP 	unnamed Polygon: autoDraw = True
975.1278 	EXP 	unnamed Polygon: autoDraw = True
975.1406 	EXP 	unnamed Polygon: autoDraw = True
975.1523 	EXP 	unnamed Polygon: autoDraw = True
975.1643 	EXP 	unnamed Polygon: autoDraw = False
976.5351 	EXP 	trial_feedback: height = 0.09
976.5351 	EXP 	trial_feedback: height = 0.09
976.5351 	EXP 	trial_feedback: height = 0.09
976.5351 	EXP 	trial_feedback: text = 'Miss!\n$0.00'
976.5351 	EXP 	trial_feedback: autoDraw = True
978.5311 	EXP 	trial_feedback: autoDraw = False
978.5354 	EXP 	trial_feedback: autoDraw = False
978.5354 	EXP 	exp_feedback: autoDraw = False
984.8511 	DATA 	Keypress: 1
984.9948 	EXP 	unnamed Polygon: autoDraw = True
984.9948 	EXP 	unnamed Polygon: autoDraw = True
985.0060 	EXP 	unnamed Polygon: autoDraw = True
985.0142 	EXP 	unnamed Polygon: autoDraw = True
985.0171 	EXP 	unnamed Polygon: autoDraw = True
985.0222 	EXP 	unnamed Polygon: autoDraw = True
985.0346 	EXP 	unnamed Polygon: autoDraw = True
985.0476 	EXP 	unnamed Polygon: autoDraw = True
985.0595 	EXP 	unnamed Polygon: autoDraw = True
985.0730 	EXP 	unnamed Polygon: autoDraw = True
985.0857 	EXP 	unnamed Polygon: autoDraw = True
985.0978 	EXP 	unnamed Polygon: autoDraw = True
985.1104 	EXP 	unnamed Polygon: autoDraw = True
985.1234 	EXP 	unnamed Polygon: autoDraw = True
985.1359 	EXP 	unnamed Polygon: autoDraw = True
985.1478 	EXP 	unnamed Polygon: autoDraw = True
985.1601 	EXP 	unnamed Polygon: autoDraw = True
985.1729 	EXP 	unnamed Polygon: autoDraw = True
985.1862 	EXP 	unnamed Polygon: autoDraw = True
985.1990 	EXP 	unnamed Polygon: autoDraw = True
985.2112 	EXP 	unnamed Polygon: autoDraw = True
985.2236 	EXP 	unnamed Polygon: autoDraw = True
985.2314 	DATA 	Keypress: 1
985.2360 	EXP 	unnamed Polygon: autoDraw = False
986.5478 	EXP 	trial_feedback: text = 'Miss!\n$0.00'
986.5478 	EXP 	trial_feedback: autoDraw = True
988.5477 	EXP 	trial_feedback: autoDraw = False
988.5518 	EXP 	trial_feedback: autoDraw = False
988.5518 	EXP 	exp_feedback: autoDraw = False
999.0282 	EXP 	unnamed Polygon: autoDraw = True
999.0282 	EXP 	unnamed Polygon: autoDraw = True
999.0395 	EXP 	unnamed Polygon: autoDraw = True
999.0476 	EXP 	unnamed Polygon: autoDraw = True
999.0506 	EXP 	unnamed Polygon: autoDraw = True
999.0552 	EXP 	unnamed Polygon: autoDraw = True
999.0684 	EXP 	unnamed Polygon: autoDraw = True
999.0725 	EXP 	unnamed Polygon: autoDraw = True
999.0896 	EXP 	unnamed Polygon: autoDraw = True
999.0934 	EXP 	unnamed Polygon: autoDraw = True
999.0968 	EXP 	unnamed Polygon: autoDraw = True
999.1108 	EXP 	unnamed Polygon: autoDraw = True
999.1185 	EXP 	unnamed Polygon: autoDraw = True
999.1218 	EXP 	unnamed Polygon: autoDraw = True
999.1354 	EXP 	unnamed Polygon: autoDraw = True
999.1433 	EXP 	unnamed Polygon: autoDraw = True
999.1469 	EXP 	unnamed Polygon: autoDraw = True
999.1603 	EXP 	unnamed Polygon: autoDraw = True
999.1686 	EXP 	unnamed Polygon: autoDraw = True
999.1719 	EXP 	unnamed Polygon: autoDraw = True
999.1852 	EXP 	unnamed Polygon: autoDraw = True
999.1936 	EXP 	unnamed Polygon: autoDraw = True
999.1969 	EXP 	unnamed Polygon: autoDraw = True
999.2105 	EXP 	unnamed Polygon: autoDraw = True
999.2190 	EXP 	unnamed Polygon: autoDraw = True
999.2217 	EXP 	unnamed Polygon: autoDraw = True
999.2352 	EXP 	unnamed Polygon: autoDraw = True
999.2436 	EXP 	unnamed Polygon: autoDraw = True
999.2466 	EXP 	unnamed Polygon: autoDraw = True
999.2610 	EXP 	unnamed Polygon: autoDraw = True
999.2643 	DATA 	Keypress: 1
999.2685 	EXP 	unnamed Polygon: autoDraw = True
999.2722 	EXP 	unnamed Polygon: autoDraw = True
999.2850 	EXP 	unnamed Polygon: autoDraw = True
999.2932 	EXP 	unnamed Polygon: autoDraw = True
999.2961 	EXP 	unnamed Polygon: autoDraw = True
999.3101 	EXP 	unnamed Polygon: autoDraw = True
999.3187 	EXP 	unnamed Polygon: autoDraw = True
999.3245 	EXP 	unnamed Polygon: autoDraw = False
1000.6535 	EXP 	trial_feedback: height = 0.09
1000.6535 	EXP 	trial_feedback: height = 0.09
1000.6535 	EXP 	trial_feedback: height = 0.09
1000.6535 	EXP 	trial_feedback: text = 'Hit!\n$0.00'
1000.6535 	EXP 	trial_feedback: autoDraw = True
1002.6480 	EXP 	trial_feedback: autoDraw = False
1002.6616 	EXP 	trial_feedback: autoDraw = False
1002.6616 	EXP 	exp_feedback: autoDraw = False
1012.7619 	EXP 	unnamed Polygon: autoDraw = True
1012.7619 	EXP 	unnamed Polygon: autoDraw = True
1012.7723 	EXP 	unnamed Polygon: autoDraw = True
1012.7852 	EXP 	unnamed Polygon: autoDraw = True
1012.7980 	EXP 	unnamed Polygon: autoDraw = True
1012.8105 	EXP 	unnamed Polygon: autoDraw = True
1012.8232 	EXP 	unnamed Polygon: autoDraw = True
1012.8352 	EXP 	unnamed Polygon: autoDraw = True
1012.8479 	EXP 	unnamed Polygon: autoDraw = True
1012.8604 	EXP 	unnamed Polygon: autoDraw = True
1012.8729 	EXP 	unnamed Polygon: autoDraw = True
1012.8855 	EXP 	unnamed Polygon: autoDraw = True
1012.8980 	EXP 	unnamed Polygon: autoDraw = True
1012.9105 	EXP 	unnamed Polygon: autoDraw = True
1012.9231 	EXP 	unnamed Polygon: autoDraw = True
1012.9354 	EXP 	unnamed Polygon: autoDraw = True
1012.9482 	EXP 	unnamed Polygon: autoDraw = True
1012.9606 	EXP 	unnamed Polygon: autoDraw = True
1012.9739 	EXP 	unnamed Polygon: autoDraw = True
1012.9861 	EXP 	unnamed Polygon: autoDraw = True
1012.9902 	DATA 	Keypress: 1
1012.9975 	EXP 	unnamed Polygon: autoDraw = True
1013.0107 	EXP 	unnamed Polygon: autoDraw = True
1013.0232 	EXP 	unnamed Polygon: autoDraw = False
1014.7106 	EXP 	trial_feedback: height = 0.09
1014.7106 	EXP 	trial_feedback: height = 0.09
1014.7106 	EXP 	trial_feedback: height = 0.09
1014.7106 	EXP 	trial_feedback: text = 'Hit!\n+$5.00'
1014.7106 	EXP 	trial_feedback: autoDraw = True
1016.6980 	EXP 	trial_feedback: autoDraw = False
1016.7110 	EXP 	trial_feedback: autoDraw = False
1016.7110 	EXP 	exp_feedback: autoDraw = False
1024.8872 	EXP 	unnamed Polygon: autoDraw = True
1024.8872 	EXP 	unnamed Polygon: autoDraw = True
1024.8983 	EXP 	unnamed Polygon: autoDraw = True
1024.9098 	EXP 	unnamed Polygon: autoDraw = True
1024.9226 	EXP 	unnamed Polygon: autoDraw = True
1024.9357 	EXP 	unnamed Polygon: autoDraw = True
1024.9478 	EXP 	unnamed Polygon: autoDraw = True
1024.9604 	EXP 	unnamed Polygon: autoDraw = True
1024.9729 	EXP 	unnamed Polygon: autoDraw = True
1024.9858 	EXP 	unnamed Polygon: autoDraw = True
1024.9978 	EXP 	unnamed Polygon: autoDraw = True
1025.0106 	EXP 	unnamed Polygon: autoDraw = True
1025.0232 	EXP 	unnamed Polygon: autoDraw = True
1025.0355 	EXP 	unnamed Polygon: autoDraw = True
1025.0482 	EXP 	unnamed Polygon: autoDraw = True
1025.0613 	EXP 	unnamed Polygon: autoDraw = True
1025.0736 	EXP 	unnamed Polygon: autoDraw = True
1025.0863 	EXP 	unnamed Polygon: autoDraw = True
1025.0983 	EXP 	unnamed Polygon: autoDraw = True
1025.1111 	EXP 	unnamed Polygon: autoDraw = True
1025.1153 	DATA 	Keypress: 1
1025.1225 	EXP 	unnamed Polygon: autoDraw = True
1025.1353 	EXP 	unnamed Polygon: autoDraw = True
1025.1478 	EXP 	unnamed Polygon: autoDraw = False
1026.7852 	EXP 	trial_feedback: height = 0.09
1026.7852 	EXP 	trial_feedback: height = 0.09
1026.7852 	EXP 	trial_feedback: height = 0.09
1026.7852 	EXP 	trial_feedback: text = 'Hit!\n$0.00'
1026.7852 	EXP 	trial_feedback: autoDraw = True
1028.7734 	EXP 	trial_feedback: autoDraw = False
1028.7982 	EXP 	trial_feedback: autoDraw = False
1028.7982 	EXP 	exp_feedback: autoDraw = False
1039.1271 	EXP 	unnamed Polygon: autoDraw = True
1039.1271 	EXP 	unnamed Polygon: autoDraw = True
1039.1352 	EXP 	unnamed Polygon: autoDraw = True
1039.1479 	EXP 	unnamed Polygon: autoDraw = True
1039.1597 	EXP 	unnamed Polygon: autoDraw = True
1039.1726 	EXP 	unnamed Polygon: autoDraw = True
1039.1852 	EXP 	unnamed Polygon: autoDraw = True
1039.1979 	EXP 	unnamed Polygon: autoDraw = True
1039.2102 	EXP 	unnamed Polygon: autoDraw = True
1039.2236 	EXP 	unnamed Polygon: autoDraw = True
1039.2353 	EXP 	unnamed Polygon: autoDraw = True
1039.2482 	EXP 	unnamed Polygon: autoDraw = True
1039.2608 	EXP 	unnamed Polygon: autoDraw = True
1039.2733 	EXP 	unnamed Polygon: autoDraw = True
1039.2860 	EXP 	unnamed Polygon: autoDraw = True
1039.2985 	EXP 	unnamed Polygon: autoDraw = True
1039.3109 	EXP 	unnamed Polygon: autoDraw = True
1039.3230 	EXP 	unnamed Polygon: autoDraw = True
1039.3354 	EXP 	unnamed Polygon: autoDraw = True
1039.3477 	EXP 	unnamed Polygon: autoDraw = True
1039.3511 	DATA 	Keypress: 1
1039.3602 	EXP 	unnamed Polygon: autoDraw = True
1039.3732 	EXP 	unnamed Polygon: autoDraw = True
1039.3854 	EXP 	unnamed Polygon: autoDraw = False
1040.8599 	EXP 	trial_feedback: height = 0.09
1040.8599 	EXP 	trial_feedback: height = 0.09
1040.8599 	EXP 	trial_feedback: height = 0.09
1040.8599 	EXP 	trial_feedback: text = 'Hit!\n+$1.50'
1040.8599 	EXP 	trial_feedback: autoDraw = True
1042.8605 	EXP 	trial_feedback: autoDraw = False
1042.8728 	EXP 	trial_feedback: autoDraw = False
1042.8728 	EXP 	exp_feedback: autoDraw = False
1049.0127 	EXP 	unnamed Polygon: autoDraw = True
1049.0127 	EXP 	unnamed Polygon: autoDraw = True
1049.0230 	EXP 	unnamed Polygon: autoDraw = True
1049.0349 	EXP 	unnamed Polygon: autoDraw = True
1049.0479 	EXP 	unnamed Polygon: autoDraw = True
1049.0599 	EXP 	unnamed Polygon: autoDraw = True
1049.0736 	EXP 	unnamed Polygon: autoDraw = True
1049.0862 	EXP 	unnamed Polygon: autoDraw = True
1049.0986 	EXP 	unnamed Polygon: autoDraw = True
1049.1110 	EXP 	unnamed Polygon: autoDraw = True
1049.1239 	EXP 	unnamed Polygon: autoDraw = True
1049.1367 	EXP 	unnamed Polygon: autoDraw = True
1049.1489 	EXP 	unnamed Polygon: autoDraw = True
1049.1610 	EXP 	unnamed Polygon: autoDraw = True
1049.1733 	EXP 	unnamed Polygon: autoDraw = True
1049.1872 	EXP 	unnamed Polygon: autoDraw = True
1049.1988 	EXP 	unnamed Polygon: autoDraw = True
1049.2105 	EXP 	unnamed Polygon: autoDraw = True
1049.2230 	EXP 	unnamed Polygon: autoDraw = True
1049.2362 	EXP 	unnamed Polygon: autoDraw = True
1049.2482 	EXP 	unnamed Polygon: autoDraw = False
1049.2517 	DATA 	Keypress: 1
1050.8906 	EXP 	trial_feedback: height = 0.09
1050.8906 	EXP 	trial_feedback: height = 0.09
1050.8906 	EXP 	trial_feedback: height = 0.09
1050.8906 	EXP 	trial_feedback: text = 'Miss!\n-$1.50'
1050.8906 	EXP 	trial_feedback: autoDraw = True
1052.8769 	EXP 	trial_feedback: autoDraw = False
1052.8810 	EXP 	trial_feedback: autoDraw = False
1052.8810 	EXP 	exp_feedback: autoDraw = False
1061.2660 	EXP 	unnamed Polygon: autoDraw = True
1061.2660 	EXP 	unnamed Polygon: autoDraw = True
1061.2775 	EXP 	unnamed Polygon: autoDraw = True
1061.2853 	EXP 	unnamed Polygon: autoDraw = True
1061.2897 	EXP 	unnamed Polygon: autoDraw = True
1061.2986 	EXP 	unnamed Polygon: autoDraw = True
1061.3015 	EXP 	unnamed Polygon: autoDraw = True
1061.3101 	EXP 	unnamed Polygon: autoDraw = True
1061.3139 	EXP 	unnamed Polygon: autoDraw = True
1061.3226 	EXP 	unnamed Polygon: autoDraw = True
1061.3260 	EXP 	unnamed Polygon: autoDraw = True
1061.3351 	EXP 	unnamed Polygon: autoDraw = True
1061.3385 	EXP 	unnamed Polygon: autoDraw = True
1061.3476 	EXP 	unnamed Polygon: autoDraw = True
1061.3511 	EXP 	unnamed Polygon: autoDraw = True
1061.3567 	EXP 	unnamed Polygon: autoDraw = True
1061.3679 	EXP 	unnamed Polygon: autoDraw = True
1061.3804 	EXP 	unnamed Polygon: autoDraw = True
1061.3945 	EXP 	unnamed Polygon: autoDraw = True
1061.4066 	EXP 	unnamed Polygon: autoDraw = True
1061.4187 	EXP 	unnamed Polygon: autoDraw = True
1061.4311 	EXP 	unnamed Polygon: autoDraw = True
1061.4438 	EXP 	unnamed Polygon: autoDraw = True
1061.4563 	EXP 	unnamed Polygon: autoDraw = True
1061.4690 	EXP 	unnamed Polygon: autoDraw = True
1061.4813 	EXP 	unnamed Polygon: autoDraw = True
1061.4937 	EXP 	unnamed Polygon: autoDraw = True
1061.4980 	DATA 	Keypress: 1
1061.5063 	EXP 	unnamed Polygon: autoDraw = True
1061.5185 	EXP 	unnamed Polygon: autoDraw = True
1061.5313 	EXP 	unnamed Polygon: autoDraw = False
1062.9553 	EXP 	trial_feedback: height = 0.09
1062.9553 	EXP 	trial_feedback: height = 0.09
1062.9553 	EXP 	trial_feedback: height = 0.09
1062.9553 	EXP 	trial_feedback: text = 'Hit!\n$0.00'
1062.9553 	EXP 	trial_feedback: autoDraw = True
1064.9437 	EXP 	trial_feedback: autoDraw = False
1064.9605 	EXP 	trial_feedback: autoDraw = False
1064.9605 	EXP 	exp_feedback: autoDraw = False
1071.3257 	DATA 	Keypress: 1
1071.4311 	EXP 	unnamed Polygon: autoDraw = True
1071.4311 	EXP 	unnamed Polygon: autoDraw = True
1071.4435 	EXP 	unnamed Polygon: autoDraw = True
1071.4517 	EXP 	unnamed Polygon: autoDraw = True
1071.4542 	EXP 	unnamed Polygon: autoDraw = True
1071.4684 	EXP 	unnamed Polygon: autoDraw = True
1071.4767 	EXP 	unnamed Polygon: autoDraw = True
1071.4793 	EXP 	unnamed Polygon: autoDraw = True
1071.4935 	EXP 	unnamed Polygon: autoDraw = True
1071.5017 	EXP 	unnamed Polygon: autoDraw = True
1071.5041 	EXP 	unnamed Polygon: autoDraw = True
1071.5198 	EXP 	unnamed Polygon: autoDraw = True
1071.5267 	EXP 	unnamed Polygon: autoDraw = True
1071.5294 	EXP 	unnamed Polygon: autoDraw = True
1071.5445 	EXP 	unnamed Polygon: autoDraw = True
1071.5524 	EXP 	unnamed Polygon: autoDraw = True
1071.5542 	EXP 	unnamed Polygon: autoDraw = True
1071.5685 	EXP 	unnamed Polygon: autoDraw = True
1071.5778 	EXP 	unnamed Polygon: autoDraw = True
1071.5818 	EXP 	unnamed Polygon: autoDraw = True
1071.5936 	EXP 	unnamed Polygon: autoDraw = True
1071.6018 	EXP 	unnamed Polygon: autoDraw = True
1071.6047 	EXP 	unnamed Polygon: autoDraw = True
1071.6194 	EXP 	unnamed Polygon: autoDraw = True
1071.6271 	EXP 	unnamed Polygon: autoDraw = True
1071.6297 	EXP 	unnamed Polygon: autoDraw = True
1071.6441 	EXP 	unnamed Polygon: autoDraw = True
1071.6520 	EXP 	unnamed Polygon: autoDraw = True
1071.6555 	EXP 	unnamed Polygon: autoDraw = True
1071.6689 	EXP 	unnamed Polygon: autoDraw = True
1071.6722 	DATA 	Keypress: 1
1071.6763 	EXP 	unnamed Polygon: autoDraw = True
1071.6801 	EXP 	unnamed Polygon: autoDraw = False
1073.0189 	EXP 	trial_feedback: height = 0.09
1073.0189 	EXP 	trial_feedback: height = 0.09
1073.0189 	EXP 	trial_feedback: height = 0.09
1073.0189 	EXP 	trial_feedback: text = 'Miss!\n-$1.50'
1073.0189 	EXP 	trial_feedback: autoDraw = True
1074.9936 	EXP 	trial_feedback: autoDraw = False
1075.0105 	EXP 	trial_feedback: autoDraw = False
1075.0105 	EXP 	exp_feedback: autoDraw = False
1083.5204 	EXP 	unnamed Polygon: autoDraw = True
1083.5204 	EXP 	unnamed Polygon: autoDraw = True
1083.5268 	EXP 	unnamed Polygon: autoDraw = True
1083.5302 	EXP 	unnamed Polygon: autoDraw = True
1083.5435 	EXP 	unnamed Polygon: autoDraw = True
1083.5518 	EXP 	unnamed Polygon: autoDraw = True
1083.5544 	EXP 	unnamed Polygon: autoDraw = True
1083.5694 	EXP 	unnamed Polygon: autoDraw = True
1083.5768 	EXP 	unnamed Polygon: autoDraw = True
1083.5797 	EXP 	unnamed Polygon: autoDraw = True
1083.5945 	EXP 	unnamed Polygon: autoDraw = True
1083.6019 	EXP 	unnamed Polygon: autoDraw = True
1083.6054 	EXP 	unnamed Polygon: autoDraw = True
1083.6188 	EXP 	unnamed Polygon: autoDraw = True
1083.6272 	EXP 	unnamed Polygon: autoDraw = True
1083.6310 	EXP 	unnamed Polygon: autoDraw = True
1083.6440 	EXP 	unnamed Polygon: autoDraw = True
1083.6520 	EXP 	unnamed Polygon: autoDraw = True
1083.6556 	EXP 	unnamed Polygon: autoDraw = True
1083.6689 	EXP 	unnamed Polygon: autoDraw = True
1083.6769 	EXP 	unnamed Polygon: autoDraw = True
1083.6801 	EXP 	unnamed Polygon: autoDraw = True
1083.6940 	EXP 	unnamed Polygon: autoDraw = True
1083.7020 	EXP 	unnamed Polygon: autoDraw = True
1083.7053 	EXP 	unnamed Polygon: autoDraw = True
1083.7188 	EXP 	unnamed Polygon: autoDraw = True
1083.7272 	EXP 	unnamed Polygon: autoDraw = True
1083.7302 	EXP 	unnamed Polygon: autoDraw = True
1083.7439 	EXP 	unnamed Polygon: autoDraw = True
1083.7505 	DATA 	Keypress: 1
1083.7550 	EXP 	unnamed Polygon: autoDraw = False
1085.0105 	EXP 	trial_feedback: height = 0.09
1085.0105 	EXP 	trial_feedback: height = 0.09
1085.0105 	EXP 	trial_feedback: height = 0.09
1085.0105 	EXP 	trial_feedback: text = 'Miss!\n-$0.00'
1085.0105 	EXP 	trial_feedback: autoDraw = True
1087.0103 	EXP 	trial_feedback: autoDraw = False
1087.0103 	EXP 	exp_feedback: autoDraw = False
1093.3777 	EXP 	unnamed Polygon: autoDraw = True
1093.3777 	EXP 	unnamed Polygon: autoDraw = True
1093.3852 	EXP 	unnamed Polygon: autoDraw = True
1093.3880 	EXP 	unnamed Polygon: autoDraw = True
1093.4019 	EXP 	unnamed Polygon: autoDraw = True
1093.4108 	EXP 	unnamed Polygon: autoDraw = True
1093.4142 	EXP 	unnamed Polygon: autoDraw = True
1093.4274 	EXP 	unnamed Polygon: autoDraw = True
1093.4358 	EXP 	unnamed Polygon: autoDraw = True
1093.4385 	EXP 	unnamed Polygon: autoDraw = True
1093.4527 	EXP 	unnamed Polygon: autoDraw = True
1093.4601 	EXP 	unnamed Polygon: autoDraw = True
1093.4634 	EXP 	unnamed Polygon: autoDraw = True
1093.4777 	EXP 	unnamed Polygon: autoDraw = True
1093.4854 	EXP 	unnamed Polygon: autoDraw = True
1093.4893 	EXP 	unnamed Polygon: autoDraw = True
1093.5022 	EXP 	unnamed Polygon: autoDraw = True
1093.5102 	EXP 	unnamed Polygon: autoDraw = True
1093.5137 	EXP 	unnamed Polygon: autoDraw = True
1093.5272 	EXP 	unnamed Polygon: autoDraw = True
1093.5353 	EXP 	unnamed Polygon: autoDraw = True
1093.5389 	EXP 	unnamed Polygon: autoDraw = True
1093.5521 	EXP 	unnamed Polygon: autoDraw = True
1093.5602 	EXP 	unnamed Polygon: autoDraw = True
1093.5641 	EXP 	unnamed Polygon: autoDraw = True
1093.5771 	EXP 	unnamed Polygon: autoDraw = True
1093.5854 	EXP 	unnamed Polygon: autoDraw = True
1093.5890 	DATA 	Keypress: 1
1093.5933 	EXP 	unnamed Polygon: autoDraw = True
1093.5967 	EXP 	unnamed Polygon: autoDraw = True
1093.6101 	EXP 	unnamed Polygon: autoDraw = True
1093.6194 	EXP 	unnamed Polygon: autoDraw = True
1093.6211 	EXP 	unnamed Polygon: autoDraw = True
1093.6360 	EXP 	unnamed Polygon: autoDraw = True
1093.6436 	EXP 	unnamed Polygon: autoDraw = True
1093.6509 	EXP 	unnamed Polygon: autoDraw = False
1095.1189 	EXP 	trial_feedback: height = 0.09
1095.1189 	EXP 	trial_feedback: height = 0.09
1095.1189 	EXP 	trial_feedback: height = 0.09
1095.1189 	EXP 	trial_feedback: text = 'Hit!\n$0.00'
1095.1189 	EXP 	trial_feedback: autoDraw = True
1097.0937 	EXP 	trial_feedback: autoDraw = False
1097.1105 	EXP 	trial_feedback: autoDraw = False
1097.1105 	EXP 	exp_feedback: autoDraw = False
1107.5996 	EXP 	unnamed Polygon: autoDraw = True
1107.5996 	EXP 	unnamed Polygon: autoDraw = True
1107.6053 	EXP 	unnamed Polygon: autoDraw = True
1107.6186 	EXP 	unnamed Polygon: autoDraw = True
1107.6268 	EXP 	unnamed Polygon: autoDraw = True
1107.6298 	EXP 	unnamed Polygon: autoDraw = True
1107.6436 	EXP 	unnamed Polygon: autoDraw = True
1107.6525 	EXP 	unnamed Polygon: autoDraw = True
1107.6548 	EXP 	unnamed Polygon: autoDraw = True
1107.6685 	EXP 	unnamed Polygon: autoDraw = True
1107.6779 	EXP 	unnamed Polygon: autoDraw = True
1107.6939 	EXP 	unnamed Polygon: autoDraw = True
1107.7021 	EXP 	unnamed Polygon: autoDraw = True
1107.7059 	EXP 	unnamed Polygon: autoDraw = True
1107.7189 	EXP 	unnamed Polygon: autoDraw = True
1107.7271 	EXP 	unnamed Polygon: autoDraw = True
1107.7308 	EXP 	unnamed Polygon: autoDraw = True
1107.7439 	EXP 	unnamed Polygon: autoDraw = True
1107.7521 	EXP 	unnamed Polygon: autoDraw = True
1107.7560 	EXP 	unnamed Polygon: autoDraw = True
1107.7688 	EXP 	unnamed Polygon: autoDraw = True
1107.7772 	EXP 	unnamed Polygon: autoDraw = True
1107.7811 	EXP 	unnamed Polygon: autoDraw = True
1107.7938 	EXP 	unnamed Polygon: autoDraw = True
1107.7973 	DATA 	Keypress: 1
1107.8016 	EXP 	unnamed Polygon: autoDraw = True
1107.8056 	EXP 	unnamed Polygon: autoDraw = True
1107.8188 	EXP 	unnamed Polygon: autoDraw = True
1107.8270 	EXP 	unnamed Polygon: autoDraw = True
1107.8312 	EXP 	unnamed Polygon: autoDraw = True
1107.8438 	EXP 	unnamed Polygon: autoDraw = True
1107.8514 	EXP 	unnamed Polygon: autoDraw = False
1109.2063 	EXP 	trial_feedback: text = 'Hit!\n$0.00'
1109.2063 	EXP 	trial_feedback: autoDraw = True
1111.2023 	EXP 	trial_feedback: autoDraw = False
1111.2148 	EXP 	trial_feedback: autoDraw = False
1111.2148 	EXP 	exp_feedback: autoDraw = False
1121.5967 	EXP 	unnamed Polygon: autoDraw = True
1121.5967 	EXP 	unnamed Polygon: autoDraw = True
1121.6013 	EXP 	unnamed Polygon: autoDraw = True
1121.6143 	EXP 	unnamed Polygon: autoDraw = True
1121.6225 	EXP 	unnamed Polygon: autoDraw = True
1121.6356 	EXP 	unnamed Polygon: autoDraw = True
1121.6474 	EXP 	unnamed Polygon: autoDraw = True
1121.6611 	EXP 	unnamed Polygon: autoDraw = True
1121.6731 	EXP 	unnamed Polygon: autoDraw = True
1121.6854 	EXP 	unnamed Polygon: autoDraw = True
1121.6979 	EXP 	unnamed Polygon: autoDraw = True
1121.7109 	EXP 	unnamed Polygon: autoDraw = True
1121.7234 	EXP 	unnamed Polygon: autoDraw = True
1121.7358 	EXP 	unnamed Polygon: autoDraw = True
1121.7484 	EXP 	unnamed Polygon: autoDraw = True
1121.7607 	EXP 	unnamed Polygon: autoDraw = True
1121.7736 	EXP 	unnamed Polygon: autoDraw = True
1121.7859 	EXP 	unnamed Polygon: autoDraw = True
1121.7986 	EXP 	unnamed Polygon: autoDraw = True
1121.8030 	DATA 	Keypress: 1
1121.8103 	EXP 	unnamed Polygon: autoDraw = True
1121.8230 	EXP 	unnamed Polygon: autoDraw = True
1121.8269 	EXP 	unnamed Polygon: autoDraw = True
1121.8438 	EXP 	unnamed Polygon: autoDraw = True
1121.8475 	EXP 	unnamed Polygon: autoDraw = True
1121.8521 	EXP 	unnamed Polygon: autoDraw = True
1121.8647 	EXP 	unnamed Polygon: autoDraw = True
1121.8726 	EXP 	unnamed Polygon: autoDraw = False
1123.3067 	EXP 	trial_feedback: height = 0.09
1123.3067 	EXP 	trial_feedback: height = 0.09
1123.3067 	EXP 	trial_feedback: height = 0.09
1123.3067 	EXP 	trial_feedback: text = 'Hit!\n+$5.00'
1123.3067 	EXP 	trial_feedback: autoDraw = True
1125.3062 	EXP 	trial_feedback: autoDraw = False
1125.3062 	EXP 	exp_feedback: autoDraw = False
1133.5538 	EXP 	unnamed Polygon: autoDraw = True
1133.5538 	EXP 	unnamed Polygon: autoDraw = True
1133.5592 	EXP 	unnamed Polygon: autoDraw = True
1133.5727 	EXP 	unnamed Polygon: autoDraw = True
1133.5810 	EXP 	unnamed Polygon: autoDraw = True
1133.5836 	EXP 	unnamed Polygon: autoDraw = True
1133.5977 	EXP 	unnamed Polygon: autoDraw = True
1133.6069 	EXP 	unnamed Polygon: autoDraw = True
1133.6096 	EXP 	unnamed Polygon: autoDraw = True
1133.6236 	EXP 	unnamed Polygon: autoDraw = True
1133.6317 	EXP 	unnamed Polygon: autoDraw = True
1133.6341 	EXP 	unnamed Polygon: autoDraw = True
1133.6483 	EXP 	unnamed Polygon: autoDraw = True
1133.6560 	EXP 	unnamed Polygon: autoDraw = True
1133.6590 	EXP 	unnamed Polygon: autoDraw = True
1133.6736 	EXP 	unnamed Polygon: autoDraw = True
1133.6810 	EXP 	unnamed Polygon: autoDraw = True
1133.6838 	EXP 	unnamed Polygon: autoDraw = True
1133.6985 	EXP 	unnamed Polygon: autoDraw = True
1133.7063 	EXP 	unnamed Polygon: autoDraw = True
1133.7095 	EXP 	unnamed Polygon: autoDraw = True
1133.7234 	EXP 	unnamed Polygon: autoDraw = True
1133.7311 	EXP 	unnamed Polygon: autoDraw = True
1133.7344 	EXP 	unnamed Polygon: autoDraw = True
1133.7480 	EXP 	unnamed Polygon: autoDraw = True
1133.7562 	EXP 	unnamed Polygon: autoDraw = True
1133.7595 	EXP 	unnamed Polygon: autoDraw = True
1133.7730 	EXP 	unnamed Polygon: autoDraw = True
1133.7812 	EXP 	unnamed Polygon: autoDraw = True
1133.7849 	DATA 	Keypress: 1
1133.7887 	EXP 	unnamed Polygon: autoDraw = True
1133.7924 	EXP 	unnamed Polygon: autoDraw = True
1133.8060 	EXP 	unnamed Polygon: autoDraw = True
1133.8154 	EXP 	unnamed Polygon: autoDraw = True
1133.8194 	EXP 	unnamed Polygon: autoDraw = True
1133.8319 	EXP 	unnamed Polygon: autoDraw = True
1133.8394 	EXP 	unnamed Polygon: autoDraw = True
1133.8424 	EXP 	unnamed Polygon: autoDraw = True
1133.8570 	EXP 	unnamed Polygon: autoDraw = True
1133.8646 	EXP 	unnamed Polygon: autoDraw = True
1133.8697 	EXP 	unnamed Polygon: autoDraw = True
1133.8818 	EXP 	unnamed Polygon: autoDraw = True
1133.8893 	EXP 	unnamed Polygon: autoDraw = False
1135.4495 	EXP 	trial_feedback: height = 0.09
1135.4495 	EXP 	trial_feedback: height = 0.09
1135.4495 	EXP 	trial_feedback: height = 0.09
1135.4495 	EXP 	trial_feedback: text = 'Hit!\n$0.00'
1135.4495 	EXP 	trial_feedback: autoDraw = True
1137.4443 	EXP 	trial_feedback: autoDraw = False
1137.4569 	EXP 	trial_feedback: autoDraw = False
1137.4569 	EXP 	exp_feedback: autoDraw = False
1143.7346 	EXP 	unnamed Polygon: autoDraw = True
1143.7346 	EXP 	unnamed Polygon: autoDraw = True
1143.7434 	EXP 	unnamed Polygon: autoDraw = True
1143.7560 	EXP 	unnamed Polygon: autoDraw = True
1143.7689 	EXP 	unnamed Polygon: autoDraw = True
1143.7814 	EXP 	unnamed Polygon: autoDraw = True
1143.7939 	EXP 	unnamed Polygon: autoDraw = True
1143.8068 	EXP 	unnamed Polygon: autoDraw = True
1143.8189 	EXP 	unnamed Polygon: autoDraw = True
1143.8316 	EXP 	unnamed Polygon: autoDraw = True
1143.8440 	EXP 	unnamed Polygon: autoDraw = True
1143.8571 	EXP 	unnamed Polygon: autoDraw = True
1143.8695 	EXP 	unnamed Polygon: autoDraw = True
1143.8817 	EXP 	unnamed Polygon: autoDraw = True
1143.8949 	EXP 	unnamed Polygon: autoDraw = True
1143.9070 	EXP 	unnamed Polygon: autoDraw = True
1143.9197 	EXP 	unnamed Polygon: autoDraw = True
1143.9321 	EXP 	unnamed Polygon: autoDraw = True
1143.9449 	EXP 	unnamed Polygon: autoDraw = True
1143.9571 	EXP 	unnamed Polygon: autoDraw = True
1143.9690 	EXP 	unnamed Polygon: autoDraw = False
1144.1482 	DATA 	Keypress: 1
1145.4818 	EXP 	trial_feedback: height = 0.09
1145.4818 	EXP 	trial_feedback: height = 0.09
1145.4818 	EXP 	trial_feedback: height = 0.09
1145.4818 	EXP 	trial_feedback: text = 'Miss!\n-$0.00'
1145.4818 	EXP 	trial_feedback: autoDraw = True
1147.4813 	EXP 	trial_feedback: autoDraw = False
1147.4943 	EXP 	trial_feedback: autoDraw = False
1147.4943 	EXP 	exp_feedback: autoDraw = False
1157.7345 	EXP 	unnamed Polygon: autoDraw = True
1157.7345 	EXP 	unnamed Polygon: autoDraw = True
1157.7431 	EXP 	unnamed Polygon: autoDraw = True
1157.7569 	EXP 	unnamed Polygon: autoDraw = True
1157.7686 	EXP 	unnamed Polygon: autoDraw = True
1157.7813 	EXP 	unnamed Polygon: autoDraw = True
1157.7938 	EXP 	unnamed Polygon: autoDraw = True
1157.8068 	EXP 	unnamed Polygon: autoDraw = True
1157.8196 	EXP 	unnamed Polygon: autoDraw = True
1157.8316 	EXP 	unnamed Polygon: autoDraw = True
1157.8446 	EXP 	unnamed Polygon: autoDraw = True
1157.8569 	EXP 	unnamed Polygon: autoDraw = True
1157.8693 	EXP 	unnamed Polygon: autoDraw = True
1157.8819 	EXP 	unnamed Polygon: autoDraw = True
1157.8941 	EXP 	unnamed Polygon: autoDraw = True
1157.9070 	EXP 	unnamed Polygon: autoDraw = True
1157.9191 	EXP 	unnamed Polygon: autoDraw = True
1157.9321 	EXP 	unnamed Polygon: autoDraw = True
1157.9438 	EXP 	unnamed Polygon: autoDraw = True
1157.9570 	EXP 	unnamed Polygon: autoDraw = True
1157.9653 	DATA 	Keypress: 1
1157.9697 	EXP 	unnamed Polygon: autoDraw = False
1159.5355 	EXP 	trial_feedback: height = 0.09
1159.5355 	EXP 	trial_feedback: height = 0.09
1159.5355 	EXP 	trial_feedback: height = 0.09
1159.5355 	EXP 	trial_feedback: text = 'Miss!\n$0.00'
1159.5355 	EXP 	trial_feedback: autoDraw = True
1161.5312 	EXP 	trial_feedback: autoDraw = False
1161.5354 	EXP 	trial_feedback: autoDraw = False
1161.5354 	EXP 	exp_feedback: autoDraw = False
1167.9873 	EXP 	unnamed Polygon: autoDraw = True
1167.9873 	EXP 	unnamed Polygon: autoDraw = True
1167.9927 	EXP 	unnamed Polygon: autoDraw = True
1168.0061 	EXP 	unnamed Polygon: autoDraw = True
1168.0143 	EXP 	unnamed Polygon: autoDraw = True
1168.0169 	EXP 	unnamed Polygon: autoDraw = True
1168.0311 	EXP 	unnamed Polygon: autoDraw = True
1168.0401 	EXP 	unnamed Polygon: autoDraw = True
1168.0447 	EXP 	unnamed Polygon: autoDraw = True
1168.0564 	EXP 	unnamed Polygon: autoDraw = True
1168.0645 	EXP 	unnamed Polygon: autoDraw = True
1168.0686 	EXP 	unnamed Polygon: autoDraw = True
1168.0814 	EXP 	unnamed Polygon: autoDraw = True
1168.0897 	EXP 	unnamed Polygon: autoDraw = True
1168.0935 	EXP 	unnamed Polygon: autoDraw = True
1168.1065 	EXP 	unnamed Polygon: autoDraw = True
1168.1146 	EXP 	unnamed Polygon: autoDraw = True
1168.1184 	EXP 	unnamed Polygon: autoDraw = True
1168.1313 	EXP 	unnamed Polygon: autoDraw = True
1168.1397 	EXP 	unnamed Polygon: autoDraw = True
1168.1432 	EXP 	unnamed Polygon: autoDraw = True
1168.1564 	EXP 	unnamed Polygon: autoDraw = True
1168.1645 	EXP 	unnamed Polygon: autoDraw = True
1168.1683 	EXP 	unnamed Polygon: autoDraw = True
1168.1814 	EXP 	unnamed Polygon: autoDraw = True
1168.1853 	DATA 	Keypress: 1
1168.1891 	EXP 	unnamed Polygon: autoDraw = True
1168.1934 	EXP 	unnamed Polygon: autoDraw = True
1168.2060 	EXP 	unnamed Polygon: autoDraw = True
1168.2153 	EXP 	unnamed Polygon: autoDraw = True
1168.2171 	EXP 	unnamed Polygon: autoDraw = True
1168.2313 	EXP 	unnamed Polygon: autoDraw = True
1168.2396 	EXP 	unnamed Polygon: autoDraw = True
1168.2429 	EXP 	unnamed Polygon: autoDraw = True
1168.2568 	EXP 	unnamed Polygon: autoDraw = True
1168.2644 	EXP 	unnamed Polygon: autoDraw = False
1169.6397 	EXP 	trial_feedback: height = 0.09
1169.6397 	EXP 	trial_feedback: height = 0.09
1169.6397 	EXP 	trial_feedback: height = 0.09
1169.6397 	EXP 	trial_feedback: text = 'Hit!\n$0.00'
1169.6397 	EXP 	trial_feedback: autoDraw = True
1171.6360 	EXP 	trial_feedback: autoDraw = False
1171.6484 	EXP 	trial_feedback: autoDraw = False
1171.6484 	EXP 	exp_feedback: autoDraw = False
1179.6834 	EXP 	unnamed Polygon: autoDraw = True
1179.6834 	EXP 	unnamed Polygon: autoDraw = True
1179.6884 	EXP 	unnamed Polygon: autoDraw = True
1179.7019 	EXP 	unnamed Polygon: autoDraw = True
1179.7103 	EXP 	unnamed Polygon: autoDraw = True
1179.7236 	EXP 	unnamed Polygon: autoDraw = True
1179.7356 	EXP 	unnamed Polygon: autoDraw = True
1179.7484 	EXP 	unnamed Polygon: autoDraw = True
1179.7605 	EXP 	unnamed Polygon: autoDraw = True
1179.7737 	EXP 	unnamed Polygon: autoDraw = True
1179.7858 	EXP 	unnamed Polygon: autoDraw = True
1179.7988 	EXP 	unnamed Polygon: autoDraw = True
1179.8108 	EXP 	unnamed Polygon: autoDraw = True
1179.8240 	EXP 	unnamed Polygon: autoDraw = True
1179.8357 	EXP 	unnamed Polygon: autoDraw = True
1179.8485 	EXP 	unnamed Polygon: autoDraw = True
1179.8612 	EXP 	unnamed Polygon: autoDraw = True
1179.8735 	EXP 	unnamed Polygon: autoDraw = True
1179.8854 	EXP 	unnamed Polygon: autoDraw = True
1179.8894 	DATA 	Keypress: 1
1179.8971 	EXP 	unnamed Polygon: autoDraw = True
1179.9103 	EXP 	unnamed Polygon: autoDraw = True
1179.9143 	EXP 	unnamed Polygon: autoDraw = True
1179.9320 	EXP 	unnamed Polygon: autoDraw = True
1179.9381 	EXP 	unnamed Polygon: autoDraw = True
1179.9528 	EXP 	unnamed Polygon: autoDraw = True
1179.9605 	EXP 	unnamed Polygon: autoDraw = True
1179.9633 	EXP 	unnamed Polygon: autoDraw = True
1179.9777 	EXP 	unnamed Polygon: autoDraw = True
1179.9854 	EXP 	unnamed Polygon: autoDraw = True
1179.9884 	EXP 	unnamed Polygon: autoDraw = True
1180.0019 	EXP 	unnamed Polygon: autoDraw = False
1181.7773 	EXP 	trial_feedback: text = 'Hit!\n$0.00'
1181.7773 	EXP 	trial_feedback: autoDraw = True
1183.7644 	EXP 	trial_feedback: autoDraw = False
1183.7854 	EXP 	trial_feedback: autoDraw = False
1183.7854 	EXP 	exp_feedback: autoDraw = False
1194.2196 	EXP 	unnamed Polygon: autoDraw = True
1194.2196 	EXP 	unnamed Polygon: autoDraw = True
1194.2269 	EXP 	unnamed Polygon: autoDraw = True
1194.2296 	EXP 	unnamed Polygon: autoDraw = True
1194.2436 	EXP 	unnamed Polygon: autoDraw = True
1194.2519 	EXP 	unnamed Polygon: autoDraw = True
1194.2543 	EXP 	unnamed Polygon: autoDraw = True
1194.2697 	EXP 	unnamed Polygon: autoDraw = True
1194.2769 	EXP 	unnamed Polygon: autoDraw = True
1194.2799 	EXP 	unnamed Polygon: autoDraw = True
1194.2946 	EXP 	unnamed Polygon: autoDraw = True
1194.3019 	EXP 	unnamed Polygon: autoDraw = True
1194.3051 	EXP 	unnamed Polygon: autoDraw = True
1194.3190 	EXP 	unnamed Polygon: autoDraw = True
1194.3270 	EXP 	unnamed Polygon: autoDraw = True
1194.3303 	EXP 	unnamed Polygon: autoDraw = True
1194.3439 	EXP 	unnamed Polygon: autoDraw = True
1194.3521 	EXP 	unnamed Polygon: autoDraw = True
1194.3557 	EXP 	unnamed Polygon: autoDraw = True
1194.3690 	EXP 	unnamed Polygon: autoDraw = True
1194.3771 	EXP 	unnamed Polygon: autoDraw = True
1194.3807 	EXP 	unnamed Polygon: autoDraw = True
1194.3940 	EXP 	unnamed Polygon: autoDraw = True
1194.3975 	DATA 	Keypress: 1
1194.4014 	EXP 	unnamed Polygon: autoDraw = True
1194.4058 	EXP 	unnamed Polygon: autoDraw = True
1194.4186 	EXP 	unnamed Polygon: autoDraw = True
1194.4279 	EXP 	unnamed Polygon: autoDraw = True
1194.4444 	EXP 	unnamed Polygon: autoDraw = True
1194.4520 	EXP 	unnamed Polygon: autoDraw = True
1194.4550 	EXP 	unnamed Polygon: autoDraw = True
1194.4690 	EXP 	unnamed Polygon: autoDraw = True
1194.4766 	EXP 	unnamed Polygon: autoDraw = False
1195.9020 	EXP 	trial_feedback: text = 'Hit!\n$0.00'
1195.9020 	EXP 	trial_feedback: autoDraw = True
1197.8897 	EXP 	trial_feedback: autoDraw = False
1197.9044 	EXP 	trial_feedback: autoDraw = False
1197.9044 	EXP 	exp_feedback: autoDraw = False
1208.0032 	EXP 	unnamed Polygon: autoDraw = True
1208.0032 	EXP 	unnamed Polygon: autoDraw = True
1208.0090 	EXP 	unnamed Polygon: autoDraw = True
1208.0227 	EXP 	unnamed Polygon: autoDraw = True
1208.0313 	EXP 	unnamed Polygon: autoDraw = True
1208.0430 	EXP 	unnamed Polygon: autoDraw = True
1208.0563 	EXP 	unnamed Polygon: autoDraw = True
1208.0694 	EXP 	unnamed Polygon: autoDraw = True
1208.0815 	EXP 	unnamed Polygon: autoDraw = True
1208.0940 	EXP 	unnamed Polygon: autoDraw = True
1208.1065 	EXP 	unnamed Polygon: autoDraw = True
1208.1197 	EXP 	unnamed Polygon: autoDraw = True
1208.1315 	EXP 	unnamed Polygon: autoDraw = True
1208.1444 	EXP 	unnamed Polygon: autoDraw = True
1208.1568 	EXP 	unnamed Polygon: autoDraw = True
1208.1687 	EXP 	unnamed Polygon: autoDraw = True
1208.1816 	EXP 	unnamed Polygon: autoDraw = True
1208.1939 	EXP 	unnamed Polygon: autoDraw = True
1208.2070 	EXP 	unnamed Polygon: autoDraw = True
1208.2193 	EXP 	unnamed Polygon: autoDraw = True
1208.2236 	DATA 	Keypress: 1
1208.2310 	EXP 	unnamed Polygon: autoDraw = True
1208.2437 	EXP 	unnamed Polygon: autoDraw = True
1208.2564 	EXP 	unnamed Polygon: autoDraw = True
1208.2693 	EXP 	unnamed Polygon: autoDraw = True
1208.2814 	EXP 	unnamed Polygon: autoDraw = True
1208.2939 	EXP 	unnamed Polygon: autoDraw = True
1208.3067 	EXP 	unnamed Polygon: autoDraw = False
1210.0313 	EXP 	trial_feedback: text = 'Hit!\n$0.00'
1210.0313 	EXP 	trial_feedback: autoDraw = True
1212.0188 	EXP 	trial_feedback: autoDraw = False
1212.0438 	EXP 	trial_feedback: autoDraw = False
1212.0438 	EXP 	exp_feedback: autoDraw = False
1218.5102 	EXP 	unnamed Polygon: autoDraw = True
1218.5102 	EXP 	unnamed Polygon: autoDraw = True
1218.5184 	EXP 	unnamed Polygon: autoDraw = True
1218.5315 	EXP 	unnamed Polygon: autoDraw = True
1218.5446 	EXP 	unnamed Polygon: autoDraw = True
1218.5566 	EXP 	unnamed Polygon: autoDraw = True
1218.5696 	EXP 	unnamed Polygon: autoDraw = True
1218.5736 	DATA 	Keypress: 1
1218.5815 	EXP 	unnamed Polygon: autoDraw = True
1218.5932 	EXP 	unnamed Polygon: autoDraw = True
1218.6056 	EXP 	unnamed Polygon: autoDraw = True
1218.6189 	EXP 	unnamed Polygon: autoDraw = True
1218.6318 	EXP 	unnamed Polygon: autoDraw = True
1218.6441 	EXP 	unnamed Polygon: autoDraw = True
1218.6564 	EXP 	unnamed Polygon: autoDraw = True
1218.6688 	EXP 	unnamed Polygon: autoDraw = True
1218.6814 	EXP 	unnamed Polygon: autoDraw = True
1218.6942 	EXP 	unnamed Polygon: autoDraw = True
1218.7068 	EXP 	unnamed Polygon: autoDraw = True
1218.7195 	EXP 	unnamed Polygon: autoDraw = True
1218.7314 	EXP 	unnamed Polygon: autoDraw = True
1218.7444 	EXP 	unnamed Polygon: autoDraw = True
1218.7562 	EXP 	unnamed Polygon: autoDraw = True
1218.7693 	EXP 	unnamed Polygon: autoDraw = True
1218.7813 	EXP 	unnamed Polygon: autoDraw = True
1218.7939 	EXP 	unnamed Polygon: autoDraw = True
1218.8063 	EXP 	unnamed Polygon: autoDraw = False
1220.3184 	EXP 	trial_feedback: height = 0.09
1220.3184 	EXP 	trial_feedback: height = 0.09
1220.3184 	EXP 	trial_feedback: height = 0.09
1220.3184 	EXP 	trial_feedback: text = 'Hit!\n+$5.00'
1220.3184 	EXP 	trial_feedback: autoDraw = True
1222.3198 	EXP 	trial_feedback: autoDraw = False
1222.3198 	EXP 	exp_feedback: autoDraw = False
1230.8331 	EXP 	unnamed Polygon: autoDraw = True
1230.8331 	EXP 	unnamed Polygon: autoDraw = True
1230.8441 	EXP 	unnamed Polygon: autoDraw = True
1230.8525 	EXP 	unnamed Polygon: autoDraw = True
1230.8559 	EXP 	unnamed Polygon: autoDraw = True
1230.8696 	EXP 	unnamed Polygon: autoDraw = True
1230.8775 	EXP 	unnamed Polygon: autoDraw = True
1230.8858 	EXP 	unnamed Polygon: autoDraw = True
1230.8936 	EXP 	unnamed Polygon: autoDraw = True
1230.8980 	EXP 	unnamed Polygon: autoDraw = True
1230.9059 	EXP 	unnamed Polygon: autoDraw = True
1230.9096 	EXP 	unnamed Polygon: autoDraw = True
1230.9186 	EXP 	unnamed Polygon: autoDraw = True
1230.9219 	EXP 	unnamed Polygon: autoDraw = True
1230.9311 	EXP 	unnamed Polygon: autoDraw = True
1230.9337 	EXP 	unnamed Polygon: autoDraw = True
1230.9436 	EXP 	unnamed Polygon: autoDraw = True
1230.9519 	EXP 	unnamed Polygon: autoDraw = True
1230.9639 	EXP 	unnamed Polygon: autoDraw = True
1230.9765 	EXP 	unnamed Polygon: autoDraw = True
1230.9901 	EXP 	unnamed Polygon: autoDraw = True
1231.0022 	EXP 	unnamed Polygon: autoDraw = True
1231.0152 	EXP 	unnamed Polygon: autoDraw = True
1231.0272 	EXP 	unnamed Polygon: autoDraw = True
1231.0404 	EXP 	unnamed Polygon: autoDraw = True
1231.0526 	EXP 	unnamed Polygon: autoDraw = True
1231.0653 	EXP 	unnamed Polygon: autoDraw = True
1231.0776 	EXP 	unnamed Polygon: autoDraw = True
1231.0890 	EXP 	unnamed Polygon: autoDraw = False
1231.1477 	DATA 	Keypress: 1
1232.3238 	EXP 	trial_feedback: height = 0.09
1232.3238 	EXP 	trial_feedback: height = 0.09
1232.3238 	EXP 	trial_feedback: height = 0.09
1232.3238 	EXP 	trial_feedback: text = 'Miss!\n$0.00'
1232.3238 	EXP 	trial_feedback: autoDraw = True
1234.3188 	EXP 	trial_feedback: autoDraw = False
1234.3225 	EXP 	trial_feedback: autoDraw = False
1234.3225 	EXP 	exp_feedback: autoDraw = False
1240.8494 	EXP 	unnamed Polygon: autoDraw = True
1240.8494 	EXP 	unnamed Polygon: autoDraw = True
1240.8551 	EXP 	unnamed Polygon: autoDraw = True
1240.8687 	EXP 	unnamed Polygon: autoDraw = True
1240.8770 	EXP 	unnamed Polygon: autoDraw = True
1240.8794 	EXP 	unnamed Polygon: autoDraw = True
1240.8942 	EXP 	unnamed Polygon: autoDraw = True
1240.9021 	EXP 	unnamed Polygon: autoDraw = True
1240.9054 	EXP 	unnamed Polygon: autoDraw = True
1240.9194 	EXP 	unnamed Polygon: autoDraw = True
1240.9271 	EXP 	unnamed Polygon: autoDraw = True
1240.9305 	EXP 	unnamed Polygon: autoDraw = True
1240.9440 	EXP 	unnamed Polygon: autoDraw = True
1240.9521 	EXP 	unnamed Polygon: autoDraw = True
1240.9555 	EXP 	unnamed Polygon: autoDraw = True
1240.9691 	EXP 	unnamed Polygon: autoDraw = True
1240.9770 	EXP 	unnamed Polygon: autoDraw = True
1240.9807 	EXP 	unnamed Polygon: autoDraw = True
1240.9940 	EXP 	unnamed Polygon: autoDraw = True
1241.0020 	EXP 	unnamed Polygon: autoDraw = True
1241.0055 	EXP 	unnamed Polygon: autoDraw = True
1241.0191 	EXP 	unnamed Polygon: autoDraw = True
1241.0271 	EXP 	unnamed Polygon: autoDraw = True
1241.0315 	EXP 	unnamed Polygon: autoDraw = True
1241.0440 	EXP 	unnamed Polygon: autoDraw = True
1241.0521 	EXP 	unnamed Polygon: autoDraw = True
1241.0563 	EXP 	unnamed Polygon: autoDraw = True
1241.0690 	EXP 	unnamed Polygon: autoDraw = True
1241.0772 	EXP 	unnamed Polygon: autoDraw = True
1241.0818 	EXP 	unnamed Polygon: autoDraw = True
1241.0940 	EXP 	unnamed Polygon: autoDraw = True
1241.1021 	EXP 	unnamed Polygon: autoDraw = True
1241.1068 	EXP 	unnamed Polygon: autoDraw = True
1241.1190 	EXP 	unnamed Polygon: autoDraw = True
1241.1271 	EXP 	unnamed Polygon: autoDraw = True
1241.1317 	EXP 	unnamed Polygon: autoDraw = True
1241.1440 	EXP 	unnamed Polygon: autoDraw = True
1241.1690 	EXP 	unnamed Polygon: autoDraw = False
1241.1895 	DATA 	Keypress: 1
1242.3430 	EXP 	trial_feedback: height = 0.09
1242.3430 	EXP 	trial_feedback: height = 0.09
1242.3430 	EXP 	trial_feedback: height = 0.09
1242.3430 	EXP 	trial_feedback: text = 'Miss!\n-$1.50'
1242.3430 	EXP 	trial_feedback: autoDraw = True
1244.3437 	EXP 	trial_feedback: autoDraw = False
1244.3437 	EXP 	exp_feedback: autoDraw = False
1244.4263 	DATA 	Keypress: 1
1254.6948 	EXP 	unnamed Polygon: autoDraw = True
1254.6948 	EXP 	unnamed Polygon: autoDraw = True
1254.7020 	EXP 	unnamed Polygon: autoDraw = True
1254.7050 	EXP 	unnamed Polygon: autoDraw = True
1254.7187 	EXP 	unnamed Polygon: autoDraw = True
1254.7269 	EXP 	unnamed Polygon: autoDraw = True
1254.7298 	EXP 	unnamed Polygon: autoDraw = True
1254.7440 	EXP 	unnamed Polygon: autoDraw = True
1254.7521 	EXP 	unnamed Polygon: autoDraw = True
1254.7550 	EXP 	unnamed Polygon: autoDraw = True
1254.7690 	EXP 	unnamed Polygon: autoDraw = True
1254.7769 	EXP 	unnamed Polygon: autoDraw = True
1254.7805 	EXP 	unnamed Polygon: autoDraw = True
1254.7939 	EXP 	unnamed Polygon: autoDraw = True
1254.8020 	EXP 	unnamed Polygon: autoDraw = True
1254.8059 	EXP 	unnamed Polygon: autoDraw = True
1254.8190 	EXP 	unnamed Polygon: autoDraw = True
1254.8271 	EXP 	unnamed Polygon: autoDraw = True
1254.8317 	EXP 	unnamed Polygon: autoDraw = True
1254.8440 	EXP 	unnamed Polygon: autoDraw = True
1254.8522 	EXP 	unnamed Polygon: autoDraw = True
1254.8566 	EXP 	unnamed Polygon: autoDraw = True
1254.8690 	EXP 	unnamed Polygon: autoDraw = True
1254.8772 	EXP 	unnamed Polygon: autoDraw = True
1254.8822 	EXP 	unnamed Polygon: autoDraw = True
1254.8940 	EXP 	unnamed Polygon: autoDraw = True
1254.9022 	EXP 	unnamed Polygon: autoDraw = True
1254.9097 	DATA 	Keypress: 1
1254.9135 	EXP 	unnamed Polygon: autoDraw = False
1256.4059 	EXP 	trial_feedback: height = 0.09
1256.4059 	EXP 	trial_feedback: height = 0.09
1256.4059 	EXP 	trial_feedback: height = 0.09
1256.4059 	EXP 	trial_feedback: text = 'Miss!\n$0.00'
1256.4059 	EXP 	trial_feedback: autoDraw = True
1258.3946 	EXP 	trial_feedback: autoDraw = False
1258.4064 	EXP 	trial_feedback: autoDraw = False
1258.4064 	EXP 	exp_feedback: autoDraw = False
1266.4595 	EXP 	unnamed Polygon: autoDraw = True
1266.4595 	EXP 	unnamed Polygon: autoDraw = True
1266.4692 	EXP 	unnamed Polygon: autoDraw = True
1266.4818 	EXP 	unnamed Polygon: autoDraw = True
1266.4941 	EXP 	unnamed Polygon: autoDraw = True
1266.5069 	EXP 	unnamed Polygon: autoDraw = True
1266.5201 	EXP 	unnamed Polygon: autoDraw = True
1266.5318 	EXP 	unnamed Polygon: autoDraw = True
1266.5439 	EXP 	unnamed Polygon: autoDraw = True
1266.5569 	EXP 	unnamed Polygon: autoDraw = True
1266.5688 	EXP 	unnamed Polygon: autoDraw = True
1266.5819 	EXP 	unnamed Polygon: autoDraw = True
1266.5940 	EXP 	unnamed Polygon: autoDraw = True
1266.6068 	EXP 	unnamed Polygon: autoDraw = True
1266.6192 	EXP 	unnamed Polygon: autoDraw = True
1266.6320 	EXP 	unnamed Polygon: autoDraw = True
1266.6444 	EXP 	unnamed Polygon: autoDraw = True
1266.6561 	EXP 	unnamed Polygon: autoDraw = False
1266.6730 	DATA 	Keypress: 1
1268.4325 	EXP 	trial_feedback: text = 'Miss!\n$0.00'
1268.4325 	EXP 	trial_feedback: autoDraw = True
1270.4315 	EXP 	trial_feedback: autoDraw = False
1270.4448 	EXP 	trial_feedback: autoDraw = False
1270.4448 	EXP 	exp_feedback: autoDraw = False
1278.8495 	EXP 	unnamed Polygon: autoDraw = True
1278.8495 	EXP 	unnamed Polygon: autoDraw = True
1278.8606 	EXP 	unnamed Polygon: autoDraw = True
1278.8688 	EXP 	unnamed Polygon: autoDraw = True
1278.8722 	EXP 	unnamed Polygon: autoDraw = True
1278.8763 	EXP 	unnamed Polygon: autoDraw = True
1278.8900 	EXP 	unnamed Polygon: autoDraw = True
1278.8933 	EXP 	unnamed Polygon: autoDraw = True
1278.9109 	EXP 	unnamed Polygon: autoDraw = True
1278.9146 	EXP 	unnamed Polygon: autoDraw = True
1278.9180 	EXP 	unnamed Polygon: autoDraw = True
1278.9317 	EXP 	unnamed Polygon: autoDraw = True
1278.9395 	EXP 	unnamed Polygon: autoDraw = True
1278.9430 	EXP 	unnamed Polygon: autoDraw = True
1278.9564 	EXP 	unnamed Polygon: autoDraw = True
1278.9645 	EXP 	unnamed Polygon: autoDraw = True
1278.9681 	EXP 	unnamed Polygon: autoDraw = True
1278.9816 	EXP 	unnamed Polygon: autoDraw = True
1278.9895 	EXP 	unnamed Polygon: autoDraw = True
1278.9930 	EXP 	unnamed Polygon: autoDraw = True
1279.0063 	EXP 	unnamed Polygon: autoDraw = True
1279.0145 	EXP 	unnamed Polygon: autoDraw = True
1279.0182 	EXP 	unnamed Polygon: autoDraw = True
1279.0313 	EXP 	unnamed Polygon: autoDraw = True
1279.0396 	EXP 	unnamed Polygon: autoDraw = True
1279.0435 	EXP 	unnamed Polygon: autoDraw = True
1279.0564 	EXP 	unnamed Polygon: autoDraw = True
1279.0643 	EXP 	unnamed Polygon: autoDraw = False
1279.1082 	DATA 	Keypress: 1
1280.4446 	EXP 	trial_feedback: text = 'Miss!\n$0.00'
1280.4446 	EXP 	trial_feedback: autoDraw = True
1282.4397 	EXP 	trial_feedback: autoDraw = False
1282.4436 	EXP 	trial_feedback: autoDraw = False
1282.4436 	EXP 	exp_feedback: autoDraw = False
1295.9112 	DATA 	Keypress: space
1296.8415 	DATA 	Keypress: 1
1297.0791 	DATA 	Keypress: 1
1297.7872 	DATA 	Keypress: return
1297.7873 	WARNING 	Total earnings: 35.0
