12.8051 	WARNING 	Monitor specification not found. Creating a temporary one...
12.8150 	WARNING 	Requested an unavailable screen number - using first available.
13.9624 	WARNING 	Couldn't measure a consistent frame rate!
  - Is your graphics card set to sync to vertical blank?
  - Are you running other processes on your computer?

13.9629 	EXP 	Created window1 = Window(allowGUI=True, allowStencil=False, autoLog=True, backendConf=UNKNOWN, backgroundFit=<method-wrapper '__getattribute__' of attributeSetter object at 0x17374ac50>, backgroundImage=<method-wrapper '__getattribute__' of attributeSetter object at 0x17374acb0>, bitsMode=UNKNOWN, blendMode='avg', bpc=(8, 8, 8), color=array([-1, -1, -1]), colorSpace='rgb', depthBits=8, fullscr=False, gamma=None, gammaErrorPolicy='raise', infoMsg=UNKNOWN, lms=UNKNOWN, monitor=<psychopy.monitors.calibTools.Monitor object at 0x173743f10>, multiSample=False, name='window1', numSamples=2, pos=(464, 258), screen=2, size=array([1600, 1200]), stencilBits=0, stereo=False, title='PsychoPy', units='height', useFBO=False, useRetina=True, viewOri=0.0, viewPos=None, viewScale=None, waitBlanking=True, winType='pyglet')
13.9630 	EXP 	window1: backgroundImage = None
13.9630 	EXP 	window1: backgroundFit = 'cover'
13.9655 	EXP 	window1: Attempting to measure frame rate of screen (2) ...
13.9655 	EXP 	window1: recordFrameIntervals = False
14.0457 	EXP 	window1: recordFrameIntervals = True
14.9207 	WARNING 	Couldn't measure a consistent frame rate!
  - Is your graphics card set to sync to vertical blank?
  - Are you running other processes on your computer?

14.9511 	EXP 	Created unnamed TextStim = TextStim(__class__=<class 'psychopy.visual.text.TextStim'>, alignHoriz=method-wrapper(...), alignText='center', alignVert=method-wrapper(...), anchorHoriz='center', anchorVert='center', antialias=True, autoDraw=False, autoLog=True, bold=False, color=array([1., 1., 1.]), colorSpace='rgb', contrast=1.0, depth=0, draggable=False, flipHoriz=False, flipVert=False, font='', fontFiles=[], height=0.04, italic=False, languageStyle='LTR', name='unnamed TextStim', opacity=1.0, ori=0.0, pos=array([ 0.  , -0.25]), rgb=UNKNOWN, text='Press the button to continue.', units='height', win=Window(...), wrapWidth=1)
14.9532 	EXP 	Created unnamed TextStim = TextStim(__class__=<class 'psychopy.visual.text.TextStim'>, alignHoriz=method-wrapper(...), alignText='center', alignVert=method-wrapper(...), anchorHoriz='center', anchorVert='center', antialias=True, autoDraw=False, autoLog=True, bold=False, color=array([1., 1., 1.]), colorSpace='rgb', contrast=1.0, depth=0, draggable=False, flipHoriz=False, flipVert=False, font='', fontFiles=[], height=0.08, italic=False, languageStyle='LTR', name='unnamed TextStim', opacity=1.0, ori=0.0, pos=array([0., 0.]), rgb=UNKNOWN, text='+', units='height', win=Window(...), wrapWidth=1)
14.9580 	EXP 	Created unnamed TextStim = TextStim(__class__=<class 'psychopy.visual.text.TextStim'>, alignHoriz=method-wrapper(...), alignText='center', alignVert=method-wrapper(...), anchorHoriz='center', anchorVert='center', antialias=True, autoDraw=False, autoLog=True, bold=False, color=array([1., 1., 1.]), colorSpace='rgb', contrast=1.0, depth=0, draggable=False, flipHoriz=False, flipVert=False, font='', fontFiles=[], height=0.04, italic=False, languageStyle='LTR', name='unnamed TextStim', opacity=1.0, ori=0.0, pos=array([0., 0.]), rgb=UNKNOWN, text=str(...), units='height', win=Window(...), wrapWidth=0.8888888888888888)
14.9640 	EXP 	Created unnamed TextStim = TextStim(__class__=<class 'psychopy.visual.text.TextStim'>, alignHoriz=method-wrapper(...), alignText='center', alignVert=method-wrapper(...), anchorHoriz='center', anchorVert='center', antialias=True, autoDraw=False, autoLog=True, bold=False, color=array([1., 1., 1.]), colorSpace='rgb', contrast=1.0, depth=0, draggable=False, flipHoriz=False, flipVert=False, font='Arial', fontFiles=[], height=0.04, italic=False, languageStyle='LTR', name='unnamed TextStim', opacity=1.0, ori=0.0, pos=array([0. , 0.1]), rgb=UNKNOWN, text='Hello World', units='height', win=Window(...), wrapWidth=0.8888888888888888)
14.9732 	EXP 	Created unnamed TextStim = TextStim(__class__=<class 'psychopy.visual.text.TextStim'>, alignHoriz=method-wrapper(...), alignText='center', alignVert=method-wrapper(...), anchorHoriz='center', anchorVert='center', antialias=True, autoDraw=False, autoLog=True, bold=False, color=array([1., 1., 1.]), colorSpace='rgb', contrast=1.0, depth=0, draggable=False, flipHoriz=False, flipVert=False, font='', fontFiles=[], height=0.04, italic=False, languageStyle='LTR', name='unnamed TextStim', opacity=1.0, ori=0.0, pos=array([0., 0.]), rgb=UNKNOWN, text=str(...), units='height', win=Window(...), wrapWidth=0.8888888888888888)
14.9762 	EXP 	Created unnamed TextStim = TextStim(__class__=<class 'psychopy.visual.text.TextStim'>, alignHoriz=method-wrapper(...), alignText='center', alignVert=method-wrapper(...), anchorHoriz='center', anchorVert='center', antialias=True, autoDraw=False, autoLog=True, bold=False, color=array([1., 1., 1.]), colorSpace='rgb', contrast=1.0, depth=0, draggable=False, flipHoriz=False, flipVert=False, font='', fontFiles=[], height=0.04, italic=False, languageStyle='LTR', name='unnamed TextStim', opacity=1.0, ori=0.0, pos=array([0., 0.]), rgb=UNKNOWN, text='The task will begin momentarily. Get ready...', units='height', win=Window(...), wrapWidth=1)
14.9783 	EXP 	Created unnamed TextStim = TextStim(__class__=<class 'psychopy.visual.text.TextStim'>, alignHoriz=method-wrapper(...), alignText='center', alignVert=method-wrapper(...), anchorHoriz='center', anchorVert='center', antialias=True, autoDraw=False, autoLog=True, bold=False, color=array([1., 1., 1.]), colorSpace='rgb', contrast=1.0, depth=0, draggable=False, flipHoriz=False, flipVert=False, font='', fontFiles=[], height=0.04, italic=False, languageStyle='LTR', name='unnamed TextStim', opacity=1.0, ori=0.0, pos=array([0., 0.]), rgb=UNKNOWN, text=str(...), units='height', win=Window(...), wrapWidth=0.8888888888888888)
14.9906 	EXP 	Created unnamed ImageStim = ImageStim(__class__=<class 'psychopy.visual.image.ImageStim'>, anchor=('center', 'center'), autoLog=True, color=array([1., 1., 1.]), colorSpace='rgb', contrast=1.0, depth=0, draggable=False, flipHoriz=False, flipVert=False, image='../stimuli/reward_low.png', interpolate=False, mask=None, maskParams=None, name='unnamed ImageStim', opacity=1, ori=0.0, pos=array([0., 0.]), size=array([0.3, 0.3]), texRes=128, units='height', win=Window(...))
14.9953 	EXP 	Created unnamed ImageStim = ImageStim(__class__=<class 'psychopy.visual.image.ImageStim'>, anchor=('center', 'center'), autoLog=True, color=array([1., 1., 1.]), colorSpace='rgb', contrast=1.0, depth=0, draggable=False, flipHoriz=False, flipVert=False, image='../stimuli/reward_high.png', interpolate=False, mask=None, maskParams=None, name='unnamed ImageStim', opacity=1, ori=0.0, pos=array([0., 0.]), size=array([0.3, 0.3]), texRes=128, units='height', win=Window(...))
14.9998 	EXP 	Created unnamed ImageStim = ImageStim(__class__=<class 'psychopy.visual.image.ImageStim'>, anchor=('center', 'center'), autoLog=True, color=array([1., 1., 1.]), colorSpace='rgb', contrast=1.0, depth=0, draggable=False, flipHoriz=False, flipVert=False, image='../stimuli/reward_neut.png', interpolate=False, mask=None, maskParams=None, name='unnamed ImageStim', opacity=1, ori=0.0, pos=array([0., 0.]), size=array([0.3, 0.3]), texRes=128, units='height', win=Window(...))
15.0043 	EXP 	Created unnamed ImageStim = ImageStim(__class__=<class 'psychopy.visual.image.ImageStim'>, anchor=('center', 'center'), autoLog=True, color=array([1., 1., 1.]), colorSpace='rgb', contrast=1.0, depth=0, draggable=False, flipHoriz=False, flipVert=False, image='../stimuli/loss_low.png', interpolate=False, mask=None, maskParams=None, name='unnamed ImageStim', opacity=1, ori=0.0, pos=array([0., 0.]), size=array([0.3, 0.3]), texRes=128, units='height', win=Window(...))
15.0086 	EXP 	Created unnamed ImageStim = ImageStim(__class__=<class 'psychopy.visual.image.ImageStim'>, anchor=('center', 'center'), autoLog=True, color=array([1., 1., 1.]), colorSpace='rgb', contrast=1.0, depth=0, draggable=False, flipHoriz=False, flipVert=False, image='../stimuli/loss_high.png', interpolate=False, mask=None, maskParams=None, name='unnamed ImageStim', opacity=1, ori=0.0, pos=array([0., 0.]), size=array([0.3, 0.3]), texRes=128, units='height', win=Window(...))
15.0128 	EXP 	Created unnamed ImageStim = ImageStim(__class__=<class 'psychopy.visual.image.ImageStim'>, anchor=('center', 'center'), autoLog=True, color=array([1., 1., 1.]), colorSpace='rgb', contrast=1.0, depth=0, draggable=False, flipHoriz=False, flipVert=False, image='../stimuli/loss_neut.png', interpolate=False, mask=None, maskParams=None, name='unnamed ImageStim', opacity=1, ori=0.0, pos=array([0., 0.]), size=array([0.3, 0.3]), texRes=128, units='height', win=Window(...))
15.0144 	EXP 	Created unnamed Polygon = Polygon(__class__=<class 'psychopy.visual.polygon.Polygon'>, anchor=('center', 'center'), autoDraw=False, autoLog=True, closeShape=True, color=method-wrapper(...), colorSpace='rgb', contrast=None, depth=0, draggable=False, fillColor=array([1, 1, 1]), fillColorSpace='rgb', fillRGB=array([1, 1, 1]), interpolate=True, lineColor=array([1., 1., 1.]), lineColorSpace='rgb', lineRGB=array([1, 1, 1]), lineWidth=1.5, name='unnamed Polygon', opacity=1, ori=0.0, pos=array([0., 0.]), size=array([1., 1.]), units='height', vertices=ndarray(...), win=Window(...))
15.0171 	EXP 	Created trial_feedback = TextStim(__class__=<class 'psychopy.visual.text.TextStim'>, alignHoriz=method-wrapper(...), alignText='center', alignVert=method-wrapper(...), anchorHoriz='center', anchorVert='center', antialias=True, autoDraw=False, autoLog=True, bold=False, color=array([1., 1., 1.]), colorSpace='rgb', contrast=1.0, depth=0, draggable=False, flipHoriz=False, flipVert=False, font='Arial', fontFiles=[], height=0.09, italic=False, languageStyle='LTR', name='trial_feedback', opacity=1, ori=0, pos=array([0., 0.]), rgb=UNKNOWN, text='Trial:', units='height', win=Window(...), wrapWidth=1)
15.0196 	EXP 	Created exp_feedback = TextStim(__class__=<class 'psychopy.visual.text.TextStim'>, alignHoriz=method-wrapper(...), alignText='center', alignVert=method-wrapper(...), anchorHoriz='center', anchorVert='center', antialias=True, autoDraw=False, autoLog=True, bold=False, color=array([1., 1., 1.]), colorSpace='rgb', contrast=1.0, depth=0, draggable=False, flipHoriz=False, flipVert=False, font='Arial', fontFiles=[], height=0.09, italic=False, languageStyle='LTR', name='exp_feedback', opacity=1, ori=0, pos=array([ 0.    , -0.0625]), rgb=UNKNOWN, text='Total:', units='height', win=Window(...), wrapWidth=1)
15.0237 	EXP 	Created unnamed TextStim = TextStim(__class__=<class 'psychopy.visual.text.TextStim'>, alignHoriz=method-wrapper(...), alignText='center', alignVert=method-wrapper(...), anchorHoriz='center', anchorVert='center', antialias=True, autoDraw=False, autoLog=True, bold=False, color=array([1., 1., 1.]), colorSpace='rgb', contrast=1.0, depth=0, draggable=False, flipHoriz=False, flipVert=False, font='', fontFiles=[], height=0.04, italic=False, languageStyle='LTR', name='unnamed TextStim', opacity=1.0, ori=0.0, pos=array([0., 0.]), rgb=UNKNOWN, text=str(...), units='height', win=Window(...), wrapWidth=1)
15.0249 	EXP 	Created unnamed TextStim = TextStim(__class__=<class 'psychopy.visual.text.TextStim'>, alignHoriz=method-wrapper(...), alignText='center', alignVert=method-wrapper(...), anchorHoriz='center', anchorVert='center', antialias=True, autoDraw=False, autoLog=True, bold=False, color=array([1., 1., 1.]), colorSpace='rgb', contrast=1.0, depth=0, draggable=False, flipHoriz=False, flipVert=False, font='', fontFiles=[], height=0.04, italic=False, languageStyle='LTR', name='unnamed TextStim', opacity=1.0, ori=0.0, pos=array([0., 0.]), rgb=UNKNOWN, text='Get ready', units='height', win=Window(...), wrapWidth=1)
15.0267 	EXP 	Created unnamed TextStim = TextStim(__class__=<class 'psychopy.visual.text.TextStim'>, alignHoriz=method-wrapper(...), alignText='center', alignVert=method-wrapper(...), anchorHoriz='center', anchorVert='center', antialias=True, autoDraw=False, autoLog=True, bold=False, color=array([1., 1., 1.]), colorSpace='rgb', contrast=1.0, depth=0, draggable=False, flipHoriz=False, flipVert=False, font='', fontFiles=[], height=0.04, italic=False, languageStyle='LTR', name='unnamed TextStim', opacity=1.0, ori=0.0, pos=array([0., 0.]), rgb=UNKNOWN, text='Please wait\n\n', units='height', win=Window(...), wrapWidth=1)
15.0816 	WARNING 	t of last frame was 160.99ms (=1/6)
15.7941 	DATA 	Keypress: 1
25.0987 	EXP 	unnamed TextStim: height = 0.04
25.0987 	EXP 	unnamed TextStim: height = 0.04
25.0987 	EXP 	unnamed TextStim: height = 0.04
25.0987 	EXP 	unnamed TextStim: text = 'Welcome!'
25.6494 	DATA 	Keypress: 1
25.6568 	WARNING 	t of last frame was 558.06ms (=1/1)
25.6568 	EXP 	unnamed TextStim: height = 0.04
25.6568 	EXP 	unnamed TextStim: height = 0.04
25.6568 	EXP 	unnamed TextStim: height = 0.04
25.6568 	EXP 	unnamed TextStim: text = 'First you will see a cross in the middle of the screen, like this:\n\n+\n\nThis means you should focus on the screen and get ready to play. '
26.3996 	DATA 	Keypress: 1
26.4345 	EXP 	Created unnamed Polygon = Polygon(__class__=<class 'psychopy.visual.polygon.Polygon'>, anchor=('center', 'center'), autoDraw=False, autoLog=True, closeShape=True, color=method-wrapper(...), colorSpace='rgb', contrast=None, depth=0, draggable=False, fillColor=array([1, 1, 1]), fillColorSpace='rgb', fillRGB=array([1, 1, 1]), interpolate=True, lineColor=array([1., 1., 1.]), lineColorSpace='rgb', lineRGB=array([1, 1, 1]), lineWidth=1.5, name='unnamed Polygon', opacity=1, ori=0.0, pos=array([0. , 0.1]), size=array([1., 1.]), units='height', vertices=ndarray(...), win=Window(...))
26.4417 	WARNING 	t of last frame was 784.86ms (=1/1)
26.4417 	EXP 	unnamed TextStim: height = 0.04
26.4417 	EXP 	unnamed TextStim: height = 0.04
26.4417 	EXP 	unnamed TextStim: height = 0.04
26.4417 	EXP 	unnamed TextStim: text = 'Next, a small solid WHITE TRIANGLE will appear on the screen:\n\n \n\n \n\n \n\nPress the button as fast as you can when you see the solid white triangle. '
27.0841 	DATA 	Keypress: 1
27.0893 	WARNING 	t of last frame was 647.65ms (=1/1)
27.0893 	EXP 	unnamed TextStim: height = 0.04
27.0893 	EXP 	unnamed TextStim: height = 0.04
27.0893 	EXP 	unnamed TextStim: height = 0.04
27.0893 	EXP 	unnamed TextStim: text = 'Any Questions?\n\nPlease ask them now.'
28.0029 	DATA 	Keypress: 1
28.0054 	WARNING 	Multiple dropped frames have occurred - I'll stop bothering you about them!
28.4368 	DATA 	Keypress: 1
29.0501 	DATA 	Keypress: rshift
29.2840 	DATA 	Keypress: return
29.7521 	DATA 	Keypress: equal
34.7750 	EXP 	unnamed Polygon: autoDraw = True
34.7750 	EXP 	unnamed Polygon: autoDraw = True
34.7835 	EXP 	unnamed Polygon: autoDraw = True
34.7863 	EXP 	unnamed Polygon: autoDraw = True
34.8001 	EXP 	unnamed Polygon: autoDraw = True
34.8085 	EXP 	unnamed Polygon: autoDraw = True
34.8114 	EXP 	unnamed Polygon: autoDraw = True
34.8255 	EXP 	unnamed Polygon: autoDraw = True
34.8335 	EXP 	unnamed Polygon: autoDraw = True
34.8368 	EXP 	unnamed Polygon: autoDraw = True
34.8502 	EXP 	unnamed Polygon: autoDraw = True
34.8584 	EXP 	unnamed Polygon: autoDraw = True
34.8628 	EXP 	unnamed Polygon: autoDraw = True
34.8753 	EXP 	unnamed Polygon: autoDraw = True
34.8832 	EXP 	unnamed Polygon: autoDraw = True
34.8871 	EXP 	unnamed Polygon: autoDraw = True
34.9002 	EXP 	unnamed Polygon: autoDraw = True
34.9084 	EXP 	unnamed Polygon: autoDraw = True
34.9121 	EXP 	unnamed Polygon: autoDraw = True
34.9253 	EXP 	unnamed Polygon: autoDraw = True
34.9335 	EXP 	unnamed Polygon: autoDraw = True
34.9379 	EXP 	unnamed Polygon: autoDraw = True
34.9503 	EXP 	unnamed Polygon: autoDraw = True
34.9585 	EXP 	unnamed Polygon: autoDraw = True
34.9633 	EXP 	unnamed Polygon: autoDraw = True
34.9754 	EXP 	unnamed Polygon: autoDraw = True
34.9792 	DATA 	Keypress: 1
34.9832 	EXP 	unnamed Polygon: autoDraw = True
34.9871 	EXP 	unnamed Polygon: autoDraw = True
35.0003 	EXP 	unnamed Polygon: autoDraw = True
35.0084 	EXP 	unnamed Polygon: autoDraw = True
35.0127 	EXP 	unnamed Polygon: autoDraw = True
35.0253 	EXP 	unnamed Polygon: autoDraw = True
35.0336 	EXP 	unnamed Polygon: autoDraw = True
35.0370 	EXP 	unnamed Polygon: autoDraw = True
35.0503 	EXP 	unnamed Polygon: autoDraw = True
35.0584 	EXP 	unnamed Polygon: autoDraw = True
35.0620 	EXP 	unnamed Polygon: autoDraw = True
35.0753 	EXP 	unnamed Polygon: autoDraw = True
35.0837 	EXP 	unnamed Polygon: autoDraw = True
35.0879 	EXP 	unnamed Polygon: autoDraw = True
35.0954 	EXP 	unnamed Polygon: autoDraw = True
35.1087 	EXP 	unnamed Polygon: autoDraw = True
35.1167 	EXP 	unnamed Polygon: autoDraw = True
35.1197 	EXP 	unnamed Polygon: autoDraw = True
35.1336 	EXP 	unnamed Polygon: autoDraw = True
35.1418 	EXP 	unnamed Polygon: autoDraw = True
35.1453 	EXP 	unnamed Polygon: autoDraw = True
35.1587 	EXP 	unnamed Polygon: autoDraw = True
35.1668 	EXP 	unnamed Polygon: autoDraw = True
35.1701 	EXP 	unnamed Polygon: autoDraw = True
35.1836 	EXP 	unnamed Polygon: autoDraw = True
35.1917 	EXP 	unnamed Polygon: autoDraw = True
35.1953 	EXP 	unnamed Polygon: autoDraw = True
35.2086 	EXP 	unnamed Polygon: autoDraw = True
35.2167 	EXP 	unnamed Polygon: autoDraw = True
35.2204 	EXP 	unnamed Polygon: autoDraw = True
35.2337 	EXP 	unnamed Polygon: autoDraw = True
35.2417 	EXP 	unnamed Polygon: autoDraw = True
35.2461 	EXP 	unnamed Polygon: autoDraw = True
35.2586 	EXP 	unnamed Polygon: autoDraw = True
35.2668 	EXP 	unnamed Polygon: autoDraw = True
35.2772 	EXP 	unnamed Polygon: autoDraw = False
41.3956 	DATA 	Keypress: 1
45.0979 	EXP 	unnamed Polygon: autoDraw = True
45.0979 	EXP 	unnamed Polygon: autoDraw = True
45.1034 	EXP 	unnamed Polygon: autoDraw = True
45.1169 	EXP 	unnamed Polygon: autoDraw = True
45.1245 	EXP 	unnamed Polygon: autoDraw = True
45.1379 	EXP 	unnamed Polygon: autoDraw = True
45.1466 	EXP 	unnamed Polygon: autoDraw = True
45.1500 	EXP 	unnamed Polygon: autoDraw = True
45.1626 	EXP 	unnamed Polygon: autoDraw = True
45.1709 	EXP 	unnamed Polygon: autoDraw = True
45.1755 	EXP 	unnamed Polygon: autoDraw = True
45.1877 	EXP 	unnamed Polygon: autoDraw = True
45.1959 	EXP 	unnamed Polygon: autoDraw = True
45.1992 	EXP 	unnamed Polygon: autoDraw = True
45.2127 	EXP 	unnamed Polygon: autoDraw = True
45.2209 	EXP 	unnamed Polygon: autoDraw = True
45.2253 	EXP 	unnamed Polygon: autoDraw = True
45.2381 	EXP 	unnamed Polygon: autoDraw = True
45.2459 	EXP 	unnamed Polygon: autoDraw = True
45.2497 	EXP 	unnamed Polygon: autoDraw = True
45.2628 	EXP 	unnamed Polygon: autoDraw = True
45.2710 	EXP 	unnamed Polygon: autoDraw = True
45.2746 	EXP 	unnamed Polygon: autoDraw = True
45.2877 	EXP 	unnamed Polygon: autoDraw = True
45.2959 	EXP 	unnamed Polygon: autoDraw = True
45.2995 	EXP 	unnamed Polygon: autoDraw = True
45.3128 	EXP 	unnamed Polygon: autoDraw = True
45.3208 	EXP 	unnamed Polygon: autoDraw = True
45.3253 	EXP 	unnamed Polygon: autoDraw = True
45.3378 	EXP 	unnamed Polygon: autoDraw = True
45.3458 	EXP 	unnamed Polygon: autoDraw = True
45.3491 	DATA 	Keypress: 1
45.3528 	EXP 	unnamed Polygon: autoDraw = True
45.3584 	EXP 	unnamed Polygon: autoDraw = True
45.3708 	EXP 	unnamed Polygon: autoDraw = True
45.3788 	EXP 	unnamed Polygon: autoDraw = True
45.3816 	EXP 	unnamed Polygon: autoDraw = True
45.3959 	EXP 	unnamed Polygon: autoDraw = True
45.4044 	EXP 	unnamed Polygon: autoDraw = True
45.4079 	EXP 	unnamed Polygon: autoDraw = True
45.4213 	EXP 	unnamed Polygon: autoDraw = True
45.4293 	EXP 	unnamed Polygon: autoDraw = True
45.4322 	EXP 	unnamed Polygon: autoDraw = True
45.4462 	EXP 	unnamed Polygon: autoDraw = True
45.4543 	EXP 	unnamed Polygon: autoDraw = True
45.4574 	EXP 	unnamed Polygon: autoDraw = True
45.4712 	EXP 	unnamed Polygon: autoDraw = True
45.4792 	EXP 	unnamed Polygon: autoDraw = True
45.4827 	EXP 	unnamed Polygon: autoDraw = True
45.4962 	EXP 	unnamed Polygon: autoDraw = True
45.5043 	EXP 	unnamed Polygon: autoDraw = True
45.5081 	EXP 	unnamed Polygon: autoDraw = True
45.5211 	EXP 	unnamed Polygon: autoDraw = True
45.5294 	EXP 	unnamed Polygon: autoDraw = True
45.5328 	EXP 	unnamed Polygon: autoDraw = True
45.5463 	EXP 	unnamed Polygon: autoDraw = True
45.5544 	EXP 	unnamed Polygon: autoDraw = True
45.5588 	EXP 	unnamed Polygon: autoDraw = True
45.5714 	EXP 	unnamed Polygon: autoDraw = True
45.5794 	EXP 	unnamed Polygon: autoDraw = True
45.5839 	EXP 	unnamed Polygon: autoDraw = True
45.5963 	EXP 	unnamed Polygon: autoDraw = True
45.6218 	EXP 	unnamed Polygon: autoDraw = False
55.3652 	EXP 	unnamed Polygon: autoDraw = True
55.3652 	EXP 	unnamed Polygon: autoDraw = True
55.3751 	EXP 	unnamed Polygon: autoDraw = True
55.3876 	EXP 	unnamed Polygon: autoDraw = True
55.4004 	EXP 	unnamed Polygon: autoDraw = True
55.4130 	EXP 	unnamed Polygon: autoDraw = True
55.4257 	EXP 	unnamed Polygon: autoDraw = True
55.4385 	EXP 	unnamed Polygon: autoDraw = True
55.4505 	EXP 	unnamed Polygon: autoDraw = True
55.4629 	EXP 	unnamed Polygon: autoDraw = True
55.4752 	EXP 	unnamed Polygon: autoDraw = True
55.4876 	EXP 	unnamed Polygon: autoDraw = True
55.5004 	EXP 	unnamed Polygon: autoDraw = True
55.5130 	EXP 	unnamed Polygon: autoDraw = True
55.5257 	EXP 	unnamed Polygon: autoDraw = True
55.5380 	EXP 	unnamed Polygon: autoDraw = True
55.5504 	EXP 	unnamed Polygon: autoDraw = True
55.5628 	EXP 	unnamed Polygon: autoDraw = True
55.5752 	EXP 	unnamed Polygon: autoDraw = True
55.5882 	EXP 	unnamed Polygon: autoDraw = True
55.6005 	EXP 	unnamed Polygon: autoDraw = True
55.6138 	EXP 	unnamed Polygon: autoDraw = True
55.6179 	DATA 	Keypress: 1
55.6248 	EXP 	unnamed Polygon: autoDraw = True
55.6377 	EXP 	unnamed Polygon: autoDraw = True
55.6425 	EXP 	unnamed Polygon: autoDraw = True
55.6587 	EXP 	unnamed Polygon: autoDraw = True
55.6623 	EXP 	unnamed Polygon: autoDraw = True
55.6656 	EXP 	unnamed Polygon: autoDraw = True
55.6793 	EXP 	unnamed Polygon: autoDraw = True
55.6875 	EXP 	unnamed Polygon: autoDraw = True
55.6911 	EXP 	unnamed Polygon: autoDraw = True
55.7046 	EXP 	unnamed Polygon: autoDraw = True
55.7127 	EXP 	unnamed Polygon: autoDraw = True
55.7160 	EXP 	unnamed Polygon: autoDraw = True
55.7296 	EXP 	unnamed Polygon: autoDraw = True
55.7378 	EXP 	unnamed Polygon: autoDraw = True
55.7420 	EXP 	unnamed Polygon: autoDraw = True
55.7545 	EXP 	unnamed Polygon: autoDraw = True
55.7627 	EXP 	unnamed Polygon: autoDraw = True
55.7661 	EXP 	unnamed Polygon: autoDraw = True
55.7794 	EXP 	unnamed Polygon: autoDraw = True
55.7877 	EXP 	unnamed Polygon: autoDraw = True
55.7911 	EXP 	unnamed Polygon: autoDraw = True
55.8046 	EXP 	unnamed Polygon: autoDraw = True
55.8127 	EXP 	unnamed Polygon: autoDraw = True
55.8166 	EXP 	unnamed Polygon: autoDraw = True
55.8295 	EXP 	unnamed Polygon: autoDraw = True
55.8378 	EXP 	unnamed Polygon: autoDraw = True
55.8418 	EXP 	unnamed Polygon: autoDraw = True
55.8546 	EXP 	unnamed Polygon: autoDraw = True
55.8623 	EXP 	unnamed Polygon: autoDraw = False
65.6294 	EXP 	unnamed Polygon: autoDraw = True
65.6294 	EXP 	unnamed Polygon: autoDraw = True
65.6377 	EXP 	unnamed Polygon: autoDraw = True
65.6402 	EXP 	unnamed Polygon: autoDraw = True
65.6542 	EXP 	unnamed Polygon: autoDraw = True
65.6624 	EXP 	unnamed Polygon: autoDraw = True
65.6653 	EXP 	unnamed Polygon: autoDraw = True
65.6795 	EXP 	unnamed Polygon: autoDraw = True
65.6878 	EXP 	unnamed Polygon: autoDraw = True
65.6911 	EXP 	unnamed Polygon: autoDraw = True
65.7046 	EXP 	unnamed Polygon: autoDraw = True
65.7127 	EXP 	unnamed Polygon: autoDraw = True
65.7157 	EXP 	unnamed Polygon: autoDraw = True
65.7294 	EXP 	unnamed Polygon: autoDraw = True
65.7375 	EXP 	unnamed Polygon: autoDraw = True
65.7407 	EXP 	unnamed Polygon: autoDraw = True
65.7548 	EXP 	unnamed Polygon: autoDraw = True
65.7626 	EXP 	unnamed Polygon: autoDraw = True
65.7657 	EXP 	unnamed Polygon: autoDraw = True
65.7799 	EXP 	unnamed Polygon: autoDraw = True
65.7878 	EXP 	unnamed Polygon: autoDraw = True
65.7909 	EXP 	unnamed Polygon: autoDraw = True
65.8044 	EXP 	unnamed Polygon: autoDraw = True
65.8131 	EXP 	unnamed Polygon: autoDraw = True
65.8158 	EXP 	unnamed Polygon: autoDraw = True
65.8296 	EXP 	unnamed Polygon: autoDraw = True
65.8377 	EXP 	unnamed Polygon: autoDraw = True
65.8415 	DATA 	Keypress: 1
65.8442 	EXP 	unnamed Polygon: autoDraw = True
65.8493 	EXP 	unnamed Polygon: autoDraw = True
65.8625 	EXP 	unnamed Polygon: autoDraw = True
65.8708 	EXP 	unnamed Polygon: autoDraw = True
65.8734 	EXP 	unnamed Polygon: autoDraw = True
65.8875 	EXP 	unnamed Polygon: autoDraw = True
65.8961 	EXP 	unnamed Polygon: autoDraw = True
65.8997 	EXP 	unnamed Polygon: autoDraw = True
65.9129 	EXP 	unnamed Polygon: autoDraw = True
65.9215 	EXP 	unnamed Polygon: autoDraw = True
65.9246 	EXP 	unnamed Polygon: autoDraw = True
65.9378 	EXP 	unnamed Polygon: autoDraw = True
65.9459 	EXP 	unnamed Polygon: autoDraw = True
65.9504 	EXP 	unnamed Polygon: autoDraw = True
65.9628 	EXP 	unnamed Polygon: autoDraw = True
65.9709 	EXP 	unnamed Polygon: autoDraw = True
65.9745 	EXP 	unnamed Polygon: autoDraw = True
65.9878 	EXP 	unnamed Polygon: autoDraw = True
65.9960 	EXP 	unnamed Polygon: autoDraw = True
66.0004 	EXP 	unnamed Polygon: autoDraw = True
66.0128 	EXP 	unnamed Polygon: autoDraw = True
66.0210 	EXP 	unnamed Polygon: autoDraw = True
66.0252 	EXP 	unnamed Polygon: autoDraw = True
66.0378 	EXP 	unnamed Polygon: autoDraw = True
66.0459 	EXP 	unnamed Polygon: autoDraw = True
66.0495 	EXP 	unnamed Polygon: autoDraw = True
66.0629 	EXP 	unnamed Polygon: autoDraw = True
66.0710 	EXP 	unnamed Polygon: autoDraw = True
66.0754 	EXP 	unnamed Polygon: autoDraw = True
66.0879 	EXP 	unnamed Polygon: autoDraw = True
66.0960 	EXP 	unnamed Polygon: autoDraw = True
66.1005 	EXP 	unnamed Polygon: autoDraw = True
66.1129 	EXP 	unnamed Polygon: autoDraw = True
66.1212 	EXP 	unnamed Polygon: autoDraw = True
66.1295 	EXP 	unnamed Polygon: autoDraw = False
71.9490 	EXP 	unnamed Polygon: autoDraw = True
71.9490 	EXP 	unnamed Polygon: autoDraw = True
71.9530 	EXP 	unnamed Polygon: autoDraw = True
71.9667 	EXP 	unnamed Polygon: autoDraw = True
71.9754 	EXP 	unnamed Polygon: autoDraw = True
71.9774 	EXP 	unnamed Polygon: autoDraw = True
71.9919 	EXP 	unnamed Polygon: autoDraw = True
72.0003 	EXP 	unnamed Polygon: autoDraw = True
72.0039 	EXP 	unnamed Polygon: autoDraw = True
72.0170 	EXP 	unnamed Polygon: autoDraw = True
72.0258 	EXP 	unnamed Polygon: autoDraw = True
72.0287 	EXP 	unnamed Polygon: autoDraw = True
72.0419 	EXP 	unnamed Polygon: autoDraw = True
72.0501 	EXP 	unnamed Polygon: autoDraw = True
72.0536 	EXP 	unnamed Polygon: autoDraw = True
72.0670 	EXP 	unnamed Polygon: autoDraw = True
72.0752 	EXP 	unnamed Polygon: autoDraw = True
72.0794 	EXP 	unnamed Polygon: autoDraw = True
72.0920 	EXP 	unnamed Polygon: autoDraw = True
72.1002 	EXP 	unnamed Polygon: autoDraw = True
72.1042 	EXP 	unnamed Polygon: autoDraw = True
72.1170 	EXP 	unnamed Polygon: autoDraw = True
72.1253 	EXP 	unnamed Polygon: autoDraw = True
72.1295 	EXP 	unnamed Polygon: autoDraw = True
72.1421 	EXP 	unnamed Polygon: autoDraw = True
72.1503 	EXP 	unnamed Polygon: autoDraw = True
72.1547 	EXP 	unnamed Polygon: autoDraw = True
72.1671 	EXP 	unnamed Polygon: autoDraw = True
72.1754 	EXP 	unnamed Polygon: autoDraw = True
72.1793 	DATA 	Keypress: 1
72.1834 	EXP 	unnamed Polygon: autoDraw = True
72.1870 	EXP 	unnamed Polygon: autoDraw = True
72.2002 	EXP 	unnamed Polygon: autoDraw = True
72.2084 	EXP 	unnamed Polygon: autoDraw = True
72.2118 	EXP 	unnamed Polygon: autoDraw = True
72.2254 	EXP 	unnamed Polygon: autoDraw = True
72.2334 	EXP 	unnamed Polygon: autoDraw = True
72.2370 	EXP 	unnamed Polygon: autoDraw = True
72.2504 	EXP 	unnamed Polygon: autoDraw = True
72.2586 	EXP 	unnamed Polygon: autoDraw = True
72.2632 	EXP 	unnamed Polygon: autoDraw = True
72.2699 	EXP 	unnamed Polygon: autoDraw = True
72.2839 	EXP 	unnamed Polygon: autoDraw = True
72.2921 	EXP 	unnamed Polygon: autoDraw = True
72.2961 	EXP 	unnamed Polygon: autoDraw = True
72.3091 	EXP 	unnamed Polygon: autoDraw = True
72.3172 	EXP 	unnamed Polygon: autoDraw = True
72.3212 	EXP 	unnamed Polygon: autoDraw = True
72.3334 	EXP 	unnamed Polygon: autoDraw = True
72.3363 	EXP 	unnamed Polygon: autoDraw = True
72.3508 	EXP 	unnamed Polygon: autoDraw = True
72.3584 	EXP 	unnamed Polygon: autoDraw = True
72.3613 	EXP 	unnamed Polygon: autoDraw = True
72.3754 	EXP 	unnamed Polygon: autoDraw = True
72.3834 	EXP 	unnamed Polygon: autoDraw = True
72.3868 	EXP 	unnamed Polygon: autoDraw = True
72.4004 	EXP 	unnamed Polygon: autoDraw = True
72.4084 	EXP 	unnamed Polygon: autoDraw = True
72.4121 	EXP 	unnamed Polygon: autoDraw = True
72.4254 	EXP 	unnamed Polygon: autoDraw = True
72.4368 	EXP 	unnamed Polygon: autoDraw = False
82.2246 	EXP 	unnamed Polygon: autoDraw = True
82.2246 	EXP 	unnamed Polygon: autoDraw = True
82.2376 	EXP 	unnamed Polygon: autoDraw = True
82.2459 	EXP 	unnamed Polygon: autoDraw = True
82.2494 	EXP 	unnamed Polygon: autoDraw = True
82.2628 	EXP 	unnamed Polygon: autoDraw = True
82.2709 	EXP 	unnamed Polygon: autoDraw = True
82.2744 	EXP 	unnamed Polygon: autoDraw = True
82.2878 	EXP 	unnamed Polygon: autoDraw = True
82.2959 	EXP 	unnamed Polygon: autoDraw = True
82.3002 	EXP 	unnamed Polygon: autoDraw = True
82.3129 	EXP 	unnamed Polygon: autoDraw = True
82.3210 	EXP 	unnamed Polygon: autoDraw = True
82.3246 	EXP 	unnamed Polygon: autoDraw = True
82.3378 	EXP 	unnamed Polygon: autoDraw = True
82.3460 	EXP 	unnamed Polygon: autoDraw = True
82.3497 	EXP 	unnamed Polygon: autoDraw = True
82.3628 	EXP 	unnamed Polygon: autoDraw = True
82.3710 	EXP 	unnamed Polygon: autoDraw = True
82.3754 	EXP 	unnamed Polygon: autoDraw = True
82.3879 	EXP 	unnamed Polygon: autoDraw = True
82.3960 	EXP 	unnamed Polygon: autoDraw = True
82.4009 	EXP 	unnamed Polygon: autoDraw = True
82.4128 	EXP 	unnamed Polygon: autoDraw = True
82.4208 	EXP 	unnamed Polygon: autoDraw = True
82.4255 	EXP 	unnamed Polygon: autoDraw = True
82.4378 	EXP 	unnamed Polygon: autoDraw = True
82.4460 	EXP 	unnamed Polygon: autoDraw = True
82.4492 	DATA 	Keypress: 1
82.4535 	EXP 	unnamed Polygon: autoDraw = True
82.4582 	EXP 	unnamed Polygon: autoDraw = True
82.4712 	EXP 	unnamed Polygon: autoDraw = True
82.4793 	EXP 	unnamed Polygon: autoDraw = True
82.4827 	EXP 	unnamed Polygon: autoDraw = True
82.4962 	EXP 	unnamed Polygon: autoDraw = True
82.5043 	EXP 	unnamed Polygon: autoDraw = True
82.5087 	EXP 	unnamed Polygon: autoDraw = True
82.5213 	EXP 	unnamed Polygon: autoDraw = True
82.5294 	EXP 	unnamed Polygon: autoDraw = True
82.5336 	EXP 	unnamed Polygon: autoDraw = True
82.5461 	EXP 	unnamed Polygon: autoDraw = True
82.5543 	EXP 	unnamed Polygon: autoDraw = True
82.5583 	EXP 	unnamed Polygon: autoDraw = True
82.5712 	EXP 	unnamed Polygon: autoDraw = True
82.5793 	EXP 	unnamed Polygon: autoDraw = True
82.5840 	EXP 	unnamed Polygon: autoDraw = True
82.5962 	EXP 	unnamed Polygon: autoDraw = True
82.6044 	EXP 	unnamed Polygon: autoDraw = True
82.6086 	EXP 	unnamed Polygon: autoDraw = True
82.6212 	EXP 	unnamed Polygon: autoDraw = True
82.6294 	EXP 	unnamed Polygon: autoDraw = True
82.6340 	EXP 	unnamed Polygon: autoDraw = True
82.6467 	EXP 	unnamed Polygon: autoDraw = True
82.6544 	EXP 	unnamed Polygon: autoDraw = True
82.6594 	EXP 	unnamed Polygon: autoDraw = True
82.6713 	EXP 	unnamed Polygon: autoDraw = True
82.6793 	EXP 	unnamed Polygon: autoDraw = True
82.6841 	EXP 	unnamed Polygon: autoDraw = True
82.6965 	EXP 	unnamed Polygon: autoDraw = True
82.7044 	EXP 	unnamed Polygon: autoDraw = True
82.7092 	EXP 	unnamed Polygon: autoDraw = True
82.7170 	EXP 	unnamed Polygon: autoDraw = True
82.7298 	EXP 	unnamed Polygon: autoDraw = False
90.5260 	EXP 	unnamed Polygon: autoDraw = True
90.5260 	EXP 	unnamed Polygon: autoDraw = True
90.5382 	EXP 	unnamed Polygon: autoDraw = True
90.5458 	EXP 	unnamed Polygon: autoDraw = True
90.5493 	EXP 	unnamed Polygon: autoDraw = True
90.5629 	EXP 	unnamed Polygon: autoDraw = True
90.5710 	EXP 	unnamed Polygon: autoDraw = True
90.5746 	EXP 	unnamed Polygon: autoDraw = True
90.5879 	EXP 	unnamed Polygon: autoDraw = True
90.5965 	EXP 	unnamed Polygon: autoDraw = True
90.5991 	EXP 	unnamed Polygon: autoDraw = True
90.6128 	EXP 	unnamed Polygon: autoDraw = True
90.6208 	EXP 	unnamed Polygon: autoDraw = True
90.6235 	EXP 	unnamed Polygon: autoDraw = True
90.6379 	EXP 	unnamed Polygon: autoDraw = True
90.6461 	EXP 	unnamed Polygon: autoDraw = True
90.6495 	EXP 	unnamed Polygon: autoDraw = True
90.6629 	EXP 	unnamed Polygon: autoDraw = True
90.6709 	EXP 	unnamed Polygon: autoDraw = True
90.6743 	EXP 	unnamed Polygon: autoDraw = True
90.6878 	EXP 	unnamed Polygon: autoDraw = True
90.6959 	EXP 	unnamed Polygon: autoDraw = True
90.6992 	EXP 	unnamed Polygon: autoDraw = True
90.7129 	EXP 	unnamed Polygon: autoDraw = True
90.7210 	EXP 	unnamed Polygon: autoDraw = True
90.7244 	EXP 	unnamed Polygon: autoDraw = True
90.7378 	EXP 	unnamed Polygon: autoDraw = True
90.7460 	EXP 	unnamed Polygon: autoDraw = True
90.7502 	EXP 	unnamed Polygon: autoDraw = True
90.7629 	EXP 	unnamed Polygon: autoDraw = True
90.7711 	EXP 	unnamed Polygon: autoDraw = True
90.7752 	EXP 	unnamed Polygon: autoDraw = True
90.7879 	EXP 	unnamed Polygon: autoDraw = True
90.7961 	EXP 	unnamed Polygon: autoDraw = True
90.8011 	EXP 	unnamed Polygon: autoDraw = True
90.8063 	DATA 	Keypress: 1
90.8102 	EXP 	unnamed Polygon: autoDraw = True
90.8158 	EXP 	unnamed Polygon: autoDraw = True
90.8294 	EXP 	unnamed Polygon: autoDraw = True
90.8376 	EXP 	unnamed Polygon: autoDraw = True
90.8405 	EXP 	unnamed Polygon: autoDraw = True
90.8547 	EXP 	unnamed Polygon: autoDraw = True
90.8632 	EXP 	unnamed Polygon: autoDraw = True
90.8663 	EXP 	unnamed Polygon: autoDraw = True
90.8798 	EXP 	unnamed Polygon: autoDraw = True
90.8879 	EXP 	unnamed Polygon: autoDraw = True
90.8910 	EXP 	unnamed Polygon: autoDraw = True
90.9045 	EXP 	unnamed Polygon: autoDraw = True
90.9127 	EXP 	unnamed Polygon: autoDraw = True
90.9158 	EXP 	unnamed Polygon: autoDraw = True
90.9298 	EXP 	unnamed Polygon: autoDraw = True
90.9382 	EXP 	unnamed Polygon: autoDraw = True
90.9412 	EXP 	unnamed Polygon: autoDraw = True
90.9544 	EXP 	unnamed Polygon: autoDraw = True
90.9625 	EXP 	unnamed Polygon: autoDraw = True
90.9657 	EXP 	unnamed Polygon: autoDraw = True
90.9792 	EXP 	unnamed Polygon: autoDraw = True
90.9878 	EXP 	unnamed Polygon: autoDraw = True
90.9907 	EXP 	unnamed Polygon: autoDraw = True
91.0046 	EXP 	unnamed Polygon: autoDraw = True
91.0122 	EXP 	unnamed Polygon: autoDraw = False
96.7483 	EXP 	unnamed Polygon: autoDraw = True
96.7483 	EXP 	unnamed Polygon: autoDraw = True
96.7524 	EXP 	unnamed Polygon: autoDraw = True
96.7666 	EXP 	unnamed Polygon: autoDraw = True
96.7750 	EXP 	unnamed Polygon: autoDraw = True
96.7777 	EXP 	unnamed Polygon: autoDraw = True
96.7916 	EXP 	unnamed Polygon: autoDraw = True
96.7999 	EXP 	unnamed Polygon: autoDraw = True
96.8027 	EXP 	unnamed Polygon: autoDraw = True
96.8166 	EXP 	unnamed Polygon: autoDraw = True
96.8249 	EXP 	unnamed Polygon: autoDraw = True
96.8276 	EXP 	unnamed Polygon: autoDraw = True
96.8419 	EXP 	unnamed Polygon: autoDraw = True
96.8502 	EXP 	unnamed Polygon: autoDraw = True
96.8534 	EXP 	unnamed Polygon: autoDraw = True
96.8675 	EXP 	unnamed Polygon: autoDraw = True
96.8752 	EXP 	unnamed Polygon: autoDraw = True
96.8786 	EXP 	unnamed Polygon: autoDraw = True
96.8920 	EXP 	unnamed Polygon: autoDraw = True
96.9004 	EXP 	unnamed Polygon: autoDraw = True
96.9034 	EXP 	unnamed Polygon: autoDraw = True
96.9171 	EXP 	unnamed Polygon: autoDraw = True
96.9251 	EXP 	unnamed Polygon: autoDraw = True
96.9285 	EXP 	unnamed Polygon: autoDraw = True
96.9419 	EXP 	unnamed Polygon: autoDraw = True
96.9501 	EXP 	unnamed Polygon: autoDraw = True
96.9534 	EXP 	unnamed Polygon: autoDraw = True
96.9670 	EXP 	unnamed Polygon: autoDraw = True
96.9750 	EXP 	unnamed Polygon: autoDraw = True
96.9787 	EXP 	unnamed Polygon: autoDraw = True
96.9919 	EXP 	unnamed Polygon: autoDraw = True
97.0000 	EXP 	unnamed Polygon: autoDraw = True
97.0032 	EXP 	unnamed Polygon: autoDraw = True
97.0169 	EXP 	unnamed Polygon: autoDraw = True
97.0251 	EXP 	unnamed Polygon: autoDraw = True
97.0286 	EXP 	unnamed Polygon: autoDraw = True
97.0420 	EXP 	unnamed Polygon: autoDraw = True
97.0505 	EXP 	unnamed Polygon: autoDraw = True
97.0547 	EXP 	unnamed Polygon: autoDraw = True
97.0670 	EXP 	unnamed Polygon: autoDraw = True
97.0704 	DATA 	Keypress: 1
97.0748 	EXP 	unnamed Polygon: autoDraw = True
97.0791 	EXP 	unnamed Polygon: autoDraw = True
97.0918 	EXP 	unnamed Polygon: autoDraw = True
97.0999 	EXP 	unnamed Polygon: autoDraw = True
97.1033 	EXP 	unnamed Polygon: autoDraw = True
97.1169 	EXP 	unnamed Polygon: autoDraw = True
97.1254 	EXP 	unnamed Polygon: autoDraw = True
97.1291 	EXP 	unnamed Polygon: autoDraw = True
97.1426 	EXP 	unnamed Polygon: autoDraw = True
97.1500 	EXP 	unnamed Polygon: autoDraw = True
97.1538 	EXP 	unnamed Polygon: autoDraw = True
97.1668 	EXP 	unnamed Polygon: autoDraw = True
97.1750 	EXP 	unnamed Polygon: autoDraw = True
97.1785 	EXP 	unnamed Polygon: autoDraw = True
97.1919 	EXP 	unnamed Polygon: autoDraw = True
97.2001 	EXP 	unnamed Polygon: autoDraw = True
97.2038 	EXP 	unnamed Polygon: autoDraw = True
97.2169 	EXP 	unnamed Polygon: autoDraw = True
97.2250 	EXP 	unnamed Polygon: autoDraw = True
97.2329 	EXP 	unnamed Polygon: autoDraw = False
102.9351 	EXP 	unnamed Polygon: autoDraw = True
102.9351 	EXP 	unnamed Polygon: autoDraw = True
102.9468 	EXP 	unnamed Polygon: autoDraw = True
102.9545 	EXP 	unnamed Polygon: autoDraw = True
102.9577 	EXP 	unnamed Polygon: autoDraw = True
102.9713 	EXP 	unnamed Polygon: autoDraw = True
102.9794 	EXP 	unnamed Polygon: autoDraw = True
102.9830 	EXP 	unnamed Polygon: autoDraw = True
102.9961 	EXP 	unnamed Polygon: autoDraw = True
103.0043 	EXP 	unnamed Polygon: autoDraw = True
103.0088 	EXP 	unnamed Polygon: autoDraw = True
103.0212 	EXP 	unnamed Polygon: autoDraw = True
103.0295 	EXP 	unnamed Polygon: autoDraw = True
103.0338 	EXP 	unnamed Polygon: autoDraw = True
103.0463 	EXP 	unnamed Polygon: autoDraw = True
103.0545 	EXP 	unnamed Polygon: autoDraw = True
103.0589 	EXP 	unnamed Polygon: autoDraw = True
103.0712 	EXP 	unnamed Polygon: autoDraw = True
103.0795 	EXP 	unnamed Polygon: autoDraw = True
103.0839 	EXP 	unnamed Polygon: autoDraw = True
103.0963 	EXP 	unnamed Polygon: autoDraw = True
103.1044 	EXP 	unnamed Polygon: autoDraw = True
103.1084 	EXP 	unnamed Polygon: autoDraw = True
103.1213 	EXP 	unnamed Polygon: autoDraw = True
103.1296 	EXP 	unnamed Polygon: autoDraw = True
103.1338 	EXP 	unnamed Polygon: autoDraw = True
103.1463 	EXP 	unnamed Polygon: autoDraw = True
103.1545 	EXP 	unnamed Polygon: autoDraw = True
103.1584 	EXP 	unnamed Polygon: autoDraw = True
103.1712 	EXP 	unnamed Polygon: autoDraw = True
103.1795 	EXP 	unnamed Polygon: autoDraw = True
103.1833 	EXP 	unnamed Polygon: autoDraw = True
103.1962 	EXP 	unnamed Polygon: autoDraw = True
103.2044 	EXP 	unnamed Polygon: autoDraw = True
103.2081 	EXP 	unnamed Polygon: autoDraw = True
103.2212 	EXP 	unnamed Polygon: autoDraw = True
103.2293 	EXP 	unnamed Polygon: autoDraw = True
103.2335 	EXP 	unnamed Polygon: autoDraw = True
103.2462 	EXP 	unnamed Polygon: autoDraw = True
103.2499 	DATA 	Keypress: 1
103.2540 	EXP 	unnamed Polygon: autoDraw = True
103.2582 	EXP 	unnamed Polygon: autoDraw = True
103.2711 	EXP 	unnamed Polygon: autoDraw = True
103.2793 	EXP 	unnamed Polygon: autoDraw = True
103.2828 	EXP 	unnamed Polygon: autoDraw = True
103.2962 	EXP 	unnamed Polygon: autoDraw = True
103.3045 	EXP 	unnamed Polygon: autoDraw = True
103.3087 	EXP 	unnamed Polygon: autoDraw = True
103.3212 	EXP 	unnamed Polygon: autoDraw = True
103.3293 	EXP 	unnamed Polygon: autoDraw = True
103.3338 	EXP 	unnamed Polygon: autoDraw = True
103.3462 	EXP 	unnamed Polygon: autoDraw = True
103.3543 	EXP 	unnamed Polygon: autoDraw = True
103.3587 	EXP 	unnamed Polygon: autoDraw = True
103.3711 	EXP 	unnamed Polygon: autoDraw = True
103.3794 	EXP 	unnamed Polygon: autoDraw = True
103.3836 	EXP 	unnamed Polygon: autoDraw = True
103.3922 	EXP 	unnamed Polygon: autoDraw = False
111.1012 	EXP 	unnamed Polygon: autoDraw = True
111.1012 	EXP 	unnamed Polygon: autoDraw = True
111.1131 	EXP 	unnamed Polygon: autoDraw = True
111.1215 	EXP 	unnamed Polygon: autoDraw = True
111.1245 	EXP 	unnamed Polygon: autoDraw = True
111.1319 	EXP 	unnamed Polygon: autoDraw = True
111.1413 	EXP 	unnamed Polygon: autoDraw = True
111.1541 	EXP 	unnamed Polygon: autoDraw = True
111.1627 	EXP 	unnamed Polygon: autoDraw = True
111.1660 	EXP 	unnamed Polygon: autoDraw = True
111.1801 	EXP 	unnamed Polygon: autoDraw = True
111.1878 	EXP 	unnamed Polygon: autoDraw = True
111.1914 	EXP 	unnamed Polygon: autoDraw = True
111.2051 	EXP 	unnamed Polygon: autoDraw = True
111.2133 	EXP 	unnamed Polygon: autoDraw = True
111.2172 	EXP 	unnamed Polygon: autoDraw = True
111.2297 	EXP 	unnamed Polygon: autoDraw = True
111.2375 	EXP 	unnamed Polygon: autoDraw = True
111.2404 	EXP 	unnamed Polygon: autoDraw = True
111.2544 	EXP 	unnamed Polygon: autoDraw = True
111.2624 	EXP 	unnamed Polygon: autoDraw = True
111.2648 	EXP 	unnamed Polygon: autoDraw = True
111.2790 	EXP 	unnamed Polygon: autoDraw = True
111.2875 	EXP 	unnamed Polygon: autoDraw = True
111.2912 	EXP 	unnamed Polygon: autoDraw = True
111.3044 	EXP 	unnamed Polygon: autoDraw = True
111.3126 	EXP 	unnamed Polygon: autoDraw = True
111.3158 	EXP 	unnamed Polygon: autoDraw = True
111.3300 	EXP 	unnamed Polygon: autoDraw = True
111.3382 	EXP 	unnamed Polygon: autoDraw = True
111.3421 	EXP 	unnamed Polygon: autoDraw = True
111.3547 	EXP 	unnamed Polygon: autoDraw = True
111.3581 	DATA 	Keypress: 1
111.3623 	EXP 	unnamed Polygon: autoDraw = True
111.3653 	EXP 	unnamed Polygon: autoDraw = True
111.3793 	EXP 	unnamed Polygon: autoDraw = True
111.3875 	EXP 	unnamed Polygon: autoDraw = True
111.3905 	EXP 	unnamed Polygon: autoDraw = True
111.4046 	EXP 	unnamed Polygon: autoDraw = True
111.4125 	EXP 	unnamed Polygon: autoDraw = True
111.4169 	EXP 	unnamed Polygon: autoDraw = True
111.4301 	EXP 	unnamed Polygon: autoDraw = True
111.4379 	EXP 	unnamed Polygon: autoDraw = True
111.4406 	EXP 	unnamed Polygon: autoDraw = True
111.4545 	EXP 	unnamed Polygon: autoDraw = True
111.4625 	EXP 	unnamed Polygon: autoDraw = True
111.4656 	EXP 	unnamed Polygon: autoDraw = True
111.4795 	EXP 	unnamed Polygon: autoDraw = True
111.4877 	EXP 	unnamed Polygon: autoDraw = True
111.4918 	EXP 	unnamed Polygon: autoDraw = True
111.5045 	EXP 	unnamed Polygon: autoDraw = True
111.5127 	EXP 	unnamed Polygon: autoDraw = True
111.5166 	EXP 	unnamed Polygon: autoDraw = True
111.5296 	EXP 	unnamed Polygon: autoDraw = True
111.5379 	EXP 	unnamed Polygon: autoDraw = True
111.5425 	EXP 	unnamed Polygon: autoDraw = True
111.5546 	EXP 	unnamed Polygon: autoDraw = True
111.5627 	EXP 	unnamed Polygon: autoDraw = True
111.5674 	EXP 	unnamed Polygon: autoDraw = True
111.5796 	EXP 	unnamed Polygon: autoDraw = True
111.6048 	EXP 	unnamed Polygon: autoDraw = False
119.3438 	EXP 	unnamed Polygon: autoDraw = True
119.3438 	EXP 	unnamed Polygon: autoDraw = True
119.3490 	EXP 	unnamed Polygon: autoDraw = True
119.3626 	EXP 	unnamed Polygon: autoDraw = True
119.3708 	EXP 	unnamed Polygon: autoDraw = True
119.3738 	EXP 	unnamed Polygon: autoDraw = True
119.3876 	EXP 	unnamed Polygon: autoDraw = True
119.3958 	EXP 	unnamed Polygon: autoDraw = True
119.3987 	EXP 	unnamed Polygon: autoDraw = True
119.4132 	EXP 	unnamed Polygon: autoDraw = True
119.4211 	EXP 	unnamed Polygon: autoDraw = True
119.4241 	EXP 	unnamed Polygon: autoDraw = True
119.4381 	EXP 	unnamed Polygon: autoDraw = True
119.4461 	EXP 	unnamed Polygon: autoDraw = True
119.4492 	EXP 	unnamed Polygon: autoDraw = True
119.4629 	EXP 	unnamed Polygon: autoDraw = True
119.4708 	EXP 	unnamed Polygon: autoDraw = True
119.4744 	EXP 	unnamed Polygon: autoDraw = True
119.4877 	EXP 	unnamed Polygon: autoDraw = True
119.4960 	EXP 	unnamed Polygon: autoDraw = True
119.4996 	EXP 	unnamed Polygon: autoDraw = True
119.5129 	EXP 	unnamed Polygon: autoDraw = True
119.5210 	EXP 	unnamed Polygon: autoDraw = True
119.5243 	EXP 	unnamed Polygon: autoDraw = True
119.5378 	EXP 	unnamed Polygon: autoDraw = True
119.5460 	EXP 	unnamed Polygon: autoDraw = True
119.5502 	EXP 	unnamed Polygon: autoDraw = True
119.5629 	EXP 	unnamed Polygon: autoDraw = True
119.5710 	EXP 	unnamed Polygon: autoDraw = True
119.5749 	EXP 	unnamed Polygon: autoDraw = True
119.5879 	EXP 	unnamed Polygon: autoDraw = True
119.5960 	EXP 	unnamed Polygon: autoDraw = True
119.6004 	EXP 	unnamed Polygon: autoDraw = True
119.6129 	EXP 	unnamed Polygon: autoDraw = True
119.6214 	EXP 	unnamed Polygon: autoDraw = True
119.6253 	EXP 	unnamed Polygon: autoDraw = True
119.6379 	EXP 	unnamed Polygon: autoDraw = True
119.6413 	DATA 	Keypress: 1
119.6459 	EXP 	unnamed Polygon: autoDraw = True
119.6500 	EXP 	unnamed Polygon: autoDraw = True
119.6629 	EXP 	unnamed Polygon: autoDraw = True
119.6710 	EXP 	unnamed Polygon: autoDraw = True
119.6745 	EXP 	unnamed Polygon: autoDraw = True
119.6878 	EXP 	unnamed Polygon: autoDraw = True
119.6959 	EXP 	unnamed Polygon: autoDraw = True
119.6992 	EXP 	unnamed Polygon: autoDraw = True
119.7130 	EXP 	unnamed Polygon: autoDraw = True
119.7211 	EXP 	unnamed Polygon: autoDraw = True
119.7259 	EXP 	unnamed Polygon: autoDraw = True
119.7378 	EXP 	unnamed Polygon: autoDraw = True
119.7460 	EXP 	unnamed Polygon: autoDraw = True
119.7492 	EXP 	unnamed Polygon: autoDraw = True
119.7629 	EXP 	unnamed Polygon: autoDraw = True
119.7710 	EXP 	unnamed Polygon: autoDraw = True
119.7754 	EXP 	unnamed Polygon: autoDraw = True
119.7879 	EXP 	unnamed Polygon: autoDraw = True
119.7961 	EXP 	unnamed Polygon: autoDraw = True
119.8045 	EXP 	unnamed Polygon: autoDraw = False
129.5189 	EXP 	unnamed Polygon: autoDraw = True
129.5189 	EXP 	unnamed Polygon: autoDraw = True
129.5244 	EXP 	unnamed Polygon: autoDraw = True
129.5376 	EXP 	unnamed Polygon: autoDraw = True
129.5459 	EXP 	unnamed Polygon: autoDraw = True
129.5485 	EXP 	unnamed Polygon: autoDraw = True
129.5630 	EXP 	unnamed Polygon: autoDraw = True
129.5709 	EXP 	unnamed Polygon: autoDraw = True
129.5740 	EXP 	unnamed Polygon: autoDraw = True
129.5879 	EXP 	unnamed Polygon: autoDraw = True
129.5962 	EXP 	unnamed Polygon: autoDraw = True
129.6002 	EXP 	unnamed Polygon: autoDraw = True
129.6128 	EXP 	unnamed Polygon: autoDraw = True
129.6210 	EXP 	unnamed Polygon: autoDraw = True
129.6255 	EXP 	unnamed Polygon: autoDraw = True
129.6379 	EXP 	unnamed Polygon: autoDraw = True
129.6460 	EXP 	unnamed Polygon: autoDraw = True
129.6497 	EXP 	unnamed Polygon: autoDraw = True
129.6629 	EXP 	unnamed Polygon: autoDraw = True
129.6711 	EXP 	unnamed Polygon: autoDraw = True
129.6760 	EXP 	unnamed Polygon: autoDraw = True
129.6879 	EXP 	unnamed Polygon: autoDraw = True
129.6962 	EXP 	unnamed Polygon: autoDraw = True
129.7001 	EXP 	unnamed Polygon: autoDraw = True
129.7128 	EXP 	unnamed Polygon: autoDraw = True
129.7211 	EXP 	unnamed Polygon: autoDraw = True
129.7248 	DATA 	Keypress: 1
129.7291 	EXP 	unnamed Polygon: autoDraw = True
129.7332 	EXP 	unnamed Polygon: autoDraw = True
129.7461 	EXP 	unnamed Polygon: autoDraw = True
129.7544 	EXP 	unnamed Polygon: autoDraw = True
129.7574 	EXP 	unnamed Polygon: autoDraw = True
129.7712 	EXP 	unnamed Polygon: autoDraw = True
129.7793 	EXP 	unnamed Polygon: autoDraw = True
129.7839 	EXP 	unnamed Polygon: autoDraw = True
129.7962 	EXP 	unnamed Polygon: autoDraw = True
129.8044 	EXP 	unnamed Polygon: autoDraw = True
129.8092 	EXP 	unnamed Polygon: autoDraw = True
129.8214 	EXP 	unnamed Polygon: autoDraw = True
129.8296 	EXP 	unnamed Polygon: autoDraw = True
129.8337 	EXP 	unnamed Polygon: autoDraw = True
129.8462 	EXP 	unnamed Polygon: autoDraw = True
129.8545 	EXP 	unnamed Polygon: autoDraw = True
129.8581 	EXP 	unnamed Polygon: autoDraw = True
129.8711 	EXP 	unnamed Polygon: autoDraw = True
129.8793 	EXP 	unnamed Polygon: autoDraw = True
129.8836 	EXP 	unnamed Polygon: autoDraw = True
129.8963 	EXP 	unnamed Polygon: autoDraw = True
129.9043 	EXP 	unnamed Polygon: autoDraw = True
129.9079 	EXP 	unnamed Polygon: autoDraw = True
129.9212 	EXP 	unnamed Polygon: autoDraw = True
129.9293 	EXP 	unnamed Polygon: autoDraw = True
129.9335 	EXP 	unnamed Polygon: autoDraw = True
129.9462 	EXP 	unnamed Polygon: autoDraw = True
129.9545 	EXP 	unnamed Polygon: autoDraw = True
129.9594 	EXP 	unnamed Polygon: autoDraw = True
129.9713 	EXP 	unnamed Polygon: autoDraw = True
129.9835 	EXP 	unnamed Polygon: autoDraw = False
135.8023 	EXP 	unnamed Polygon: autoDraw = True
135.8023 	EXP 	unnamed Polygon: autoDraw = True
135.8131 	EXP 	unnamed Polygon: autoDraw = True
135.8213 	EXP 	unnamed Polygon: autoDraw = True
135.8244 	EXP 	unnamed Polygon: autoDraw = True
135.8383 	EXP 	unnamed Polygon: autoDraw = True
135.8460 	EXP 	unnamed Polygon: autoDraw = True
135.8490 	EXP 	unnamed Polygon: autoDraw = True
135.8630 	EXP 	unnamed Polygon: autoDraw = True
135.8710 	EXP 	unnamed Polygon: autoDraw = True
135.8744 	EXP 	unnamed Polygon: autoDraw = True
135.8879 	EXP 	unnamed Polygon: autoDraw = True
135.8961 	EXP 	unnamed Polygon: autoDraw = True
135.8995 	EXP 	unnamed Polygon: autoDraw = True
135.9128 	EXP 	unnamed Polygon: autoDraw = True
135.9210 	EXP 	unnamed Polygon: autoDraw = True
135.9245 	EXP 	unnamed Polygon: autoDraw = True
135.9379 	EXP 	unnamed Polygon: autoDraw = True
135.9460 	EXP 	unnamed Polygon: autoDraw = True
135.9504 	EXP 	unnamed Polygon: autoDraw = True
135.9629 	EXP 	unnamed Polygon: autoDraw = True
135.9711 	EXP 	unnamed Polygon: autoDraw = True
135.9757 	EXP 	unnamed Polygon: autoDraw = True
135.9878 	EXP 	unnamed Polygon: autoDraw = True
135.9961 	EXP 	unnamed Polygon: autoDraw = True
136.0007 	EXP 	unnamed Polygon: autoDraw = True
136.0129 	EXP 	unnamed Polygon: autoDraw = True
136.0210 	EXP 	unnamed Polygon: autoDraw = True
136.0248 	EXP 	unnamed Polygon: autoDraw = True
136.0380 	EXP 	unnamed Polygon: autoDraw = True
136.0461 	EXP 	unnamed Polygon: autoDraw = True
136.0510 	EXP 	unnamed Polygon: autoDraw = True
136.0628 	EXP 	unnamed Polygon: autoDraw = True
136.0711 	EXP 	unnamed Polygon: autoDraw = True
136.0758 	EXP 	unnamed Polygon: autoDraw = True
136.0880 	EXP 	unnamed Polygon: autoDraw = True
136.0961 	EXP 	unnamed Polygon: autoDraw = True
136.0996 	EXP 	unnamed Polygon: autoDraw = True
136.1133 	EXP 	unnamed Polygon: autoDraw = True
136.1207 	EXP 	unnamed Polygon: autoDraw = True
136.1233 	EXP 	unnamed Polygon: autoDraw = True
136.1377 	EXP 	unnamed Polygon: autoDraw = True
136.1459 	EXP 	unnamed Polygon: autoDraw = True
136.1496 	EXP 	unnamed Polygon: autoDraw = True
136.1625 	EXP 	unnamed Polygon: autoDraw = True
136.1708 	EXP 	unnamed Polygon: autoDraw = True
136.1744 	EXP 	unnamed Polygon: autoDraw = True
136.1876 	EXP 	unnamed Polygon: autoDraw = True
136.1957 	EXP 	unnamed Polygon: autoDraw = True
136.1987 	EXP 	unnamed Polygon: autoDraw = True
136.2125 	EXP 	unnamed Polygon: autoDraw = True
136.2209 	EXP 	unnamed Polygon: autoDraw = True
136.2250 	EXP 	unnamed Polygon: autoDraw = True
136.2375 	EXP 	unnamed Polygon: autoDraw = True
136.2457 	EXP 	unnamed Polygon: autoDraw = True
136.2488 	EXP 	unnamed Polygon: autoDraw = True
136.2625 	EXP 	unnamed Polygon: autoDraw = True
136.2707 	EXP 	unnamed Polygon: autoDraw = True
136.2742 	EXP 	unnamed Polygon: autoDraw = True
136.2874 	EXP 	unnamed Polygon: autoDraw = True
136.2956 	EXP 	unnamed Polygon: autoDraw = True
136.3013 	EXP 	unnamed Polygon: autoDraw = False
136.5515 	DATA 	Keypress: 1
141.7979 	EXP 	unnamed Polygon: autoDraw = True
141.7979 	EXP 	unnamed Polygon: autoDraw = True
141.8040 	EXP 	unnamed Polygon: autoDraw = True
141.8073 	EXP 	unnamed Polygon: autoDraw = True
141.8210 	EXP 	unnamed Polygon: autoDraw = True
141.8289 	EXP 	unnamed Polygon: autoDraw = True
141.8417 	EXP 	unnamed Polygon: autoDraw = True
141.8500 	EXP 	unnamed Polygon: autoDraw = True
141.8526 	EXP 	unnamed Polygon: autoDraw = True
141.8669 	EXP 	unnamed Polygon: autoDraw = True
141.8750 	EXP 	unnamed Polygon: autoDraw = True
141.8785 	EXP 	unnamed Polygon: autoDraw = True
141.8917 	EXP 	unnamed Polygon: autoDraw = True
141.9000 	EXP 	unnamed Polygon: autoDraw = True
141.9034 	EXP 	unnamed Polygon: autoDraw = True
141.9168 	EXP 	unnamed Polygon: autoDraw = True
141.9250 	EXP 	unnamed Polygon: autoDraw = True
141.9283 	EXP 	unnamed Polygon: autoDraw = True
141.9420 	EXP 	unnamed Polygon: autoDraw = True
141.9501 	EXP 	unnamed Polygon: autoDraw = True
141.9538 	EXP 	unnamed Polygon: autoDraw = True
141.9669 	EXP 	unnamed Polygon: autoDraw = True
141.9751 	EXP 	unnamed Polygon: autoDraw = True
141.9790 	EXP 	unnamed Polygon: autoDraw = True
141.9920 	EXP 	unnamed Polygon: autoDraw = True
142.0002 	EXP 	unnamed Polygon: autoDraw = True
142.0049 	EXP 	unnamed Polygon: autoDraw = True
142.0170 	EXP 	unnamed Polygon: autoDraw = True
142.0251 	EXP 	unnamed Polygon: autoDraw = True
142.0286 	EXP 	unnamed Polygon: autoDraw = True
142.0419 	EXP 	unnamed Polygon: autoDraw = True
142.0450 	DATA 	Keypress: 1
142.0500 	EXP 	unnamed Polygon: autoDraw = True
142.0543 	EXP 	unnamed Polygon: autoDraw = True
142.0669 	EXP 	unnamed Polygon: autoDraw = True
142.0751 	EXP 	unnamed Polygon: autoDraw = True
142.0788 	EXP 	unnamed Polygon: autoDraw = True
142.0919 	EXP 	unnamed Polygon: autoDraw = True
142.1001 	EXP 	unnamed Polygon: autoDraw = True
142.1042 	EXP 	unnamed Polygon: autoDraw = True
142.1170 	EXP 	unnamed Polygon: autoDraw = True
142.1252 	EXP 	unnamed Polygon: autoDraw = True
142.1299 	EXP 	unnamed Polygon: autoDraw = True
142.1423 	EXP 	unnamed Polygon: autoDraw = True
142.1503 	EXP 	unnamed Polygon: autoDraw = True
142.1541 	EXP 	unnamed Polygon: autoDraw = True
142.1674 	EXP 	unnamed Polygon: autoDraw = True
142.1750 	EXP 	unnamed Polygon: autoDraw = True
142.1784 	EXP 	unnamed Polygon: autoDraw = True
142.1925 	EXP 	unnamed Polygon: autoDraw = True
142.2001 	EXP 	unnamed Polygon: autoDraw = True
142.2038 	EXP 	unnamed Polygon: autoDraw = True
142.2170 	EXP 	unnamed Polygon: autoDraw = True
142.2253 	EXP 	unnamed Polygon: autoDraw = True
142.2286 	EXP 	unnamed Polygon: autoDraw = True
142.2424 	EXP 	unnamed Polygon: autoDraw = True
142.2502 	EXP 	unnamed Polygon: autoDraw = True
142.2531 	EXP 	unnamed Polygon: autoDraw = True
142.2675 	EXP 	unnamed Polygon: autoDraw = True
142.2755 	EXP 	unnamed Polygon: autoDraw = True
142.2787 	EXP 	unnamed Polygon: autoDraw = True
142.2925 	EXP 	unnamed Polygon: autoDraw = True
142.3003 	EXP 	unnamed Polygon: autoDraw = True
142.3038 	EXP 	unnamed Polygon: autoDraw = True
142.3171 	EXP 	unnamed Polygon: autoDraw = True
142.3255 	EXP 	unnamed Polygon: autoDraw = False
148.0912 	EXP 	unnamed Polygon: autoDraw = True
148.0912 	EXP 	unnamed Polygon: autoDraw = True
148.1000 	EXP 	unnamed Polygon: autoDraw = True
148.1029 	EXP 	unnamed Polygon: autoDraw = True
148.1168 	EXP 	unnamed Polygon: autoDraw = True
148.1249 	EXP 	unnamed Polygon: autoDraw = True
148.1281 	EXP 	unnamed Polygon: autoDraw = True
148.1417 	EXP 	unnamed Polygon: autoDraw = True
148.1500 	EXP 	unnamed Polygon: autoDraw = True
148.1532 	EXP 	unnamed Polygon: autoDraw = True
148.1667 	EXP 	unnamed Polygon: autoDraw = True
148.1752 	EXP 	unnamed Polygon: autoDraw = True
148.1793 	EXP 	unnamed Polygon: autoDraw = True
148.1920 	EXP 	unnamed Polygon: autoDraw = True
148.2001 	EXP 	unnamed Polygon: autoDraw = True
148.2031 	EXP 	unnamed Polygon: autoDraw = True
148.2173 	EXP 	unnamed Polygon: autoDraw = True
148.2258 	EXP 	unnamed Polygon: autoDraw = True
148.2295 	EXP 	unnamed Polygon: autoDraw = True
148.2423 	EXP 	unnamed Polygon: autoDraw = True
148.2503 	EXP 	unnamed Polygon: autoDraw = True
148.2534 	EXP 	unnamed Polygon: autoDraw = True
148.2670 	EXP 	unnamed Polygon: autoDraw = True
148.2749 	EXP 	unnamed Polygon: autoDraw = True
148.2776 	EXP 	unnamed Polygon: autoDraw = True
148.2918 	EXP 	unnamed Polygon: autoDraw = True
148.2994 	EXP 	unnamed Polygon: autoDraw = True
148.3042 	EXP 	unnamed Polygon: autoDraw = True
148.3165 	EXP 	unnamed Polygon: autoDraw = True
148.3250 	EXP 	unnamed Polygon: autoDraw = True
148.3271 	EXP 	unnamed Polygon: autoDraw = True
148.3418 	EXP 	unnamed Polygon: autoDraw = True
148.3498 	EXP 	unnamed Polygon: autoDraw = True
148.3518 	EXP 	unnamed Polygon: autoDraw = True
148.3666 	EXP 	unnamed Polygon: autoDraw = True
148.3749 	EXP 	unnamed Polygon: autoDraw = True
148.3767 	EXP 	unnamed Polygon: autoDraw = True
148.3916 	EXP 	unnamed Polygon: autoDraw = True
148.3999 	EXP 	unnamed Polygon: autoDraw = True
148.4016 	EXP 	unnamed Polygon: autoDraw = True
148.4167 	EXP 	unnamed Polygon: autoDraw = True
148.4249 	EXP 	unnamed Polygon: autoDraw = True
148.4265 	EXP 	unnamed Polygon: autoDraw = True
148.4417 	EXP 	unnamed Polygon: autoDraw = True
148.4433 	DATA 	Keypress: 1
148.4499 	EXP 	unnamed Polygon: autoDraw = True
148.4523 	EXP 	unnamed Polygon: autoDraw = True
148.4667 	EXP 	unnamed Polygon: autoDraw = True
148.4750 	EXP 	unnamed Polygon: autoDraw = True
148.4777 	EXP 	unnamed Polygon: autoDraw = True
148.4917 	EXP 	unnamed Polygon: autoDraw = True
148.4997 	EXP 	unnamed Polygon: autoDraw = True
148.5025 	EXP 	unnamed Polygon: autoDraw = True
148.5168 	EXP 	unnamed Polygon: autoDraw = True
148.5250 	EXP 	unnamed Polygon: autoDraw = True
148.5278 	EXP 	unnamed Polygon: autoDraw = True
148.5422 	EXP 	unnamed Polygon: autoDraw = True
148.5477 	DATA 	Keypress: 1
148.5535 	EXP 	unnamed Polygon: autoDraw = False
155.7027 	DATA 	Keypress: 1
165.7664 	EXP 	unnamed TextStim: height = 0.04
165.7664 	EXP 	unnamed TextStim: height = 0.04
165.7664 	EXP 	unnamed TextStim: height = 0.04
165.7664 	EXP 	unnamed TextStim: text = 'Instructions...\n\nYour goal is to make as much money as possible.\n\nRemember:\nWIN CIRCLES = win money\nLOSE SQUARES = lose money\n\nQUICKLY press the button with your pointer finger when you see the solid white triangle.\n\nYou will get feedback on whether you pressed the button in time and if you won or lost money.'
176.2247 	DATA 	Keypress: 1
176.2276 	EXP 	Created unnamed TextStim = TextStim(__class__=<class 'psychopy.visual.text.TextStim'>, alignHoriz=method-wrapper(...), alignText='center', alignVert=method-wrapper(...), anchorHoriz='center', anchorVert='center', antialias=True, autoDraw=False, autoLog=True, bold=False, color=array([1., 1., 1.]), colorSpace='rgb', contrast=1.0, depth=0, draggable=False, flipHoriz=False, flipVert=False, font='', fontFiles=[], height=0.08, italic=False, languageStyle='LTR', name='unnamed TextStim', opacity=1.0, ori=0.0, pos=array([-0.65,  0.15]), rgb=UNKNOWN, text='+', units='height', win=Window(...), wrapWidth=1)
176.2341 	EXP 	Created unnamed ImageStim = ImageStim(__class__=<class 'psychopy.visual.image.ImageStim'>, anchor=('center', 'center'), autoLog=True, color=array([1., 1., 1.]), colorSpace='rgb', contrast=1.0, depth=0, draggable=False, flipHoriz=False, flipVert=False, image='../stimuli/reward_high.png', interpolate=False, mask=None, maskParams=None, name='unnamed ImageStim', opacity=1, ori=0.0, pos=array([-0.35,  0.15]), size=array([0.2, 0.2]), texRes=128, units='height', win=Window(...))
176.2350 	EXP 	Created unnamed TextStim = TextStim(__class__=<class 'psychopy.visual.text.TextStim'>, alignHoriz=method-wrapper(...), alignText='center', alignVert=method-wrapper(...), anchorHoriz='center', anchorVert='center', antialias=True, autoDraw=False, autoLog=True, bold=False, color=array([1., 1., 1.]), colorSpace='rgb', contrast=1.0, depth=0, draggable=False, flipHoriz=False, flipVert=False, font='', fontFiles=[], height=0.08, italic=False, languageStyle='LTR', name='unnamed TextStim', opacity=1.0, ori=0.0, pos=array([-0.15,  0.15]), rgb=UNKNOWN, text='+', units='height', win=Window(...), wrapWidth=1)
176.2358 	EXP 	Created unnamed Polygon = Polygon(__class__=<class 'psychopy.visual.polygon.Polygon'>, anchor=('center', 'center'), autoDraw=False, autoLog=True, closeShape=True, color=method-wrapper(...), colorSpace='rgb', contrast=None, depth=0, draggable=False, fillColor=array([1, 1, 1]), fillColorSpace='rgb', fillRGB=array([1, 1, 1]), interpolate=True, lineColor=array([1., 1., 1.]), lineColorSpace='rgb', lineRGB=array([1, 1, 1]), lineWidth=1.5, name='unnamed Polygon', opacity=1, ori=0.0, pos=array([0.15, 0.15]), size=array([1., 1.]), units='height', vertices=ndarray(...), win=Window(...))
176.2366 	EXP 	Created unnamed TextStim = TextStim(__class__=<class 'psychopy.visual.text.TextStim'>, alignHoriz=method-wrapper(...), alignText='center', alignVert=method-wrapper(...), anchorHoriz='center', anchorVert='center', antialias=True, autoDraw=False, autoLog=True, bold=False, color=array([1., 1., 1.]), colorSpace='rgb', contrast=1.0, depth=0, draggable=False, flipHoriz=False, flipVert=False, font='', fontFiles=[], height=0.08, italic=False, languageStyle='LTR', name='unnamed TextStim', opacity=1.0, ori=0.0, pos=array([0.35, 0.15]), rgb=UNKNOWN, text='+', units='height', win=Window(...), wrapWidth=1)
176.2392 	EXP 	Created unnamed TextStim = TextStim(__class__=<class 'psychopy.visual.text.TextStim'>, alignHoriz=method-wrapper(...), alignText='center', alignVert=method-wrapper(...), anchorHoriz='center', anchorVert='center', antialias=True, autoDraw=False, autoLog=True, bold=False, color=array([1., 1., 1.]), colorSpace='rgb', contrast=1.0, depth=0, draggable=False, flipHoriz=False, flipVert=False, font='', fontFiles=[], height=0.08, italic=False, languageStyle='LTR', name='unnamed TextStim', opacity=1.0, ori=0.0, pos=array([0.65, 0.15]), rgb=UNKNOWN, text='Hit!\n+$5.00', units='height', win=Window(...), wrapWidth=1)
176.2393 	WARNING 	TextStim.alignHoriz is deprecated. Use alignText and anchorHoriz attributes instead
176.2415 	EXP 	Created unnamed TextStim = TextStim(__class__=<class 'psychopy.visual.text.TextStim'>, alignHoriz='center', alignText='center', alignVert=method-wrapper(...), anchorHoriz='center', anchorVert='center', antialias=True, autoDraw=False, autoLog=True, bold=False, color=array([1., 1., 1.]), colorSpace='rgb', contrast=1.0, depth=0, draggable=False, flipHoriz=False, flipVert=False, font='', fontFiles=[], height=0.04, italic=False, languageStyle='LTR', name='unnamed TextStim', opacity=1.0, ori=0.0, pos=array([-0.65, -0.15]), rgb=UNKNOWN, text='Pay attention', units='height', win=Window(...), wrapWidth=0.1)
176.2416 	WARNING 	TextStim.alignHoriz is deprecated. Use alignText and anchorHoriz attributes instead
176.2438 	EXP 	Created unnamed TextStim = TextStim(__class__=<class 'psychopy.visual.text.TextStim'>, alignHoriz='center', alignText='center', alignVert=method-wrapper(...), anchorHoriz='center', anchorVert='center', antialias=True, autoDraw=False, autoLog=True, bold=False, color=array([1., 1., 1.]), colorSpace='rgb', contrast=1.0, depth=0, draggable=False, flipHoriz=False, flipVert=False, font='', fontFiles=[], height=0.04, italic=False, languageStyle='LTR', name='unnamed TextStim', opacity=1.0, ori=0.0, pos=array([-0.35, -0.15]), rgb=UNKNOWN, text="Cue: don't respond yet", units='height', win=Window(...), wrapWidth=0.1)
176.2439 	WARNING 	TextStim.alignHoriz is deprecated. Use alignText and anchorHoriz attributes instead
176.2450 	EXP 	Created unnamed TextStim = TextStim(__class__=<class 'psychopy.visual.text.TextStim'>, alignHoriz='center', alignText='center', alignVert=method-wrapper(...), anchorHoriz='center', anchorVert='center', antialias=True, autoDraw=False, autoLog=True, bold=False, color=array([1., 1., 1.]), colorSpace='rgb', contrast=1.0, depth=0, draggable=False, flipHoriz=False, flipVert=False, font='', fontFiles=[], height=0.04, italic=False, languageStyle='LTR', name='unnamed TextStim', opacity=1.0, ori=0.0, pos=array([-0.15, -0.15]), rgb=UNKNOWN, text='Pay attention', units='height', win=Window(...), wrapWidth=0.1)
176.2451 	WARNING 	TextStim.alignHoriz is deprecated. Use alignText and anchorHoriz attributes instead
176.2473 	EXP 	Created unnamed TextStim = TextStim(__class__=<class 'psychopy.visual.text.TextStim'>, alignHoriz='center', alignText='center', alignVert=method-wrapper(...), anchorHoriz='center', anchorVert='center', antialias=True, autoDraw=False, autoLog=True, bold=False, color=array([1., 1., 1.]), colorSpace='rgb', contrast=1.0, depth=0, draggable=False, flipHoriz=False, flipVert=False, font='', fontFiles=[], height=0.04, italic=False, languageStyle='LTR', name='unnamed TextStim', opacity=1.0, ori=0.0, pos=array([ 0.15, -0.15]), rgb=UNKNOWN, text='Respond when solid triangle is on screen', units='height', win=Window(...), wrapWidth=0.1)
176.2474 	WARNING 	TextStim.alignHoriz is deprecated. Use alignText and anchorHoriz attributes instead
176.2485 	EXP 	Created unnamed TextStim = TextStim(__class__=<class 'psychopy.visual.text.TextStim'>, alignHoriz='center', alignText='center', alignVert=method-wrapper(...), anchorHoriz='center', anchorVert='center', antialias=True, autoDraw=False, autoLog=True, bold=False, color=array([1., 1., 1.]), colorSpace='rgb', contrast=1.0, depth=0, draggable=False, flipHoriz=False, flipVert=False, font='', fontFiles=[], height=0.04, italic=False, languageStyle='LTR', name='unnamed TextStim', opacity=1.0, ori=0.0, pos=array([ 0.35, -0.15]), rgb=UNKNOWN, text='Pay attention', units='height', win=Window(...), wrapWidth=0.1)
176.2486 	WARNING 	TextStim.alignHoriz is deprecated. Use alignText and anchorHoriz attributes instead
176.2498 	EXP 	Created unnamed TextStim = TextStim(__class__=<class 'psychopy.visual.text.TextStim'>, alignHoriz='center', alignText='center', alignVert=method-wrapper(...), anchorHoriz='center', anchorVert='center', antialias=True, autoDraw=False, autoLog=True, bold=False, color=array([1., 1., 1.]), colorSpace='rgb', contrast=1.0, depth=0, draggable=False, flipHoriz=False, flipVert=False, font='', fontFiles=[], height=0.04, italic=False, languageStyle='LTR', name='unnamed TextStim', opacity=1.0, ori=0.0, pos=array([ 0.65, -0.15]), rgb=UNKNOWN, text='Feedback', units='height', win=Window(...), wrapWidth=0.1)
176.9333 	DATA 	Keypress: 1
177.4071 	DATA 	Keypress: 1
178.1002 	DATA 	Keypress: return
178.9819 	DATA 	Keypress: equal
186.0453 	DATA 	Keypress: 1
188.0760 	EXP 	unnamed Polygon: autoDraw = True
188.0760 	EXP 	unnamed Polygon: autoDraw = True
188.0834 	EXP 	unnamed Polygon: autoDraw = True
188.0864 	EXP 	unnamed Polygon: autoDraw = True
188.1001 	EXP 	unnamed Polygon: autoDraw = True
188.1083 	EXP 	unnamed Polygon: autoDraw = True
188.1111 	EXP 	unnamed Polygon: autoDraw = True
188.1262 	EXP 	unnamed Polygon: autoDraw = True
188.1335 	EXP 	unnamed Polygon: autoDraw = True
188.1372 	EXP 	unnamed Polygon: autoDraw = True
188.1508 	EXP 	unnamed Polygon: autoDraw = True
188.1584 	EXP 	unnamed Polygon: autoDraw = True
188.1618 	EXP 	unnamed Polygon: autoDraw = True
188.1759 	EXP 	unnamed Polygon: autoDraw = True
188.1837 	EXP 	unnamed Polygon: autoDraw = True
188.1868 	EXP 	unnamed Polygon: autoDraw = True
188.2001 	EXP 	unnamed Polygon: autoDraw = True
188.2092 	EXP 	unnamed Polygon: autoDraw = True
188.2112 	EXP 	unnamed Polygon: autoDraw = True
188.2258 	EXP 	unnamed Polygon: autoDraw = True
188.2337 	EXP 	unnamed Polygon: autoDraw = True
188.2369 	EXP 	unnamed Polygon: autoDraw = True
188.2501 	EXP 	unnamed Polygon: autoDraw = True
188.2593 	EXP 	unnamed Polygon: autoDraw = True
188.2613 	EXP 	unnamed Polygon: autoDraw = True
188.2759 	EXP 	unnamed Polygon: autoDraw = True
188.2833 	EXP 	unnamed Polygon: autoDraw = True
188.2862 	EXP 	unnamed Polygon: autoDraw = True
188.3009 	EXP 	unnamed Polygon: autoDraw = True
188.3086 	EXP 	unnamed Polygon: autoDraw = True
188.3121 	EXP 	unnamed Polygon: autoDraw = True
188.3255 	EXP 	unnamed Polygon: autoDraw = True
188.3336 	EXP 	unnamed Polygon: autoDraw = True
188.3380 	EXP 	unnamed Polygon: autoDraw = True
188.3505 	EXP 	unnamed Polygon: autoDraw = True
188.3571 	DATA 	Keypress: 1
188.3615 	EXP 	unnamed Polygon: autoDraw = False
190.0082 	EXP 	trial_feedback: height = 0.09
190.0082 	EXP 	trial_feedback: height = 0.09
190.0082 	EXP 	trial_feedback: height = 0.09
190.0082 	EXP 	trial_feedback: text = 'Miss!\n$0.00'
190.0082 	EXP 	trial_feedback: autoDraw = True
191.9921 	EXP 	trial_feedback: autoDraw = False
192.0127 	EXP 	trial_feedback: autoDraw = False
192.0127 	EXP 	exp_feedback: autoDraw = False
198.1382 	EXP 	unnamed Polygon: autoDraw = True
198.1382 	EXP 	unnamed Polygon: autoDraw = True
198.1510 	EXP 	unnamed Polygon: autoDraw = True
198.1627 	EXP 	unnamed Polygon: autoDraw = True
198.1757 	EXP 	unnamed Polygon: autoDraw = True
198.1889 	EXP 	unnamed Polygon: autoDraw = True
198.2010 	EXP 	unnamed Polygon: autoDraw = True
198.2136 	EXP 	unnamed Polygon: autoDraw = True
198.2261 	EXP 	unnamed Polygon: autoDraw = True
198.2378 	EXP 	unnamed Polygon: autoDraw = True
198.2503 	EXP 	unnamed Polygon: autoDraw = True
198.2629 	EXP 	unnamed Polygon: autoDraw = True
198.2756 	EXP 	unnamed Polygon: autoDraw = True
198.2885 	EXP 	unnamed Polygon: autoDraw = True
198.3010 	EXP 	unnamed Polygon: autoDraw = True
198.3128 	EXP 	unnamed Polygon: autoDraw = True
198.3259 	EXP 	unnamed Polygon: autoDraw = True
198.3381 	EXP 	unnamed Polygon: autoDraw = True
198.3508 	EXP 	unnamed Polygon: autoDraw = True
198.3630 	EXP 	unnamed Polygon: autoDraw = True
198.3760 	EXP 	unnamed Polygon: autoDraw = True
198.3882 	EXP 	unnamed Polygon: autoDraw = True
198.4010 	EXP 	unnamed Polygon: autoDraw = True
198.4055 	DATA 	Keypress: 1
198.4129 	EXP 	unnamed Polygon: autoDraw = True
198.4252 	EXP 	unnamed Polygon: autoDraw = True
198.4380 	EXP 	unnamed Polygon: autoDraw = False
200.0730 	EXP 	trial_feedback: height = 0.09
200.0730 	EXP 	trial_feedback: height = 0.09
200.0730 	EXP 	trial_feedback: height = 0.09
200.0730 	EXP 	trial_feedback: text = 'Hit!\n$0.00'
200.0730 	EXP 	trial_feedback: autoDraw = True
202.0632 	EXP 	trial_feedback: autoDraw = False
202.0755 	EXP 	trial_feedback: autoDraw = False
202.0755 	EXP 	exp_feedback: autoDraw = False
208.1745 	EXP 	unnamed Polygon: autoDraw = True
208.1745 	EXP 	unnamed Polygon: autoDraw = True
208.1876 	EXP 	unnamed Polygon: autoDraw = True
208.1959 	EXP 	unnamed Polygon: autoDraw = True
208.1981 	EXP 	unnamed Polygon: autoDraw = True
208.2128 	EXP 	unnamed Polygon: autoDraw = True
208.2207 	EXP 	unnamed Polygon: autoDraw = True
208.2232 	EXP 	unnamed Polygon: autoDraw = True
208.2389 	EXP 	unnamed Polygon: autoDraw = True
208.2463 	EXP 	unnamed Polygon: autoDraw = True
208.2498 	EXP 	unnamed Polygon: autoDraw = True
208.2630 	EXP 	unnamed Polygon: autoDraw = True
208.2708 	EXP 	unnamed Polygon: autoDraw = True
208.2748 	EXP 	unnamed Polygon: autoDraw = True
208.2879 	EXP 	unnamed Polygon: autoDraw = True
208.2961 	EXP 	unnamed Polygon: autoDraw = True
208.3002 	EXP 	unnamed Polygon: autoDraw = True
208.3129 	EXP 	unnamed Polygon: autoDraw = True
208.3212 	EXP 	unnamed Polygon: autoDraw = True
208.3251 	EXP 	unnamed Polygon: autoDraw = True
208.3379 	EXP 	unnamed Polygon: autoDraw = True
208.3462 	EXP 	unnamed Polygon: autoDraw = True
208.3501 	EXP 	unnamed Polygon: autoDraw = True
208.3630 	EXP 	unnamed Polygon: autoDraw = True
208.3712 	EXP 	unnamed Polygon: autoDraw = True
208.3761 	EXP 	unnamed Polygon: autoDraw = True
208.3880 	EXP 	unnamed Polygon: autoDraw = True
208.3915 	DATA 	Keypress: 1
208.3958 	EXP 	unnamed Polygon: autoDraw = True
208.4001 	EXP 	unnamed Polygon: autoDraw = True
208.4131 	EXP 	unnamed Polygon: autoDraw = True
208.4210 	EXP 	unnamed Polygon: autoDraw = True
208.4244 	EXP 	unnamed Polygon: autoDraw = True
208.4380 	EXP 	unnamed Polygon: autoDraw = True
208.4461 	EXP 	unnamed Polygon: autoDraw = True
208.4536 	EXP 	unnamed Polygon: autoDraw = False
210.1794 	EXP 	trial_feedback: text = 'Hit!\n$0.00'
210.1794 	EXP 	trial_feedback: autoDraw = True
212.1712 	EXP 	trial_feedback: autoDraw = False
212.1879 	EXP 	trial_feedback: autoDraw = False
212.1879 	EXP 	exp_feedback: autoDraw = False
218.5307 	DATA 	Keypress: 1
222.6605 	EXP 	unnamed Polygon: autoDraw = True
222.6605 	EXP 	unnamed Polygon: autoDraw = True
222.6710 	EXP 	unnamed Polygon: autoDraw = True
222.6795 	EXP 	unnamed Polygon: autoDraw = True
222.6831 	EXP 	unnamed Polygon: autoDraw = True
222.6964 	EXP 	unnamed Polygon: autoDraw = True
222.7044 	EXP 	unnamed Polygon: autoDraw = True
222.7076 	EXP 	unnamed Polygon: autoDraw = True
222.7218 	EXP 	unnamed Polygon: autoDraw = True
222.7297 	EXP 	unnamed Polygon: autoDraw = True
222.7335 	EXP 	unnamed Polygon: autoDraw = True
222.7468 	EXP 	unnamed Polygon: autoDraw = True
222.7546 	EXP 	unnamed Polygon: autoDraw = True
222.7586 	EXP 	unnamed Polygon: autoDraw = True
222.7711 	EXP 	unnamed Polygon: autoDraw = True
222.7795 	EXP 	unnamed Polygon: autoDraw = True
222.7827 	EXP 	unnamed Polygon: autoDraw = True
222.7964 	EXP 	unnamed Polygon: autoDraw = True
222.8044 	EXP 	unnamed Polygon: autoDraw = True
222.8070 	EXP 	unnamed Polygon: autoDraw = True
222.8210 	EXP 	unnamed Polygon: autoDraw = True
222.8293 	EXP 	unnamed Polygon: autoDraw = True
222.8324 	EXP 	unnamed Polygon: autoDraw = True
222.8462 	EXP 	unnamed Polygon: autoDraw = True
222.8546 	EXP 	unnamed Polygon: autoDraw = True
222.8589 	EXP 	unnamed Polygon: autoDraw = True
222.8712 	EXP 	unnamed Polygon: autoDraw = True
222.8797 	EXP 	unnamed Polygon: autoDraw = True
222.8837 	EXP 	unnamed Polygon: autoDraw = True
222.8881 	DATA 	Keypress: 1
222.8916 	EXP 	unnamed Polygon: autoDraw = True
222.9046 	EXP 	unnamed Polygon: autoDraw = True
222.9130 	EXP 	unnamed Polygon: autoDraw = True
222.9170 	EXP 	unnamed Polygon: autoDraw = True
222.9296 	EXP 	unnamed Polygon: autoDraw = True
222.9374 	EXP 	unnamed Polygon: autoDraw = False
224.2741 	EXP 	trial_feedback: height = 0.09
224.2741 	EXP 	trial_feedback: height = 0.09
224.2741 	EXP 	trial_feedback: height = 0.09
224.2741 	EXP 	trial_feedback: text = 'Hit!\n+$1.50'
224.2741 	EXP 	trial_feedback: autoDraw = True
226.2627 	EXP 	trial_feedback: autoDraw = False
226.2796 	EXP 	trial_feedback: autoDraw = False
226.2796 	EXP 	exp_feedback: autoDraw = False
232.6752 	EXP 	unnamed Polygon: autoDraw = True
232.6752 	EXP 	unnamed Polygon: autoDraw = True
232.6834 	EXP 	unnamed Polygon: autoDraw = True
232.6865 	EXP 	unnamed Polygon: autoDraw = True
232.7007 	EXP 	unnamed Polygon: autoDraw = True
232.7088 	EXP 	unnamed Polygon: autoDraw = True
232.7115 	EXP 	unnamed Polygon: autoDraw = True
232.7251 	EXP 	unnamed Polygon: autoDraw = True
232.7343 	EXP 	unnamed Polygon: autoDraw = True
232.7362 	EXP 	unnamed Polygon: autoDraw = True
232.7510 	EXP 	unnamed Polygon: autoDraw = True
232.7584 	EXP 	unnamed Polygon: autoDraw = True
232.7616 	EXP 	unnamed Polygon: autoDraw = True
232.7761 	EXP 	unnamed Polygon: autoDraw = True
232.7834 	EXP 	unnamed Polygon: autoDraw = True
232.7861 	EXP 	unnamed Polygon: autoDraw = True
232.8011 	EXP 	unnamed Polygon: autoDraw = True
232.8091 	EXP 	unnamed Polygon: autoDraw = True
232.8123 	EXP 	unnamed Polygon: autoDraw = True
232.8260 	EXP 	unnamed Polygon: autoDraw = True
232.8336 	EXP 	unnamed Polygon: autoDraw = True
232.8376 	EXP 	unnamed Polygon: autoDraw = True
232.8510 	EXP 	unnamed Polygon: autoDraw = True
232.8592 	EXP 	unnamed Polygon: autoDraw = True
232.8629 	EXP 	unnamed Polygon: autoDraw = True
232.8760 	EXP 	unnamed Polygon: autoDraw = True
232.8841 	EXP 	unnamed Polygon: autoDraw = True
232.8870 	EXP 	unnamed Polygon: autoDraw = True
232.9001 	EXP 	unnamed Polygon: autoDraw = True
232.9084 	EXP 	unnamed Polygon: autoDraw = True
232.9110 	EXP 	unnamed Polygon: autoDraw = True
232.9259 	EXP 	unnamed Polygon: autoDraw = True
232.9306 	DATA 	Keypress: 1
232.9333 	EXP 	unnamed Polygon: autoDraw = False
234.2879 	EXP 	trial_feedback: height = 0.09
234.2879 	EXP 	trial_feedback: height = 0.09
234.2879 	EXP 	trial_feedback: height = 0.09
234.2879 	EXP 	trial_feedback: text = 'Miss!\n$0.00'
234.2879 	EXP 	trial_feedback: autoDraw = True
236.2754 	EXP 	trial_feedback: autoDraw = False
236.2922 	EXP 	trial_feedback: autoDraw = False
236.2922 	EXP 	exp_feedback: autoDraw = False
246.5622 	DATA 	Keypress: 1
246.7728 	EXP 	unnamed Polygon: autoDraw = True
246.7728 	EXP 	unnamed Polygon: autoDraw = True
246.7835 	EXP 	unnamed Polygon: autoDraw = True
246.7926 	EXP 	unnamed Polygon: autoDraw = True
246.7954 	EXP 	unnamed Polygon: autoDraw = True
246.8094 	EXP 	unnamed Polygon: autoDraw = True
246.8171 	EXP 	unnamed Polygon: autoDraw = True
246.8197 	EXP 	unnamed Polygon: autoDraw = True
246.8341 	EXP 	unnamed Polygon: autoDraw = True
246.8417 	EXP 	unnamed Polygon: autoDraw = True
246.8460 	EXP 	unnamed Polygon: autoDraw = True
246.8588 	EXP 	unnamed Polygon: autoDraw = True
246.8669 	EXP 	unnamed Polygon: autoDraw = True
246.8698 	EXP 	unnamed Polygon: autoDraw = True
246.8841 	EXP 	unnamed Polygon: autoDraw = True
246.8919 	EXP 	unnamed Polygon: autoDraw = True
246.8950 	EXP 	unnamed Polygon: autoDraw = True
246.9088 	EXP 	unnamed Polygon: autoDraw = True
246.9169 	EXP 	unnamed Polygon: autoDraw = True
246.9212 	EXP 	unnamed Polygon: autoDraw = True
246.9338 	EXP 	unnamed Polygon: autoDraw = True
246.9419 	EXP 	unnamed Polygon: autoDraw = True
246.9456 	EXP 	unnamed Polygon: autoDraw = True
246.9588 	EXP 	unnamed Polygon: autoDraw = True
246.9669 	EXP 	unnamed Polygon: autoDraw = True
246.9705 	EXP 	unnamed Polygon: autoDraw = True
246.9838 	EXP 	unnamed Polygon: autoDraw = True
246.9919 	EXP 	unnamed Polygon: autoDraw = True
246.9962 	EXP 	unnamed Polygon: autoDraw = True
247.0088 	EXP 	unnamed Polygon: autoDraw = True
247.0169 	EXP 	unnamed Polygon: autoDraw = True
247.0214 	EXP 	unnamed Polygon: autoDraw = True
247.0340 	EXP 	unnamed Polygon: autoDraw = True
247.0420 	EXP 	unnamed Polygon: autoDraw = True
247.0507 	EXP 	unnamed Polygon: autoDraw = False
248.3083 	EXP 	trial_feedback: height = 0.09
248.3083 	EXP 	trial_feedback: height = 0.09
248.3083 	EXP 	trial_feedback: height = 0.09
248.3083 	EXP 	trial_feedback: text = 'Miss!\n-$0.00'
248.3083 	EXP 	trial_feedback: autoDraw = True
250.3085 	EXP 	trial_feedback: autoDraw = False
250.3085 	EXP 	exp_feedback: autoDraw = False
260.7170 	EXP 	unnamed Polygon: autoDraw = True
260.7170 	EXP 	unnamed Polygon: autoDraw = True
260.7293 	EXP 	unnamed Polygon: autoDraw = True
260.7375 	EXP 	unnamed Polygon: autoDraw = True
260.7407 	EXP 	unnamed Polygon: autoDraw = True
260.7466 	EXP 	unnamed Polygon: autoDraw = True
260.7579 	EXP 	unnamed Polygon: autoDraw = True
260.7709 	EXP 	unnamed Polygon: autoDraw = True
260.7808 	EXP 	unnamed Polygon: autoDraw = True
260.7971 	EXP 	unnamed Polygon: autoDraw = True
260.8044 	EXP 	unnamed Polygon: autoDraw = True
260.8078 	EXP 	unnamed Polygon: autoDraw = True
260.8216 	EXP 	unnamed Polygon: autoDraw = True
260.8294 	EXP 	unnamed Polygon: autoDraw = True
260.8335 	EXP 	unnamed Polygon: autoDraw = True
260.8464 	EXP 	unnamed Polygon: autoDraw = True
260.8544 	EXP 	unnamed Polygon: autoDraw = True
260.8573 	EXP 	unnamed Polygon: autoDraw = True
260.8715 	EXP 	unnamed Polygon: autoDraw = True
260.8793 	EXP 	unnamed Polygon: autoDraw = True
260.8831 	EXP 	unnamed Polygon: autoDraw = True
260.8964 	EXP 	unnamed Polygon: autoDraw = True
260.9045 	EXP 	unnamed Polygon: autoDraw = True
260.9074 	EXP 	unnamed Polygon: autoDraw = True
260.9211 	EXP 	unnamed Polygon: autoDraw = True
260.9297 	EXP 	unnamed Polygon: autoDraw = True
260.9329 	EXP 	unnamed Polygon: autoDraw = True
260.9468 	EXP 	unnamed Polygon: autoDraw = True
260.9513 	DATA 	Keypress: 1
260.9538 	EXP 	unnamed Polygon: autoDraw = True
260.9574 	EXP 	unnamed Polygon: autoDraw = True
260.9709 	EXP 	unnamed Polygon: autoDraw = True
260.9792 	EXP 	unnamed Polygon: autoDraw = True
260.9819 	EXP 	unnamed Polygon: autoDraw = True
260.9960 	EXP 	unnamed Polygon: autoDraw = True
261.0059 	EXP 	unnamed Polygon: autoDraw = True
261.0219 	EXP 	unnamed Polygon: autoDraw = True
261.0293 	EXP 	unnamed Polygon: autoDraw = True
261.0339 	EXP 	unnamed Polygon: autoDraw = False
262.4336 	EXP 	trial_feedback: height = 0.09
262.4336 	EXP 	trial_feedback: height = 0.09
262.4336 	EXP 	trial_feedback: height = 0.09
262.4336 	EXP 	trial_feedback: text = 'Hit!\n$0.00'
262.4336 	EXP 	trial_feedback: autoDraw = True
264.4213 	EXP 	trial_feedback: autoDraw = False
264.4339 	EXP 	trial_feedback: autoDraw = False
264.4339 	EXP 	exp_feedback: autoDraw = False
274.6443 	EXP 	unnamed Polygon: autoDraw = True
274.6443 	EXP 	unnamed Polygon: autoDraw = True
274.6489 	EXP 	unnamed Polygon: autoDraw = True
274.6627 	EXP 	unnamed Polygon: autoDraw = True
274.6711 	EXP 	unnamed Polygon: autoDraw = True
274.6746 	EXP 	unnamed Polygon: autoDraw = True
274.6879 	EXP 	unnamed Polygon: autoDraw = True
274.6961 	EXP 	unnamed Polygon: autoDraw = True
274.6997 	EXP 	unnamed Polygon: autoDraw = True
274.7129 	EXP 	unnamed Polygon: autoDraw = True
274.7211 	EXP 	unnamed Polygon: autoDraw = True
274.7254 	EXP 	unnamed Polygon: autoDraw = True
274.7380 	EXP 	unnamed Polygon: autoDraw = True
274.7461 	EXP 	unnamed Polygon: autoDraw = True
274.7500 	EXP 	unnamed Polygon: autoDraw = True
274.7630 	EXP 	unnamed Polygon: autoDraw = True
274.7712 	EXP 	unnamed Polygon: autoDraw = True
274.7752 	EXP 	unnamed Polygon: autoDraw = True
274.7880 	EXP 	unnamed Polygon: autoDraw = True
274.7962 	EXP 	unnamed Polygon: autoDraw = True
274.8005 	EXP 	unnamed Polygon: autoDraw = True
274.8131 	EXP 	unnamed Polygon: autoDraw = True
274.8212 	EXP 	unnamed Polygon: autoDraw = True
274.8258 	EXP 	unnamed Polygon: autoDraw = True
274.8379 	EXP 	unnamed Polygon: autoDraw = True
274.8462 	EXP 	unnamed Polygon: autoDraw = True
274.8492 	EXP 	unnamed Polygon: autoDraw = True
274.8634 	EXP 	unnamed Polygon: autoDraw = True
274.8677 	DATA 	Keypress: 1
274.8740 	EXP 	unnamed Polygon: autoDraw = True
274.8883 	EXP 	unnamed Polygon: autoDraw = True
274.8959 	EXP 	unnamed Polygon: autoDraw = False
276.4962 	EXP 	trial_feedback: text = 'Hit!\n$0.00'
276.4962 	EXP 	trial_feedback: autoDraw = True
278.5052 	EXP 	trial_feedback: autoDraw = False
278.5052 	EXP 	exp_feedback: autoDraw = False
286.7388 	EXP 	unnamed Polygon: autoDraw = True
286.7388 	EXP 	unnamed Polygon: autoDraw = True
286.7459 	EXP 	unnamed Polygon: autoDraw = True
286.7495 	EXP 	unnamed Polygon: autoDraw = True
286.7620 	EXP 	unnamed Polygon: autoDraw = True
286.7709 	EXP 	unnamed Polygon: autoDraw = True
286.7833 	EXP 	unnamed Polygon: autoDraw = True
286.7928 	EXP 	unnamed Polygon: autoDraw = True
286.7955 	EXP 	unnamed Polygon: autoDraw = True
286.8098 	EXP 	unnamed Polygon: autoDraw = True
286.8174 	EXP 	unnamed Polygon: autoDraw = True
286.8204 	EXP 	unnamed Polygon: autoDraw = True
286.8333 	EXP 	unnamed Polygon: autoDraw = True
286.8430 	EXP 	unnamed Polygon: autoDraw = True
286.8468 	EXP 	unnamed Polygon: autoDraw = True
286.8589 	EXP 	unnamed Polygon: autoDraw = True
286.8669 	EXP 	unnamed Polygon: autoDraw = True
286.8707 	EXP 	unnamed Polygon: autoDraw = True
286.8840 	EXP 	unnamed Polygon: autoDraw = True
286.8920 	EXP 	unnamed Polygon: autoDraw = True
286.8956 	EXP 	unnamed Polygon: autoDraw = True
286.9084 	EXP 	unnamed Polygon: autoDraw = True
286.9176 	EXP 	unnamed Polygon: autoDraw = True
286.9214 	EXP 	unnamed Polygon: autoDraw = True
286.9340 	EXP 	unnamed Polygon: autoDraw = True
286.9418 	EXP 	unnamed Polygon: autoDraw = True
286.9464 	EXP 	unnamed Polygon: autoDraw = True
286.9586 	EXP 	unnamed Polygon: autoDraw = True
286.9670 	EXP 	unnamed Polygon: autoDraw = True
286.9708 	DATA 	Keypress: 1
286.9741 	EXP 	unnamed Polygon: autoDraw = True
286.9784 	EXP 	unnamed Polygon: autoDraw = True
286.9916 	EXP 	unnamed Polygon: autoDraw = True
287.0000 	EXP 	unnamed Polygon: autoDraw = True
287.0035 	EXP 	unnamed Polygon: autoDraw = True
287.0167 	EXP 	unnamed Polygon: autoDraw = True
287.0249 	EXP 	unnamed Polygon: autoDraw = False
288.5707 	EXP 	trial_feedback: height = 0.09
288.5707 	EXP 	trial_feedback: height = 0.09
288.5707 	EXP 	trial_feedback: height = 0.09
288.5707 	EXP 	trial_feedback: text = 'Hit!\n+$5.00'
288.5707 	EXP 	trial_feedback: autoDraw = True
290.5714 	EXP 	trial_feedback: autoDraw = False
290.5762 	EXP 	trial_feedback: autoDraw = False
290.5762 	EXP 	exp_feedback: autoDraw = False
300.8974 	EXP 	unnamed Polygon: autoDraw = True
300.8974 	EXP 	unnamed Polygon: autoDraw = True
300.9085 	EXP 	unnamed Polygon: autoDraw = True
300.9175 	EXP 	unnamed Polygon: autoDraw = True
300.9212 	EXP 	unnamed Polygon: autoDraw = True
300.9339 	EXP 	unnamed Polygon: autoDraw = True
300.9419 	EXP 	unnamed Polygon: autoDraw = True
300.9460 	EXP 	unnamed Polygon: autoDraw = True
300.9589 	EXP 	unnamed Polygon: autoDraw = True
300.9670 	EXP 	unnamed Polygon: autoDraw = True
300.9715 	EXP 	unnamed Polygon: autoDraw = True
300.9838 	EXP 	unnamed Polygon: autoDraw = True
300.9919 	EXP 	unnamed Polygon: autoDraw = True
300.9959 	EXP 	unnamed Polygon: autoDraw = True
301.0088 	EXP 	unnamed Polygon: autoDraw = True
301.0169 	EXP 	unnamed Polygon: autoDraw = True
301.0213 	EXP 	unnamed Polygon: autoDraw = True
301.0338 	EXP 	unnamed Polygon: autoDraw = True
301.0419 	EXP 	unnamed Polygon: autoDraw = True
301.0460 	EXP 	unnamed Polygon: autoDraw = True
301.0588 	EXP 	unnamed Polygon: autoDraw = True
301.0671 	EXP 	unnamed Polygon: autoDraw = True
301.0706 	EXP 	unnamed Polygon: autoDraw = True
301.0838 	EXP 	unnamed Polygon: autoDraw = True
301.0920 	EXP 	unnamed Polygon: autoDraw = True
301.0959 	EXP 	unnamed Polygon: autoDraw = True
301.1088 	EXP 	unnamed Polygon: autoDraw = True
301.1170 	EXP 	unnamed Polygon: autoDraw = True
301.1210 	DATA 	Keypress: 1
301.1252 	EXP 	unnamed Polygon: autoDraw = True
301.1291 	EXP 	unnamed Polygon: autoDraw = True
301.1422 	EXP 	unnamed Polygon: autoDraw = True
301.1501 	EXP 	unnamed Polygon: autoDraw = True
301.1542 	EXP 	unnamed Polygon: autoDraw = True
301.1672 	EXP 	unnamed Polygon: autoDraw = True
301.1748 	EXP 	unnamed Polygon: autoDraw = False
302.6923 	EXP 	trial_feedback: height = 0.09
302.6923 	EXP 	trial_feedback: height = 0.09
302.6923 	EXP 	trial_feedback: height = 0.09
302.6923 	EXP 	trial_feedback: text = 'Hit!\n+$1.50'
302.6923 	EXP 	trial_feedback: autoDraw = True
304.6671 	EXP 	trial_feedback: autoDraw = False
304.6838 	EXP 	trial_feedback: autoDraw = False
304.6838 	EXP 	exp_feedback: autoDraw = False
311.0731 	EXP 	unnamed Polygon: autoDraw = True
311.0731 	EXP 	unnamed Polygon: autoDraw = True
311.0781 	EXP 	unnamed Polygon: autoDraw = True
311.0918 	EXP 	unnamed Polygon: autoDraw = True
311.1000 	EXP 	unnamed Polygon: autoDraw = True
311.1026 	EXP 	unnamed Polygon: autoDraw = True
311.1177 	EXP 	unnamed Polygon: autoDraw = True
311.1255 	EXP 	unnamed Polygon: autoDraw = True
311.1284 	EXP 	unnamed Polygon: autoDraw = True
311.1427 	EXP 	unnamed Polygon: autoDraw = True
311.1506 	EXP 	unnamed Polygon: autoDraw = True
311.1530 	EXP 	unnamed Polygon: autoDraw = True
311.1676 	EXP 	unnamed Polygon: autoDraw = True
311.1751 	EXP 	unnamed Polygon: autoDraw = True
311.1780 	EXP 	unnamed Polygon: autoDraw = True
311.1927 	EXP 	unnamed Polygon: autoDraw = True
311.2003 	EXP 	unnamed Polygon: autoDraw = True
311.2041 	EXP 	unnamed Polygon: autoDraw = True
311.2171 	EXP 	unnamed Polygon: autoDraw = True
311.2252 	EXP 	unnamed Polygon: autoDraw = True
311.2286 	EXP 	unnamed Polygon: autoDraw = True
311.2422 	EXP 	unnamed Polygon: autoDraw = True
311.2503 	EXP 	unnamed Polygon: autoDraw = True
311.2539 	EXP 	unnamed Polygon: autoDraw = True
311.2671 	EXP 	unnamed Polygon: autoDraw = True
311.2752 	EXP 	unnamed Polygon: autoDraw = True
311.2796 	EXP 	unnamed Polygon: autoDraw = True
311.2922 	EXP 	unnamed Polygon: autoDraw = True
311.3003 	EXP 	unnamed Polygon: autoDraw = True
311.3043 	EXP 	unnamed Polygon: autoDraw = True
311.3173 	EXP 	unnamed Polygon: autoDraw = True
311.3254 	EXP 	unnamed Polygon: autoDraw = True
311.3302 	EXP 	unnamed Polygon: autoDraw = True
311.3422 	EXP 	unnamed Polygon: autoDraw = True
311.3672 	EXP 	unnamed Polygon: autoDraw = False
311.5134 	DATA 	Keypress: 1
312.7122 	EXP 	trial_feedback: height = 0.09
312.7122 	EXP 	trial_feedback: height = 0.09
312.7122 	EXP 	trial_feedback: height = 0.09
312.7122 	EXP 	trial_feedback: text = 'Miss!\n-$1.50'
312.7122 	EXP 	trial_feedback: autoDraw = True
314.6955 	EXP 	trial_feedback: autoDraw = False
314.7170 	EXP 	trial_feedback: autoDraw = False
314.7170 	EXP 	exp_feedback: autoDraw = False
325.1569 	EXP 	unnamed Polygon: autoDraw = True
325.1569 	EXP 	unnamed Polygon: autoDraw = True
325.1613 	EXP 	unnamed Polygon: autoDraw = True
325.1751 	EXP 	unnamed Polygon: autoDraw = True
325.1831 	EXP 	unnamed Polygon: autoDraw = True
325.1967 	EXP 	unnamed Polygon: autoDraw = True
325.2047 	EXP 	unnamed Polygon: autoDraw = True
325.2082 	EXP 	unnamed Polygon: autoDraw = True
325.2218 	EXP 	unnamed Polygon: autoDraw = True
325.2293 	EXP 	unnamed Polygon: autoDraw = True
325.2327 	EXP 	unnamed Polygon: autoDraw = True
325.2464 	EXP 	unnamed Polygon: autoDraw = True
325.2542 	EXP 	unnamed Polygon: autoDraw = True
325.2573 	EXP 	unnamed Polygon: autoDraw = True
325.2720 	EXP 	unnamed Polygon: autoDraw = True
325.2798 	EXP 	unnamed Polygon: autoDraw = True
325.2826 	EXP 	unnamed Polygon: autoDraw = True
325.2968 	EXP 	unnamed Polygon: autoDraw = True
325.3042 	EXP 	unnamed Polygon: autoDraw = True
325.3075 	EXP 	unnamed Polygon: autoDraw = True
325.3220 	EXP 	unnamed Polygon: autoDraw = True
325.3293 	EXP 	unnamed Polygon: autoDraw = True
325.3328 	EXP 	unnamed Polygon: autoDraw = True
325.3465 	EXP 	unnamed Polygon: autoDraw = True
325.3544 	EXP 	unnamed Polygon: autoDraw = True
325.3582 	EXP 	unnamed Polygon: autoDraw = True
325.3715 	EXP 	unnamed Polygon: autoDraw = True
325.3798 	EXP 	unnamed Polygon: autoDraw = True
325.3826 	EXP 	unnamed Polygon: autoDraw = True
325.3967 	EXP 	unnamed Polygon: autoDraw = True
325.4003 	DATA 	Keypress: 1
325.4039 	EXP 	unnamed Polygon: autoDraw = True
325.4080 	EXP 	unnamed Polygon: autoDraw = True
325.4210 	EXP 	unnamed Polygon: autoDraw = True
325.4308 	EXP 	unnamed Polygon: autoDraw = True
325.4465 	EXP 	unnamed Polygon: autoDraw = True
325.4540 	EXP 	unnamed Polygon: autoDraw = False
326.8077 	EXP 	trial_feedback: height = 0.09
326.8077 	EXP 	trial_feedback: height = 0.09
326.8077 	EXP 	trial_feedback: height = 0.09
326.8077 	EXP 	trial_feedback: text = 'Hit!\n$0.00'
326.8077 	EXP 	trial_feedback: autoDraw = True
328.8048 	EXP 	trial_feedback: autoDraw = False
328.8174 	EXP 	trial_feedback: autoDraw = False
328.8174 	EXP 	exp_feedback: autoDraw = False
334.9683 	EXP 	unnamed Polygon: autoDraw = True
334.9683 	EXP 	unnamed Polygon: autoDraw = True
334.9799 	EXP 	unnamed Polygon: autoDraw = True
334.9880 	EXP 	unnamed Polygon: autoDraw = True
334.9908 	EXP 	unnamed Polygon: autoDraw = True
335.0052 	EXP 	unnamed Polygon: autoDraw = True
335.0131 	EXP 	unnamed Polygon: autoDraw = True
335.0155 	EXP 	unnamed Polygon: autoDraw = True
335.0301 	EXP 	unnamed Polygon: autoDraw = True
335.0377 	EXP 	unnamed Polygon: autoDraw = True
335.0409 	EXP 	unnamed Polygon: autoDraw = True
335.0553 	EXP 	unnamed Polygon: autoDraw = True
335.0629 	EXP 	unnamed Polygon: autoDraw = True
335.0663 	EXP 	unnamed Polygon: autoDraw = True
335.0798 	EXP 	unnamed Polygon: autoDraw = True
335.0877 	EXP 	unnamed Polygon: autoDraw = True
335.0910 	EXP 	unnamed Polygon: autoDraw = True
335.1046 	EXP 	unnamed Polygon: autoDraw = True
335.1128 	EXP 	unnamed Polygon: autoDraw = True
335.1170 	EXP 	unnamed Polygon: autoDraw = True
335.1297 	EXP 	unnamed Polygon: autoDraw = True
335.1378 	EXP 	unnamed Polygon: autoDraw = True
335.1419 	EXP 	unnamed Polygon: autoDraw = True
335.1547 	EXP 	unnamed Polygon: autoDraw = True
335.1629 	EXP 	unnamed Polygon: autoDraw = True
335.1669 	EXP 	unnamed Polygon: autoDraw = True
335.1797 	EXP 	unnamed Polygon: autoDraw = True
335.1879 	EXP 	unnamed Polygon: autoDraw = True
335.1924 	EXP 	unnamed Polygon: autoDraw = True
335.2049 	EXP 	unnamed Polygon: autoDraw = True
335.2130 	EXP 	unnamed Polygon: autoDraw = True
335.2210 	DATA 	Keypress: 1
335.2252 	EXP 	unnamed Polygon: autoDraw = False
336.8255 	EXP 	trial_feedback: height = 0.09
336.8255 	EXP 	trial_feedback: height = 0.09
336.8255 	EXP 	trial_feedback: height = 0.09
336.8255 	EXP 	trial_feedback: text = 'Miss!\n$0.00'
336.8255 	EXP 	trial_feedback: autoDraw = True
338.8175 	EXP 	trial_feedback: autoDraw = False
338.8303 	EXP 	trial_feedback: autoDraw = False
338.8303 	EXP 	exp_feedback: autoDraw = False
345.1994 	EXP 	unnamed Polygon: autoDraw = True
345.1994 	EXP 	unnamed Polygon: autoDraw = True
345.2129 	EXP 	unnamed Polygon: autoDraw = True
345.2163 	EXP 	unnamed Polygon: autoDraw = True
345.2291 	EXP 	unnamed Polygon: autoDraw = True
345.2316 	EXP 	unnamed Polygon: autoDraw = True
345.2470 	EXP 	unnamed Polygon: autoDraw = True
345.2545 	EXP 	unnamed Polygon: autoDraw = True
345.2584 	EXP 	unnamed Polygon: autoDraw = True
345.2713 	EXP 	unnamed Polygon: autoDraw = True
345.2795 	EXP 	unnamed Polygon: autoDraw = True
345.2829 	EXP 	unnamed Polygon: autoDraw = True
345.2964 	EXP 	unnamed Polygon: autoDraw = True
345.3046 	EXP 	unnamed Polygon: autoDraw = True
345.3076 	EXP 	unnamed Polygon: autoDraw = True
345.3214 	EXP 	unnamed Polygon: autoDraw = True
345.3296 	EXP 	unnamed Polygon: autoDraw = True
345.3340 	EXP 	unnamed Polygon: autoDraw = True
345.3463 	EXP 	unnamed Polygon: autoDraw = True
345.3546 	EXP 	unnamed Polygon: autoDraw = True
345.3585 	EXP 	unnamed Polygon: autoDraw = True
345.3712 	EXP 	unnamed Polygon: autoDraw = True
345.3795 	EXP 	unnamed Polygon: autoDraw = True
345.3833 	EXP 	unnamed Polygon: autoDraw = True
345.3963 	EXP 	unnamed Polygon: autoDraw = True
345.4045 	EXP 	unnamed Polygon: autoDraw = True
345.4089 	EXP 	unnamed Polygon: autoDraw = True
345.4216 	EXP 	unnamed Polygon: autoDraw = True
345.4297 	EXP 	unnamed Polygon: autoDraw = True
345.4340 	DATA 	Keypress: 1
345.4399 	EXP 	unnamed Polygon: autoDraw = True
345.4553 	EXP 	unnamed Polygon: autoDraw = True
345.4631 	EXP 	unnamed Polygon: autoDraw = True
345.4663 	EXP 	unnamed Polygon: autoDraw = True
345.4733 	EXP 	unnamed Polygon: autoDraw = True
345.4828 	EXP 	unnamed Polygon: autoDraw = True
345.4960 	EXP 	unnamed Polygon: autoDraw = True
345.5042 	EXP 	unnamed Polygon: autoDraw = False
346.9392 	EXP 	trial_feedback: height = 0.09
346.9392 	EXP 	trial_feedback: height = 0.09
346.9392 	EXP 	trial_feedback: height = 0.09
346.9392 	EXP 	trial_feedback: text = 'Hit!\n$0.00'
346.9392 	EXP 	trial_feedback: autoDraw = True
348.9297 	EXP 	trial_feedback: autoDraw = False
348.9340 	EXP 	trial_feedback: autoDraw = False
348.9340 	EXP 	exp_feedback: autoDraw = False
356.9791 	EXP 	unnamed Polygon: autoDraw = True
356.9791 	EXP 	unnamed Polygon: autoDraw = True
356.9876 	EXP 	unnamed Polygon: autoDraw = True
356.9909 	EXP 	unnamed Polygon: autoDraw = True
357.0044 	EXP 	unnamed Polygon: autoDraw = True
357.0126 	EXP 	unnamed Polygon: autoDraw = True
357.0150 	EXP 	unnamed Polygon: autoDraw = True
357.0294 	EXP 	unnamed Polygon: autoDraw = True
357.0386 	EXP 	unnamed Polygon: autoDraw = True
357.0410 	EXP 	unnamed Polygon: autoDraw = True
357.0552 	EXP 	unnamed Polygon: autoDraw = True
357.0629 	EXP 	unnamed Polygon: autoDraw = True
357.0671 	EXP 	unnamed Polygon: autoDraw = True
357.0799 	EXP 	unnamed Polygon: autoDraw = True
357.0838 	DATA 	Keypress: 1
357.1048 	EXP 	unnamed Polygon: autoDraw = True
357.1214 	EXP 	unnamed Polygon: autoDraw = True
357.1296 	EXP 	unnamed Polygon: autoDraw = True
357.1338 	EXP 	unnamed Polygon: autoDraw = True
357.1464 	EXP 	unnamed Polygon: autoDraw = True
357.1545 	EXP 	unnamed Polygon: autoDraw = True
357.1587 	EXP 	unnamed Polygon: autoDraw = True
357.1714 	EXP 	unnamed Polygon: autoDraw = True
357.1796 	EXP 	unnamed Polygon: autoDraw = True
357.1837 	EXP 	unnamed Polygon: autoDraw = True
357.1964 	EXP 	unnamed Polygon: autoDraw = True
357.2045 	EXP 	unnamed Polygon: autoDraw = True
357.2091 	EXP 	unnamed Polygon: autoDraw = True
357.2161 	EXP 	unnamed Polygon: autoDraw = False
359.1007 	EXP 	trial_feedback: text = 'Hit!\n$0.00'
359.1007 	EXP 	trial_feedback: autoDraw = True
361.0963 	EXP 	trial_feedback: autoDraw = False
361.1006 	EXP 	trial_feedback: autoDraw = False
361.1006 	EXP 	exp_feedback: autoDraw = False
369.5763 	EXP 	unnamed Polygon: autoDraw = True
369.5763 	EXP 	unnamed Polygon: autoDraw = True
369.5882 	EXP 	unnamed Polygon: autoDraw = True
369.5962 	EXP 	unnamed Polygon: autoDraw = True
369.5996 	EXP 	unnamed Polygon: autoDraw = True
369.6129 	EXP 	unnamed Polygon: autoDraw = True
369.6212 	EXP 	unnamed Polygon: autoDraw = True
369.6241 	EXP 	unnamed Polygon: autoDraw = True
369.6382 	EXP 	unnamed Polygon: autoDraw = True
369.6462 	EXP 	unnamed Polygon: autoDraw = True
369.6504 	EXP 	unnamed Polygon: autoDraw = True
369.6630 	EXP 	unnamed Polygon: autoDraw = True
369.6712 	EXP 	unnamed Polygon: autoDraw = True
369.6747 	EXP 	unnamed Polygon: autoDraw = True
369.6880 	EXP 	unnamed Polygon: autoDraw = True
369.6960 	EXP 	unnamed Polygon: autoDraw = True
369.6996 	EXP 	unnamed Polygon: autoDraw = True
369.7130 	EXP 	unnamed Polygon: autoDraw = True
369.7212 	EXP 	unnamed Polygon: autoDraw = True
369.7257 	EXP 	unnamed Polygon: autoDraw = True
369.7381 	EXP 	unnamed Polygon: autoDraw = True
369.7462 	EXP 	unnamed Polygon: autoDraw = True
369.7507 	EXP 	unnamed Polygon: autoDraw = True
369.7629 	EXP 	unnamed Polygon: autoDraw = True
369.7712 	EXP 	unnamed Polygon: autoDraw = True
369.7754 	EXP 	unnamed Polygon: autoDraw = True
369.7880 	EXP 	unnamed Polygon: autoDraw = True
369.7961 	EXP 	unnamed Polygon: autoDraw = True
369.8004 	EXP 	unnamed Polygon: autoDraw = True
369.8130 	EXP 	unnamed Polygon: autoDraw = True
369.8166 	DATA 	Keypress: 1
369.8210 	EXP 	unnamed Polygon: autoDraw = True
369.8256 	EXP 	unnamed Polygon: autoDraw = True
369.8382 	EXP 	unnamed Polygon: autoDraw = True
369.8461 	EXP 	unnamed Polygon: autoDraw = True
369.8505 	EXP 	unnamed Polygon: autoDraw = True
369.8630 	EXP 	unnamed Polygon: autoDraw = True
369.8711 	EXP 	unnamed Polygon: autoDraw = True
369.8748 	EXP 	unnamed Polygon: autoDraw = True
369.8879 	EXP 	unnamed Polygon: autoDraw = True
369.8961 	EXP 	unnamed Polygon: autoDraw = False
371.2216 	EXP 	trial_feedback: text = 'Hit!\n$0.00'
371.2216 	EXP 	trial_feedback: autoDraw = True
373.2129 	EXP 	trial_feedback: autoDraw = False
373.2297 	EXP 	trial_feedback: autoDraw = False
373.2297 	EXP 	exp_feedback: autoDraw = False
379.4266 	EXP 	unnamed Polygon: autoDraw = True
379.4266 	EXP 	unnamed Polygon: autoDraw = True
379.4378 	EXP 	unnamed Polygon: autoDraw = True
379.4463 	EXP 	unnamed Polygon: autoDraw = True
379.4493 	EXP 	unnamed Polygon: autoDraw = True
379.4543 	EXP 	unnamed Polygon: autoDraw = True
379.4675 	EXP 	unnamed Polygon: autoDraw = True
379.4794 	EXP 	unnamed Polygon: autoDraw = True
379.4922 	EXP 	unnamed Polygon: autoDraw = True
379.5046 	EXP 	unnamed Polygon: autoDraw = True
379.5176 	EXP 	unnamed Polygon: autoDraw = True
379.5302 	EXP 	unnamed Polygon: autoDraw = True
379.5430 	EXP 	unnamed Polygon: autoDraw = True
379.5547 	EXP 	unnamed Polygon: autoDraw = True
379.5676 	EXP 	unnamed Polygon: autoDraw = True
379.5797 	EXP 	unnamed Polygon: autoDraw = True
379.5926 	EXP 	unnamed Polygon: autoDraw = True
379.6059 	EXP 	unnamed Polygon: autoDraw = True
379.6180 	EXP 	unnamed Polygon: autoDraw = True
379.6305 	EXP 	unnamed Polygon: autoDraw = True
379.6422 	EXP 	unnamed Polygon: autoDraw = True
379.6465 	DATA 	Keypress: 1
379.6548 	EXP 	unnamed Polygon: autoDraw = True
379.6670 	EXP 	unnamed Polygon: autoDraw = True
379.6800 	EXP 	unnamed Polygon: autoDraw = True
379.6929 	EXP 	unnamed Polygon: autoDraw = True
379.7060 	EXP 	unnamed Polygon: autoDraw = False
381.3005 	EXP 	trial_feedback: text = 'Hit!\n$0.00'
381.3005 	EXP 	trial_feedback: autoDraw = True
383.2962 	EXP 	trial_feedback: autoDraw = False
383.3003 	EXP 	trial_feedback: autoDraw = False
383.3003 	EXP 	exp_feedback: autoDraw = False
391.4678 	EXP 	unnamed Polygon: autoDraw = True
391.4678 	EXP 	unnamed Polygon: autoDraw = True
391.4802 	EXP 	unnamed Polygon: autoDraw = True
391.4881 	EXP 	unnamed Polygon: autoDraw = True
391.4914 	EXP 	unnamed Polygon: autoDraw = True
391.5051 	EXP 	unnamed Polygon: autoDraw = True
391.5129 	EXP 	unnamed Polygon: autoDraw = True
391.5160 	EXP 	unnamed Polygon: autoDraw = True
391.5297 	EXP 	unnamed Polygon: autoDraw = True
391.5379 	EXP 	unnamed Polygon: autoDraw = True
391.5419 	EXP 	unnamed Polygon: autoDraw = True
391.5547 	EXP 	unnamed Polygon: autoDraw = True
391.5629 	EXP 	unnamed Polygon: autoDraw = True
391.5663 	EXP 	unnamed Polygon: autoDraw = True
391.5797 	EXP 	unnamed Polygon: autoDraw = True
391.5879 	EXP 	unnamed Polygon: autoDraw = True
391.5922 	EXP 	unnamed Polygon: autoDraw = True
391.6048 	EXP 	unnamed Polygon: autoDraw = True
391.6129 	EXP 	unnamed Polygon: autoDraw = True
391.6165 	EXP 	unnamed Polygon: autoDraw = True
391.6296 	EXP 	unnamed Polygon: autoDraw = True
391.6378 	EXP 	unnamed Polygon: autoDraw = True
391.6420 	EXP 	unnamed Polygon: autoDraw = True
391.6549 	EXP 	unnamed Polygon: autoDraw = True
391.6629 	EXP 	unnamed Polygon: autoDraw = True
391.6675 	EXP 	unnamed Polygon: autoDraw = True
391.6797 	EXP 	unnamed Polygon: autoDraw = True
391.6831 	DATA 	Keypress: 1
391.6877 	EXP 	unnamed Polygon: autoDraw = True
391.6920 	EXP 	unnamed Polygon: autoDraw = True
391.7047 	EXP 	unnamed Polygon: autoDraw = True
391.7129 	EXP 	unnamed Polygon: autoDraw = True
391.7169 	EXP 	unnamed Polygon: autoDraw = True
391.7298 	EXP 	unnamed Polygon: autoDraw = True
391.7379 	EXP 	unnamed Polygon: autoDraw = True
391.7418 	EXP 	unnamed Polygon: autoDraw = True
391.7547 	EXP 	unnamed Polygon: autoDraw = True
391.7662 	EXP 	unnamed Polygon: autoDraw = False
393.4128 	EXP 	trial_feedback: text = 'Hit!\n$0.00'
393.4128 	EXP 	trial_feedback: autoDraw = True
395.4130 	EXP 	trial_feedback: autoDraw = False
395.4177 	EXP 	trial_feedback: autoDraw = False
395.4177 	EXP 	exp_feedback: autoDraw = False
401.8809 	EXP 	unnamed Polygon: autoDraw = True
401.8809 	EXP 	unnamed Polygon: autoDraw = True
401.8879 	EXP 	unnamed Polygon: autoDraw = True
401.8908 	EXP 	unnamed Polygon: autoDraw = True
401.9045 	EXP 	unnamed Polygon: autoDraw = True
401.9130 	EXP 	unnamed Polygon: autoDraw = True
401.9158 	EXP 	unnamed Polygon: autoDraw = True
401.9301 	EXP 	unnamed Polygon: autoDraw = True
401.9377 	EXP 	unnamed Polygon: autoDraw = True
401.9408 	EXP 	unnamed Polygon: autoDraw = True
401.9547 	EXP 	unnamed Polygon: autoDraw = True
401.9629 	EXP 	unnamed Polygon: autoDraw = True
401.9660 	EXP 	unnamed Polygon: autoDraw = True
401.9797 	EXP 	unnamed Polygon: autoDraw = True
401.9878 	EXP 	unnamed Polygon: autoDraw = True
401.9919 	EXP 	unnamed Polygon: autoDraw = True
402.0047 	EXP 	unnamed Polygon: autoDraw = True
402.0128 	EXP 	unnamed Polygon: autoDraw = True
402.0168 	EXP 	unnamed Polygon: autoDraw = True
402.0297 	EXP 	unnamed Polygon: autoDraw = True
402.0379 	EXP 	unnamed Polygon: autoDraw = True
402.0420 	EXP 	unnamed Polygon: autoDraw = True
402.0547 	EXP 	unnamed Polygon: autoDraw = True
402.0630 	EXP 	unnamed Polygon: autoDraw = True
402.0670 	EXP 	unnamed Polygon: autoDraw = True
402.0797 	EXP 	unnamed Polygon: autoDraw = True
402.0879 	EXP 	unnamed Polygon: autoDraw = True
402.0925 	EXP 	unnamed Polygon: autoDraw = True
402.1047 	EXP 	unnamed Polygon: autoDraw = True
402.1083 	DATA 	Keypress: 1
402.1127 	EXP 	unnamed Polygon: autoDraw = True
402.1170 	EXP 	unnamed Polygon: autoDraw = True
402.1298 	EXP 	unnamed Polygon: autoDraw = True
402.1380 	EXP 	unnamed Polygon: autoDraw = True
402.1419 	EXP 	unnamed Polygon: autoDraw = True
402.1548 	EXP 	unnamed Polygon: autoDraw = True
402.1630 	EXP 	unnamed Polygon: autoDraw = True
402.1667 	EXP 	unnamed Polygon: autoDraw = True
402.1746 	EXP 	unnamed Polygon: autoDraw = False
403.5212 	EXP 	trial_feedback: text = 'Hit!\n$0.00'
403.5212 	EXP 	trial_feedback: autoDraw = True
405.5212 	EXP 	trial_feedback: autoDraw = False
405.5253 	EXP 	trial_feedback: autoDraw = False
405.5253 	EXP 	exp_feedback: autoDraw = False
413.6064 	EXP 	unnamed Polygon: autoDraw = True
413.6064 	EXP 	unnamed Polygon: autoDraw = True
413.6172 	EXP 	unnamed Polygon: autoDraw = True
413.6253 	EXP 	unnamed Polygon: autoDraw = True
413.6282 	EXP 	unnamed Polygon: autoDraw = True
413.6423 	EXP 	unnamed Polygon: autoDraw = True
413.6503 	EXP 	unnamed Polygon: autoDraw = True
413.6548 	EXP 	unnamed Polygon: autoDraw = True
413.6672 	EXP 	unnamed Polygon: autoDraw = True
413.6754 	EXP 	unnamed Polygon: autoDraw = True
413.6792 	EXP 	unnamed Polygon: autoDraw = True
413.6923 	EXP 	unnamed Polygon: autoDraw = True
413.7004 	EXP 	unnamed Polygon: autoDraw = True
413.7048 	EXP 	unnamed Polygon: autoDraw = True
413.7172 	EXP 	unnamed Polygon: autoDraw = True
413.7255 	EXP 	unnamed Polygon: autoDraw = True
413.7296 	EXP 	unnamed Polygon: autoDraw = True
413.7423 	EXP 	unnamed Polygon: autoDraw = True
413.7507 	EXP 	unnamed Polygon: autoDraw = True
413.7551 	EXP 	unnamed Polygon: autoDraw = True
413.7673 	EXP 	unnamed Polygon: autoDraw = True
413.7757 	EXP 	unnamed Polygon: autoDraw = True
413.7798 	EXP 	unnamed Polygon: autoDraw = True
413.7923 	EXP 	unnamed Polygon: autoDraw = True
413.8004 	EXP 	unnamed Polygon: autoDraw = True
413.8039 	EXP 	unnamed Polygon: autoDraw = True
413.8173 	EXP 	unnamed Polygon: autoDraw = True
413.8254 	EXP 	unnamed Polygon: autoDraw = True
413.8289 	EXP 	unnamed Polygon: autoDraw = True
413.8423 	EXP 	unnamed Polygon: autoDraw = True
413.8504 	EXP 	unnamed Polygon: autoDraw = True
413.8541 	EXP 	unnamed Polygon: autoDraw = True
413.8673 	EXP 	unnamed Polygon: autoDraw = True
413.8758 	EXP 	unnamed Polygon: autoDraw = True
413.8855 	DATA 	Keypress: 1
413.8884 	EXP 	unnamed Polygon: autoDraw = False
415.5350 	EXP 	trial_feedback: height = 0.09
415.5350 	EXP 	trial_feedback: height = 0.09
415.5350 	EXP 	trial_feedback: height = 0.09
415.5350 	EXP 	trial_feedback: text = 'Miss!\n-$0.00'
415.5350 	EXP 	trial_feedback: autoDraw = True
417.5213 	EXP 	trial_feedback: autoDraw = False
417.5420 	EXP 	trial_feedback: autoDraw = False
417.5420 	EXP 	exp_feedback: autoDraw = False
423.7274 	EXP 	unnamed Polygon: autoDraw = True
423.7274 	EXP 	unnamed Polygon: autoDraw = True
423.7323 	EXP 	unnamed Polygon: autoDraw = True
423.7461 	EXP 	unnamed Polygon: autoDraw = True
423.7544 	EXP 	unnamed Polygon: autoDraw = True
423.7571 	EXP 	unnamed Polygon: autoDraw = True
423.7710 	EXP 	unnamed Polygon: autoDraw = True
423.7797 	EXP 	unnamed Polygon: autoDraw = True
423.7823 	EXP 	unnamed Polygon: autoDraw = True
423.7969 	EXP 	unnamed Polygon: autoDraw = True
423.8051 	EXP 	unnamed Polygon: autoDraw = True
423.8081 	EXP 	unnamed Polygon: autoDraw = True
423.8214 	EXP 	unnamed Polygon: autoDraw = True
423.8296 	EXP 	unnamed Polygon: autoDraw = True
423.8327 	EXP 	unnamed Polygon: autoDraw = True
423.8464 	EXP 	unnamed Polygon: autoDraw = True
423.8545 	EXP 	unnamed Polygon: autoDraw = True
423.8581 	EXP 	unnamed Polygon: autoDraw = True
423.8714 	EXP 	unnamed Polygon: autoDraw = True
423.8795 	EXP 	unnamed Polygon: autoDraw = True
423.8830 	EXP 	unnamed Polygon: autoDraw = True
423.8964 	EXP 	unnamed Polygon: autoDraw = True
423.9045 	EXP 	unnamed Polygon: autoDraw = True
423.9081 	EXP 	unnamed Polygon: autoDraw = True
423.9214 	EXP 	unnamed Polygon: autoDraw = True
423.9295 	EXP 	unnamed Polygon: autoDraw = True
423.9338 	EXP 	unnamed Polygon: autoDraw = True
423.9464 	EXP 	unnamed Polygon: autoDraw = True
423.9546 	EXP 	unnamed Polygon: autoDraw = True
423.9588 	EXP 	unnamed Polygon: autoDraw = True
423.9714 	EXP 	unnamed Polygon: autoDraw = True
423.9796 	EXP 	unnamed Polygon: autoDraw = True
423.9838 	EXP 	unnamed Polygon: autoDraw = True
423.9964 	EXP 	unnamed Polygon: autoDraw = True
424.0045 	EXP 	unnamed Polygon: autoDraw = False
424.0246 	DATA 	Keypress: 1
425.5716 	EXP 	trial_feedback: height = 0.09
425.5716 	EXP 	trial_feedback: height = 0.09
425.5716 	EXP 	trial_feedback: height = 0.09
425.5716 	EXP 	trial_feedback: text = 'Miss!\n$0.00'
425.5716 	EXP 	trial_feedback: autoDraw = True
427.5462 	EXP 	trial_feedback: autoDraw = False
427.5631 	EXP 	trial_feedback: autoDraw = False
427.5631 	EXP 	exp_feedback: autoDraw = False
433.9889 	EXP 	unnamed Polygon: autoDraw = True
433.9889 	EXP 	unnamed Polygon: autoDraw = True
434.0005 	EXP 	unnamed Polygon: autoDraw = True
434.0088 	EXP 	unnamed Polygon: autoDraw = True
434.0115 	EXP 	unnamed Polygon: autoDraw = True
434.0262 	EXP 	unnamed Polygon: autoDraw = True
434.0339 	EXP 	unnamed Polygon: autoDraw = True
434.0368 	EXP 	unnamed Polygon: autoDraw = True
434.0507 	EXP 	unnamed Polygon: autoDraw = True
434.0591 	EXP 	unnamed Polygon: autoDraw = True
434.0615 	EXP 	unnamed Polygon: autoDraw = True
434.0754 	EXP 	unnamed Polygon: autoDraw = True
434.0835 	EXP 	unnamed Polygon: autoDraw = True
434.0868 	EXP 	unnamed Polygon: autoDraw = True
434.1006 	EXP 	unnamed Polygon: autoDraw = True
434.1086 	EXP 	unnamed Polygon: autoDraw = True
434.1121 	EXP 	unnamed Polygon: autoDraw = True
434.1255 	EXP 	unnamed Polygon: autoDraw = True
434.1337 	EXP 	unnamed Polygon: autoDraw = True
434.1373 	EXP 	unnamed Polygon: autoDraw = True
434.1506 	EXP 	unnamed Polygon: autoDraw = True
434.1587 	EXP 	unnamed Polygon: autoDraw = True
434.1624 	EXP 	unnamed Polygon: autoDraw = True
434.1756 	EXP 	unnamed Polygon: autoDraw = True
434.1837 	EXP 	unnamed Polygon: autoDraw = True
434.1869 	EXP 	unnamed Polygon: autoDraw = True
434.2006 	EXP 	unnamed Polygon: autoDraw = True
434.2045 	DATA 	Keypress: 1
434.2086 	EXP 	unnamed Polygon: autoDraw = True
434.2120 	EXP 	unnamed Polygon: autoDraw = True
434.2256 	EXP 	unnamed Polygon: autoDraw = True
434.2337 	EXP 	unnamed Polygon: autoDraw = True
434.2371 	EXP 	unnamed Polygon: autoDraw = True
434.2506 	EXP 	unnamed Polygon: autoDraw = True
434.2587 	EXP 	unnamed Polygon: autoDraw = True
434.2617 	EXP 	unnamed Polygon: autoDraw = True
434.2756 	EXP 	unnamed Polygon: autoDraw = True
434.2838 	EXP 	unnamed Polygon: autoDraw = True
434.2866 	EXP 	unnamed Polygon: autoDraw = True
434.3009 	EXP 	unnamed Polygon: autoDraw = True
434.3086 	EXP 	unnamed Polygon: autoDraw = False
435.6836 	EXP 	trial_feedback: height = 0.09
435.6836 	EXP 	trial_feedback: height = 0.09
435.6836 	EXP 	trial_feedback: height = 0.09
435.6836 	EXP 	trial_feedback: text = 'Hit!\n$0.00'
435.6836 	EXP 	trial_feedback: autoDraw = True
437.6756 	EXP 	trial_feedback: autoDraw = False
437.6838 	EXP 	trial_feedback: autoDraw = False
437.6838 	EXP 	exp_feedback: autoDraw = False
445.8808 	EXP 	unnamed Polygon: autoDraw = True
445.8808 	EXP 	unnamed Polygon: autoDraw = True
445.8879 	EXP 	unnamed Polygon: autoDraw = True
445.8911 	EXP 	unnamed Polygon: autoDraw = True
445.9044 	EXP 	unnamed Polygon: autoDraw = True
445.9129 	EXP 	unnamed Polygon: autoDraw = True
445.9153 	EXP 	unnamed Polygon: autoDraw = True
445.9297 	EXP 	unnamed Polygon: autoDraw = True
445.9378 	EXP 	unnamed Polygon: autoDraw = True
445.9419 	EXP 	unnamed Polygon: autoDraw = True
445.9548 	EXP 	unnamed Polygon: autoDraw = True
445.9629 	EXP 	unnamed Polygon: autoDraw = True
445.9675 	EXP 	unnamed Polygon: autoDraw = True
445.9797 	EXP 	unnamed Polygon: autoDraw = True
445.9879 	EXP 	unnamed Polygon: autoDraw = True
445.9915 	EXP 	unnamed Polygon: autoDraw = True
446.0049 	EXP 	unnamed Polygon: autoDraw = True
446.0130 	EXP 	unnamed Polygon: autoDraw = True
446.0170 	EXP 	unnamed Polygon: autoDraw = True
446.0301 	EXP 	unnamed Polygon: autoDraw = True
446.0379 	EXP 	unnamed Polygon: autoDraw = True
446.0424 	EXP 	unnamed Polygon: autoDraw = True
446.0551 	EXP 	unnamed Polygon: autoDraw = True
446.0632 	EXP 	unnamed Polygon: autoDraw = True
446.0672 	EXP 	unnamed Polygon: autoDraw = True
446.0798 	EXP 	unnamed Polygon: autoDraw = True
446.0881 	EXP 	unnamed Polygon: autoDraw = True
446.0920 	EXP 	unnamed Polygon: autoDraw = True
446.1053 	EXP 	unnamed Polygon: autoDraw = True
446.1094 	DATA 	Keypress: 1
446.1155 	EXP 	unnamed Polygon: autoDraw = True
446.1302 	EXP 	unnamed Polygon: autoDraw = True
446.1378 	EXP 	unnamed Polygon: autoDraw = False
447.7422 	EXP 	trial_feedback: height = 0.09
447.7422 	EXP 	trial_feedback: height = 0.09
447.7422 	EXP 	trial_feedback: height = 0.09
447.7422 	EXP 	trial_feedback: text = 'Hit!\n+$5.00'
447.7422 	EXP 	trial_feedback: autoDraw = True
449.7339 	EXP 	trial_feedback: autoDraw = False
449.7384 	EXP 	trial_feedback: autoDraw = False
449.7384 	EXP 	exp_feedback: autoDraw = False
459.7752 	DATA 	Keypress: 1
460.1849 	EXP 	unnamed Polygon: autoDraw = True
460.1849 	EXP 	unnamed Polygon: autoDraw = True
460.1967 	EXP 	unnamed Polygon: autoDraw = True
460.2046 	EXP 	unnamed Polygon: autoDraw = True
460.2076 	EXP 	unnamed Polygon: autoDraw = True
460.2215 	EXP 	unnamed Polygon: autoDraw = True
460.2296 	EXP 	unnamed Polygon: autoDraw = True
460.2331 	EXP 	unnamed Polygon: autoDraw = True
460.2465 	EXP 	unnamed Polygon: autoDraw = True
460.2544 	EXP 	unnamed Polygon: autoDraw = True
460.2575 	EXP 	unnamed Polygon: autoDraw = True
460.2715 	EXP 	unnamed Polygon: autoDraw = True
460.2795 	EXP 	unnamed Polygon: autoDraw = True
460.2837 	EXP 	unnamed Polygon: autoDraw = True
460.2965 	EXP 	unnamed Polygon: autoDraw = True
460.3047 	EXP 	unnamed Polygon: autoDraw = True
460.3087 	EXP 	unnamed Polygon: autoDraw = True
460.3215 	EXP 	unnamed Polygon: autoDraw = True
460.3295 	EXP 	unnamed Polygon: autoDraw = True
460.3336 	EXP 	unnamed Polygon: autoDraw = True
460.3464 	EXP 	unnamed Polygon: autoDraw = True
460.3546 	EXP 	unnamed Polygon: autoDraw = True
460.3591 	EXP 	unnamed Polygon: autoDraw = True
460.3716 	EXP 	unnamed Polygon: autoDraw = True
460.3796 	EXP 	unnamed Polygon: autoDraw = True
460.3847 	EXP 	unnamed Polygon: autoDraw = True
460.3967 	EXP 	unnamed Polygon: autoDraw = True
460.4042 	DATA 	Keypress: 1
460.4085 	EXP 	unnamed Polygon: autoDraw = False
461.7960 	EXP 	trial_feedback: height = 0.09
461.7960 	EXP 	trial_feedback: height = 0.09
461.7960 	EXP 	trial_feedback: height = 0.09
461.7960 	EXP 	trial_feedback: text = 'Miss!\n-$5.00'
461.7960 	EXP 	trial_feedback: autoDraw = True
463.7839 	EXP 	trial_feedback: autoDraw = False
463.8047 	EXP 	trial_feedback: autoDraw = False
463.8047 	EXP 	exp_feedback: autoDraw = False
469.9576 	EXP 	unnamed Polygon: autoDraw = True
469.9576 	EXP 	unnamed Polygon: autoDraw = True
469.9674 	EXP 	unnamed Polygon: autoDraw = True
469.9797 	EXP 	unnamed Polygon: autoDraw = True
469.9921 	EXP 	unnamed Polygon: autoDraw = True
470.0048 	EXP 	unnamed Polygon: autoDraw = True
470.0175 	EXP 	unnamed Polygon: autoDraw = True
470.0311 	EXP 	unnamed Polygon: autoDraw = True
470.0424 	EXP 	unnamed Polygon: autoDraw = True
470.0546 	EXP 	unnamed Polygon: autoDraw = True
470.0671 	EXP 	unnamed Polygon: autoDraw = True
470.0797 	EXP 	unnamed Polygon: autoDraw = True
470.0924 	EXP 	unnamed Polygon: autoDraw = True
470.1047 	EXP 	unnamed Polygon: autoDraw = True
470.1171 	EXP 	unnamed Polygon: autoDraw = True
470.1317 	EXP 	unnamed Polygon: autoDraw = True
470.1420 	EXP 	unnamed Polygon: autoDraw = True
470.1548 	EXP 	unnamed Polygon: autoDraw = True
470.1629 	EXP 	unnamed Polygon: autoDraw = True
470.1670 	EXP 	unnamed Polygon: autoDraw = True
470.1798 	EXP 	unnamed Polygon: autoDraw = True
470.1882 	EXP 	unnamed Polygon: autoDraw = True
470.1926 	DATA 	Keypress: 1
470.1977 	EXP 	unnamed Polygon: autoDraw = True
470.2131 	EXP 	unnamed Polygon: autoDraw = True
470.2213 	EXP 	unnamed Polygon: autoDraw = True
470.2254 	EXP 	unnamed Polygon: autoDraw = True
470.2287 	EXP 	unnamed Polygon: autoDraw = True
470.2425 	EXP 	unnamed Polygon: autoDraw = True
470.2633 	EXP 	unnamed Polygon: autoDraw = False
471.9090 	EXP 	trial_feedback: height = 0.09
471.9090 	EXP 	trial_feedback: height = 0.09
471.9090 	EXP 	trial_feedback: height = 0.09
471.9090 	EXP 	trial_feedback: text = 'Hit!\n+$1.50'
471.9090 	EXP 	trial_feedback: autoDraw = True
473.8838 	EXP 	trial_feedback: autoDraw = False
473.9005 	EXP 	trial_feedback: autoDraw = False
473.9005 	EXP 	exp_feedback: autoDraw = False
484.0808 	EXP 	unnamed Polygon: autoDraw = True
484.0808 	EXP 	unnamed Polygon: autoDraw = True
484.0928 	EXP 	unnamed Polygon: autoDraw = True
484.1005 	EXP 	unnamed Polygon: autoDraw = True
484.1041 	EXP 	unnamed Polygon: autoDraw = True
484.1117 	EXP 	unnamed Polygon: autoDraw = True
484.1206 	EXP 	unnamed Polygon: autoDraw = True
484.1336 	EXP 	unnamed Polygon: autoDraw = True
484.1363 	EXP 	unnamed Polygon: autoDraw = True
484.1512 	EXP 	unnamed Polygon: autoDraw = True
484.1592 	EXP 	unnamed Polygon: autoDraw = True
484.1626 	EXP 	unnamed Polygon: autoDraw = True
484.1757 	EXP 	unnamed Polygon: autoDraw = True
484.1837 	EXP 	unnamed Polygon: autoDraw = True
484.1870 	EXP 	unnamed Polygon: autoDraw = True
484.2006 	EXP 	unnamed Polygon: autoDraw = True
484.2088 	EXP 	unnamed Polygon: autoDraw = True
484.2122 	EXP 	unnamed Polygon: autoDraw = True
484.2256 	EXP 	unnamed Polygon: autoDraw = True
484.2338 	EXP 	unnamed Polygon: autoDraw = True
484.2377 	EXP 	unnamed Polygon: autoDraw = True
484.2506 	EXP 	unnamed Polygon: autoDraw = True
484.2589 	EXP 	unnamed Polygon: autoDraw = True
484.2633 	EXP 	unnamed Polygon: autoDraw = True
484.2757 	EXP 	unnamed Polygon: autoDraw = True
484.2838 	EXP 	unnamed Polygon: autoDraw = True
484.2885 	EXP 	unnamed Polygon: autoDraw = True
484.3008 	EXP 	unnamed Polygon: autoDraw = True
484.3088 	EXP 	unnamed Polygon: autoDraw = True
484.3158 	DATA 	Keypress: 1
484.3196 	EXP 	unnamed Polygon: autoDraw = False
485.9420 	EXP 	trial_feedback: height = 0.09
485.9420 	EXP 	trial_feedback: height = 0.09
485.9420 	EXP 	trial_feedback: height = 0.09
485.9420 	EXP 	trial_feedback: text = 'Miss!\n$0.00'
485.9420 	EXP 	trial_feedback: autoDraw = True
487.9380 	EXP 	trial_feedback: autoDraw = False
487.9421 	EXP 	trial_feedback: autoDraw = False
487.9421 	EXP 	exp_feedback: autoDraw = False
494.0268 	EXP 	unnamed Polygon: autoDraw = True
494.0268 	EXP 	unnamed Polygon: autoDraw = True
494.0381 	EXP 	unnamed Polygon: autoDraw = True
494.0465 	EXP 	unnamed Polygon: autoDraw = True
494.0503 	EXP 	unnamed Polygon: autoDraw = True
494.0573 	EXP 	unnamed Polygon: autoDraw = True
494.0666 	EXP 	unnamed Polygon: autoDraw = True
494.0795 	EXP 	unnamed Polygon: autoDraw = True
494.0877 	EXP 	unnamed Polygon: autoDraw = True
494.0909 	EXP 	unnamed Polygon: autoDraw = True
494.1047 	EXP 	unnamed Polygon: autoDraw = True
494.1128 	EXP 	unnamed Polygon: autoDraw = True
494.1161 	EXP 	unnamed Polygon: autoDraw = True
494.1297 	EXP 	unnamed Polygon: autoDraw = True
494.1379 	EXP 	unnamed Polygon: autoDraw = True
494.1422 	EXP 	unnamed Polygon: autoDraw = True
494.1548 	EXP 	unnamed Polygon: autoDraw = True
494.1631 	EXP 	unnamed Polygon: autoDraw = True
494.1665 	EXP 	unnamed Polygon: autoDraw = True
494.1798 	EXP 	unnamed Polygon: autoDraw = True
494.1880 	EXP 	unnamed Polygon: autoDraw = True
494.1923 	EXP 	unnamed Polygon: autoDraw = True
494.2048 	EXP 	unnamed Polygon: autoDraw = True
494.2130 	EXP 	unnamed Polygon: autoDraw = True
494.2166 	EXP 	unnamed Polygon: autoDraw = True
494.2298 	EXP 	unnamed Polygon: autoDraw = True
494.2380 	EXP 	unnamed Polygon: autoDraw = True
494.2423 	EXP 	unnamed Polygon: autoDraw = True
494.2549 	EXP 	unnamed Polygon: autoDraw = True
494.2588 	DATA 	Keypress: 1
494.2633 	EXP 	unnamed Polygon: autoDraw = True
494.2665 	EXP 	unnamed Polygon: autoDraw = True
494.2798 	EXP 	unnamed Polygon: autoDraw = True
494.2879 	EXP 	unnamed Polygon: autoDraw = True
494.2908 	EXP 	unnamed Polygon: autoDraw = True
494.3047 	EXP 	unnamed Polygon: autoDraw = True
494.3129 	EXP 	unnamed Polygon: autoDraw = True
494.3213 	EXP 	unnamed Polygon: autoDraw = False
496.0503 	EXP 	trial_feedback: height = 0.09
496.0503 	EXP 	trial_feedback: height = 0.09
496.0503 	EXP 	trial_feedback: height = 0.09
496.0503 	EXP 	trial_feedback: text = 'Hit!\n$0.00'
496.0503 	EXP 	trial_feedback: autoDraw = True
498.0383 	EXP 	trial_feedback: autoDraw = False
498.0466 	EXP 	trial_feedback: autoDraw = False
498.0466 	EXP 	exp_feedback: autoDraw = False
508.3509 	EXP 	unnamed Polygon: autoDraw = True
508.3509 	EXP 	unnamed Polygon: autoDraw = True
508.3628 	EXP 	unnamed Polygon: autoDraw = True
508.3711 	EXP 	unnamed Polygon: autoDraw = True
508.3748 	EXP 	unnamed Polygon: autoDraw = True
508.3836 	EXP 	unnamed Polygon: autoDraw = True
508.3876 	EXP 	unnamed Polygon: autoDraw = True
508.3961 	EXP 	unnamed Polygon: autoDraw = True
508.3992 	EXP 	unnamed Polygon: autoDraw = True
508.4073 	EXP 	unnamed Polygon: autoDraw = True
508.4162 	EXP 	unnamed Polygon: autoDraw = True
508.4295 	EXP 	unnamed Polygon: autoDraw = True
508.4377 	EXP 	unnamed Polygon: autoDraw = True
508.4409 	EXP 	unnamed Polygon: autoDraw = True
508.4545 	EXP 	unnamed Polygon: autoDraw = True
508.4627 	EXP 	unnamed Polygon: autoDraw = True
508.4662 	EXP 	unnamed Polygon: autoDraw = True
508.4797 	EXP 	unnamed Polygon: autoDraw = True
508.4878 	EXP 	unnamed Polygon: autoDraw = True
508.4903 	EXP 	unnamed Polygon: autoDraw = True
508.5044 	EXP 	unnamed Polygon: autoDraw = True
508.5127 	EXP 	unnamed Polygon: autoDraw = True
508.5155 	EXP 	unnamed Polygon: autoDraw = True
508.5299 	EXP 	unnamed Polygon: autoDraw = True
508.5379 	EXP 	unnamed Polygon: autoDraw = True
508.5415 	EXP 	unnamed Polygon: autoDraw = True
508.5545 	EXP 	unnamed Polygon: autoDraw = True
508.5641 	EXP 	unnamed Polygon: autoDraw = True
508.5670 	EXP 	unnamed Polygon: autoDraw = True
508.5791 	EXP 	unnamed Polygon: autoDraw = True
508.5812 	DATA 	Keypress: 1
508.5877 	EXP 	unnamed Polygon: autoDraw = True
508.5912 	EXP 	unnamed Polygon: autoDraw = True
508.6045 	EXP 	unnamed Polygon: autoDraw = True
508.6138 	EXP 	unnamed Polygon: autoDraw = True
508.6177 	EXP 	unnamed Polygon: autoDraw = True
508.6300 	EXP 	unnamed Polygon: autoDraw = True
508.6380 	EXP 	unnamed Polygon: autoDraw = True
508.6455 	EXP 	unnamed Polygon: autoDraw = False
510.1464 	EXP 	trial_feedback: text = 'Hit!\n$0.00'
510.1464 	EXP 	trial_feedback: autoDraw = True
512.1382 	EXP 	trial_feedback: autoDraw = False
512.1462 	EXP 	trial_feedback: autoDraw = False
512.1462 	EXP 	exp_feedback: autoDraw = False
522.4603 	EXP 	unnamed Polygon: autoDraw = True
522.4603 	EXP 	unnamed Polygon: autoDraw = True
522.4660 	EXP 	unnamed Polygon: autoDraw = True
522.4795 	EXP 	unnamed Polygon: autoDraw = True
522.4878 	EXP 	unnamed Polygon: autoDraw = True
522.4907 	EXP 	unnamed Polygon: autoDraw = True
522.5045 	EXP 	unnamed Polygon: autoDraw = True
522.5128 	EXP 	unnamed Polygon: autoDraw = True
522.5157 	EXP 	unnamed Polygon: autoDraw = True
522.5300 	EXP 	unnamed Polygon: autoDraw = True
522.5383 	EXP 	unnamed Polygon: autoDraw = True
522.5412 	EXP 	unnamed Polygon: autoDraw = True
522.5553 	EXP 	unnamed Polygon: autoDraw = True
522.5630 	EXP 	unnamed Polygon: autoDraw = True
522.5667 	EXP 	unnamed Polygon: autoDraw = True
522.5799 	EXP 	unnamed Polygon: autoDraw = True
522.5878 	EXP 	unnamed Polygon: autoDraw = True
522.5918 	EXP 	unnamed Polygon: autoDraw = True
522.6049 	EXP 	unnamed Polygon: autoDraw = True
522.6129 	EXP 	unnamed Polygon: autoDraw = True
522.6168 	EXP 	unnamed Polygon: autoDraw = True
522.6297 	EXP 	unnamed Polygon: autoDraw = True
522.6380 	EXP 	unnamed Polygon: autoDraw = True
522.6426 	EXP 	unnamed Polygon: autoDraw = True
522.6547 	EXP 	unnamed Polygon: autoDraw = True
522.6630 	EXP 	unnamed Polygon: autoDraw = True
522.6673 	EXP 	unnamed Polygon: autoDraw = True
522.6730 	DATA 	Keypress: 1
522.6764 	EXP 	unnamed Polygon: autoDraw = False
524.1544 	EXP 	trial_feedback: height = 0.09
524.1544 	EXP 	trial_feedback: height = 0.09
524.1544 	EXP 	trial_feedback: height = 0.09
524.1544 	EXP 	trial_feedback: text = 'Miss!\n$0.00'
524.1544 	EXP 	trial_feedback: autoDraw = True
526.1549 	EXP 	trial_feedback: autoDraw = False
526.1549 	EXP 	exp_feedback: autoDraw = False
534.4061 	EXP 	unnamed Polygon: autoDraw = True
534.4061 	EXP 	unnamed Polygon: autoDraw = True
534.4173 	EXP 	unnamed Polygon: autoDraw = True
534.4255 	EXP 	unnamed Polygon: autoDraw = True
534.4295 	EXP 	unnamed Polygon: autoDraw = True
534.4423 	EXP 	unnamed Polygon: autoDraw = True
534.4505 	EXP 	unnamed Polygon: autoDraw = True
534.4548 	EXP 	unnamed Polygon: autoDraw = True
534.4675 	EXP 	unnamed Polygon: autoDraw = True
534.4756 	EXP 	unnamed Polygon: autoDraw = True
534.4795 	EXP 	unnamed Polygon: autoDraw = True
534.4924 	EXP 	unnamed Polygon: autoDraw = True
534.5005 	EXP 	unnamed Polygon: autoDraw = True
534.5049 	EXP 	unnamed Polygon: autoDraw = True
534.5173 	EXP 	unnamed Polygon: autoDraw = True
534.5255 	EXP 	unnamed Polygon: autoDraw = True
534.5298 	EXP 	unnamed Polygon: autoDraw = True
534.5424 	EXP 	unnamed Polygon: autoDraw = True
534.5506 	EXP 	unnamed Polygon: autoDraw = True
534.5549 	EXP 	unnamed Polygon: autoDraw = True
534.5674 	EXP 	unnamed Polygon: autoDraw = True
534.5755 	EXP 	unnamed Polygon: autoDraw = True
534.5790 	EXP 	unnamed Polygon: autoDraw = True
534.5925 	EXP 	unnamed Polygon: autoDraw = True
534.6007 	EXP 	unnamed Polygon: autoDraw = True
534.6046 	EXP 	unnamed Polygon: autoDraw = True
534.6173 	EXP 	unnamed Polygon: autoDraw = True
534.6259 	EXP 	unnamed Polygon: autoDraw = True
534.6298 	DATA 	Keypress: 1
534.6342 	EXP 	unnamed Polygon: autoDraw = True
534.6512 	EXP 	unnamed Polygon: autoDraw = True
534.6587 	EXP 	unnamed Polygon: autoDraw = True
534.6624 	EXP 	unnamed Polygon: autoDraw = True
534.6702 	EXP 	unnamed Polygon: autoDraw = True
534.6788 	EXP 	unnamed Polygon: autoDraw = True
534.6861 	EXP 	unnamed Polygon: autoDraw = False
536.2758 	EXP 	trial_feedback: height = 0.09
536.2758 	EXP 	trial_feedback: height = 0.09
536.2758 	EXP 	trial_feedback: height = 0.09
536.2758 	EXP 	trial_feedback: text = 'Hit!\n$0.00'
536.2758 	EXP 	trial_feedback: autoDraw = True
538.2505 	EXP 	trial_feedback: autoDraw = False
538.2673 	EXP 	trial_feedback: autoDraw = False
538.2673 	EXP 	exp_feedback: autoDraw = False
544.4348 	EXP 	unnamed Polygon: autoDraw = True
544.4348 	EXP 	unnamed Polygon: autoDraw = True
544.4410 	EXP 	unnamed Polygon: autoDraw = True
544.4545 	EXP 	unnamed Polygon: autoDraw = True
544.4628 	EXP 	unnamed Polygon: autoDraw = True
544.4657 	EXP 	unnamed Polygon: autoDraw = True
544.4795 	EXP 	unnamed Polygon: autoDraw = True
544.4883 	EXP 	unnamed Polygon: autoDraw = True
544.4904 	EXP 	unnamed Polygon: autoDraw = True
544.5052 	EXP 	unnamed Polygon: autoDraw = True
544.5130 	EXP 	unnamed Polygon: autoDraw = True
544.5171 	EXP 	unnamed Polygon: autoDraw = True
544.5300 	EXP 	unnamed Polygon: autoDraw = True
544.5385 	EXP 	unnamed Polygon: autoDraw = True
544.5410 	EXP 	unnamed Polygon: autoDraw = True
544.5548 	EXP 	unnamed Polygon: autoDraw = True
544.5631 	EXP 	unnamed Polygon: autoDraw = True
544.5659 	EXP 	unnamed Polygon: autoDraw = True
544.5798 	EXP 	unnamed Polygon: autoDraw = True
544.5879 	EXP 	unnamed Polygon: autoDraw = True
544.5912 	EXP 	unnamed Polygon: autoDraw = True
544.6049 	EXP 	unnamed Polygon: autoDraw = True
544.6130 	EXP 	unnamed Polygon: autoDraw = True
544.6164 	EXP 	unnamed Polygon: autoDraw = True
544.6299 	EXP 	unnamed Polygon: autoDraw = True
544.6381 	EXP 	unnamed Polygon: autoDraw = True
544.6418 	DATA 	Keypress: 1
544.6450 	EXP 	unnamed Polygon: autoDraw = True
544.6493 	EXP 	unnamed Polygon: autoDraw = True
544.6629 	EXP 	unnamed Polygon: autoDraw = True
544.6712 	EXP 	unnamed Polygon: autoDraw = True
544.6735 	EXP 	unnamed Polygon: autoDraw = True
544.6882 	EXP 	unnamed Polygon: autoDraw = True
544.6964 	EXP 	unnamed Polygon: autoDraw = True
544.6996 	EXP 	unnamed Polygon: autoDraw = True
544.7135 	EXP 	unnamed Polygon: autoDraw = True
544.7218 	EXP 	unnamed Polygon: autoDraw = True
544.7244 	EXP 	unnamed Polygon: autoDraw = True
544.7381 	EXP 	unnamed Polygon: autoDraw = True
544.7465 	EXP 	unnamed Polygon: autoDraw = True
544.7530 	EXP 	unnamed Polygon: autoDraw = False
546.4085 	EXP 	trial_feedback: height = 0.09
546.4085 	EXP 	trial_feedback: height = 0.09
546.4085 	EXP 	trial_feedback: height = 0.09
546.4085 	EXP 	trial_feedback: text = 'Hit!\n+$1.50'
546.4085 	EXP 	trial_feedback: autoDraw = True
548.4047 	EXP 	trial_feedback: autoDraw = False
548.4093 	EXP 	trial_feedback: autoDraw = False
548.4093 	EXP 	exp_feedback: autoDraw = False
556.5933 	EXP 	unnamed Polygon: autoDraw = True
556.5933 	EXP 	unnamed Polygon: autoDraw = True
556.5992 	EXP 	unnamed Polygon: autoDraw = True
556.6128 	EXP 	unnamed Polygon: autoDraw = True
556.6212 	EXP 	unnamed Polygon: autoDraw = True
556.6244 	EXP 	unnamed Polygon: autoDraw = True
556.6380 	EXP 	unnamed Polygon: autoDraw = True
556.6461 	EXP 	unnamed Polygon: autoDraw = True
556.6494 	EXP 	unnamed Polygon: autoDraw = True
556.6632 	EXP 	unnamed Polygon: autoDraw = True
556.6663 	DATA 	Keypress: 1
556.6714 	EXP 	unnamed Polygon: autoDraw = True
556.6743 	EXP 	unnamed Polygon: autoDraw = True
556.6878 	EXP 	unnamed Polygon: autoDraw = True
556.6964 	EXP 	unnamed Polygon: autoDraw = True
556.6995 	EXP 	unnamed Polygon: autoDraw = True
556.7133 	EXP 	unnamed Polygon: autoDraw = True
556.7212 	EXP 	unnamed Polygon: autoDraw = True
556.7241 	EXP 	unnamed Polygon: autoDraw = True
556.7381 	EXP 	unnamed Polygon: autoDraw = True
556.7467 	EXP 	unnamed Polygon: autoDraw = True
556.7497 	EXP 	unnamed Polygon: autoDraw = True
556.7636 	EXP 	unnamed Polygon: autoDraw = True
556.7712 	EXP 	unnamed Polygon: autoDraw = True
556.7744 	EXP 	unnamed Polygon: autoDraw = True
556.7882 	EXP 	unnamed Polygon: autoDraw = True
556.7963 	EXP 	unnamed Polygon: autoDraw = True
556.8002 	EXP 	unnamed Polygon: autoDraw = True
556.8131 	EXP 	unnamed Polygon: autoDraw = True
556.8213 	EXP 	unnamed Polygon: autoDraw = True
556.8249 	EXP 	unnamed Polygon: autoDraw = True
556.8382 	EXP 	unnamed Polygon: autoDraw = True
556.8459 	EXP 	unnamed Polygon: autoDraw = False
558.6247 	EXP 	trial_feedback: height = 0.09
558.6247 	EXP 	trial_feedback: height = 0.09
558.6247 	EXP 	trial_feedback: height = 0.09
558.6247 	EXP 	trial_feedback: text = 'Hit!\n$0.00'
558.6247 	EXP 	trial_feedback: autoDraw = True
560.6129 	EXP 	trial_feedback: autoDraw = False
560.6299 	EXP 	trial_feedback: autoDraw = False
560.6299 	EXP 	exp_feedback: autoDraw = False
570.9349 	EXP 	unnamed Polygon: autoDraw = True
570.9349 	EXP 	unnamed Polygon: autoDraw = True
570.9462 	EXP 	unnamed Polygon: autoDraw = True
570.9544 	EXP 	unnamed Polygon: autoDraw = True
570.9573 	EXP 	unnamed Polygon: autoDraw = True
570.9651 	EXP 	unnamed Polygon: autoDraw = True
570.9749 	EXP 	unnamed Polygon: autoDraw = True
570.9878 	EXP 	unnamed Polygon: autoDraw = True
570.9961 	EXP 	unnamed Polygon: autoDraw = True
570.9984 	EXP 	unnamed Polygon: autoDraw = True
571.0128 	EXP 	unnamed Polygon: autoDraw = True
571.0211 	EXP 	unnamed Polygon: autoDraw = True
571.0236 	EXP 	unnamed Polygon: autoDraw = True
571.0379 	EXP 	unnamed Polygon: autoDraw = True
571.0466 	EXP 	unnamed Polygon: autoDraw = True
571.0491 	EXP 	unnamed Polygon: autoDraw = True
571.0637 	EXP 	unnamed Polygon: autoDraw = True
571.0718 	EXP 	unnamed Polygon: autoDraw = True
571.0740 	EXP 	unnamed Polygon: autoDraw = True
571.0881 	EXP 	unnamed Polygon: autoDraw = True
571.0961 	EXP 	unnamed Polygon: autoDraw = True
571.0987 	EXP 	unnamed Polygon: autoDraw = True
571.1132 	EXP 	unnamed Polygon: autoDraw = True
571.1214 	EXP 	unnamed Polygon: autoDraw = True
571.1251 	EXP 	unnamed Polygon: autoDraw = True
571.1387 	EXP 	unnamed Polygon: autoDraw = True
571.1463 	EXP 	unnamed Polygon: autoDraw = True
571.1498 	EXP 	unnamed Polygon: autoDraw = True
571.1632 	EXP 	unnamed Polygon: autoDraw = True
571.1695 	DATA 	Keypress: 1
571.1747 	EXP 	unnamed Polygon: autoDraw = False
572.6462 	EXP 	trial_feedback: height = 0.09
572.6462 	EXP 	trial_feedback: height = 0.09
572.6462 	EXP 	trial_feedback: height = 0.09
572.6462 	EXP 	trial_feedback: text = 'Miss!\n$0.00'
572.6462 	EXP 	trial_feedback: autoDraw = True
574.6463 	EXP 	trial_feedback: autoDraw = False
574.6504 	EXP 	trial_feedback: autoDraw = False
574.6504 	EXP 	exp_feedback: autoDraw = False
580.9888 	EXP 	unnamed Polygon: autoDraw = True
580.9888 	EXP 	unnamed Polygon: autoDraw = True
581.0008 	EXP 	unnamed Polygon: autoDraw = True
581.0092 	EXP 	unnamed Polygon: autoDraw = True
581.0116 	EXP 	unnamed Polygon: autoDraw = True
581.0257 	EXP 	unnamed Polygon: autoDraw = True
581.0337 	EXP 	unnamed Polygon: autoDraw = True
581.0364 	EXP 	unnamed Polygon: autoDraw = True
581.0507 	EXP 	unnamed Polygon: autoDraw = True
581.0588 	EXP 	unnamed Polygon: autoDraw = True
581.0627 	EXP 	unnamed Polygon: autoDraw = True
581.0758 	EXP 	unnamed Polygon: autoDraw = True
581.0838 	EXP 	unnamed Polygon: autoDraw = True
581.0875 	EXP 	unnamed Polygon: autoDraw = True
581.1007 	EXP 	unnamed Polygon: autoDraw = True
581.1088 	EXP 	unnamed Polygon: autoDraw = True
581.1132 	EXP 	unnamed Polygon: autoDraw = True
581.1256 	EXP 	unnamed Polygon: autoDraw = True
581.1338 	EXP 	unnamed Polygon: autoDraw = True
581.1372 	EXP 	unnamed Polygon: autoDraw = True
581.1507 	EXP 	unnamed Polygon: autoDraw = True
581.1588 	EXP 	unnamed Polygon: autoDraw = True
581.1631 	EXP 	unnamed Polygon: autoDraw = True
581.1757 	EXP 	unnamed Polygon: autoDraw = True
581.1838 	EXP 	unnamed Polygon: autoDraw = True
581.1885 	EXP 	unnamed Polygon: autoDraw = True
581.2007 	EXP 	unnamed Polygon: autoDraw = True
581.2044 	DATA 	Keypress: 1
581.2088 	EXP 	unnamed Polygon: autoDraw = True
581.2127 	EXP 	unnamed Polygon: autoDraw = True
581.2257 	EXP 	unnamed Polygon: autoDraw = True
581.2339 	EXP 	unnamed Polygon: autoDraw = True
581.2413 	EXP 	unnamed Polygon: autoDraw = False
582.7204 	EXP 	trial_feedback: height = 0.09
582.7204 	EXP 	trial_feedback: height = 0.09
582.7204 	EXP 	trial_feedback: height = 0.09
582.7204 	EXP 	trial_feedback: text = 'Hit!\n+$5.00'
582.7204 	EXP 	trial_feedback: autoDraw = True
584.7090 	EXP 	trial_feedback: autoDraw = False
584.7220 	EXP 	trial_feedback: autoDraw = False
584.7220 	EXP 	exp_feedback: autoDraw = False
592.8679 	EXP 	unnamed Polygon: autoDraw = True
592.8679 	EXP 	unnamed Polygon: autoDraw = True
592.8803 	EXP 	unnamed Polygon: autoDraw = True
592.8885 	EXP 	unnamed Polygon: autoDraw = True
592.8924 	EXP 	unnamed Polygon: autoDraw = True
592.9048 	EXP 	unnamed Polygon: autoDraw = True
592.9130 	EXP 	unnamed Polygon: autoDraw = True
592.9157 	EXP 	unnamed Polygon: autoDraw = True
592.9301 	EXP 	unnamed Polygon: autoDraw = True
592.9381 	EXP 	unnamed Polygon: autoDraw = True
592.9418 	EXP 	unnamed Polygon: autoDraw = True
592.9548 	EXP 	unnamed Polygon: autoDraw = True
592.9630 	EXP 	unnamed Polygon: autoDraw = True
592.9661 	EXP 	unnamed Polygon: autoDraw = True
592.9799 	EXP 	unnamed Polygon: autoDraw = True
592.9881 	EXP 	unnamed Polygon: autoDraw = True
592.9921 	EXP 	unnamed Polygon: autoDraw = True
593.0049 	EXP 	unnamed Polygon: autoDraw = True
593.0130 	EXP 	unnamed Polygon: autoDraw = True
593.0165 	EXP 	unnamed Polygon: autoDraw = True
593.0299 	EXP 	unnamed Polygon: autoDraw = True
593.0380 	EXP 	unnamed Polygon: autoDraw = True
593.0420 	EXP 	unnamed Polygon: autoDraw = True
593.0551 	EXP 	unnamed Polygon: autoDraw = True
593.0630 	EXP 	unnamed Polygon: autoDraw = False
593.0814 	DATA 	Keypress: 1
594.7549 	EXP 	trial_feedback: height = 0.09
594.7549 	EXP 	trial_feedback: height = 0.09
594.7549 	EXP 	trial_feedback: height = 0.09
594.7549 	EXP 	trial_feedback: text = 'Miss!\n-$5.00'
594.7549 	EXP 	trial_feedback: autoDraw = True
596.7296 	EXP 	trial_feedback: autoDraw = False
596.7466 	EXP 	trial_feedback: autoDraw = False
596.7466 	EXP 	exp_feedback: autoDraw = False
605.1686 	EXP 	unnamed Polygon: autoDraw = True
605.1686 	EXP 	unnamed Polygon: autoDraw = True
605.1837 	EXP 	unnamed Polygon: autoDraw = True
605.1858 	EXP 	unnamed Polygon: autoDraw = True
605.2005 	EXP 	unnamed Polygon: autoDraw = True
605.2046 	EXP 	unnamed Polygon: autoDraw = True
605.2177 	EXP 	unnamed Polygon: autoDraw = True
605.2209 	EXP 	unnamed Polygon: autoDraw = True
605.2345 	EXP 	unnamed Polygon: autoDraw = True
605.2512 	EXP 	unnamed Polygon: autoDraw = True
605.2679 	EXP 	unnamed Polygon: autoDraw = True
605.2842 	EXP 	unnamed Polygon: autoDraw = True
605.2879 	EXP 	unnamed Polygon: autoDraw = True
605.3009 	EXP 	unnamed Polygon: autoDraw = True
605.3045 	EXP 	unnamed Polygon: autoDraw = True
605.3174 	EXP 	unnamed Polygon: autoDraw = True
605.3212 	EXP 	unnamed Polygon: autoDraw = True
605.3344 	EXP 	unnamed Polygon: autoDraw = True
605.3377 	EXP 	unnamed Polygon: autoDraw = True
605.3511 	EXP 	unnamed Polygon: autoDraw = True
605.3533 	EXP 	unnamed Polygon: autoDraw = True
605.3682 	EXP 	unnamed Polygon: autoDraw = True
605.3845 	EXP 	unnamed Polygon: autoDraw = True
605.3886 	DATA 	Keypress: 1
605.4004 	EXP 	unnamed Polygon: autoDraw = True
605.4031 	EXP 	unnamed Polygon: autoDraw = True
605.4182 	EXP 	unnamed Polygon: autoDraw = True
605.4345 	EXP 	unnamed Polygon: autoDraw = True
605.4503 	EXP 	unnamed Polygon: autoDraw = False
606.8338 	EXP 	trial_feedback: height = 0.09
606.8338 	EXP 	trial_feedback: height = 0.09
606.8338 	EXP 	trial_feedback: height = 0.09
606.8338 	EXP 	trial_feedback: text = 'Hit!\n$0.00'
606.8338 	EXP 	trial_feedback: autoDraw = True
608.8339 	EXP 	trial_feedback: autoDraw = False
608.8379 	EXP 	trial_feedback: autoDraw = False
608.8379 	EXP 	exp_feedback: autoDraw = False
616.8665 	DATA 	Keypress: 1
617.2271 	EXP 	unnamed Polygon: autoDraw = True
617.2271 	EXP 	unnamed Polygon: autoDraw = True
617.2383 	EXP 	unnamed Polygon: autoDraw = True
617.2464 	EXP 	unnamed Polygon: autoDraw = True
617.2490 	EXP 	unnamed Polygon: autoDraw = True
617.2629 	EXP 	unnamed Polygon: autoDraw = True
617.2722 	EXP 	unnamed Polygon: autoDraw = True
617.2886 	EXP 	unnamed Polygon: autoDraw = True
617.2963 	EXP 	unnamed Polygon: autoDraw = True
617.2993 	EXP 	unnamed Polygon: autoDraw = True
617.3138 	EXP 	unnamed Polygon: autoDraw = True
617.3217 	EXP 	unnamed Polygon: autoDraw = True
617.3254 	EXP 	unnamed Polygon: autoDraw = True
617.3383 	EXP 	unnamed Polygon: autoDraw = True
617.3463 	EXP 	unnamed Polygon: autoDraw = True
617.3495 	EXP 	unnamed Polygon: autoDraw = True
617.3633 	EXP 	unnamed Polygon: autoDraw = True
617.3714 	EXP 	unnamed Polygon: autoDraw = True
617.3748 	EXP 	unnamed Polygon: autoDraw = True
617.3883 	EXP 	unnamed Polygon: autoDraw = True
617.3963 	EXP 	unnamed Polygon: autoDraw = True
617.4004 	EXP 	unnamed Polygon: autoDraw = True
617.4132 	EXP 	unnamed Polygon: autoDraw = True
617.4214 	EXP 	unnamed Polygon: autoDraw = True
617.4258 	EXP 	unnamed Polygon: autoDraw = True
617.4383 	EXP 	unnamed Polygon: autoDraw = True
617.4417 	DATA 	Keypress: 1
617.4457 	EXP 	unnamed Polygon: autoDraw = True
617.4492 	EXP 	unnamed Polygon: autoDraw = True
617.4628 	EXP 	unnamed Polygon: autoDraw = True
617.4722 	EXP 	unnamed Polygon: autoDraw = True
617.4885 	EXP 	unnamed Polygon: autoDraw = True
617.4963 	EXP 	unnamed Polygon: autoDraw = True
617.4990 	EXP 	unnamed Polygon: autoDraw = True
617.5141 	EXP 	unnamed Polygon: autoDraw = True
617.5213 	EXP 	unnamed Polygon: autoDraw = True
617.5253 	EXP 	unnamed Polygon: autoDraw = True
617.5383 	EXP 	unnamed Polygon: autoDraw = True
617.5463 	EXP 	unnamed Polygon: autoDraw = True
617.5492 	EXP 	unnamed Polygon: autoDraw = True
617.5632 	EXP 	unnamed Polygon: autoDraw = True
617.5884 	EXP 	unnamed Polygon: autoDraw = False
619.0172 	EXP 	trial_feedback: height = 0.09
619.0172 	EXP 	trial_feedback: height = 0.09
619.0172 	EXP 	trial_feedback: height = 0.09
619.0172 	EXP 	trial_feedback: text = 'Miss!\n$0.00'
619.0172 	EXP 	trial_feedback: autoDraw = True
621.0130 	EXP 	trial_feedback: autoDraw = False
621.0170 	EXP 	trial_feedback: autoDraw = False
621.0170 	EXP 	exp_feedback: autoDraw = False
627.4011 	EXP 	unnamed Polygon: autoDraw = True
627.4011 	EXP 	unnamed Polygon: autoDraw = True
627.4129 	EXP 	unnamed Polygon: autoDraw = True
627.4220 	EXP 	unnamed Polygon: autoDraw = True
627.4243 	EXP 	unnamed Polygon: autoDraw = True
627.4323 	EXP 	unnamed Polygon: autoDraw = True
627.4415 	EXP 	unnamed Polygon: autoDraw = True
627.4545 	EXP 	unnamed Polygon: autoDraw = True
627.4627 	EXP 	unnamed Polygon: autoDraw = True
627.4655 	EXP 	unnamed Polygon: autoDraw = True
627.4808 	EXP 	unnamed Polygon: autoDraw = True
627.4881 	EXP 	unnamed Polygon: autoDraw = True
627.4912 	EXP 	unnamed Polygon: autoDraw = True
627.5052 	EXP 	unnamed Polygon: autoDraw = True
627.5130 	EXP 	unnamed Polygon: autoDraw = True
627.5161 	EXP 	unnamed Polygon: autoDraw = True
627.5299 	EXP 	unnamed Polygon: autoDraw = True
627.5381 	EXP 	unnamed Polygon: autoDraw = True
627.5423 	EXP 	unnamed Polygon: autoDraw = True
627.5549 	EXP 	unnamed Polygon: autoDraw = True
627.5630 	EXP 	unnamed Polygon: autoDraw = True
627.5673 	EXP 	unnamed Polygon: autoDraw = True
627.5798 	EXP 	unnamed Polygon: autoDraw = True
627.5881 	EXP 	unnamed Polygon: autoDraw = True
627.5920 	EXP 	unnamed Polygon: autoDraw = True
627.6049 	EXP 	unnamed Polygon: autoDraw = True
627.6130 	EXP 	unnamed Polygon: autoDraw = True
627.6175 	EXP 	unnamed Polygon: autoDraw = True
627.6300 	EXP 	unnamed Polygon: autoDraw = True
627.6381 	EXP 	unnamed Polygon: autoDraw = True
627.6423 	EXP 	unnamed Polygon: autoDraw = True
627.6548 	EXP 	unnamed Polygon: autoDraw = True
627.6629 	EXP 	unnamed Polygon: autoDraw = True
627.6667 	EXP 	unnamed Polygon: autoDraw = True
627.6744 	EXP 	unnamed Polygon: autoDraw = False
627.7255 	DATA 	Keypress: 1
629.0297 	EXP 	trial_feedback: text = 'Miss!\n$0.00'
629.0297 	EXP 	trial_feedback: autoDraw = True
631.0255 	EXP 	trial_feedback: autoDraw = False
631.0296 	EXP 	trial_feedback: autoDraw = False
631.0296 	EXP 	exp_feedback: autoDraw = False
639.2731 	EXP 	unnamed Polygon: autoDraw = True
639.2731 	EXP 	unnamed Polygon: autoDraw = True
639.2837 	EXP 	unnamed Polygon: autoDraw = True
639.2927 	EXP 	unnamed Polygon: autoDraw = True
639.2947 	EXP 	unnamed Polygon: autoDraw = True
639.3097 	EXP 	unnamed Polygon: autoDraw = True
639.3175 	EXP 	unnamed Polygon: autoDraw = True
639.3199 	EXP 	unnamed Polygon: autoDraw = True
639.3346 	EXP 	unnamed Polygon: autoDraw = True
639.3425 	EXP 	unnamed Polygon: autoDraw = True
639.3462 	EXP 	unnamed Polygon: autoDraw = True
639.3592 	EXP 	unnamed Polygon: autoDraw = True
639.3672 	EXP 	unnamed Polygon: autoDraw = True
639.3713 	EXP 	unnamed Polygon: autoDraw = True
639.3841 	EXP 	unnamed Polygon: autoDraw = True
639.3922 	EXP 	unnamed Polygon: autoDraw = True
639.3962 	EXP 	unnamed Polygon: autoDraw = True
639.4092 	EXP 	unnamed Polygon: autoDraw = True
639.4173 	EXP 	unnamed Polygon: autoDraw = True
639.4214 	EXP 	unnamed Polygon: autoDraw = True
639.4341 	EXP 	unnamed Polygon: autoDraw = True
639.4422 	EXP 	unnamed Polygon: autoDraw = True
639.4459 	EXP 	unnamed Polygon: autoDraw = True
639.4591 	EXP 	unnamed Polygon: autoDraw = True
639.4673 	EXP 	unnamed Polygon: autoDraw = True
639.4710 	EXP 	unnamed Polygon: autoDraw = True
639.4841 	EXP 	unnamed Polygon: autoDraw = True
639.4880 	DATA 	Keypress: 1
639.4921 	EXP 	unnamed Polygon: autoDraw = True
639.4955 	EXP 	unnamed Polygon: autoDraw = True
639.5093 	EXP 	unnamed Polygon: autoDraw = True
639.5173 	EXP 	unnamed Polygon: autoDraw = True
639.5239 	EXP 	unnamed Polygon: autoDraw = False
641.1079 	EXP 	trial_feedback: height = 0.09
641.1079 	EXP 	trial_feedback: height = 0.09
641.1079 	EXP 	trial_feedback: height = 0.09
641.1079 	EXP 	trial_feedback: text = 'Hit!\n$0.00'
641.1079 	EXP 	trial_feedback: autoDraw = True
643.1047 	EXP 	trial_feedback: autoDraw = False
643.1087 	EXP 	trial_feedback: autoDraw = False
643.1087 	EXP 	exp_feedback: autoDraw = False
649.3226 	EXP 	unnamed Polygon: autoDraw = True
649.3226 	EXP 	unnamed Polygon: autoDraw = True
649.3295 	EXP 	unnamed Polygon: autoDraw = True
649.3324 	EXP 	unnamed Polygon: autoDraw = True
649.3462 	EXP 	unnamed Polygon: autoDraw = True
649.3545 	EXP 	unnamed Polygon: autoDraw = True
649.3570 	EXP 	unnamed Polygon: autoDraw = True
649.3721 	EXP 	unnamed Polygon: autoDraw = True
649.3797 	EXP 	unnamed Polygon: autoDraw = True
649.3831 	EXP 	unnamed Polygon: autoDraw = True
649.3966 	EXP 	unnamed Polygon: autoDraw = True
649.4047 	EXP 	unnamed Polygon: autoDraw = True
649.4080 	EXP 	unnamed Polygon: autoDraw = True
649.4219 	EXP 	unnamed Polygon: autoDraw = True
649.4298 	EXP 	unnamed Polygon: autoDraw = True
649.4331 	EXP 	unnamed Polygon: autoDraw = True
649.4468 	EXP 	unnamed Polygon: autoDraw = True
649.4548 	EXP 	unnamed Polygon: autoDraw = True
649.4582 	EXP 	unnamed Polygon: autoDraw = True
649.4715 	EXP 	unnamed Polygon: autoDraw = True
649.4797 	EXP 	unnamed Polygon: autoDraw = True
649.4834 	EXP 	unnamed Polygon: autoDraw = True
649.4965 	EXP 	unnamed Polygon: autoDraw = True
649.5047 	EXP 	unnamed Polygon: autoDraw = True
649.5080 	EXP 	unnamed Polygon: autoDraw = True
649.5215 	EXP 	unnamed Polygon: autoDraw = True
649.5298 	EXP 	unnamed Polygon: autoDraw = True
649.5369 	DATA 	Keypress: 1
649.5392 	EXP 	unnamed Polygon: autoDraw = False
651.1229 	EXP 	trial_feedback: height = 0.09
651.1229 	EXP 	trial_feedback: height = 0.09
651.1229 	EXP 	trial_feedback: height = 0.09
651.1229 	EXP 	trial_feedback: text = 'Miss!\n-$5.00'
651.1229 	EXP 	trial_feedback: autoDraw = True
653.1131 	EXP 	trial_feedback: autoDraw = False
653.1299 	EXP 	trial_feedback: autoDraw = False
653.1299 	EXP 	exp_feedback: autoDraw = False
661.2392 	EXP 	unnamed Polygon: autoDraw = True
661.2392 	EXP 	unnamed Polygon: autoDraw = True
661.2508 	EXP 	unnamed Polygon: autoDraw = True
661.2588 	EXP 	unnamed Polygon: autoDraw = True
661.2627 	EXP 	unnamed Polygon: autoDraw = True
661.2757 	EXP 	unnamed Polygon: autoDraw = True
661.2838 	EXP 	unnamed Polygon: autoDraw = True
661.2875 	EXP 	unnamed Polygon: autoDraw = True
661.3007 	EXP 	unnamed Polygon: autoDraw = True
661.3089 	EXP 	unnamed Polygon: autoDraw = True
661.3126 	EXP 	unnamed Polygon: autoDraw = True
661.3257 	EXP 	unnamed Polygon: autoDraw = True
661.3339 	EXP 	unnamed Polygon: autoDraw = True
661.3383 	EXP 	unnamed Polygon: autoDraw = True
661.3507 	EXP 	unnamed Polygon: autoDraw = True
661.3589 	EXP 	unnamed Polygon: autoDraw = True
661.3632 	EXP 	unnamed Polygon: autoDraw = True
661.3758 	EXP 	unnamed Polygon: autoDraw = True
661.3838 	EXP 	unnamed Polygon: autoDraw = True
661.3878 	EXP 	unnamed Polygon: autoDraw = True
661.4008 	EXP 	unnamed Polygon: autoDraw = True
661.4089 	EXP 	unnamed Polygon: autoDraw = True
661.4127 	EXP 	unnamed Polygon: autoDraw = True
661.4264 	EXP 	unnamed Polygon: autoDraw = True
661.4425 	EXP 	unnamed Polygon: autoDraw = True
661.4507 	EXP 	unnamed Polygon: autoDraw = True
661.4546 	EXP 	unnamed Polygon: autoDraw = True
661.4671 	EXP 	unnamed Polygon: autoDraw = True
661.4756 	EXP 	unnamed Polygon: autoDraw = False
661.4785 	DATA 	Keypress: 1
663.1839 	EXP 	trial_feedback: height = 0.09
663.1839 	EXP 	trial_feedback: height = 0.09
663.1839 	EXP 	trial_feedback: height = 0.09
663.1839 	EXP 	trial_feedback: text = 'Miss!\n-$1.50'
663.1839 	EXP 	trial_feedback: autoDraw = True
665.1714 	EXP 	trial_feedback: autoDraw = False
665.1882 	EXP 	trial_feedback: autoDraw = False
665.1882 	EXP 	exp_feedback: autoDraw = False
675.2837 	DATA 	Keypress: 1
675.6013 	EXP 	unnamed Polygon: autoDraw = True
675.6013 	EXP 	unnamed Polygon: autoDraw = True
675.6129 	EXP 	unnamed Polygon: autoDraw = True
675.6225 	EXP 	unnamed Polygon: autoDraw = True
675.6346 	EXP 	unnamed Polygon: autoDraw = True
675.6426 	EXP 	unnamed Polygon: autoDraw = True
675.6551 	EXP 	unnamed Polygon: autoDraw = True
675.6631 	EXP 	unnamed Polygon: autoDraw = True
675.6665 	DATA 	Keypress: 1
675.6701 	EXP 	unnamed Polygon: autoDraw = True
675.6740 	EXP 	unnamed Polygon: autoDraw = True
675.6879 	EXP 	unnamed Polygon: autoDraw = True
675.6961 	EXP 	unnamed Polygon: autoDraw = True
675.6995 	EXP 	unnamed Polygon: autoDraw = True
675.7135 	EXP 	unnamed Polygon: autoDraw = True
675.7214 	EXP 	unnamed Polygon: autoDraw = True
675.7247 	EXP 	unnamed Polygon: autoDraw = True
675.7382 	EXP 	unnamed Polygon: autoDraw = True
675.7463 	EXP 	unnamed Polygon: autoDraw = True
675.7500 	EXP 	unnamed Polygon: autoDraw = True
675.7633 	EXP 	unnamed Polygon: autoDraw = True
675.7714 	EXP 	unnamed Polygon: autoDraw = True
675.7755 	EXP 	unnamed Polygon: autoDraw = True
675.7883 	EXP 	unnamed Polygon: autoDraw = True
675.7964 	EXP 	unnamed Polygon: autoDraw = True
675.8006 	EXP 	unnamed Polygon: autoDraw = True
675.8133 	EXP 	unnamed Polygon: autoDraw = True
675.8214 	EXP 	unnamed Polygon: autoDraw = True
675.8250 	EXP 	unnamed Polygon: autoDraw = True
675.8382 	EXP 	unnamed Polygon: autoDraw = True
675.8457 	EXP 	unnamed Polygon: autoDraw = False
677.3827 	EXP 	trial_feedback: height = 0.09
677.3827 	EXP 	trial_feedback: height = 0.09
677.3827 	EXP 	trial_feedback: height = 0.09
677.3827 	EXP 	trial_feedback: text = 'Miss!\n-$5.00'
677.3827 	EXP 	trial_feedback: autoDraw = True
679.3797 	EXP 	trial_feedback: autoDraw = False
679.3841 	EXP 	trial_feedback: autoDraw = False
679.3841 	EXP 	exp_feedback: autoDraw = False
689.9149 	EXP 	unnamed Polygon: autoDraw = True
689.9149 	EXP 	unnamed Polygon: autoDraw = True
689.9202 	EXP 	unnamed Polygon: autoDraw = True
689.9337 	EXP 	unnamed Polygon: autoDraw = True
689.9417 	EXP 	unnamed Polygon: autoDraw = True
689.9556 	EXP 	unnamed Polygon: autoDraw = True
689.9631 	EXP 	unnamed Polygon: autoDraw = True
689.9667 	EXP 	unnamed Polygon: autoDraw = True
689.9805 	EXP 	unnamed Polygon: autoDraw = True
689.9877 	EXP 	unnamed Polygon: autoDraw = True
689.9910 	EXP 	unnamed Polygon: autoDraw = True
690.0053 	EXP 	unnamed Polygon: autoDraw = True
690.0133 	EXP 	unnamed Polygon: autoDraw = True
690.0156 	EXP 	unnamed Polygon: autoDraw = True
690.0295 	EXP 	unnamed Polygon: autoDraw = True
690.0390 	EXP 	unnamed Polygon: autoDraw = True
690.0555 	EXP 	unnamed Polygon: autoDraw = True
690.0628 	EXP 	unnamed Polygon: autoDraw = True
690.0653 	EXP 	unnamed Polygon: autoDraw = True
690.0796 	EXP 	unnamed Polygon: autoDraw = True
690.0879 	EXP 	unnamed Polygon: autoDraw = True
690.0903 	EXP 	unnamed Polygon: autoDraw = True
690.1039 	EXP 	unnamed Polygon: autoDraw = True
690.1068 	EXP 	unnamed Polygon: autoDraw = True
690.1078 	DATA 	Keypress: 1
690.1211 	EXP 	unnamed Polygon: autoDraw = True
690.1252 	EXP 	unnamed Polygon: autoDraw = True
690.1419 	EXP 	unnamed Polygon: autoDraw = True
690.1460 	EXP 	unnamed Polygon: autoDraw = True
690.1485 	EXP 	unnamed Polygon: autoDraw = True
690.1628 	EXP 	unnamed Polygon: autoDraw = True
690.1711 	EXP 	unnamed Polygon: autoDraw = False
691.5132 	EXP 	trial_feedback: height = 0.09
691.5132 	EXP 	trial_feedback: height = 0.09
691.5132 	EXP 	trial_feedback: height = 0.09
691.5132 	EXP 	trial_feedback: text = 'Hit!\n$0.00'
691.5132 	EXP 	trial_feedback: autoDraw = True
693.4882 	EXP 	trial_feedback: autoDraw = False
693.5137 	EXP 	trial_feedback: autoDraw = False
693.5137 	EXP 	exp_feedback: autoDraw = False
703.7392 	EXP 	unnamed Polygon: autoDraw = True
703.7392 	EXP 	unnamed Polygon: autoDraw = True
703.7504 	EXP 	unnamed Polygon: autoDraw = True
703.7596 	EXP 	unnamed Polygon: autoDraw = True
703.7620 	EXP 	unnamed Polygon: autoDraw = True
703.7678 	EXP 	unnamed Polygon: autoDraw = True
703.7791 	EXP 	unnamed Polygon: autoDraw = True
703.7920 	EXP 	unnamed Polygon: autoDraw = True
703.8018 	EXP 	unnamed Polygon: autoDraw = True
703.8181 	EXP 	unnamed Polygon: autoDraw = True
703.8256 	EXP 	unnamed Polygon: autoDraw = True
703.8287 	EXP 	unnamed Polygon: autoDraw = True
703.8428 	EXP 	unnamed Polygon: autoDraw = True
703.8504 	EXP 	unnamed Polygon: autoDraw = True
703.8536 	EXP 	unnamed Polygon: autoDraw = True
703.8674 	EXP 	unnamed Polygon: autoDraw = True
703.8756 	EXP 	unnamed Polygon: autoDraw = True
703.8788 	EXP 	unnamed Polygon: autoDraw = True
703.8923 	EXP 	unnamed Polygon: autoDraw = True
703.9005 	EXP 	unnamed Polygon: autoDraw = True
703.9045 	EXP 	unnamed Polygon: autoDraw = True
703.9174 	EXP 	unnamed Polygon: autoDraw = True
703.9256 	EXP 	unnamed Polygon: autoDraw = True
703.9294 	EXP 	unnamed Polygon: autoDraw = True
703.9425 	EXP 	unnamed Polygon: autoDraw = True
703.9508 	EXP 	unnamed Polygon: autoDraw = True
703.9548 	EXP 	unnamed Polygon: autoDraw = True
703.9679 	EXP 	unnamed Polygon: autoDraw = True
703.9717 	DATA 	Keypress: 1
703.9926 	EXP 	unnamed Polygon: autoDraw = True
704.0092 	EXP 	unnamed Polygon: autoDraw = True
704.0173 	EXP 	unnamed Polygon: autoDraw = True
704.0212 	EXP 	unnamed Polygon: autoDraw = True
704.0343 	EXP 	unnamed Polygon: autoDraw = True
704.0454 	EXP 	unnamed Polygon: autoDraw = False
705.6342 	EXP 	trial_feedback: height = 0.09
705.6342 	EXP 	trial_feedback: height = 0.09
705.6342 	EXP 	trial_feedback: height = 0.09
705.6342 	EXP 	trial_feedback: text = 'Hit!\n+$5.00'
705.6342 	EXP 	trial_feedback: autoDraw = True
707.6091 	EXP 	trial_feedback: autoDraw = False
707.6258 	EXP 	trial_feedback: autoDraw = False
707.6258 	EXP 	exp_feedback: autoDraw = False
717.9515 	EXP 	unnamed Polygon: autoDraw = True
717.9515 	EXP 	unnamed Polygon: autoDraw = True
717.9635 	EXP 	unnamed Polygon: autoDraw = True
717.9714 	EXP 	unnamed Polygon: autoDraw = True
717.9744 	EXP 	unnamed Polygon: autoDraw = True
717.9883 	EXP 	unnamed Polygon: autoDraw = True
717.9964 	EXP 	unnamed Polygon: autoDraw = True
718.0002 	EXP 	unnamed Polygon: autoDraw = True
718.0133 	EXP 	unnamed Polygon: autoDraw = True
718.0214 	EXP 	unnamed Polygon: autoDraw = True
718.0259 	EXP 	unnamed Polygon: autoDraw = True
718.0386 	EXP 	unnamed Polygon: autoDraw = True
718.0465 	EXP 	unnamed Polygon: autoDraw = True
718.0507 	EXP 	unnamed Polygon: autoDraw = True
718.0633 	EXP 	unnamed Polygon: autoDraw = True
718.0714 	EXP 	unnamed Polygon: autoDraw = True
718.0755 	EXP 	unnamed Polygon: autoDraw = True
718.0884 	EXP 	unnamed Polygon: autoDraw = True
718.0964 	EXP 	unnamed Polygon: autoDraw = True
718.1011 	EXP 	unnamed Polygon: autoDraw = True
718.1133 	EXP 	unnamed Polygon: autoDraw = True
718.1214 	EXP 	unnamed Polygon: autoDraw = True
718.1251 	EXP 	unnamed Polygon: autoDraw = True
718.1384 	EXP 	unnamed Polygon: autoDraw = True
718.1465 	EXP 	unnamed Polygon: autoDraw = True
718.1508 	EXP 	unnamed Polygon: autoDraw = True
718.1633 	EXP 	unnamed Polygon: autoDraw = True
718.1672 	DATA 	Keypress: 1
718.1713 	EXP 	unnamed Polygon: autoDraw = True
718.1748 	EXP 	unnamed Polygon: autoDraw = True
718.1879 	EXP 	unnamed Polygon: autoDraw = True
718.1962 	EXP 	unnamed Polygon: autoDraw = True
718.1987 	EXP 	unnamed Polygon: autoDraw = True
718.2129 	EXP 	unnamed Polygon: autoDraw = False
719.7009 	EXP 	trial_feedback: height = 0.09
719.7009 	EXP 	trial_feedback: height = 0.09
719.7009 	EXP 	trial_feedback: height = 0.09
719.7009 	EXP 	trial_feedback: text = 'Hit!\n$0.00'
719.7009 	EXP 	trial_feedback: autoDraw = True
721.6881 	EXP 	trial_feedback: autoDraw = False
721.7049 	EXP 	trial_feedback: autoDraw = False
721.7049 	EXP 	exp_feedback: autoDraw = False
729.6579 	DATA 	Keypress: 1
730.1694 	EXP 	unnamed Polygon: autoDraw = True
730.1694 	EXP 	unnamed Polygon: autoDraw = True
730.1717 	DATA 	Keypress: 1
730.1746 	EXP 	unnamed Polygon: autoDraw = True
730.1879 	EXP 	unnamed Polygon: autoDraw = True
730.1962 	EXP 	unnamed Polygon: autoDraw = True
730.1992 	EXP 	unnamed Polygon: autoDraw = True
730.2137 	EXP 	unnamed Polygon: autoDraw = True
730.2218 	EXP 	unnamed Polygon: autoDraw = True
730.2255 	EXP 	unnamed Polygon: autoDraw = True
730.2383 	EXP 	unnamed Polygon: autoDraw = True
730.2462 	EXP 	unnamed Polygon: autoDraw = True
730.2492 	EXP 	unnamed Polygon: autoDraw = True
730.2631 	EXP 	unnamed Polygon: autoDraw = True
730.2711 	EXP 	unnamed Polygon: autoDraw = True
730.2738 	EXP 	unnamed Polygon: autoDraw = True
730.2874 	EXP 	unnamed Polygon: autoDraw = True
730.2941 	EXP 	unnamed Polygon: autoDraw = True
730.3040 	EXP 	unnamed Polygon: autoDraw = True
730.3164 	EXP 	unnamed Polygon: autoDraw = True
730.3289 	EXP 	unnamed Polygon: autoDraw = True
730.3415 	EXP 	unnamed Polygon: autoDraw = True
730.3540 	EXP 	unnamed Polygon: autoDraw = True
730.3670 	EXP 	unnamed Polygon: autoDraw = True
730.3789 	EXP 	unnamed Polygon: autoDraw = True
730.3919 	EXP 	unnamed Polygon: autoDraw = False
731.9509 	EXP 	trial_feedback: height = 0.09
731.9509 	EXP 	trial_feedback: height = 0.09
731.9509 	EXP 	trial_feedback: height = 0.09
731.9509 	EXP 	trial_feedback: text = 'Miss!\n-$1.50'
731.9509 	EXP 	trial_feedback: autoDraw = True
733.9465 	EXP 	trial_feedback: autoDraw = False
733.9510 	EXP 	trial_feedback: autoDraw = False
733.9510 	EXP 	exp_feedback: autoDraw = False
742.3562 	EXP 	unnamed Polygon: autoDraw = True
742.3562 	EXP 	unnamed Polygon: autoDraw = True
742.3679 	EXP 	unnamed Polygon: autoDraw = True
742.3755 	EXP 	unnamed Polygon: autoDraw = True
742.3786 	EXP 	unnamed Polygon: autoDraw = True
742.3930 	EXP 	unnamed Polygon: autoDraw = True
742.4006 	EXP 	unnamed Polygon: autoDraw = True
742.4037 	EXP 	unnamed Polygon: autoDraw = True
742.4174 	EXP 	unnamed Polygon: autoDraw = True
742.4256 	EXP 	unnamed Polygon: autoDraw = True
742.4285 	EXP 	unnamed Polygon: autoDraw = True
742.4426 	EXP 	unnamed Polygon: autoDraw = True
742.4506 	EXP 	unnamed Polygon: autoDraw = True
742.4542 	EXP 	unnamed Polygon: autoDraw = True
742.4675 	EXP 	unnamed Polygon: autoDraw = True
742.4756 	EXP 	unnamed Polygon: autoDraw = True
742.4793 	EXP 	unnamed Polygon: autoDraw = True
742.4925 	EXP 	unnamed Polygon: autoDraw = True
742.5007 	EXP 	unnamed Polygon: autoDraw = True
742.5041 	EXP 	unnamed Polygon: autoDraw = True
742.5174 	EXP 	unnamed Polygon: autoDraw = True
742.5256 	EXP 	unnamed Polygon: autoDraw = True
742.5301 	EXP 	unnamed Polygon: autoDraw = True
742.5425 	EXP 	unnamed Polygon: autoDraw = True
742.5506 	EXP 	unnamed Polygon: autoDraw = True
742.5547 	EXP 	unnamed Polygon: autoDraw = True
742.5674 	EXP 	unnamed Polygon: autoDraw = True
742.5711 	DATA 	Keypress: 1
742.5756 	EXP 	unnamed Polygon: autoDraw = True
742.5795 	EXP 	unnamed Polygon: autoDraw = True
742.5924 	EXP 	unnamed Polygon: autoDraw = True
742.6003 	EXP 	unnamed Polygon: autoDraw = False
744.0135 	EXP 	trial_feedback: height = 0.09
744.0135 	EXP 	trial_feedback: height = 0.09
744.0135 	EXP 	trial_feedback: height = 0.09
744.0135 	EXP 	trial_feedback: text = 'Hit!\n$0.00'
744.0135 	EXP 	trial_feedback: autoDraw = True
746.0091 	EXP 	trial_feedback: autoDraw = False
746.0129 	EXP 	trial_feedback: autoDraw = False
746.0129 	EXP 	exp_feedback: autoDraw = False
754.3728 	EXP 	unnamed Polygon: autoDraw = True
754.3728 	EXP 	unnamed Polygon: autoDraw = True
754.3841 	EXP 	unnamed Polygon: autoDraw = True
754.3923 	EXP 	unnamed Polygon: autoDraw = True
754.3955 	EXP 	unnamed Polygon: autoDraw = True
754.4091 	EXP 	unnamed Polygon: autoDraw = True
754.4173 	EXP 	unnamed Polygon: autoDraw = True
754.4216 	EXP 	unnamed Polygon: autoDraw = True
754.4341 	EXP 	unnamed Polygon: autoDraw = True
754.4423 	EXP 	unnamed Polygon: autoDraw = True
754.4460 	EXP 	unnamed Polygon: autoDraw = True
754.4591 	EXP 	unnamed Polygon: autoDraw = True
754.4673 	EXP 	unnamed Polygon: autoDraw = True
754.4717 	EXP 	unnamed Polygon: autoDraw = True
754.4841 	EXP 	unnamed Polygon: autoDraw = True
754.4923 	EXP 	unnamed Polygon: autoDraw = True
754.4969 	EXP 	unnamed Polygon: autoDraw = True
754.5091 	EXP 	unnamed Polygon: autoDraw = True
754.5172 	EXP 	unnamed Polygon: autoDraw = True
754.5210 	EXP 	unnamed Polygon: autoDraw = True
754.5341 	EXP 	unnamed Polygon: autoDraw = True
754.5423 	EXP 	unnamed Polygon: autoDraw = True
754.5457 	EXP 	unnamed Polygon: autoDraw = True
754.5591 	EXP 	unnamed Polygon: autoDraw = True
754.5673 	EXP 	unnamed Polygon: autoDraw = True
754.5716 	EXP 	unnamed Polygon: autoDraw = True
754.5841 	EXP 	unnamed Polygon: autoDraw = True
754.5919 	EXP 	unnamed Polygon: autoDraw = False
754.6210 	DATA 	Keypress: 1
756.0925 	EXP 	trial_feedback: height = 0.09
756.0925 	EXP 	trial_feedback: height = 0.09
756.0925 	EXP 	trial_feedback: height = 0.09
756.0925 	EXP 	trial_feedback: text = 'Miss!\n$0.00'
756.0925 	EXP 	trial_feedback: autoDraw = True
758.0757 	EXP 	trial_feedback: autoDraw = False
758.0799 	EXP 	trial_feedback: autoDraw = False
758.0799 	EXP 	exp_feedback: autoDraw = False
767.3433 	DATA 	Keypress: 1
777.3664 	EXP 	unnamed TextStim: text = 'Instructions...\n\nYour goal is to make as much money as possible.\n\nRemember:\nWIN CIRCLES = win money\nLOSE SQUARES = lose money\n\nQUICKLY press the button with your pointer finger when you see the solid white triangle.\n\nYou will get feedback on whether you pressed the button in time and if you won or lost money.'
779.8380 	DATA 	Keypress: 1
779.8397 	EXP 	Created unnamed TextStim = TextStim(__class__=<class 'psychopy.visual.text.TextStim'>, alignHoriz=method-wrapper(...), alignText='center', alignVert=method-wrapper(...), anchorHoriz='center', anchorVert='center', antialias=True, autoDraw=False, autoLog=True, bold=False, color=array([1., 1., 1.]), colorSpace='rgb', contrast=1.0, depth=0, draggable=False, flipHoriz=False, flipVert=False, font='', fontFiles=[], height=0.08, italic=False, languageStyle='LTR', name='unnamed TextStim', opacity=1.0, ori=0.0, pos=array([-0.65,  0.15]), rgb=UNKNOWN, text='+', units='height', win=Window(...), wrapWidth=1)
779.8462 	EXP 	Created unnamed ImageStim = ImageStim(__class__=<class 'psychopy.visual.image.ImageStim'>, anchor=('center', 'center'), autoLog=True, color=array([1., 1., 1.]), colorSpace='rgb', contrast=1.0, depth=0, draggable=False, flipHoriz=False, flipVert=False, image='../stimuli/reward_high.png', interpolate=False, mask=None, maskParams=None, name='unnamed ImageStim', opacity=1, ori=0.0, pos=array([-0.35,  0.15]), size=array([0.2, 0.2]), texRes=128, units='height', win=Window(...))
779.8470 	EXP 	Created unnamed TextStim = TextStim(__class__=<class 'psychopy.visual.text.TextStim'>, alignHoriz=method-wrapper(...), alignText='center', alignVert=method-wrapper(...), anchorHoriz='center', anchorVert='center', antialias=True, autoDraw=False, autoLog=True, bold=False, color=array([1., 1., 1.]), colorSpace='rgb', contrast=1.0, depth=0, draggable=False, flipHoriz=False, flipVert=False, font='', fontFiles=[], height=0.08, italic=False, languageStyle='LTR', name='unnamed TextStim', opacity=1.0, ori=0.0, pos=array([-0.15,  0.15]), rgb=UNKNOWN, text='+', units='height', win=Window(...), wrapWidth=1)
779.8477 	EXP 	Created unnamed Polygon = Polygon(__class__=<class 'psychopy.visual.polygon.Polygon'>, anchor=('center', 'center'), autoDraw=False, autoLog=True, closeShape=True, color=method-wrapper(...), colorSpace='rgb', contrast=None, depth=0, draggable=False, fillColor=array([1, 1, 1]), fillColorSpace='rgb', fillRGB=array([1, 1, 1]), interpolate=True, lineColor=array([1., 1., 1.]), lineColorSpace='rgb', lineRGB=array([1, 1, 1]), lineWidth=1.5, name='unnamed Polygon', opacity=1, ori=0.0, pos=array([0.15, 0.15]), size=array([1., 1.]), units='height', vertices=ndarray(...), win=Window(...))
779.8486 	EXP 	Created unnamed TextStim = TextStim(__class__=<class 'psychopy.visual.text.TextStim'>, alignHoriz=method-wrapper(...), alignText='center', alignVert=method-wrapper(...), anchorHoriz='center', anchorVert='center', antialias=True, autoDraw=False, autoLog=True, bold=False, color=array([1., 1., 1.]), colorSpace='rgb', contrast=1.0, depth=0, draggable=False, flipHoriz=False, flipVert=False, font='', fontFiles=[], height=0.08, italic=False, languageStyle='LTR', name='unnamed TextStim', opacity=1.0, ori=0.0, pos=array([0.35, 0.15]), rgb=UNKNOWN, text='+', units='height', win=Window(...), wrapWidth=1)
779.8499 	EXP 	Created unnamed TextStim = TextStim(__class__=<class 'psychopy.visual.text.TextStim'>, alignHoriz=method-wrapper(...), alignText='center', alignVert=method-wrapper(...), anchorHoriz='center', anchorVert='center', antialias=True, autoDraw=False, autoLog=True, bold=False, color=array([1., 1., 1.]), colorSpace='rgb', contrast=1.0, depth=0, draggable=False, flipHoriz=False, flipVert=False, font='', fontFiles=[], height=0.08, italic=False, languageStyle='LTR', name='unnamed TextStim', opacity=1.0, ori=0.0, pos=array([0.65, 0.15]), rgb=UNKNOWN, text='Hit!\n+$5.00', units='height', win=Window(...), wrapWidth=1)
779.8500 	WARNING 	TextStim.alignHoriz is deprecated. Use alignText and anchorHoriz attributes instead
779.8518 	EXP 	Created unnamed TextStim = TextStim(__class__=<class 'psychopy.visual.text.TextStim'>, alignHoriz='center', alignText='center', alignVert=method-wrapper(...), anchorHoriz='center', anchorVert='center', antialias=True, autoDraw=False, autoLog=True, bold=False, color=array([1., 1., 1.]), colorSpace='rgb', contrast=1.0, depth=0, draggable=False, flipHoriz=False, flipVert=False, font='', fontFiles=[], height=0.04, italic=False, languageStyle='LTR', name='unnamed TextStim', opacity=1.0, ori=0.0, pos=array([-0.65, -0.15]), rgb=UNKNOWN, text='Pay attention', units='height', win=Window(...), wrapWidth=0.1)
779.8519 	WARNING 	TextStim.alignHoriz is deprecated. Use alignText and anchorHoriz attributes instead
779.8538 	EXP 	Created unnamed TextStim = TextStim(__class__=<class 'psychopy.visual.text.TextStim'>, alignHoriz='center', alignText='center', alignVert=method-wrapper(...), anchorHoriz='center', anchorVert='center', antialias=True, autoDraw=False, autoLog=True, bold=False, color=array([1., 1., 1.]), colorSpace='rgb', contrast=1.0, depth=0, draggable=False, flipHoriz=False, flipVert=False, font='', fontFiles=[], height=0.04, italic=False, languageStyle='LTR', name='unnamed TextStim', opacity=1.0, ori=0.0, pos=array([-0.35, -0.15]), rgb=UNKNOWN, text="Cue: don't respond yet", units='height', win=Window(...), wrapWidth=0.1)
779.8539 	WARNING 	TextStim.alignHoriz is deprecated. Use alignText and anchorHoriz attributes instead
779.8549 	EXP 	Created unnamed TextStim = TextStim(__class__=<class 'psychopy.visual.text.TextStim'>, alignHoriz='center', alignText='center', alignVert=method-wrapper(...), anchorHoriz='center', anchorVert='center', antialias=True, autoDraw=False, autoLog=True, bold=False, color=array([1., 1., 1.]), colorSpace='rgb', contrast=1.0, depth=0, draggable=False, flipHoriz=False, flipVert=False, font='', fontFiles=[], height=0.04, italic=False, languageStyle='LTR', name='unnamed TextStim', opacity=1.0, ori=0.0, pos=array([-0.15, -0.15]), rgb=UNKNOWN, text='Pay attention', units='height', win=Window(...), wrapWidth=0.1)
779.8550 	WARNING 	TextStim.alignHoriz is deprecated. Use alignText and anchorHoriz attributes instead
779.8572 	EXP 	Created unnamed TextStim = TextStim(__class__=<class 'psychopy.visual.text.TextStim'>, alignHoriz='center', alignText='center', alignVert=method-wrapper(...), anchorHoriz='center', anchorVert='center', antialias=True, autoDraw=False, autoLog=True, bold=False, color=array([1., 1., 1.]), colorSpace='rgb', contrast=1.0, depth=0, draggable=False, flipHoriz=False, flipVert=False, font='', fontFiles=[], height=0.04, italic=False, languageStyle='LTR', name='unnamed TextStim', opacity=1.0, ori=0.0, pos=array([ 0.15, -0.15]), rgb=UNKNOWN, text='Respond when solid triangle is on screen', units='height', win=Window(...), wrapWidth=0.1)
779.8573 	WARNING 	TextStim.alignHoriz is deprecated. Use alignText and anchorHoriz attributes instead
779.8583 	EXP 	Created unnamed TextStim = TextStim(__class__=<class 'psychopy.visual.text.TextStim'>, alignHoriz='center', alignText='center', alignVert=method-wrapper(...), anchorHoriz='center', anchorVert='center', antialias=True, autoDraw=False, autoLog=True, bold=False, color=array([1., 1., 1.]), colorSpace='rgb', contrast=1.0, depth=0, draggable=False, flipHoriz=False, flipVert=False, font='', fontFiles=[], height=0.04, italic=False, languageStyle='LTR', name='unnamed TextStim', opacity=1.0, ori=0.0, pos=array([ 0.35, -0.15]), rgb=UNKNOWN, text='Pay attention', units='height', win=Window(...), wrapWidth=0.1)
779.8584 	WARNING 	TextStim.alignHoriz is deprecated. Use alignText and anchorHoriz attributes instead
779.8600 	EXP 	Created unnamed TextStim = TextStim(__class__=<class 'psychopy.visual.text.TextStim'>, alignHoriz='center', alignText='center', alignVert=method-wrapper(...), anchorHoriz='center', anchorVert='center', antialias=True, autoDraw=False, autoLog=True, bold=False, color=array([1., 1., 1.]), colorSpace='rgb', contrast=1.0, depth=0, draggable=False, flipHoriz=False, flipVert=False, font='', fontFiles=[], height=0.04, italic=False, languageStyle='LTR', name='unnamed TextStim', opacity=1.0, ori=0.0, pos=array([ 0.65, -0.15]), rgb=UNKNOWN, text='Feedback', units='height', win=Window(...), wrapWidth=0.1)
780.6072 	DATA 	Keypress: 1
781.1701 	DATA 	Keypress: 1
781.9011 	DATA 	Keypress: return
783.6656 	DATA 	Keypress: equal
793.1029 	EXP 	unnamed Polygon: autoDraw = True
793.1029 	EXP 	unnamed Polygon: autoDraw = True
793.1085 	EXP 	unnamed Polygon: autoDraw = True
793.1212 	EXP 	unnamed Polygon: autoDraw = True
793.1290 	EXP 	unnamed Polygon: autoDraw = True
793.1428 	EXP 	unnamed Polygon: autoDraw = True
793.1506 	EXP 	unnamed Polygon: autoDraw = True
793.1539 	EXP 	unnamed Polygon: autoDraw = True
793.1674 	EXP 	unnamed Polygon: autoDraw = True
793.1757 	EXP 	unnamed Polygon: autoDraw = True
793.1792 	EXP 	unnamed Polygon: autoDraw = True
793.1924 	EXP 	unnamed Polygon: autoDraw = True
793.2006 	EXP 	unnamed Polygon: autoDraw = True
793.2042 	EXP 	unnamed Polygon: autoDraw = True
793.2175 	EXP 	unnamed Polygon: autoDraw = True
793.2255 	EXP 	unnamed Polygon: autoDraw = True
793.2290 	EXP 	unnamed Polygon: autoDraw = True
793.2424 	EXP 	unnamed Polygon: autoDraw = True
793.2505 	EXP 	unnamed Polygon: autoDraw = True
793.2540 	EXP 	unnamed Polygon: autoDraw = True
793.2676 	EXP 	unnamed Polygon: autoDraw = True
793.2757 	EXP 	unnamed Polygon: autoDraw = True
793.2781 	EXP 	unnamed Polygon: autoDraw = True
793.2921 	EXP 	unnamed Polygon: autoDraw = True
793.3015 	EXP 	unnamed Polygon: autoDraw = True
793.3176 	EXP 	unnamed Polygon: autoDraw = True
793.3258 	EXP 	unnamed Polygon: autoDraw = True
793.3292 	EXP 	unnamed Polygon: autoDraw = True
793.3429 	EXP 	unnamed Polygon: autoDraw = True
793.3461 	DATA 	Keypress: 1
793.3500 	EXP 	unnamed Polygon: autoDraw = True
793.3542 	EXP 	unnamed Polygon: autoDraw = True
793.3671 	EXP 	unnamed Polygon: autoDraw = True
793.3754 	EXP 	unnamed Polygon: autoDraw = True
793.3785 	EXP 	unnamed Polygon: autoDraw = True
793.3922 	EXP 	unnamed Polygon: autoDraw = True
793.4003 	EXP 	unnamed Polygon: autoDraw = True
793.4031 	EXP 	unnamed Polygon: autoDraw = True
793.4183 	EXP 	unnamed Polygon: autoDraw = True
793.4253 	EXP 	unnamed Polygon: autoDraw = False
794.7934 	EXP 	trial_feedback: height = 0.09
794.7934 	EXP 	trial_feedback: height = 0.09
794.7934 	EXP 	trial_feedback: height = 0.09
794.7934 	EXP 	trial_feedback: text = 'Hit!\n+$5.00'
794.7934 	EXP 	trial_feedback: autoDraw = True
796.7840 	EXP 	trial_feedback: autoDraw = False
796.8009 	EXP 	trial_feedback: autoDraw = False
796.8009 	EXP 	exp_feedback: autoDraw = False
803.1129 	DATA 	Keypress: 1
807.2302 	EXP 	unnamed Polygon: autoDraw = True
807.2302 	EXP 	unnamed Polygon: autoDraw = True
807.2422 	EXP 	unnamed Polygon: autoDraw = True
807.2504 	EXP 	unnamed Polygon: autoDraw = True
807.2543 	EXP 	unnamed Polygon: autoDraw = True
807.2629 	EXP 	unnamed Polygon: autoDraw = True
807.2665 	EXP 	unnamed Polygon: autoDraw = True
807.2762 	EXP 	unnamed Polygon: autoDraw = True
807.2781 	EXP 	unnamed Polygon: autoDraw = True
807.2866 	EXP 	unnamed Polygon: autoDraw = True
807.2958 	EXP 	unnamed Polygon: autoDraw = True
807.3088 	EXP 	unnamed Polygon: autoDraw = True
807.3171 	EXP 	unnamed Polygon: autoDraw = True
807.3197 	EXP 	unnamed Polygon: autoDraw = True
807.3338 	EXP 	unnamed Polygon: autoDraw = True
807.3437 	EXP 	unnamed Polygon: autoDraw = True
807.3599 	EXP 	unnamed Polygon: autoDraw = True
807.3675 	EXP 	unnamed Polygon: autoDraw = True
807.3705 	EXP 	unnamed Polygon: autoDraw = True
807.3848 	EXP 	unnamed Polygon: autoDraw = True
807.3922 	EXP 	unnamed Polygon: autoDraw = True
807.3952 	EXP 	unnamed Polygon: autoDraw = True
807.4098 	EXP 	unnamed Polygon: autoDraw = True
807.4173 	EXP 	unnamed Polygon: autoDraw = True
807.4229 	EXP 	unnamed Polygon: autoDraw = False
807.4871 	DATA 	Keypress: 1
808.8175 	EXP 	trial_feedback: height = 0.09
808.8175 	EXP 	trial_feedback: height = 0.09
808.8175 	EXP 	trial_feedback: height = 0.09
808.8175 	EXP 	trial_feedback: text = 'Miss!\n$0.00'
808.8175 	EXP 	trial_feedback: autoDraw = True
810.7924 	EXP 	trial_feedback: autoDraw = False
810.8091 	EXP 	trial_feedback: autoDraw = False
810.8091 	EXP 	exp_feedback: autoDraw = False
819.0895 	EXP 	unnamed Polygon: autoDraw = True
819.0895 	EXP 	unnamed Polygon: autoDraw = True
819.1008 	EXP 	unnamed Polygon: autoDraw = True
819.1089 	EXP 	unnamed Polygon: autoDraw = True
819.1121 	EXP 	unnamed Polygon: autoDraw = True
819.1260 	EXP 	unnamed Polygon: autoDraw = True
819.1340 	EXP 	unnamed Polygon: autoDraw = True
819.1381 	EXP 	unnamed Polygon: autoDraw = True
819.1508 	EXP 	unnamed Polygon: autoDraw = True
819.1590 	EXP 	unnamed Polygon: autoDraw = True
819.1629 	EXP 	unnamed Polygon: autoDraw = True
819.1758 	EXP 	unnamed Polygon: autoDraw = True
819.1841 	EXP 	unnamed Polygon: autoDraw = True
819.1882 	EXP 	unnamed Polygon: autoDraw = True
819.2008 	EXP 	unnamed Polygon: autoDraw = True
819.2090 	EXP 	unnamed Polygon: autoDraw = True
819.2129 	EXP 	unnamed Polygon: autoDraw = True
819.2258 	EXP 	unnamed Polygon: autoDraw = True
819.2339 	EXP 	unnamed Polygon: autoDraw = True
819.2383 	EXP 	unnamed Polygon: autoDraw = True
819.2508 	EXP 	unnamed Polygon: autoDraw = True
819.2590 	EXP 	unnamed Polygon: autoDraw = True
819.2631 	EXP 	unnamed Polygon: autoDraw = True
819.2759 	EXP 	unnamed Polygon: autoDraw = True
819.2840 	EXP 	unnamed Polygon: autoDraw = True
819.2877 	EXP 	unnamed Polygon: autoDraw = True
819.3009 	EXP 	unnamed Polygon: autoDraw = True
819.3090 	EXP 	unnamed Polygon: autoDraw = True
819.3148 	DATA 	Keypress: 1
819.3183 	EXP 	unnamed Polygon: autoDraw = True
819.3339 	EXP 	unnamed Polygon: autoDraw = True
819.3430 	EXP 	unnamed Polygon: autoDraw = True
819.3554 	EXP 	unnamed Polygon: autoDraw = True
819.3615 	EXP 	unnamed Polygon: autoDraw = True
819.3755 	EXP 	unnamed Polygon: autoDraw = True
819.3838 	EXP 	unnamed Polygon: autoDraw = False
820.9146 	EXP 	trial_feedback: height = 0.09
820.9146 	EXP 	trial_feedback: height = 0.09
820.9146 	EXP 	trial_feedback: height = 0.09
820.9146 	EXP 	trial_feedback: text = 'Hit!\n+$5.00'
820.9146 	EXP 	trial_feedback: autoDraw = True
822.9090 	EXP 	trial_feedback: autoDraw = False
822.9179 	EXP 	trial_feedback: autoDraw = False
822.9179 	EXP 	exp_feedback: autoDraw = False
833.4019 	EXP 	unnamed Polygon: autoDraw = True
833.4019 	EXP 	unnamed Polygon: autoDraw = True
833.4133 	EXP 	unnamed Polygon: autoDraw = True
833.4164 	EXP 	unnamed Polygon: autoDraw = True
833.4301 	EXP 	unnamed Polygon: autoDraw = True
833.4334 	EXP 	unnamed Polygon: autoDraw = True
833.4466 	EXP 	unnamed Polygon: autoDraw = True
833.4499 	EXP 	unnamed Polygon: autoDraw = True
833.4633 	EXP 	unnamed Polygon: autoDraw = True
833.4662 	EXP 	unnamed Polygon: autoDraw = True
833.4801 	EXP 	unnamed Polygon: autoDraw = True
833.4833 	EXP 	unnamed Polygon: autoDraw = True
833.4968 	EXP 	unnamed Polygon: autoDraw = True
833.5001 	EXP 	unnamed Polygon: autoDraw = True
833.5134 	EXP 	unnamed Polygon: autoDraw = True
833.5166 	EXP 	unnamed Polygon: autoDraw = True
833.5300 	EXP 	unnamed Polygon: autoDraw = True
833.5331 	EXP 	unnamed Polygon: autoDraw = True
833.5467 	EXP 	unnamed Polygon: autoDraw = True
833.5502 	EXP 	unnamed Polygon: autoDraw = True
833.5635 	EXP 	unnamed Polygon: autoDraw = True
833.5669 	EXP 	unnamed Polygon: autoDraw = True
833.5802 	EXP 	unnamed Polygon: autoDraw = True
833.5847 	EXP 	unnamed Polygon: autoDraw = True
833.5968 	EXP 	unnamed Polygon: autoDraw = True
833.5999 	EXP 	unnamed Polygon: autoDraw = True
833.6134 	EXP 	unnamed Polygon: autoDraw = True
833.6168 	EXP 	unnamed Polygon: autoDraw = True
833.6302 	EXP 	unnamed Polygon: autoDraw = True
833.6394 	DATA 	Keypress: 1
833.6427 	EXP 	unnamed Polygon: autoDraw = False
834.9423 	EXP 	trial_feedback: height = 0.09
834.9423 	EXP 	trial_feedback: height = 0.09
834.9423 	EXP 	trial_feedback: height = 0.09
834.9423 	EXP 	trial_feedback: text = 'Miss!\n-$0.00'
834.9423 	EXP 	trial_feedback: autoDraw = True
836.9382 	EXP 	trial_feedback: autoDraw = False
836.9422 	EXP 	trial_feedback: autoDraw = False
836.9422 	EXP 	exp_feedback: autoDraw = False
845.0016 	EXP 	unnamed Polygon: autoDraw = True
845.0016 	EXP 	unnamed Polygon: autoDraw = True
845.0137 	EXP 	unnamed Polygon: autoDraw = True
845.0215 	EXP 	unnamed Polygon: autoDraw = True
845.0249 	EXP 	unnamed Polygon: autoDraw = True
845.0385 	EXP 	unnamed Polygon: autoDraw = True
845.0465 	EXP 	unnamed Polygon: autoDraw = True
845.0496 	EXP 	unnamed Polygon: autoDraw = True
845.0636 	EXP 	unnamed Polygon: autoDraw = True
845.0713 	EXP 	unnamed Polygon: autoDraw = True
845.0750 	EXP 	unnamed Polygon: autoDraw = True
845.0886 	EXP 	unnamed Polygon: autoDraw = True
845.0965 	EXP 	unnamed Polygon: autoDraw = True
845.0994 	EXP 	unnamed Polygon: autoDraw = True
845.1131 	EXP 	unnamed Polygon: autoDraw = True
845.1221 	EXP 	unnamed Polygon: autoDraw = True
845.1260 	EXP 	unnamed Polygon: autoDraw = True
845.1384 	EXP 	unnamed Polygon: autoDraw = True
845.1463 	EXP 	unnamed Polygon: autoDraw = True
845.1494 	EXP 	unnamed Polygon: autoDraw = True
845.1641 	EXP 	unnamed Polygon: autoDraw = True
845.1713 	EXP 	unnamed Polygon: autoDraw = True
845.1742 	EXP 	unnamed Polygon: autoDraw = True
845.1889 	EXP 	unnamed Polygon: autoDraw = True
845.1963 	EXP 	unnamed Polygon: autoDraw = True
845.1996 	EXP 	unnamed Polygon: autoDraw = True
845.2134 	EXP 	unnamed Polygon: autoDraw = True
845.2215 	EXP 	unnamed Polygon: autoDraw = True
845.2248 	EXP 	unnamed Polygon: autoDraw = True
845.2384 	EXP 	unnamed Polygon: autoDraw = True
845.2465 	EXP 	unnamed Polygon: autoDraw = True
845.2503 	EXP 	unnamed Polygon: autoDraw = True
845.2634 	EXP 	unnamed Polygon: autoDraw = True
845.2675 	DATA 	Keypress: 1
845.2712 	EXP 	unnamed Polygon: autoDraw = True
845.2750 	EXP 	unnamed Polygon: autoDraw = False
846.9813 	EXP 	trial_feedback: height = 0.09
846.9813 	EXP 	trial_feedback: height = 0.09
846.9813 	EXP 	trial_feedback: height = 0.09
846.9813 	EXP 	trial_feedback: text = 'Hit!\n$0.00'
846.9813 	EXP 	trial_feedback: autoDraw = True
848.9715 	EXP 	trial_feedback: autoDraw = False
848.9883 	EXP 	trial_feedback: autoDraw = False
848.9883 	EXP 	exp_feedback: autoDraw = False
859.2467 	EXP 	unnamed Polygon: autoDraw = True
859.2467 	EXP 	unnamed Polygon: autoDraw = True
859.2588 	EXP 	unnamed Polygon: autoDraw = True
859.2682 	EXP 	unnamed Polygon: autoDraw = True
859.2710 	EXP 	unnamed Polygon: autoDraw = True
859.2848 	EXP 	unnamed Polygon: autoDraw = True
859.2923 	EXP 	unnamed Polygon: autoDraw = True
859.2957 	EXP 	unnamed Polygon: autoDraw = True
859.3094 	EXP 	unnamed Polygon: autoDraw = True
859.3176 	EXP 	unnamed Polygon: autoDraw = True
859.3207 	EXP 	unnamed Polygon: autoDraw = True
859.3348 	EXP 	unnamed Polygon: autoDraw = True
859.3426 	EXP 	unnamed Polygon: autoDraw = True
859.3452 	EXP 	unnamed Polygon: autoDraw = True
859.3589 	EXP 	unnamed Polygon: autoDraw = True
859.3680 	EXP 	unnamed Polygon: autoDraw = True
859.3845 	EXP 	unnamed Polygon: autoDraw = True
859.3922 	EXP 	unnamed Polygon: autoDraw = True
859.3951 	EXP 	unnamed Polygon: autoDraw = True
859.4097 	EXP 	unnamed Polygon: autoDraw = True
859.4177 	EXP 	unnamed Polygon: autoDraw = True
859.4194 	EXP 	unnamed Polygon: autoDraw = True
859.4341 	EXP 	unnamed Polygon: autoDraw = True
859.4427 	EXP 	unnamed Polygon: autoDraw = True
859.4450 	EXP 	unnamed Polygon: autoDraw = True
859.4596 	EXP 	unnamed Polygon: autoDraw = True
859.4638 	DATA 	Keypress: 1
859.4846 	EXP 	unnamed Polygon: autoDraw = True
859.5008 	EXP 	unnamed Polygon: autoDraw = True
859.5091 	EXP 	unnamed Polygon: autoDraw = True
859.5129 	EXP 	unnamed Polygon: autoDraw = True
859.5205 	EXP 	unnamed Polygon: autoDraw = False
861.0674 	EXP 	trial_feedback: height = 0.09
861.0674 	EXP 	trial_feedback: height = 0.09
861.0674 	EXP 	trial_feedback: height = 0.09
861.0674 	EXP 	trial_feedback: text = 'Hit!\n+$5.00'
861.0674 	EXP 	trial_feedback: autoDraw = True
863.0674 	EXP 	trial_feedback: autoDraw = False
863.0712 	EXP 	trial_feedback: autoDraw = False
863.0712 	EXP 	exp_feedback: autoDraw = False
871.4766 	EXP 	unnamed Polygon: autoDraw = True
871.4766 	EXP 	unnamed Polygon: autoDraw = True
871.4881 	EXP 	unnamed Polygon: autoDraw = True
871.4963 	EXP 	unnamed Polygon: autoDraw = True
871.4990 	EXP 	unnamed Polygon: autoDraw = True
871.5026 	EXP 	unnamed Polygon: autoDraw = True
871.5170 	EXP 	unnamed Polygon: autoDraw = True
871.5259 	EXP 	unnamed Polygon: autoDraw = True
871.5295 	EXP 	unnamed Polygon: autoDraw = True
871.5426 	EXP 	unnamed Polygon: autoDraw = True
871.5507 	EXP 	unnamed Polygon: autoDraw = True
871.5538 	EXP 	unnamed Polygon: autoDraw = True
871.5678 	EXP 	unnamed Polygon: autoDraw = True
871.5758 	EXP 	unnamed Polygon: autoDraw = True
871.5797 	EXP 	unnamed Polygon: autoDraw = True
871.5925 	EXP 	unnamed Polygon: autoDraw = True
871.6007 	EXP 	unnamed Polygon: autoDraw = True
871.6043 	EXP 	unnamed Polygon: autoDraw = True
871.6175 	EXP 	unnamed Polygon: autoDraw = True
871.6255 	EXP 	unnamed Polygon: autoDraw = True
871.6289 	EXP 	unnamed Polygon: autoDraw = True
871.6430 	EXP 	unnamed Polygon: autoDraw = True
871.6508 	EXP 	unnamed Polygon: autoDraw = True
871.6556 	EXP 	unnamed Polygon: autoDraw = True
871.6677 	EXP 	unnamed Polygon: autoDraw = True
871.6756 	EXP 	unnamed Polygon: autoDraw = True
871.6793 	EXP 	unnamed Polygon: autoDraw = True
871.6924 	EXP 	unnamed Polygon: autoDraw = True
871.7008 	EXP 	unnamed Polygon: autoDraw = True
871.7043 	DATA 	Keypress: 1
871.7071 	EXP 	unnamed Polygon: autoDraw = True
871.7123 	EXP 	unnamed Polygon: autoDraw = False
873.1190 	EXP 	trial_feedback: height = 0.09
873.1190 	EXP 	trial_feedback: height = 0.09
873.1190 	EXP 	trial_feedback: height = 0.09
873.1190 	EXP 	trial_feedback: text = 'Hit!\n$0.00'
873.1190 	EXP 	trial_feedback: autoDraw = True
875.1092 	EXP 	trial_feedback: autoDraw = False
875.1260 	EXP 	trial_feedback: autoDraw = False
875.1260 	EXP 	exp_feedback: autoDraw = False
885.5238 	EXP 	unnamed Polygon: autoDraw = True
885.5238 	EXP 	unnamed Polygon: autoDraw = True
885.5287 	EXP 	unnamed Polygon: autoDraw = True
885.5422 	EXP 	unnamed Polygon: autoDraw = True
885.5504 	EXP 	unnamed Polygon: autoDraw = True
885.5538 	EXP 	unnamed Polygon: autoDraw = True
885.5672 	EXP 	unnamed Polygon: autoDraw = True
885.5763 	EXP 	unnamed Polygon: autoDraw = True
885.5790 	EXP 	unnamed Polygon: autoDraw = True
885.5924 	EXP 	unnamed Polygon: autoDraw = True
885.6013 	EXP 	unnamed Polygon: autoDraw = True
885.6042 	EXP 	unnamed Polygon: autoDraw = True
885.6182 	EXP 	unnamed Polygon: autoDraw = True
885.6254 	EXP 	unnamed Polygon: autoDraw = True
885.6283 	EXP 	unnamed Polygon: autoDraw = True
885.6433 	EXP 	unnamed Polygon: autoDraw = True
885.6505 	EXP 	unnamed Polygon: autoDraw = True
885.6533 	EXP 	unnamed Polygon: autoDraw = True
885.6683 	EXP 	unnamed Polygon: autoDraw = True
885.6755 	EXP 	unnamed Polygon: autoDraw = True
885.6781 	EXP 	unnamed Polygon: autoDraw = True
885.6931 	EXP 	unnamed Polygon: autoDraw = True
885.7011 	EXP 	unnamed Polygon: autoDraw = True
885.7040 	EXP 	unnamed Polygon: autoDraw = True
885.7181 	EXP 	unnamed Polygon: autoDraw = True
885.7262 	EXP 	unnamed Polygon: autoDraw = True
885.7285 	DATA 	Keypress: 1
885.7309 	EXP 	unnamed Polygon: autoDraw = True
885.7422 	EXP 	unnamed Polygon: autoDraw = True
885.7504 	EXP 	unnamed Polygon: autoDraw = True
885.7531 	EXP 	unnamed Polygon: autoDraw = True
885.7684 	EXP 	unnamed Polygon: autoDraw = True
885.7751 	EXP 	unnamed Polygon: autoDraw = False
887.1926 	EXP 	trial_feedback: text = 'Hit!\n$0.00'
887.1926 	EXP 	trial_feedback: autoDraw = True
889.1840 	EXP 	trial_feedback: autoDraw = False
889.1884 	EXP 	trial_feedback: autoDraw = False
889.1884 	EXP 	exp_feedback: autoDraw = False
899.6937 	EXP 	unnamed Polygon: autoDraw = True
899.6937 	EXP 	unnamed Polygon: autoDraw = True
899.7047 	EXP 	unnamed Polygon: autoDraw = True
899.7130 	EXP 	unnamed Polygon: autoDraw = True
899.7166 	EXP 	unnamed Polygon: autoDraw = True
899.7201 	EXP 	unnamed Polygon: autoDraw = True
899.7339 	EXP 	unnamed Polygon: autoDraw = True
899.7379 	EXP 	unnamed Polygon: autoDraw = True
899.7560 	EXP 	unnamed Polygon: autoDraw = True
899.7623 	EXP 	unnamed Polygon: autoDraw = True
899.7755 	EXP 	unnamed Polygon: autoDraw = True
899.7852 	EXP 	unnamed Polygon: autoDraw = True
899.7885 	EXP 	unnamed Polygon: autoDraw = True
899.8017 	EXP 	unnamed Polygon: autoDraw = True
899.8182 	EXP 	unnamed Polygon: autoDraw = True
899.8259 	EXP 	unnamed Polygon: autoDraw = True
899.8303 	EXP 	unnamed Polygon: autoDraw = True
899.8429 	EXP 	unnamed Polygon: autoDraw = True
899.8508 	EXP 	unnamed Polygon: autoDraw = True
899.8637 	EXP 	unnamed Polygon: autoDraw = True
899.8753 	EXP 	unnamed Polygon: autoDraw = True
899.8880 	EXP 	unnamed Polygon: autoDraw = True
899.9004 	EXP 	unnamed Polygon: autoDraw = True
899.9129 	EXP 	unnamed Polygon: autoDraw = False
899.9294 	DATA 	Keypress: 1
901.2138 	EXP 	trial_feedback: height = 0.09
901.2138 	EXP 	trial_feedback: height = 0.09
901.2138 	EXP 	trial_feedback: height = 0.09
901.2138 	EXP 	trial_feedback: text = 'Miss!\n$0.00'
901.2138 	EXP 	trial_feedback: autoDraw = True
903.2135 	EXP 	trial_feedback: autoDraw = False
903.2135 	EXP 	exp_feedback: autoDraw = False
913.6789 	DATA 	Keypress: 1
913.7193 	EXP 	unnamed Polygon: autoDraw = True
913.7193 	EXP 	unnamed Polygon: autoDraw = True
913.7254 	EXP 	unnamed Polygon: autoDraw = True
913.7281 	EXP 	unnamed Polygon: autoDraw = True
913.7421 	EXP 	unnamed Polygon: autoDraw = True
913.7506 	EXP 	unnamed Polygon: autoDraw = True
913.7631 	EXP 	unnamed Polygon: autoDraw = True
913.7712 	EXP 	unnamed Polygon: autoDraw = True
913.7741 	EXP 	unnamed Polygon: autoDraw = True
913.7885 	EXP 	unnamed Polygon: autoDraw = True
913.7964 	EXP 	unnamed Polygon: autoDraw = True
913.7998 	EXP 	unnamed Polygon: autoDraw = True
913.8134 	EXP 	unnamed Polygon: autoDraw = True
913.8213 	EXP 	unnamed Polygon: autoDraw = True
913.8250 	EXP 	unnamed Polygon: autoDraw = True
913.8382 	EXP 	unnamed Polygon: autoDraw = True
913.8465 	EXP 	unnamed Polygon: autoDraw = True
913.8498 	EXP 	unnamed Polygon: autoDraw = True
913.8633 	EXP 	unnamed Polygon: autoDraw = True
913.8714 	EXP 	unnamed Polygon: autoDraw = True
913.8751 	EXP 	unnamed Polygon: autoDraw = True
913.8887 	EXP 	unnamed Polygon: autoDraw = True
913.8965 	EXP 	unnamed Polygon: autoDraw = True
913.9012 	EXP 	unnamed Polygon: autoDraw = True
913.9133 	EXP 	unnamed Polygon: autoDraw = True
913.9215 	EXP 	unnamed Polygon: autoDraw = True
913.9255 	EXP 	unnamed Polygon: autoDraw = True
913.9383 	EXP 	unnamed Polygon: autoDraw = True
913.9466 	EXP 	unnamed Polygon: autoDraw = True
913.9509 	EXP 	unnamed Polygon: autoDraw = True
913.9588 	EXP 	unnamed Polygon: autoDraw = False
915.2300 	EXP 	trial_feedback: text = 'Miss!\n$0.00'
915.2300 	EXP 	trial_feedback: autoDraw = True
917.2300 	EXP 	trial_feedback: autoDraw = False
917.2337 	EXP 	trial_feedback: autoDraw = False
917.2337 	EXP 	exp_feedback: autoDraw = False
923.3067 	EXP 	unnamed Polygon: autoDraw = True
923.3067 	EXP 	unnamed Polygon: autoDraw = True
923.3178 	EXP 	unnamed Polygon: autoDraw = True
923.3255 	EXP 	unnamed Polygon: autoDraw = True
923.3290 	EXP 	unnamed Polygon: autoDraw = True
923.3430 	EXP 	unnamed Polygon: autoDraw = True
923.3512 	EXP 	unnamed Polygon: autoDraw = True
923.3536 	EXP 	unnamed Polygon: autoDraw = True
923.3673 	EXP 	unnamed Polygon: autoDraw = True
923.3768 	EXP 	unnamed Polygon: autoDraw = True
923.3929 	EXP 	unnamed Polygon: autoDraw = True
923.4009 	EXP 	unnamed Polygon: autoDraw = True
923.4042 	EXP 	unnamed Polygon: autoDraw = True
923.4177 	EXP 	unnamed Polygon: autoDraw = True
923.4257 	EXP 	unnamed Polygon: autoDraw = True
923.4290 	EXP 	unnamed Polygon: autoDraw = True
923.4426 	EXP 	unnamed Polygon: autoDraw = True
923.4507 	EXP 	unnamed Polygon: autoDraw = True
923.4537 	EXP 	unnamed Polygon: autoDraw = True
923.4680 	EXP 	unnamed Polygon: autoDraw = True
923.4759 	EXP 	unnamed Polygon: autoDraw = True
923.4792 	EXP 	unnamed Polygon: autoDraw = True
923.4928 	EXP 	unnamed Polygon: autoDraw = True
923.5008 	EXP 	unnamed Polygon: autoDraw = True
923.5034 	EXP 	unnamed Polygon: autoDraw = True
923.5173 	EXP 	unnamed Polygon: autoDraw = True
923.5268 	EXP 	unnamed Polygon: autoDraw = True
923.5427 	EXP 	unnamed Polygon: autoDraw = True
923.5508 	EXP 	unnamed Polygon: autoDraw = True
923.5546 	DATA 	Keypress: 1
923.5588 	EXP 	unnamed Polygon: autoDraw = True
923.5615 	EXP 	unnamed Polygon: autoDraw = True
923.5765 	EXP 	unnamed Polygon: autoDraw = True
923.5841 	EXP 	unnamed Polygon: autoDraw = True
923.5873 	EXP 	unnamed Polygon: autoDraw = True
923.6011 	EXP 	unnamed Polygon: autoDraw = True
923.6091 	EXP 	unnamed Polygon: autoDraw = True
923.6123 	EXP 	unnamed Polygon: autoDraw = True
923.6259 	EXP 	unnamed Polygon: autoDraw = True
923.6341 	EXP 	unnamed Polygon: autoDraw = True
923.6374 	EXP 	unnamed Polygon: autoDraw = True
923.6509 	EXP 	unnamed Polygon: autoDraw = True
923.6584 	EXP 	unnamed Polygon: autoDraw = False
925.4010 	EXP 	trial_feedback: height = 0.09
925.4010 	EXP 	trial_feedback: height = 0.09
925.4010 	EXP 	trial_feedback: height = 0.09
925.4010 	EXP 	trial_feedback: text = 'Hit!\n+$1.50'
925.4010 	EXP 	trial_feedback: autoDraw = True
927.3757 	EXP 	trial_feedback: autoDraw = False
927.3926 	EXP 	trial_feedback: autoDraw = False
927.3926 	EXP 	exp_feedback: autoDraw = False
933.6527 	EXP 	unnamed Polygon: autoDraw = True
933.6527 	EXP 	unnamed Polygon: autoDraw = True
933.6578 	EXP 	unnamed Polygon: autoDraw = True
933.6714 	EXP 	unnamed Polygon: autoDraw = True
933.6797 	EXP 	unnamed Polygon: autoDraw = True
933.6821 	EXP 	unnamed Polygon: autoDraw = True
933.6975 	EXP 	unnamed Polygon: autoDraw = True
933.7047 	EXP 	unnamed Polygon: autoDraw = True
933.7075 	EXP 	unnamed Polygon: autoDraw = True
933.7227 	EXP 	unnamed Polygon: autoDraw = True
933.7298 	EXP 	unnamed Polygon: autoDraw = True
933.7330 	EXP 	unnamed Polygon: autoDraw = True
933.7467 	EXP 	unnamed Polygon: autoDraw = True
933.7549 	EXP 	unnamed Polygon: autoDraw = True
933.7583 	EXP 	unnamed Polygon: autoDraw = True
933.7718 	EXP 	unnamed Polygon: autoDraw = True
933.7799 	EXP 	unnamed Polygon: autoDraw = True
933.7835 	EXP 	unnamed Polygon: autoDraw = True
933.7968 	EXP 	unnamed Polygon: autoDraw = True
933.8049 	EXP 	unnamed Polygon: autoDraw = True
933.8088 	EXP 	unnamed Polygon: autoDraw = True
933.8217 	EXP 	unnamed Polygon: autoDraw = True
933.8299 	EXP 	unnamed Polygon: autoDraw = True
933.8346 	EXP 	unnamed Polygon: autoDraw = True
933.8467 	EXP 	unnamed Polygon: autoDraw = True
933.8550 	EXP 	unnamed Polygon: autoDraw = True
933.8592 	EXP 	unnamed Polygon: autoDraw = True
933.8719 	EXP 	unnamed Polygon: autoDraw = True
933.8799 	EXP 	unnamed Polygon: autoDraw = True
933.8846 	EXP 	unnamed Polygon: autoDraw = True
933.8970 	EXP 	unnamed Polygon: autoDraw = True
933.9221 	EXP 	unnamed Polygon: autoDraw = False
935.4139 	EXP 	trial_feedback: height = 0.09
935.4139 	EXP 	trial_feedback: height = 0.09
935.4139 	EXP 	trial_feedback: height = 0.09
935.4139 	EXP 	trial_feedback: text = 'Miss!\n-$5.00'
935.4139 	EXP 	trial_feedback: autoDraw = True
937.3835 	EXP 	trial_feedback: autoDraw = False
937.4049 	EXP 	trial_feedback: autoDraw = False
937.4049 	EXP 	exp_feedback: autoDraw = False
947.4692 	EXP 	unnamed Polygon: autoDraw = True
947.4692 	EXP 	unnamed Polygon: autoDraw = True
947.4801 	EXP 	unnamed Polygon: autoDraw = True
947.4882 	EXP 	unnamed Polygon: autoDraw = True
947.4911 	EXP 	unnamed Polygon: autoDraw = True
947.5053 	EXP 	unnamed Polygon: autoDraw = True
947.5131 	EXP 	unnamed Polygon: autoDraw = True
947.5172 	EXP 	unnamed Polygon: autoDraw = True
947.5301 	EXP 	unnamed Polygon: autoDraw = True
947.5383 	EXP 	unnamed Polygon: autoDraw = True
947.5420 	EXP 	unnamed Polygon: autoDraw = True
947.5551 	EXP 	unnamed Polygon: autoDraw = True
947.5634 	EXP 	unnamed Polygon: autoDraw = True
947.5671 	EXP 	unnamed Polygon: autoDraw = True
947.5801 	EXP 	unnamed Polygon: autoDraw = True
947.5882 	EXP 	unnamed Polygon: autoDraw = True
947.5932 	EXP 	unnamed Polygon: autoDraw = True
947.6051 	EXP 	unnamed Polygon: autoDraw = True
947.6133 	EXP 	unnamed Polygon: autoDraw = True
947.6182 	EXP 	unnamed Polygon: autoDraw = True
947.6302 	EXP 	unnamed Polygon: autoDraw = True
947.6382 	EXP 	unnamed Polygon: autoDraw = True
947.6431 	EXP 	unnamed Polygon: autoDraw = True
947.6552 	EXP 	unnamed Polygon: autoDraw = True
947.6634 	EXP 	unnamed Polygon: autoDraw = True
947.6671 	EXP 	unnamed Polygon: autoDraw = True
947.6804 	EXP 	unnamed Polygon: autoDraw = True
947.6883 	EXP 	unnamed Polygon: autoDraw = True
947.6931 	EXP 	unnamed Polygon: autoDraw = True
947.6982 	DATA 	Keypress: 1
947.7015 	EXP 	unnamed Polygon: autoDraw = True
947.7141 	EXP 	unnamed Polygon: autoDraw = True
947.7220 	EXP 	unnamed Polygon: autoDraw = False
949.4718 	EXP 	trial_feedback: height = 0.09
949.4718 	EXP 	trial_feedback: height = 0.09
949.4718 	EXP 	trial_feedback: height = 0.09
949.4718 	EXP 	trial_feedback: text = 'Hit!\n$0.00'
949.4718 	EXP 	trial_feedback: autoDraw = True
951.4674 	EXP 	trial_feedback: autoDraw = False
951.4712 	EXP 	trial_feedback: autoDraw = False
951.4712 	EXP 	exp_feedback: autoDraw = False
957.8228 	EXP 	unnamed Polygon: autoDraw = True
957.8228 	EXP 	unnamed Polygon: autoDraw = True
957.8343 	EXP 	unnamed Polygon: autoDraw = True
957.8423 	EXP 	unnamed Polygon: autoDraw = True
957.8464 	EXP 	unnamed Polygon: autoDraw = True
957.8593 	EXP 	unnamed Polygon: autoDraw = True
957.8675 	EXP 	unnamed Polygon: autoDraw = True
957.8710 	EXP 	unnamed Polygon: autoDraw = True
957.8843 	EXP 	unnamed Polygon: autoDraw = True
957.8929 	EXP 	unnamed Polygon: autoDraw = True
957.8966 	EXP 	unnamed Polygon: autoDraw = True
957.9092 	EXP 	unnamed Polygon: autoDraw = True
957.9174 	EXP 	unnamed Polygon: autoDraw = True
957.9209 	EXP 	unnamed Polygon: autoDraw = True
957.9343 	EXP 	unnamed Polygon: autoDraw = True
957.9424 	EXP 	unnamed Polygon: autoDraw = True
957.9457 	EXP 	unnamed Polygon: autoDraw = True
957.9592 	EXP 	unnamed Polygon: autoDraw = True
957.9674 	EXP 	unnamed Polygon: autoDraw = True
957.9706 	EXP 	unnamed Polygon: autoDraw = True
957.9844 	EXP 	unnamed Polygon: autoDraw = True
957.9925 	EXP 	unnamed Polygon: autoDraw = True
957.9968 	EXP 	unnamed Polygon: autoDraw = True
958.0093 	EXP 	unnamed Polygon: autoDraw = True
958.0175 	EXP 	unnamed Polygon: autoDraw = True
958.0210 	EXP 	unnamed Polygon: autoDraw = True
958.0343 	EXP 	unnamed Polygon: autoDraw = True
958.0425 	EXP 	unnamed Polygon: autoDraw = True
958.0460 	EXP 	unnamed Polygon: autoDraw = True
958.0593 	EXP 	unnamed Polygon: autoDraw = True
958.0629 	DATA 	Keypress: 1
958.0674 	EXP 	unnamed Polygon: autoDraw = True
958.0714 	EXP 	unnamed Polygon: autoDraw = True
958.0843 	EXP 	unnamed Polygon: autoDraw = True
958.0924 	EXP 	unnamed Polygon: autoDraw = True
958.0961 	EXP 	unnamed Polygon: autoDraw = True
958.1093 	EXP 	unnamed Polygon: autoDraw = True
958.1173 	EXP 	unnamed Polygon: autoDraw = True
958.1215 	EXP 	unnamed Polygon: autoDraw = True
958.1345 	EXP 	unnamed Polygon: autoDraw = True
958.1427 	EXP 	unnamed Polygon: autoDraw = True
958.1467 	EXP 	unnamed Polygon: autoDraw = True
958.1594 	EXP 	unnamed Polygon: autoDraw = True
958.1706 	EXP 	unnamed Polygon: autoDraw = False
959.6228 	EXP 	trial_feedback: height = 0.09
959.6228 	EXP 	trial_feedback: height = 0.09
959.6228 	EXP 	trial_feedback: height = 0.09
959.6228 	EXP 	trial_feedback: text = 'Hit!\n+$1.50'
959.6228 	EXP 	trial_feedback: autoDraw = True
961.6176 	EXP 	trial_feedback: autoDraw = False
961.6258 	EXP 	trial_feedback: autoDraw = False
961.6258 	EXP 	exp_feedback: autoDraw = False
969.9507 	EXP 	unnamed Polygon: autoDraw = True
969.9507 	EXP 	unnamed Polygon: autoDraw = True
969.9589 	EXP 	unnamed Polygon: autoDraw = True
969.9620 	EXP 	unnamed Polygon: autoDraw = True
969.9756 	EXP 	unnamed Polygon: autoDraw = True
969.9839 	EXP 	unnamed Polygon: autoDraw = True
969.9862 	EXP 	unnamed Polygon: autoDraw = True
970.0006 	EXP 	unnamed Polygon: autoDraw = True
970.0099 	EXP 	unnamed Polygon: autoDraw = True
970.0263 	EXP 	unnamed Polygon: autoDraw = True
970.0341 	EXP 	unnamed Polygon: autoDraw = True
970.0381 	EXP 	unnamed Polygon: autoDraw = True
970.0509 	EXP 	unnamed Polygon: autoDraw = True
970.0549 	DATA 	Keypress: 1
970.0584 	EXP 	unnamed Polygon: autoDraw = True
970.0619 	EXP 	unnamed Polygon: autoDraw = True
970.0758 	EXP 	unnamed Polygon: autoDraw = True
970.0838 	EXP 	unnamed Polygon: autoDraw = True
970.0867 	EXP 	unnamed Polygon: autoDraw = True
970.1017 	EXP 	unnamed Polygon: autoDraw = True
970.1091 	EXP 	unnamed Polygon: autoDraw = True
970.1120 	EXP 	unnamed Polygon: autoDraw = True
970.1264 	EXP 	unnamed Polygon: autoDraw = True
970.1343 	EXP 	unnamed Polygon: autoDraw = True
970.1374 	EXP 	unnamed Polygon: autoDraw = True
970.1516 	EXP 	unnamed Polygon: autoDraw = True
970.1589 	EXP 	unnamed Polygon: autoDraw = True
970.1623 	EXP 	unnamed Polygon: autoDraw = False
970.1876 	DATA 	Keypress: 1
971.7624 	EXP 	trial_feedback: height = 0.09
971.7624 	EXP 	trial_feedback: height = 0.09
971.7624 	EXP 	trial_feedback: height = 0.09
971.7624 	EXP 	trial_feedback: text = 'Miss!\n$0.00'
971.7624 	EXP 	trial_feedback: autoDraw = True
973.7464 	EXP 	trial_feedback: autoDraw = False
973.7676 	EXP 	trial_feedback: autoDraw = False
973.7676 	EXP 	exp_feedback: autoDraw = False
982.2528 	EXP 	unnamed Polygon: autoDraw = True
982.2528 	EXP 	unnamed Polygon: autoDraw = True
982.2581 	EXP 	unnamed Polygon: autoDraw = True
982.2715 	EXP 	unnamed Polygon: autoDraw = True
982.2797 	EXP 	unnamed Polygon: autoDraw = True
982.2827 	EXP 	unnamed Polygon: autoDraw = True
982.2966 	EXP 	unnamed Polygon: autoDraw = True
982.3052 	EXP 	unnamed Polygon: autoDraw = True
982.3087 	EXP 	unnamed Polygon: autoDraw = True
982.3221 	EXP 	unnamed Polygon: autoDraw = True
982.3300 	EXP 	unnamed Polygon: autoDraw = True
982.3338 	EXP 	unnamed Polygon: autoDraw = True
982.3469 	EXP 	unnamed Polygon: autoDraw = True
982.3549 	EXP 	unnamed Polygon: autoDraw = True
982.3586 	EXP 	unnamed Polygon: autoDraw = True
982.3718 	EXP 	unnamed Polygon: autoDraw = True
982.3800 	EXP 	unnamed Polygon: autoDraw = True
982.3836 	EXP 	unnamed Polygon: autoDraw = True
982.3968 	EXP 	unnamed Polygon: autoDraw = True
982.4050 	EXP 	unnamed Polygon: autoDraw = True
982.4085 	EXP 	unnamed Polygon: autoDraw = True
982.4219 	EXP 	unnamed Polygon: autoDraw = True
982.4301 	EXP 	unnamed Polygon: autoDraw = True
982.4346 	EXP 	unnamed Polygon: autoDraw = True
982.4468 	EXP 	unnamed Polygon: autoDraw = True
982.4554 	EXP 	unnamed Polygon: autoDraw = True
982.4597 	EXP 	unnamed Polygon: autoDraw = True
982.4719 	EXP 	unnamed Polygon: autoDraw = True
982.4802 	EXP 	unnamed Polygon: autoDraw = True
982.4842 	EXP 	unnamed Polygon: autoDraw = True
982.4968 	EXP 	unnamed Polygon: autoDraw = True
982.5050 	EXP 	unnamed Polygon: autoDraw = True
982.5090 	EXP 	unnamed Polygon: autoDraw = True
982.5218 	EXP 	unnamed Polygon: autoDraw = True
982.5296 	EXP 	unnamed Polygon: autoDraw = False
982.5498 	DATA 	Keypress: 1
983.7704 	EXP 	trial_feedback: height = 0.09
983.7704 	EXP 	trial_feedback: height = 0.09
983.7704 	EXP 	trial_feedback: height = 0.09
983.7704 	EXP 	trial_feedback: text = 'Miss!\n-$5.00'
983.7704 	EXP 	trial_feedback: autoDraw = True
985.7635 	EXP 	trial_feedback: autoDraw = False
985.7716 	EXP 	trial_feedback: autoDraw = False
985.7716 	EXP 	exp_feedback: autoDraw = False
993.8935 	EXP 	unnamed Polygon: autoDraw = True
993.8935 	EXP 	unnamed Polygon: autoDraw = True
993.9049 	EXP 	unnamed Polygon: autoDraw = True
993.9132 	EXP 	unnamed Polygon: autoDraw = True
993.9173 	EXP 	unnamed Polygon: autoDraw = True
993.9302 	EXP 	unnamed Polygon: autoDraw = True
993.9382 	EXP 	unnamed Polygon: autoDraw = True
993.9420 	EXP 	unnamed Polygon: autoDraw = True
993.9551 	EXP 	unnamed Polygon: autoDraw = True
993.9633 	EXP 	unnamed Polygon: autoDraw = True
993.9670 	EXP 	unnamed Polygon: autoDraw = True
993.9802 	EXP 	unnamed Polygon: autoDraw = True
993.9883 	EXP 	unnamed Polygon: autoDraw = True
993.9919 	EXP 	unnamed Polygon: autoDraw = True
994.0052 	EXP 	unnamed Polygon: autoDraw = True
994.0133 	EXP 	unnamed Polygon: autoDraw = True
994.0180 	EXP 	unnamed Polygon: autoDraw = True
994.0302 	EXP 	unnamed Polygon: autoDraw = True
994.0384 	EXP 	unnamed Polygon: autoDraw = True
994.0421 	EXP 	unnamed Polygon: autoDraw = True
994.0552 	EXP 	unnamed Polygon: autoDraw = True
994.0634 	EXP 	unnamed Polygon: autoDraw = True
994.0670 	EXP 	unnamed Polygon: autoDraw = True
994.0802 	EXP 	unnamed Polygon: autoDraw = True
994.0883 	EXP 	unnamed Polygon: autoDraw = True
994.0927 	EXP 	unnamed Polygon: autoDraw = True
994.1052 	EXP 	unnamed Polygon: autoDraw = True
994.1133 	EXP 	unnamed Polygon: autoDraw = True
994.1172 	DATA 	Keypress: 1
994.1217 	EXP 	unnamed Polygon: autoDraw = True
994.1255 	EXP 	unnamed Polygon: autoDraw = True
994.1390 	EXP 	unnamed Polygon: autoDraw = True
994.1468 	EXP 	unnamed Polygon: autoDraw = True
994.1512 	EXP 	unnamed Polygon: autoDraw = True
994.1636 	EXP 	unnamed Polygon: autoDraw = True
994.1887 	EXP 	unnamed Polygon: autoDraw = False
995.8802 	EXP 	trial_feedback: height = 0.09
995.8802 	EXP 	trial_feedback: height = 0.09
995.8802 	EXP 	trial_feedback: height = 0.09
995.8802 	EXP 	trial_feedback: text = 'Hit!\n$0.00'
995.8802 	EXP 	trial_feedback: autoDraw = True
997.8551 	EXP 	trial_feedback: autoDraw = False
997.8717 	EXP 	trial_feedback: autoDraw = False
997.8717 	EXP 	exp_feedback: autoDraw = False
1002.1172 	DATA 	Keypress: 1
1006.3606 	EXP 	unnamed Polygon: autoDraw = True
1006.3606 	EXP 	unnamed Polygon: autoDraw = True
1006.3717 	EXP 	unnamed Polygon: autoDraw = True
1006.3801 	EXP 	unnamed Polygon: autoDraw = True
1006.3828 	EXP 	unnamed Polygon: autoDraw = True
1006.3910 	EXP 	unnamed Polygon: autoDraw = True
1006.4001 	EXP 	unnamed Polygon: autoDraw = True
1006.4131 	EXP 	unnamed Polygon: autoDraw = True
1006.4213 	EXP 	unnamed Polygon: autoDraw = True
1006.4234 	EXP 	unnamed Polygon: autoDraw = True
1006.4381 	EXP 	unnamed Polygon: autoDraw = True
1006.4478 	EXP 	unnamed Polygon: autoDraw = True
1006.4641 	EXP 	unnamed Polygon: autoDraw = True
1006.4716 	EXP 	unnamed Polygon: autoDraw = True
1006.4743 	EXP 	unnamed Polygon: autoDraw = True
1006.4887 	EXP 	unnamed Polygon: autoDraw = True
1006.4964 	EXP 	unnamed Polygon: autoDraw = True
1006.4995 	EXP 	unnamed Polygon: autoDraw = True
1006.5138 	EXP 	unnamed Polygon: autoDraw = True
1006.5215 	EXP 	unnamed Polygon: autoDraw = True
1006.5254 	EXP 	unnamed Polygon: autoDraw = True
1006.5384 	EXP 	unnamed Polygon: autoDraw = True
1006.5465 	EXP 	unnamed Polygon: autoDraw = True
1006.5530 	EXP 	unnamed Polygon: autoDraw = False
1006.5651 	DATA 	Keypress: 1
1007.9251 	EXP 	trial_feedback: height = 0.09
1007.9251 	EXP 	trial_feedback: height = 0.09
1007.9251 	EXP 	trial_feedback: height = 0.09
1007.9251 	EXP 	trial_feedback: text = 'Miss!\n-$1.50'
1007.9251 	EXP 	trial_feedback: autoDraw = True
1009.9085 	EXP 	trial_feedback: autoDraw = False
1009.9343 	EXP 	trial_feedback: autoDraw = False
1009.9343 	EXP 	exp_feedback: autoDraw = False
1015.9853 	EXP 	unnamed Polygon: autoDraw = True
1015.9853 	EXP 	unnamed Polygon: autoDraw = True
1015.9960 	EXP 	unnamed Polygon: autoDraw = True
1016.0097 	EXP 	unnamed Polygon: autoDraw = True
1016.0218 	EXP 	unnamed Polygon: autoDraw = True
1016.0347 	EXP 	unnamed Polygon: autoDraw = True
1016.0467 	EXP 	unnamed Polygon: autoDraw = True
1016.0593 	EXP 	unnamed Polygon: autoDraw = True
1016.0725 	EXP 	unnamed Polygon: autoDraw = True
1016.0848 	EXP 	unnamed Polygon: autoDraw = True
1016.0971 	EXP 	unnamed Polygon: autoDraw = True
1016.1100 	EXP 	unnamed Polygon: autoDraw = True
1016.1225 	EXP 	unnamed Polygon: autoDraw = True
1016.1350 	EXP 	unnamed Polygon: autoDraw = True
1016.1472 	EXP 	unnamed Polygon: autoDraw = True
1016.1593 	EXP 	unnamed Polygon: autoDraw = True
1016.1722 	EXP 	unnamed Polygon: autoDraw = True
1016.1843 	EXP 	unnamed Polygon: autoDraw = True
1016.1972 	EXP 	unnamed Polygon: autoDraw = True
1016.2092 	EXP 	unnamed Polygon: autoDraw = True
1016.2226 	EXP 	unnamed Polygon: autoDraw = True
1016.2345 	EXP 	unnamed Polygon: autoDraw = True
1016.2473 	EXP 	unnamed Polygon: autoDraw = True
1016.2518 	DATA 	Keypress: 1
1016.2585 	EXP 	unnamed Polygon: autoDraw = True
1016.2719 	EXP 	unnamed Polygon: autoDraw = True
1016.2926 	EXP 	unnamed Polygon: autoDraw = False
1018.0136 	EXP 	trial_feedback: height = 0.09
1018.0136 	EXP 	trial_feedback: height = 0.09
1018.0136 	EXP 	trial_feedback: height = 0.09
1018.0136 	EXP 	trial_feedback: text = 'Hit!\n$0.00'
1018.0136 	EXP 	trial_feedback: autoDraw = True
1019.9967 	EXP 	trial_feedback: autoDraw = False
1019.9967 	EXP 	exp_feedback: autoDraw = False
1026.5194 	EXP 	unnamed Polygon: autoDraw = True
1026.5194 	EXP 	unnamed Polygon: autoDraw = True
1026.5304 	EXP 	unnamed Polygon: autoDraw = True
1026.5382 	EXP 	unnamed Polygon: autoDraw = True
1026.5412 	EXP 	unnamed Polygon: autoDraw = True
1026.5557 	EXP 	unnamed Polygon: autoDraw = True
1026.5633 	EXP 	unnamed Polygon: autoDraw = True
1026.5667 	EXP 	unnamed Polygon: autoDraw = True
1026.5801 	EXP 	unnamed Polygon: autoDraw = True
1026.5883 	EXP 	unnamed Polygon: autoDraw = True
1026.5922 	EXP 	unnamed Polygon: autoDraw = True
1026.6051 	EXP 	unnamed Polygon: autoDraw = True
1026.6133 	EXP 	unnamed Polygon: autoDraw = True
1026.6172 	EXP 	unnamed Polygon: autoDraw = True
1026.6302 	EXP 	unnamed Polygon: autoDraw = True
1026.6384 	EXP 	unnamed Polygon: autoDraw = True
1026.6421 	EXP 	unnamed Polygon: autoDraw = True
1026.6551 	EXP 	unnamed Polygon: autoDraw = True
1026.6633 	EXP 	unnamed Polygon: autoDraw = True
1026.6679 	EXP 	unnamed Polygon: autoDraw = True
1026.6801 	EXP 	unnamed Polygon: autoDraw = True
1026.6883 	EXP 	unnamed Polygon: autoDraw = True
1026.6922 	EXP 	unnamed Polygon: autoDraw = True
1026.7051 	EXP 	unnamed Polygon: autoDraw = True
1026.7134 	EXP 	unnamed Polygon: autoDraw = True
1026.7183 	EXP 	unnamed Polygon: autoDraw = True
1026.7302 	EXP 	unnamed Polygon: autoDraw = True
1026.7384 	EXP 	unnamed Polygon: autoDraw = True
1026.7432 	EXP 	unnamed Polygon: autoDraw = True
1026.7552 	EXP 	unnamed Polygon: autoDraw = True
1026.7591 	DATA 	Keypress: 1
1026.7632 	EXP 	unnamed Polygon: autoDraw = True
1026.7671 	EXP 	unnamed Polygon: autoDraw = True
1026.7801 	EXP 	unnamed Polygon: autoDraw = True
1026.7882 	EXP 	unnamed Polygon: autoDraw = True
1026.7957 	EXP 	unnamed Polygon: autoDraw = False
1028.0717 	EXP 	trial_feedback: text = 'Hit!\n$0.00'
1028.0717 	EXP 	trial_feedback: autoDraw = True
1030.0675 	EXP 	trial_feedback: autoDraw = False
1030.0714 	EXP 	trial_feedback: autoDraw = False
1030.0714 	EXP 	exp_feedback: autoDraw = False
1032.4465 	DATA 	Keypress: 1
1036.3896 	EXP 	unnamed Polygon: autoDraw = True
1036.3896 	EXP 	unnamed Polygon: autoDraw = True
1036.4012 	EXP 	unnamed Polygon: autoDraw = True
1036.4091 	EXP 	unnamed Polygon: autoDraw = True
1036.4131 	EXP 	unnamed Polygon: autoDraw = True
1036.4260 	EXP 	unnamed Polygon: autoDraw = True
1036.4342 	EXP 	unnamed Polygon: autoDraw = True
1036.4379 	EXP 	unnamed Polygon: autoDraw = True
1036.4511 	EXP 	unnamed Polygon: autoDraw = True
1036.4593 	EXP 	unnamed Polygon: autoDraw = True
1036.4639 	EXP 	unnamed Polygon: autoDraw = True
1036.4761 	EXP 	unnamed Polygon: autoDraw = True
1036.4842 	EXP 	unnamed Polygon: autoDraw = True
1036.4881 	EXP 	unnamed Polygon: autoDraw = True
1036.5011 	EXP 	unnamed Polygon: autoDraw = True
1036.5093 	EXP 	unnamed Polygon: autoDraw = True
1036.5129 	EXP 	unnamed Polygon: autoDraw = True
1036.5260 	EXP 	unnamed Polygon: autoDraw = True
1036.5341 	EXP 	unnamed Polygon: autoDraw = True
1036.5382 	EXP 	unnamed Polygon: autoDraw = True
1036.5510 	EXP 	unnamed Polygon: autoDraw = True
1036.5591 	EXP 	unnamed Polygon: autoDraw = True
1036.5634 	EXP 	unnamed Polygon: autoDraw = True
1036.5760 	EXP 	unnamed Polygon: autoDraw = True
1036.5798 	DATA 	Keypress: 1
1036.5838 	EXP 	unnamed Polygon: autoDraw = True
1036.5877 	EXP 	unnamed Polygon: autoDraw = True
1036.6012 	EXP 	unnamed Polygon: autoDraw = True
1036.6091 	EXP 	unnamed Polygon: autoDraw = True
1036.6123 	EXP 	unnamed Polygon: autoDraw = True
1036.6265 	EXP 	unnamed Polygon: autoDraw = True
1036.6340 	EXP 	unnamed Polygon: autoDraw = True
1036.6372 	EXP 	unnamed Polygon: autoDraw = True
1036.6517 	EXP 	unnamed Polygon: autoDraw = True
1036.6595 	EXP 	unnamed Polygon: autoDraw = True
1036.6627 	EXP 	unnamed Polygon: autoDraw = True
1036.6763 	EXP 	unnamed Polygon: autoDraw = True
1036.6841 	EXP 	unnamed Polygon: autoDraw = True
1036.6874 	EXP 	unnamed Polygon: autoDraw = True
1036.7010 	EXP 	unnamed Polygon: autoDraw = True
1036.7085 	EXP 	unnamed Polygon: autoDraw = False
1038.2342 	EXP 	trial_feedback: text = 'Hit!\n$0.00'
1038.2342 	EXP 	trial_feedback: autoDraw = True
1040.2215 	EXP 	trial_feedback: autoDraw = False
1040.2426 	EXP 	trial_feedback: autoDraw = False
1040.2426 	EXP 	exp_feedback: autoDraw = False
1050.3932 	EXP 	unnamed Polygon: autoDraw = True
1050.3932 	EXP 	unnamed Polygon: autoDraw = True
1050.4048 	EXP 	unnamed Polygon: autoDraw = True
1050.4140 	EXP 	unnamed Polygon: autoDraw = True
1050.4164 	EXP 	unnamed Polygon: autoDraw = True
1050.4306 	EXP 	unnamed Polygon: autoDraw = True
1050.4386 	EXP 	unnamed Polygon: autoDraw = True
1050.4421 	EXP 	unnamed Polygon: autoDraw = True
1050.4557 	EXP 	unnamed Polygon: autoDraw = True
1050.4631 	EXP 	unnamed Polygon: autoDraw = True
1050.4663 	EXP 	unnamed Polygon: autoDraw = True
1050.4809 	EXP 	unnamed Polygon: autoDraw = True
1050.4888 	EXP 	unnamed Polygon: autoDraw = True
1050.4914 	EXP 	unnamed Polygon: autoDraw = True
1050.5047 	EXP 	unnamed Polygon: autoDraw = True
1050.5142 	EXP 	unnamed Polygon: autoDraw = True
1050.5307 	EXP 	unnamed Polygon: autoDraw = True
1050.5386 	EXP 	unnamed Polygon: autoDraw = True
1050.5422 	EXP 	unnamed Polygon: autoDraw = True
1050.5556 	EXP 	unnamed Polygon: autoDraw = True
1050.5633 	EXP 	unnamed Polygon: autoDraw = True
1050.5679 	EXP 	unnamed Polygon: autoDraw = False
1050.6345 	DATA 	Keypress: 1
1052.2516 	EXP 	trial_feedback: height = 0.09
1052.2516 	EXP 	trial_feedback: height = 0.09
1052.2516 	EXP 	trial_feedback: height = 0.09
1052.2516 	EXP 	trial_feedback: text = 'Miss!\n-$1.50'
1052.2516 	EXP 	trial_feedback: autoDraw = True
1054.2466 	EXP 	trial_feedback: autoDraw = False
1054.2502 	EXP 	trial_feedback: autoDraw = False
1054.2502 	EXP 	exp_feedback: autoDraw = False
1060.3439 	EXP 	unnamed Polygon: autoDraw = True
1060.3439 	EXP 	unnamed Polygon: autoDraw = True
1060.3548 	EXP 	unnamed Polygon: autoDraw = True
1060.3641 	EXP 	unnamed Polygon: autoDraw = True
1060.3664 	EXP 	unnamed Polygon: autoDraw = True
1060.3809 	EXP 	unnamed Polygon: autoDraw = True
1060.3881 	EXP 	unnamed Polygon: autoDraw = True
1060.3913 	EXP 	unnamed Polygon: autoDraw = True
1060.4059 	EXP 	unnamed Polygon: autoDraw = True
1060.4133 	EXP 	unnamed Polygon: autoDraw = True
1060.4161 	EXP 	unnamed Polygon: autoDraw = True
1060.4306 	EXP 	unnamed Polygon: autoDraw = True
1060.4383 	EXP 	unnamed Polygon: autoDraw = True
1060.4418 	EXP 	unnamed Polygon: autoDraw = True
1060.4552 	EXP 	unnamed Polygon: autoDraw = True
1060.4633 	EXP 	unnamed Polygon: autoDraw = True
1060.4669 	EXP 	unnamed Polygon: autoDraw = True
1060.4802 	EXP 	unnamed Polygon: autoDraw = True
1060.4883 	EXP 	unnamed Polygon: autoDraw = True
1060.4920 	EXP 	unnamed Polygon: autoDraw = True
1060.5052 	EXP 	unnamed Polygon: autoDraw = True
1060.5133 	EXP 	unnamed Polygon: autoDraw = True
1060.5169 	EXP 	unnamed Polygon: autoDraw = True
1060.5301 	EXP 	unnamed Polygon: autoDraw = True
1060.5383 	EXP 	unnamed Polygon: autoDraw = True
1060.5418 	EXP 	unnamed Polygon: autoDraw = True
1060.5551 	EXP 	unnamed Polygon: autoDraw = True
1060.5634 	EXP 	unnamed Polygon: autoDraw = True
1060.5671 	EXP 	unnamed Polygon: autoDraw = True
1060.5801 	EXP 	unnamed Polygon: autoDraw = True
1060.5838 	DATA 	Keypress: 1
1060.5877 	EXP 	unnamed Polygon: autoDraw = True
1060.5914 	EXP 	unnamed Polygon: autoDraw = True
1060.6048 	EXP 	unnamed Polygon: autoDraw = True
1060.6144 	EXP 	unnamed Polygon: autoDraw = True
1060.6309 	EXP 	unnamed Polygon: autoDraw = True
1060.6376 	EXP 	unnamed Polygon: autoDraw = False
1062.3553 	EXP 	trial_feedback: height = 0.09
1062.3553 	EXP 	trial_feedback: height = 0.09
1062.3553 	EXP 	trial_feedback: height = 0.09
1062.3553 	EXP 	trial_feedback: text = 'Hit!\n$0.00'
1062.3553 	EXP 	trial_feedback: autoDraw = True
1064.3301 	EXP 	trial_feedback: autoDraw = False
1064.3469 	EXP 	trial_feedback: autoDraw = False
1064.3469 	EXP 	exp_feedback: autoDraw = False
1070.5027 	EXP 	unnamed Polygon: autoDraw = True
1070.5027 	EXP 	unnamed Polygon: autoDraw = True
1070.5136 	EXP 	unnamed Polygon: autoDraw = True
1070.5222 	EXP 	unnamed Polygon: autoDraw = True
1070.5254 	EXP 	unnamed Polygon: autoDraw = True
1070.5290 	EXP 	unnamed Polygon: autoDraw = True
1070.5431 	EXP 	unnamed Polygon: autoDraw = True
1070.5464 	EXP 	unnamed Polygon: autoDraw = True
1070.5641 	EXP 	unnamed Polygon: autoDraw = True
1070.5715 	EXP 	unnamed Polygon: autoDraw = True
1070.5840 	EXP 	unnamed Polygon: autoDraw = True
1070.5923 	EXP 	unnamed Polygon: autoDraw = True
1070.5956 	EXP 	unnamed Polygon: autoDraw = True
1070.6097 	EXP 	unnamed Polygon: autoDraw = True
1070.6174 	EXP 	unnamed Polygon: autoDraw = True
1070.6216 	EXP 	unnamed Polygon: autoDraw = True
1070.6345 	EXP 	unnamed Polygon: autoDraw = True
1070.6427 	EXP 	unnamed Polygon: autoDraw = True
1070.6458 	EXP 	unnamed Polygon: autoDraw = True
1070.6591 	EXP 	unnamed Polygon: autoDraw = True
1070.6677 	EXP 	unnamed Polygon: autoDraw = True
1070.6708 	EXP 	unnamed Polygon: autoDraw = True
1070.6850 	EXP 	unnamed Polygon: autoDraw = True
1070.6925 	EXP 	unnamed Polygon: autoDraw = True
1070.6961 	EXP 	unnamed Polygon: autoDraw = True
1070.7093 	EXP 	unnamed Polygon: autoDraw = True
1070.7177 	EXP 	unnamed Polygon: autoDraw = True
1070.7208 	DATA 	Keypress: 1
1070.7239 	EXP 	unnamed Polygon: autoDraw = True
1070.7290 	EXP 	unnamed Polygon: autoDraw = True
1070.7422 	EXP 	unnamed Polygon: autoDraw = True
1070.7507 	EXP 	unnamed Polygon: autoDraw = True
1070.7534 	EXP 	unnamed Polygon: autoDraw = True
1070.7673 	EXP 	unnamed Polygon: autoDraw = True
1070.7762 	EXP 	unnamed Polygon: autoDraw = True
1070.7787 	EXP 	unnamed Polygon: autoDraw = True
1070.7933 	EXP 	unnamed Polygon: autoDraw = True
1070.8013 	EXP 	unnamed Polygon: autoDraw = True
1070.8043 	EXP 	unnamed Polygon: autoDraw = True
1070.8182 	EXP 	unnamed Polygon: autoDraw = True
1070.8254 	EXP 	unnamed Polygon: autoDraw = False
1072.4881 	EXP 	trial_feedback: height = 0.09
1072.4881 	EXP 	trial_feedback: height = 0.09
1072.4881 	EXP 	trial_feedback: height = 0.09
1072.4881 	EXP 	trial_feedback: text = 'Hit!\n+$1.50'
1072.4881 	EXP 	trial_feedback: autoDraw = True
1074.4842 	EXP 	trial_feedback: autoDraw = False
1074.4881 	EXP 	trial_feedback: autoDraw = False
1074.4881 	EXP 	exp_feedback: autoDraw = False
1080.6977 	EXP 	unnamed Polygon: autoDraw = True
1080.6977 	EXP 	unnamed Polygon: autoDraw = True
1080.7046 	EXP 	unnamed Polygon: autoDraw = True
1080.7175 	EXP 	unnamed Polygon: autoDraw = True
1080.7257 	EXP 	unnamed Polygon: autoDraw = True
1080.7286 	EXP 	unnamed Polygon: autoDraw = True
1080.7427 	EXP 	unnamed Polygon: autoDraw = True
1080.7509 	EXP 	unnamed Polygon: autoDraw = True
1080.7548 	EXP 	unnamed Polygon: autoDraw = True
1080.7677 	EXP 	unnamed Polygon: autoDraw = True
1080.7758 	EXP 	unnamed Polygon: autoDraw = True
1080.7794 	EXP 	unnamed Polygon: autoDraw = True
1080.7928 	EXP 	unnamed Polygon: autoDraw = True
1080.8009 	EXP 	unnamed Polygon: autoDraw = True
1080.8042 	EXP 	unnamed Polygon: autoDraw = True
1080.8178 	EXP 	unnamed Polygon: autoDraw = True
1080.8259 	EXP 	unnamed Polygon: autoDraw = True
1080.8297 	EXP 	unnamed Polygon: autoDraw = True
1080.8428 	EXP 	unnamed Polygon: autoDraw = True
1080.8508 	EXP 	unnamed Polygon: autoDraw = True
1080.8541 	EXP 	unnamed Polygon: autoDraw = True
1080.8677 	EXP 	unnamed Polygon: autoDraw = True
1080.8759 	EXP 	unnamed Polygon: autoDraw = True
1080.8797 	EXP 	unnamed Polygon: autoDraw = True
1080.8927 	EXP 	unnamed Polygon: autoDraw = True
1080.8965 	DATA 	Keypress: 1
1080.9009 	EXP 	unnamed Polygon: autoDraw = True
1080.9050 	EXP 	unnamed Polygon: autoDraw = True
1080.9177 	EXP 	unnamed Polygon: autoDraw = True
1080.9259 	EXP 	unnamed Polygon: autoDraw = True
1080.9297 	EXP 	unnamed Polygon: autoDraw = True
1080.9427 	EXP 	unnamed Polygon: autoDraw = True
1080.9505 	EXP 	unnamed Polygon: autoDraw = False
1082.5753 	EXP 	trial_feedback: height = 0.09
1082.5753 	EXP 	trial_feedback: height = 0.09
1082.5753 	EXP 	trial_feedback: height = 0.09
1082.5753 	EXP 	trial_feedback: text = 'Hit!\n$0.00'
1082.5753 	EXP 	trial_feedback: autoDraw = True
1084.5628 	EXP 	trial_feedback: autoDraw = False
1084.5930 	EXP 	trial_feedback: autoDraw = False
1084.5930 	EXP 	exp_feedback: autoDraw = False
1092.8798 	EXP 	unnamed Polygon: autoDraw = True
1092.8798 	EXP 	unnamed Polygon: autoDraw = True
1092.8882 	EXP 	unnamed Polygon: autoDraw = True
1092.8913 	EXP 	unnamed Polygon: autoDraw = True
1092.9050 	EXP 	unnamed Polygon: autoDraw = True
1092.9132 	EXP 	unnamed Polygon: autoDraw = True
1092.9168 	EXP 	unnamed Polygon: autoDraw = True
1092.9299 	EXP 	unnamed Polygon: autoDraw = True
1092.9384 	EXP 	unnamed Polygon: autoDraw = True
1092.9414 	EXP 	unnamed Polygon: autoDraw = True
1092.9554 	EXP 	unnamed Polygon: autoDraw = True
1092.9633 	EXP 	unnamed Polygon: autoDraw = True
1092.9662 	EXP 	unnamed Polygon: autoDraw = True
1092.9804 	EXP 	unnamed Polygon: autoDraw = True
1092.9885 	EXP 	unnamed Polygon: autoDraw = True
1092.9918 	EXP 	unnamed Polygon: autoDraw = True
1093.0052 	EXP 	unnamed Polygon: autoDraw = True
1093.0134 	EXP 	unnamed Polygon: autoDraw = True
1093.0169 	EXP 	unnamed Polygon: autoDraw = True
1093.0303 	EXP 	unnamed Polygon: autoDraw = True
1093.0383 	EXP 	unnamed Polygon: autoDraw = True
1093.0421 	EXP 	unnamed Polygon: autoDraw = True
1093.0553 	EXP 	unnamed Polygon: autoDraw = True
1093.0633 	EXP 	unnamed Polygon: autoDraw = True
1093.0668 	EXP 	unnamed Polygon: autoDraw = True
1093.0803 	EXP 	unnamed Polygon: autoDraw = True
1093.0888 	EXP 	unnamed Polygon: autoDraw = True
1093.0933 	EXP 	unnamed Polygon: autoDraw = True
1093.0980 	DATA 	Keypress: 1
1093.1014 	EXP 	unnamed Polygon: autoDraw = True
1093.1135 	EXP 	unnamed Polygon: autoDraw = True
1093.1218 	EXP 	unnamed Polygon: autoDraw = True
1093.1252 	EXP 	unnamed Polygon: autoDraw = True
1093.1387 	EXP 	unnamed Polygon: autoDraw = True
1093.1469 	EXP 	unnamed Polygon: autoDraw = True
1093.1498 	EXP 	unnamed Polygon: autoDraw = True
1093.1639 	EXP 	unnamed Polygon: autoDraw = True
1093.1717 	EXP 	unnamed Polygon: autoDraw = True
1093.1788 	EXP 	unnamed Polygon: autoDraw = False
1094.7052 	EXP 	trial_feedback: height = 0.09
1094.7052 	EXP 	trial_feedback: height = 0.09
1094.7052 	EXP 	trial_feedback: height = 0.09
1094.7052 	EXP 	trial_feedback: text = 'Hit!\n+$1.50'
1094.7052 	EXP 	trial_feedback: autoDraw = True
1096.6800 	EXP 	trial_feedback: autoDraw = False
1096.6973 	EXP 	trial_feedback: autoDraw = False
1096.6973 	EXP 	exp_feedback: autoDraw = False
1106.7279 	EXP 	unnamed Polygon: autoDraw = True
1106.7279 	EXP 	unnamed Polygon: autoDraw = True
1106.7339 	EXP 	unnamed Polygon: autoDraw = True
1106.7467 	EXP 	unnamed Polygon: autoDraw = True
1106.7545 	EXP 	unnamed Polygon: autoDraw = True
1106.7676 	EXP 	unnamed Polygon: autoDraw = True
1106.7757 	EXP 	unnamed Polygon: autoDraw = True
1106.7790 	EXP 	unnamed Polygon: autoDraw = True
1106.7926 	EXP 	unnamed Polygon: autoDraw = True
1106.8008 	EXP 	unnamed Polygon: autoDraw = True
1106.8042 	EXP 	unnamed Polygon: autoDraw = True
1106.8176 	EXP 	unnamed Polygon: autoDraw = True
1106.8258 	EXP 	unnamed Polygon: autoDraw = True
1106.8292 	EXP 	unnamed Polygon: autoDraw = True
1106.8426 	EXP 	unnamed Polygon: autoDraw = True
1106.8507 	EXP 	unnamed Polygon: autoDraw = True
1106.8545 	EXP 	unnamed Polygon: autoDraw = True
1106.8677 	EXP 	unnamed Polygon: autoDraw = True
1106.8757 	EXP 	unnamed Polygon: autoDraw = True
1106.8794 	EXP 	unnamed Polygon: autoDraw = True
1106.8927 	EXP 	unnamed Polygon: autoDraw = True
1106.9008 	EXP 	unnamed Polygon: autoDraw = True
1106.9048 	EXP 	unnamed Polygon: autoDraw = True
1106.9176 	EXP 	unnamed Polygon: autoDraw = True
1106.9255 	EXP 	unnamed Polygon: autoDraw = False
1106.9464 	DATA 	Keypress: 1
1108.7043 	EXP 	trial_feedback: height = 0.09
1108.7043 	EXP 	trial_feedback: height = 0.09
1108.7043 	EXP 	trial_feedback: height = 0.09
1108.7043 	EXP 	trial_feedback: text = 'Miss!\n-$1.50'
1108.7043 	EXP 	trial_feedback: autoDraw = True
1110.7009 	EXP 	trial_feedback: autoDraw = False
1110.7045 	EXP 	trial_feedback: autoDraw = False
1110.7045 	EXP 	exp_feedback: autoDraw = False
1119.0250 	EXP 	unnamed Polygon: autoDraw = True
1119.0250 	EXP 	unnamed Polygon: autoDraw = True
1119.0384 	EXP 	unnamed Polygon: autoDraw = True
1119.0465 	EXP 	unnamed Polygon: autoDraw = True
1119.0502 	EXP 	unnamed Polygon: autoDraw = True
1119.0635 	EXP 	unnamed Polygon: autoDraw = True
1119.0720 	EXP 	unnamed Polygon: autoDraw = True
1119.0768 	EXP 	unnamed Polygon: autoDraw = True
1119.0887 	EXP 	unnamed Polygon: autoDraw = True
1119.0968 	EXP 	unnamed Polygon: autoDraw = True
1119.1008 	EXP 	unnamed Polygon: autoDraw = True
1119.1135 	EXP 	unnamed Polygon: autoDraw = True
1119.1218 	EXP 	unnamed Polygon: autoDraw = True
1119.1251 	EXP 	unnamed Polygon: autoDraw = True
1119.1384 	EXP 	unnamed Polygon: autoDraw = True
1119.1466 	EXP 	unnamed Polygon: autoDraw = True
1119.1505 	EXP 	unnamed Polygon: autoDraw = True
1119.1636 	EXP 	unnamed Polygon: autoDraw = True
1119.1717 	EXP 	unnamed Polygon: autoDraw = True
1119.1763 	EXP 	unnamed Polygon: autoDraw = True
1119.1885 	EXP 	unnamed Polygon: autoDraw = True
1119.1966 	EXP 	unnamed Polygon: autoDraw = True
1119.2006 	EXP 	unnamed Polygon: autoDraw = True
1119.2136 	EXP 	unnamed Polygon: autoDraw = True
1119.2217 	EXP 	unnamed Polygon: autoDraw = True
1119.2250 	DATA 	Keypress: 1
1119.2291 	EXP 	unnamed Polygon: autoDraw = True
1119.2335 	EXP 	unnamed Polygon: autoDraw = True
1119.2469 	EXP 	unnamed Polygon: autoDraw = True
1119.2550 	EXP 	unnamed Polygon: autoDraw = True
1119.2589 	EXP 	unnamed Polygon: autoDraw = True
1119.2719 	EXP 	unnamed Polygon: autoDraw = True
1119.2797 	EXP 	unnamed Polygon: autoDraw = False
1120.8051 	EXP 	trial_feedback: height = 0.09
1120.8051 	EXP 	trial_feedback: height = 0.09
1120.8051 	EXP 	trial_feedback: height = 0.09
1120.8051 	EXP 	trial_feedback: text = 'Hit!\n+$5.00'
1120.8051 	EXP 	trial_feedback: autoDraw = True
1122.7919 	EXP 	trial_feedback: autoDraw = False
1122.8134 	EXP 	trial_feedback: autoDraw = False
1122.8134 	EXP 	exp_feedback: autoDraw = False
1128.9505 	EXP 	unnamed Polygon: autoDraw = True
1128.9505 	EXP 	unnamed Polygon: autoDraw = True
1128.9586 	EXP 	unnamed Polygon: autoDraw = True
1128.9596 	EXP 	unnamed Polygon: autoDraw = True
1128.9757 	EXP 	unnamed Polygon: autoDraw = True
1128.9836 	EXP 	unnamed Polygon: autoDraw = True
1128.9856 	EXP 	unnamed Polygon: autoDraw = True
1129.0012 	EXP 	unnamed Polygon: autoDraw = True
1129.0087 	EXP 	unnamed Polygon: autoDraw = True
1129.0099 	EXP 	unnamed Polygon: autoDraw = True
1129.0257 	EXP 	unnamed Polygon: autoDraw = True
1129.0336 	EXP 	unnamed Polygon: autoDraw = True
1129.0349 	EXP 	unnamed Polygon: autoDraw = True
1129.0511 	EXP 	unnamed Polygon: autoDraw = True
1129.0586 	EXP 	unnamed Polygon: autoDraw = True
1129.0600 	EXP 	unnamed Polygon: autoDraw = True
1129.0757 	EXP 	unnamed Polygon: autoDraw = True
1129.0841 	EXP 	unnamed Polygon: autoDraw = True
1129.0854 	EXP 	unnamed Polygon: autoDraw = True
1129.1006 	EXP 	unnamed Polygon: autoDraw = True
1129.1087 	EXP 	unnamed Polygon: autoDraw = True
1129.1100 	EXP 	unnamed Polygon: autoDraw = True
1129.1259 	EXP 	unnamed Polygon: autoDraw = True
1129.1336 	EXP 	unnamed Polygon: autoDraw = True
1129.1351 	EXP 	unnamed Polygon: autoDraw = True
1129.1508 	EXP 	unnamed Polygon: autoDraw = True
1129.1524 	DATA 	Keypress: 1
1129.1584 	EXP 	unnamed Polygon: autoDraw = True
1129.1597 	EXP 	unnamed Polygon: autoDraw = True
1129.1757 	EXP 	unnamed Polygon: autoDraw = True
1129.1836 	EXP 	unnamed Polygon: autoDraw = False
1130.8613 	EXP 	trial_feedback: height = 0.09
1130.8613 	EXP 	trial_feedback: height = 0.09
1130.8613 	EXP 	trial_feedback: height = 0.09
1130.8613 	EXP 	trial_feedback: text = 'Hit!\n$0.00'
1130.8613 	EXP 	trial_feedback: autoDraw = True
1132.8545 	EXP 	trial_feedback: autoDraw = False
1132.8759 	EXP 	trial_feedback: autoDraw = False
1132.8759 	EXP 	exp_feedback: autoDraw = False
1143.0210 	DATA 	Keypress: 1
1143.3229 	EXP 	unnamed Polygon: autoDraw = True
1143.3229 	EXP 	unnamed Polygon: autoDraw = True
1143.3342 	EXP 	unnamed Polygon: autoDraw = True
1143.3432 	EXP 	unnamed Polygon: autoDraw = True
1143.3469 	EXP 	unnamed Polygon: autoDraw = True
1143.3594 	EXP 	unnamed Polygon: autoDraw = True
1143.3675 	EXP 	unnamed Polygon: autoDraw = True
1143.3723 	EXP 	unnamed Polygon: autoDraw = True
1143.3844 	EXP 	unnamed Polygon: autoDraw = True
1143.3926 	EXP 	unnamed Polygon: autoDraw = True
1143.3963 	EXP 	unnamed Polygon: autoDraw = True
1143.4094 	EXP 	unnamed Polygon: autoDraw = True
1143.4175 	EXP 	unnamed Polygon: autoDraw = True
1143.4213 	EXP 	unnamed Polygon: autoDraw = True
1143.4344 	EXP 	unnamed Polygon: autoDraw = True
1143.4425 	EXP 	unnamed Polygon: autoDraw = True
1143.4472 	EXP 	unnamed Polygon: autoDraw = True
1143.4595 	EXP 	unnamed Polygon: autoDraw = True
1143.4676 	EXP 	unnamed Polygon: autoDraw = True
1143.4729 	EXP 	unnamed Polygon: autoDraw = True
1143.4844 	EXP 	unnamed Polygon: autoDraw = True
1143.4926 	EXP 	unnamed Polygon: autoDraw = True
1143.4966 	EXP 	unnamed Polygon: autoDraw = True
1143.5095 	EXP 	unnamed Polygon: autoDraw = True
1143.5176 	EXP 	unnamed Polygon: autoDraw = True
1143.5221 	EXP 	unnamed Polygon: autoDraw = True
1143.5345 	EXP 	unnamed Polygon: autoDraw = True
1143.5427 	EXP 	unnamed Polygon: autoDraw = True
1143.5459 	EXP 	unnamed Polygon: autoDraw = True
1143.5599 	EXP 	unnamed Polygon: autoDraw = True
1143.5641 	DATA 	Keypress: 1
1143.5711 	EXP 	unnamed Polygon: autoDraw = True
1143.5840 	EXP 	unnamed Polygon: autoDraw = True
1143.5934 	EXP 	unnamed Polygon: autoDraw = True
1143.5997 	EXP 	unnamed Polygon: autoDraw = False
1144.9678 	EXP 	trial_feedback: height = 0.09
1144.9678 	EXP 	trial_feedback: height = 0.09
1144.9678 	EXP 	trial_feedback: height = 0.09
1144.9678 	EXP 	trial_feedback: text = 'Miss!\n$0.00'
1144.9678 	EXP 	trial_feedback: autoDraw = True
1146.9426 	EXP 	trial_feedback: autoDraw = False
1146.9593 	EXP 	trial_feedback: autoDraw = False
1146.9593 	EXP 	exp_feedback: autoDraw = False
1153.1405 	EXP 	unnamed Polygon: autoDraw = True
1153.1405 	EXP 	unnamed Polygon: autoDraw = True
1153.1508 	EXP 	unnamed Polygon: autoDraw = True
1153.1601 	EXP 	unnamed Polygon: autoDraw = True
1153.1648 	EXP 	unnamed Polygon: autoDraw = True
1153.1808 	EXP 	unnamed Polygon: autoDraw = True
1153.2013 	EXP 	unnamed Polygon: autoDraw = True
1153.2219 	EXP 	unnamed Polygon: autoDraw = True
1153.2257 	EXP 	unnamed Polygon: autoDraw = True
1153.2298 	EXP 	unnamed Polygon: autoDraw = True
1153.2428 	EXP 	unnamed Polygon: autoDraw = True
1153.2511 	EXP 	unnamed Polygon: autoDraw = True
1153.2560 	EXP 	unnamed Polygon: autoDraw = True
1153.2677 	EXP 	unnamed Polygon: autoDraw = True
1153.2760 	EXP 	unnamed Polygon: autoDraw = True
1153.2804 	EXP 	unnamed Polygon: autoDraw = True
1153.2928 	EXP 	unnamed Polygon: autoDraw = True
1153.3009 	EXP 	unnamed Polygon: autoDraw = True
1153.3055 	EXP 	unnamed Polygon: autoDraw = True
1153.3178 	EXP 	unnamed Polygon: autoDraw = True
1153.3261 	EXP 	unnamed Polygon: autoDraw = True
1153.3302 	EXP 	unnamed Polygon: autoDraw = True
1153.3430 	EXP 	unnamed Polygon: autoDraw = True
1153.3509 	EXP 	unnamed Polygon: autoDraw = True
1153.3583 	DATA 	Keypress: 1
1153.3614 	EXP 	unnamed Polygon: autoDraw = False
1154.9593 	EXP 	trial_feedback: height = 0.09
1154.9593 	EXP 	trial_feedback: height = 0.09
1154.9593 	EXP 	trial_feedback: height = 0.09
1154.9593 	EXP 	trial_feedback: text = 'Miss!\n-$1.50'
1154.9593 	EXP 	trial_feedback: autoDraw = True
1156.9593 	EXP 	trial_feedback: autoDraw = False
1156.9637 	EXP 	trial_feedback: autoDraw = False
1156.9637 	EXP 	exp_feedback: autoDraw = False
1167.4736 	EXP 	unnamed Polygon: autoDraw = True
1167.4736 	EXP 	unnamed Polygon: autoDraw = True
1167.4846 	EXP 	unnamed Polygon: autoDraw = True
1167.4925 	EXP 	unnamed Polygon: autoDraw = True
1167.4949 	EXP 	unnamed Polygon: autoDraw = True
1167.5000 	EXP 	unnamed Polygon: autoDraw = True
1167.5131 	EXP 	unnamed Polygon: autoDraw = True
1167.5215 	EXP 	unnamed Polygon: autoDraw = True
1167.5238 	EXP 	unnamed Polygon: autoDraw = True
1167.5382 	EXP 	unnamed Polygon: autoDraw = True
1167.5481 	EXP 	unnamed Polygon: autoDraw = True
1167.5641 	EXP 	unnamed Polygon: autoDraw = True
1167.5717 	EXP 	unnamed Polygon: autoDraw = True
1167.5755 	EXP 	unnamed Polygon: autoDraw = True
1167.5890 	EXP 	unnamed Polygon: autoDraw = True
1167.5968 	EXP 	unnamed Polygon: autoDraw = True
1167.6002 	EXP 	unnamed Polygon: autoDraw = True
1167.6138 	EXP 	unnamed Polygon: autoDraw = True
1167.6216 	EXP 	unnamed Polygon: autoDraw = True
1167.6247 	EXP 	unnamed Polygon: autoDraw = True
1167.6388 	EXP 	unnamed Polygon: autoDraw = True
1167.6466 	EXP 	unnamed Polygon: autoDraw = True
1167.6499 	EXP 	unnamed Polygon: autoDraw = True
1167.6636 	EXP 	unnamed Polygon: autoDraw = True
1167.6717 	EXP 	unnamed Polygon: autoDraw = True
1167.6750 	EXP 	unnamed Polygon: autoDraw = True
1167.6887 	EXP 	unnamed Polygon: autoDraw = True
1167.6922 	DATA 	Keypress: 1
1167.6962 	EXP 	unnamed Polygon: autoDraw = True
1167.7000 	EXP 	unnamed Polygon: autoDraw = True
1167.7132 	EXP 	unnamed Polygon: autoDraw = True
1167.7233 	EXP 	unnamed Polygon: autoDraw = True
1167.7391 	EXP 	unnamed Polygon: autoDraw = True
1167.7466 	EXP 	unnamed Polygon: autoDraw = True
1167.7496 	EXP 	unnamed Polygon: autoDraw = True
1167.7641 	EXP 	unnamed Polygon: autoDraw = True
1167.7718 	EXP 	unnamed Polygon: autoDraw = True
1167.7755 	EXP 	unnamed Polygon: autoDraw = True
1167.7890 	EXP 	unnamed Polygon: autoDraw = True
1167.7968 	EXP 	unnamed Polygon: autoDraw = True
1167.8005 	EXP 	unnamed Polygon: autoDraw = True
1167.8132 	EXP 	unnamed Polygon: autoDraw = False
1169.1087 	EXP 	trial_feedback: height = 0.09
1169.1087 	EXP 	trial_feedback: height = 0.09
1169.1087 	EXP 	trial_feedback: height = 0.09
1169.1087 	EXP 	trial_feedback: text = 'Hit!\n$0.00'
1169.1087 	EXP 	trial_feedback: autoDraw = True
1171.1052 	EXP 	trial_feedback: autoDraw = False
1171.1091 	EXP 	trial_feedback: autoDraw = False
1171.1091 	EXP 	exp_feedback: autoDraw = False
1177.2470 	EXP 	unnamed Polygon: autoDraw = True
1177.2470 	EXP 	unnamed Polygon: autoDraw = True
1177.2549 	EXP 	unnamed Polygon: autoDraw = True
1177.2580 	EXP 	unnamed Polygon: autoDraw = True
1177.2716 	EXP 	unnamed Polygon: autoDraw = True
1177.2798 	EXP 	unnamed Polygon: autoDraw = True
1177.2829 	EXP 	unnamed Polygon: autoDraw = True
1177.2976 	EXP 	unnamed Polygon: autoDraw = True
1177.3054 	EXP 	unnamed Polygon: autoDraw = True
1177.3097 	EXP 	unnamed Polygon: autoDraw = True
1177.3220 	EXP 	unnamed Polygon: autoDraw = True
1177.3300 	EXP 	unnamed Polygon: autoDraw = True
1177.3332 	EXP 	unnamed Polygon: autoDraw = True
1177.3469 	EXP 	unnamed Polygon: autoDraw = True
1177.3550 	EXP 	unnamed Polygon: autoDraw = True
1177.3581 	EXP 	unnamed Polygon: autoDraw = True
1177.3720 	EXP 	unnamed Polygon: autoDraw = True
1177.3801 	EXP 	unnamed Polygon: autoDraw = True
1177.3836 	EXP 	unnamed Polygon: autoDraw = True
1177.3969 	EXP 	unnamed Polygon: autoDraw = True
1177.4051 	EXP 	unnamed Polygon: autoDraw = True
1177.4087 	EXP 	unnamed Polygon: autoDraw = True
1177.4219 	EXP 	unnamed Polygon: autoDraw = True
1177.4302 	EXP 	unnamed Polygon: autoDraw = True
1177.4349 	EXP 	unnamed Polygon: autoDraw = True
1177.4471 	EXP 	unnamed Polygon: autoDraw = True
1177.4551 	EXP 	unnamed Polygon: autoDraw = True
1177.4597 	EXP 	unnamed Polygon: autoDraw = True
1177.4719 	EXP 	unnamed Polygon: autoDraw = True
1177.4802 	EXP 	unnamed Polygon: autoDraw = True
1177.4837 	EXP 	unnamed Polygon: autoDraw = True
1177.4970 	EXP 	unnamed Polygon: autoDraw = True
1177.5050 	EXP 	unnamed Polygon: autoDraw = True
1177.5088 	EXP 	unnamed Polygon: autoDraw = True
1177.5219 	EXP 	unnamed Polygon: autoDraw = True
1177.5301 	EXP 	unnamed Polygon: autoDraw = True
1177.5336 	EXP 	unnamed Polygon: autoDraw = True
1177.5470 	EXP 	unnamed Polygon: autoDraw = True
1177.5551 	EXP 	unnamed Polygon: autoDraw = True
1177.5646 	EXP 	unnamed Polygon: autoDraw = False
1177.7963 	DATA 	Keypress: 1
1179.1191 	EXP 	trial_feedback: height = 0.09
1179.1191 	EXP 	trial_feedback: height = 0.09
1179.1191 	EXP 	trial_feedback: height = 0.09
1179.1191 	EXP 	trial_feedback: text = 'Miss!\n-$5.00'
1179.1191 	EXP 	trial_feedback: autoDraw = True
1181.1093 	EXP 	trial_feedback: autoDraw = False
1181.1260 	EXP 	trial_feedback: autoDraw = False
1181.1260 	EXP 	exp_feedback: autoDraw = False
1187.4319 	EXP 	unnamed Polygon: autoDraw = True
1187.4319 	EXP 	unnamed Polygon: autoDraw = True
1187.4425 	EXP 	unnamed Polygon: autoDraw = True
1187.4515 	EXP 	unnamed Polygon: autoDraw = True
1187.4537 	EXP 	unnamed Polygon: autoDraw = True
1187.4618 	EXP 	unnamed Polygon: autoDraw = True
1187.4711 	EXP 	unnamed Polygon: autoDraw = True
1187.4840 	EXP 	unnamed Polygon: autoDraw = True
1187.4923 	EXP 	unnamed Polygon: autoDraw = True
1187.4946 	EXP 	unnamed Polygon: autoDraw = True
1187.5091 	EXP 	unnamed Polygon: autoDraw = True
1187.5189 	EXP 	unnamed Polygon: autoDraw = True
1187.5351 	EXP 	unnamed Polygon: autoDraw = True
1187.5426 	EXP 	unnamed Polygon: autoDraw = True
1187.5461 	EXP 	unnamed Polygon: autoDraw = True
1187.5598 	EXP 	unnamed Polygon: autoDraw = True
1187.5676 	EXP 	unnamed Polygon: autoDraw = True
1187.5709 	EXP 	unnamed Polygon: autoDraw = True
1187.5845 	EXP 	unnamed Polygon: autoDraw = True
1187.5926 	EXP 	unnamed Polygon: autoDraw = True
1187.5959 	EXP 	unnamed Polygon: autoDraw = True
1187.6095 	EXP 	unnamed Polygon: autoDraw = True
1187.6178 	EXP 	unnamed Polygon: autoDraw = True
1187.6210 	EXP 	unnamed Polygon: autoDraw = True
1187.6346 	EXP 	unnamed Polygon: autoDraw = True
1187.6386 	DATA 	Keypress: 1
1187.6422 	EXP 	unnamed Polygon: autoDraw = True
1187.6458 	EXP 	unnamed Polygon: autoDraw = True
1187.6591 	EXP 	unnamed Polygon: autoDraw = True
1187.6686 	EXP 	unnamed Polygon: autoDraw = True
1187.6849 	EXP 	unnamed Polygon: autoDraw = True
1187.6925 	EXP 	unnamed Polygon: autoDraw = False
1189.2021 	EXP 	trial_feedback: height = 0.09
1189.2021 	EXP 	trial_feedback: height = 0.09
1189.2021 	EXP 	trial_feedback: height = 0.09
1189.2021 	EXP 	trial_feedback: text = 'Hit!\n+$1.50'
1189.2021 	EXP 	trial_feedback: autoDraw = True
1191.1919 	EXP 	trial_feedback: autoDraw = False
1191.2134 	EXP 	trial_feedback: autoDraw = False
1191.2134 	EXP 	exp_feedback: autoDraw = False
1199.4397 	EXP 	unnamed Polygon: autoDraw = True
1199.4397 	EXP 	unnamed Polygon: autoDraw = True
1199.4455 	EXP 	unnamed Polygon: autoDraw = True
1199.4590 	EXP 	unnamed Polygon: autoDraw = True
1199.4673 	EXP 	unnamed Polygon: autoDraw = True
1199.4700 	EXP 	unnamed Polygon: autoDraw = True
1199.4852 	EXP 	unnamed Polygon: autoDraw = True
1199.4927 	EXP 	unnamed Polygon: autoDraw = True
1199.4949 	EXP 	unnamed Polygon: autoDraw = True
1199.5091 	EXP 	unnamed Polygon: autoDraw = True
1199.5189 	EXP 	unnamed Polygon: autoDraw = True
1199.5346 	EXP 	unnamed Polygon: autoDraw = True
1199.5426 	EXP 	unnamed Polygon: autoDraw = True
1199.5464 	EXP 	unnamed Polygon: autoDraw = True
1199.5595 	EXP 	unnamed Polygon: autoDraw = True
1199.5677 	EXP 	unnamed Polygon: autoDraw = True
1199.5713 	EXP 	unnamed Polygon: autoDraw = True
1199.5845 	EXP 	unnamed Polygon: autoDraw = True
1199.5927 	EXP 	unnamed Polygon: autoDraw = True
1199.5966 	EXP 	unnamed Polygon: autoDraw = True
1199.6095 	EXP 	unnamed Polygon: autoDraw = True
1199.6176 	EXP 	unnamed Polygon: autoDraw = True
1199.6212 	EXP 	unnamed Polygon: autoDraw = True
1199.6347 	EXP 	unnamed Polygon: autoDraw = True
1199.6428 	EXP 	unnamed Polygon: autoDraw = True
1199.6464 	DATA 	Keypress: 1
1199.6510 	EXP 	unnamed Polygon: autoDraw = True
1199.6545 	EXP 	unnamed Polygon: autoDraw = True
1199.6678 	EXP 	unnamed Polygon: autoDraw = True
1199.6762 	EXP 	unnamed Polygon: autoDraw = False
1201.2845 	EXP 	trial_feedback: height = 0.09
1201.2845 	EXP 	trial_feedback: height = 0.09
1201.2845 	EXP 	trial_feedback: height = 0.09
1201.2845 	EXP 	trial_feedback: text = 'Hit!\n+$5.00'
1201.2845 	EXP 	trial_feedback: autoDraw = True
1203.2593 	EXP 	trial_feedback: autoDraw = False
1203.2762 	EXP 	trial_feedback: autoDraw = False
1203.2762 	EXP 	exp_feedback: autoDraw = False
1209.5299 	DATA 	Keypress: 1
1213.4895 	EXP 	unnamed Polygon: autoDraw = True
1213.4895 	EXP 	unnamed Polygon: autoDraw = True
1213.5009 	EXP 	unnamed Polygon: autoDraw = True
1213.5099 	EXP 	unnamed Polygon: autoDraw = True
1213.5120 	EXP 	unnamed Polygon: autoDraw = True
1213.5204 	EXP 	unnamed Polygon: autoDraw = True
1213.5293 	EXP 	unnamed Polygon: autoDraw = True
1213.5424 	EXP 	unnamed Polygon: autoDraw = True
1213.5507 	EXP 	unnamed Polygon: autoDraw = True
1213.5529 	EXP 	unnamed Polygon: autoDraw = True
1213.5674 	EXP 	unnamed Polygon: autoDraw = True
1213.5773 	EXP 	unnamed Polygon: autoDraw = True
1213.5930 	EXP 	unnamed Polygon: autoDraw = True
1213.6012 	EXP 	unnamed Polygon: autoDraw = True
1213.6036 	EXP 	unnamed Polygon: autoDraw = True
1213.6184 	EXP 	unnamed Polygon: autoDraw = True
1213.6260 	EXP 	unnamed Polygon: autoDraw = True
1213.6289 	EXP 	unnamed Polygon: autoDraw = True
1213.6424 	EXP 	unnamed Polygon: autoDraw = True
1213.6507 	EXP 	unnamed Polygon: autoDraw = True
1213.6535 	EXP 	unnamed Polygon: autoDraw = True
1213.6674 	EXP 	unnamed Polygon: autoDraw = True
1213.6757 	EXP 	unnamed Polygon: autoDraw = True
1213.6784 	EXP 	unnamed Polygon: autoDraw = True
1213.6805 	DATA 	Keypress: 1
1213.6925 	EXP 	unnamed Polygon: autoDraw = True
1213.7009 	EXP 	unnamed Polygon: autoDraw = True
1213.7063 	EXP 	unnamed Polygon: autoDraw = False
1215.3260 	EXP 	trial_feedback: text = 'Hit!\n+$5.00'
1215.3260 	EXP 	trial_feedback: autoDraw = True
1217.3179 	EXP 	trial_feedback: autoDraw = False
1217.3260 	EXP 	trial_feedback: autoDraw = False
1217.3260 	EXP 	exp_feedback: autoDraw = False
1223.8145 	EXP 	unnamed Polygon: autoDraw = True
1223.8145 	EXP 	unnamed Polygon: autoDraw = True
1223.8258 	EXP 	unnamed Polygon: autoDraw = True
1223.8349 	EXP 	unnamed Polygon: autoDraw = True
1223.8380 	EXP 	unnamed Polygon: autoDraw = True
1223.8516 	EXP 	unnamed Polygon: autoDraw = True
1223.8597 	EXP 	unnamed Polygon: autoDraw = True
1223.8625 	EXP 	unnamed Polygon: autoDraw = True
1223.8766 	EXP 	unnamed Polygon: autoDraw = True
1223.8841 	EXP 	unnamed Polygon: autoDraw = True
1223.8874 	EXP 	unnamed Polygon: autoDraw = True
1223.9018 	EXP 	unnamed Polygon: autoDraw = True
1223.9091 	EXP 	unnamed Polygon: autoDraw = True
1223.9121 	EXP 	unnamed Polygon: autoDraw = True
1223.9266 	EXP 	unnamed Polygon: autoDraw = True
1223.9342 	EXP 	unnamed Polygon: autoDraw = True
1223.9381 	EXP 	unnamed Polygon: autoDraw = True
1223.9512 	EXP 	unnamed Polygon: autoDraw = True
1223.9592 	EXP 	unnamed Polygon: autoDraw = True
1223.9630 	EXP 	unnamed Polygon: autoDraw = True
1223.9760 	EXP 	unnamed Polygon: autoDraw = True
1223.9842 	EXP 	unnamed Polygon: autoDraw = True
1223.9878 	EXP 	unnamed Polygon: autoDraw = True
1224.0011 	EXP 	unnamed Polygon: autoDraw = True
1224.0095 	EXP 	unnamed Polygon: autoDraw = True
1224.0135 	EXP 	unnamed Polygon: autoDraw = True
1224.0169 	DATA 	Keypress: 1
1224.0206 	EXP 	unnamed Polygon: autoDraw = True
1224.0341 	EXP 	unnamed Polygon: autoDraw = True
1224.0426 	EXP 	unnamed Polygon: autoDraw = True
1224.0480 	EXP 	unnamed Polygon: autoDraw = False
1225.4097 	EXP 	trial_feedback: height = 0.09
1225.4097 	EXP 	trial_feedback: height = 0.09
1225.4097 	EXP 	trial_feedback: height = 0.09
1225.4097 	EXP 	trial_feedback: text = 'Hit!\n$0.00'
1225.4097 	EXP 	trial_feedback: autoDraw = True
1227.3843 	EXP 	trial_feedback: autoDraw = False
1227.4011 	EXP 	trial_feedback: autoDraw = False
1227.4011 	EXP 	exp_feedback: autoDraw = False
1235.5440 	EXP 	unnamed Polygon: autoDraw = True
1235.5440 	EXP 	unnamed Polygon: autoDraw = True
1235.5557 	EXP 	unnamed Polygon: autoDraw = True
1235.5637 	EXP 	unnamed Polygon: autoDraw = True
1235.5670 	EXP 	unnamed Polygon: autoDraw = True
1235.5742 	EXP 	unnamed Polygon: autoDraw = True
1235.5837 	EXP 	unnamed Polygon: autoDraw = True
1235.5977 	EXP 	unnamed Polygon: autoDraw = True
1235.6052 	EXP 	unnamed Polygon: autoDraw = True
1235.6083 	EXP 	unnamed Polygon: autoDraw = True
1235.6223 	EXP 	unnamed Polygon: autoDraw = True
1235.6305 	EXP 	unnamed Polygon: autoDraw = True
1235.6332 	EXP 	unnamed Polygon: autoDraw = True
1235.6468 	EXP 	unnamed Polygon: autoDraw = True
1235.6554 	EXP 	unnamed Polygon: autoDraw = True
1235.6580 	EXP 	unnamed Polygon: autoDraw = True
1235.6726 	EXP 	unnamed Polygon: autoDraw = True
1235.6801 	EXP 	unnamed Polygon: autoDraw = True
1235.6842 	EXP 	unnamed Polygon: autoDraw = True
1235.6970 	EXP 	unnamed Polygon: autoDraw = True
1235.7050 	EXP 	unnamed Polygon: autoDraw = True
1235.7084 	EXP 	unnamed Polygon: autoDraw = True
1235.7220 	EXP 	unnamed Polygon: autoDraw = True
1235.7302 	EXP 	unnamed Polygon: autoDraw = True
1235.7334 	EXP 	unnamed Polygon: autoDraw = True
1235.7470 	EXP 	unnamed Polygon: autoDraw = True
1235.7512 	DATA 	Keypress: 1
1235.7545 	EXP 	unnamed Polygon: autoDraw = True
1235.7582 	EXP 	unnamed Polygon: autoDraw = True
1235.7716 	EXP 	unnamed Polygon: autoDraw = True
1235.7801 	EXP 	unnamed Polygon: autoDraw = False
1237.4586 	EXP 	trial_feedback: height = 0.09
1237.4586 	EXP 	trial_feedback: height = 0.09
1237.4586 	EXP 	trial_feedback: height = 0.09
1237.4586 	EXP 	trial_feedback: text = 'Hit!\n+$1.50'
1237.4586 	EXP 	trial_feedback: autoDraw = True
1239.4593 	EXP 	trial_feedback: autoDraw = False
1239.4628 	EXP 	trial_feedback: autoDraw = False
1239.4628 	EXP 	exp_feedback: autoDraw = False
1249.7301 	DATA 	Keypress: 1
1249.9722 	EXP 	unnamed Polygon: autoDraw = True
1249.9722 	EXP 	unnamed Polygon: autoDraw = True
1249.9842 	EXP 	unnamed Polygon: autoDraw = True
1249.9924 	EXP 	unnamed Polygon: autoDraw = True
1249.9952 	EXP 	unnamed Polygon: autoDraw = True
1250.0013 	EXP 	unnamed Polygon: autoDraw = True
1250.0127 	EXP 	unnamed Polygon: autoDraw = True
1250.0258 	EXP 	unnamed Polygon: autoDraw = True
1250.0340 	EXP 	unnamed Polygon: autoDraw = True
1250.0368 	EXP 	unnamed Polygon: autoDraw = True
1250.0522 	EXP 	unnamed Polygon: autoDraw = True
1250.0591 	EXP 	unnamed Polygon: autoDraw = True
1250.0623 	EXP 	unnamed Polygon: autoDraw = True
1250.0765 	EXP 	unnamed Polygon: autoDraw = True
1250.0848 	EXP 	unnamed Polygon: autoDraw = True
1250.0878 	EXP 	unnamed Polygon: autoDraw = True
1250.1017 	EXP 	unnamed Polygon: autoDraw = True
1250.1091 	EXP 	unnamed Polygon: autoDraw = True
1250.1118 	EXP 	unnamed Polygon: autoDraw = True
1250.1268 	EXP 	unnamed Polygon: autoDraw = True
1250.1348 	EXP 	unnamed Polygon: autoDraw = True
1250.1367 	EXP 	unnamed Polygon: autoDraw = True
1250.1508 	EXP 	unnamed Polygon: autoDraw = True
1250.1522 	DATA 	Keypress: 1
1250.1590 	EXP 	unnamed Polygon: autoDraw = True
1250.1621 	EXP 	unnamed Polygon: autoDraw = True
1250.1770 	EXP 	unnamed Polygon: autoDraw = True
1250.1842 	EXP 	unnamed Polygon: autoDraw = True
1250.1869 	EXP 	unnamed Polygon: autoDraw = True
1250.2018 	EXP 	unnamed Polygon: autoDraw = True
1250.2099 	EXP 	unnamed Polygon: autoDraw = True
1250.2129 	EXP 	unnamed Polygon: autoDraw = True
1250.2267 	EXP 	unnamed Polygon: autoDraw = True
1250.2349 	EXP 	unnamed Polygon: autoDraw = True
1250.2375 	EXP 	unnamed Polygon: autoDraw = True
1250.2508 	EXP 	unnamed Polygon: autoDraw = True
1250.2604 	EXP 	unnamed Polygon: autoDraw = True
1250.2768 	EXP 	unnamed Polygon: autoDraw = True
1250.2841 	EXP 	unnamed Polygon: autoDraw = True
1250.2877 	EXP 	unnamed Polygon: autoDraw = False
1251.6512 	EXP 	trial_feedback: height = 0.09
1251.6512 	EXP 	trial_feedback: height = 0.09
1251.6512 	EXP 	trial_feedback: height = 0.09
1251.6512 	EXP 	trial_feedback: text = 'Miss!\n$0.00'
1251.6512 	EXP 	trial_feedback: autoDraw = True
1253.6261 	EXP 	trial_feedback: autoDraw = False
1253.6430 	EXP 	trial_feedback: autoDraw = False
1253.6430 	EXP 	exp_feedback: autoDraw = False
1263.7089 	EXP 	unnamed Polygon: autoDraw = True
1263.7089 	EXP 	unnamed Polygon: autoDraw = True
1263.7174 	EXP 	unnamed Polygon: autoDraw = True
1263.7199 	EXP 	unnamed Polygon: autoDraw = True
1263.7342 	EXP 	unnamed Polygon: autoDraw = True
1263.7437 	EXP 	unnamed Polygon: autoDraw = True
1263.7597 	EXP 	unnamed Polygon: autoDraw = True
1263.7677 	EXP 	unnamed Polygon: autoDraw = True
1263.7714 	EXP 	unnamed Polygon: autoDraw = True
1263.7845 	EXP 	unnamed Polygon: autoDraw = True
1263.7927 	EXP 	unnamed Polygon: autoDraw = True
1263.7971 	EXP 	unnamed Polygon: autoDraw = True
1263.8095 	EXP 	unnamed Polygon: autoDraw = True
1263.8179 	EXP 	unnamed Polygon: autoDraw = True
1263.8213 	EXP 	unnamed Polygon: autoDraw = True
1263.8345 	EXP 	unnamed Polygon: autoDraw = True
1263.8426 	EXP 	unnamed Polygon: autoDraw = True
1263.8471 	EXP 	unnamed Polygon: autoDraw = True
1263.8595 	EXP 	unnamed Polygon: autoDraw = True
1263.8677 	EXP 	unnamed Polygon: autoDraw = True
1263.8711 	EXP 	unnamed Polygon: autoDraw = True
1263.8844 	EXP 	unnamed Polygon: autoDraw = True
1263.8926 	EXP 	unnamed Polygon: autoDraw = True
1263.8959 	EXP 	unnamed Polygon: autoDraw = True
1263.9045 	EXP 	unnamed Polygon: autoDraw = False
1263.9216 	DATA 	Keypress: 1
1265.6805 	EXP 	trial_feedback: text = 'Miss!\n$0.00'
1265.6805 	EXP 	trial_feedback: autoDraw = True
1267.6760 	EXP 	trial_feedback: autoDraw = False
1267.6928 	EXP 	trial_feedback: autoDraw = False
1267.6928 	EXP 	exp_feedback: autoDraw = False
1275.8832 	EXP 	unnamed Polygon: autoDraw = True
1275.8832 	EXP 	unnamed Polygon: autoDraw = True
1275.8975 	EXP 	unnamed Polygon: autoDraw = True
1275.9140 	EXP 	unnamed Polygon: autoDraw = True
1275.9181 	EXP 	unnamed Polygon: autoDraw = True
1275.9306 	EXP 	unnamed Polygon: autoDraw = True
1275.9338 	EXP 	unnamed Polygon: autoDraw = True
1275.9467 	EXP 	unnamed Polygon: autoDraw = True
1275.9493 	EXP 	unnamed Polygon: autoDraw = True
1275.9646 	EXP 	unnamed Polygon: autoDraw = True
1275.9809 	EXP 	unnamed Polygon: autoDraw = True
1275.9975 	EXP 	unnamed Polygon: autoDraw = True
1276.0141 	EXP 	unnamed Polygon: autoDraw = True
1276.0175 	EXP 	unnamed Polygon: autoDraw = True
1276.0309 	EXP 	unnamed Polygon: autoDraw = True
1276.0476 	EXP 	unnamed Polygon: autoDraw = True
1276.0641 	EXP 	unnamed Polygon: autoDraw = True
1276.0808 	EXP 	unnamed Polygon: autoDraw = True
1276.0975 	EXP 	unnamed Polygon: autoDraw = True
1276.1034 	DATA 	Keypress: 1
1276.1069 	EXP 	unnamed Polygon: autoDraw = False
1277.7288 	EXP 	trial_feedback: height = 0.09
1277.7288 	EXP 	trial_feedback: height = 0.09
1277.7288 	EXP 	trial_feedback: height = 0.09
1277.7288 	EXP 	trial_feedback: text = 'Miss!\n-$0.00'
1277.7288 	EXP 	trial_feedback: autoDraw = True
1279.7184 	EXP 	trial_feedback: autoDraw = False
1279.7388 	EXP 	trial_feedback: autoDraw = False
1279.7388 	EXP 	exp_feedback: autoDraw = False
1290.2558 	EXP 	unnamed Polygon: autoDraw = True
1290.2558 	EXP 	unnamed Polygon: autoDraw = True
1290.2674 	EXP 	unnamed Polygon: autoDraw = True
1290.2757 	EXP 	unnamed Polygon: autoDraw = True
1290.2793 	EXP 	unnamed Polygon: autoDraw = True
1290.2924 	EXP 	unnamed Polygon: autoDraw = True
1290.3007 	EXP 	unnamed Polygon: autoDraw = True
1290.3043 	EXP 	unnamed Polygon: autoDraw = True
1290.3187 	EXP 	unnamed Polygon: autoDraw = True
1290.3261 	EXP 	unnamed Polygon: autoDraw = True
1290.3293 	EXP 	unnamed Polygon: autoDraw = True
1290.3435 	EXP 	unnamed Polygon: autoDraw = True
1290.3510 	EXP 	unnamed Polygon: autoDraw = True
1290.3543 	EXP 	unnamed Polygon: autoDraw = True
1290.3677 	EXP 	unnamed Polygon: autoDraw = True
1290.3766 	EXP 	unnamed Polygon: autoDraw = True
1290.3796 	EXP 	unnamed Polygon: autoDraw = True
1290.3927 	EXP 	unnamed Polygon: autoDraw = True
1290.4019 	EXP 	unnamed Polygon: autoDraw = True
1290.4181 	EXP 	unnamed Polygon: autoDraw = True
1290.4260 	EXP 	unnamed Polygon: autoDraw = True
1290.4293 	EXP 	unnamed Polygon: autoDraw = True
1290.4429 	EXP 	unnamed Polygon: autoDraw = True
1290.4510 	EXP 	unnamed Polygon: autoDraw = True
1290.4546 	EXP 	unnamed Polygon: autoDraw = True
1290.4679 	EXP 	unnamed Polygon: autoDraw = True
1290.4720 	DATA 	Keypress: 1
1290.4929 	EXP 	unnamed Polygon: autoDraw = True
1290.5096 	EXP 	unnamed Polygon: autoDraw = True
1290.5219 	EXP 	unnamed Polygon: autoDraw = False
1291.8346 	EXP 	trial_feedback: height = 0.09
1291.8346 	EXP 	trial_feedback: height = 0.09
1291.8346 	EXP 	trial_feedback: height = 0.09
1291.8346 	EXP 	trial_feedback: text = 'Hit!\n$0.00'
1291.8346 	EXP 	trial_feedback: autoDraw = True
1293.8093 	EXP 	trial_feedback: autoDraw = False
1293.8263 	EXP 	trial_feedback: autoDraw = False
1293.8263 	EXP 	exp_feedback: autoDraw = False
1304.1769 	EXP 	unnamed Polygon: autoDraw = True
1304.1769 	EXP 	unnamed Polygon: autoDraw = True
1304.1890 	EXP 	unnamed Polygon: autoDraw = True
1304.1968 	EXP 	unnamed Polygon: autoDraw = True
1304.2006 	EXP 	unnamed Polygon: autoDraw = True
1304.2136 	EXP 	unnamed Polygon: autoDraw = True
1304.2218 	EXP 	unnamed Polygon: autoDraw = True
1304.2257 	EXP 	unnamed Polygon: autoDraw = True
1304.2387 	EXP 	unnamed Polygon: autoDraw = True
1304.2469 	EXP 	unnamed Polygon: autoDraw = True
1304.2513 	EXP 	unnamed Polygon: autoDraw = True
1304.2637 	EXP 	unnamed Polygon: autoDraw = True
1304.2719 	EXP 	unnamed Polygon: autoDraw = True
1304.2756 	EXP 	unnamed Polygon: autoDraw = True
1304.2888 	EXP 	unnamed Polygon: autoDraw = True
1304.2969 	EXP 	unnamed Polygon: autoDraw = True
1304.3009 	EXP 	unnamed Polygon: autoDraw = True
1304.3138 	EXP 	unnamed Polygon: autoDraw = True
1304.3221 	EXP 	unnamed Polygon: autoDraw = True
1304.3266 	EXP 	unnamed Polygon: autoDraw = True
1304.3388 	EXP 	unnamed Polygon: autoDraw = True
1304.3470 	EXP 	unnamed Polygon: autoDraw = True
1304.3512 	EXP 	unnamed Polygon: autoDraw = True
1304.3638 	EXP 	unnamed Polygon: autoDraw = True
1304.3715 	EXP 	unnamed Polygon: autoDraw = False
1304.3908 	DATA 	Keypress: 1
1305.8317 	EXP 	trial_feedback: height = 0.09
1305.8317 	EXP 	trial_feedback: height = 0.09
1305.8317 	EXP 	trial_feedback: height = 0.09
1305.8317 	EXP 	trial_feedback: text = 'Miss!\n-$0.00'
1305.8317 	EXP 	trial_feedback: autoDraw = True
1307.8218 	EXP 	trial_feedback: autoDraw = False
1307.8387 	EXP 	trial_feedback: autoDraw = False
1307.8387 	EXP 	exp_feedback: autoDraw = False
1316.1266 	EXP 	unnamed Polygon: autoDraw = True
1316.1266 	EXP 	unnamed Polygon: autoDraw = True
1316.1387 	EXP 	unnamed Polygon: autoDraw = True
1316.1469 	EXP 	unnamed Polygon: autoDraw = True
1316.1504 	EXP 	unnamed Polygon: autoDraw = True
1316.1637 	EXP 	unnamed Polygon: autoDraw = True
1316.1718 	EXP 	unnamed Polygon: autoDraw = True
1316.1764 	EXP 	unnamed Polygon: autoDraw = True
1316.1887 	EXP 	unnamed Polygon: autoDraw = True
1316.1969 	EXP 	unnamed Polygon: autoDraw = True
1316.2012 	EXP 	unnamed Polygon: autoDraw = True
1316.2137 	EXP 	unnamed Polygon: autoDraw = True
1316.2219 	EXP 	unnamed Polygon: autoDraw = True
1316.2264 	EXP 	unnamed Polygon: autoDraw = True
1316.2387 	EXP 	unnamed Polygon: autoDraw = True
1316.2468 	EXP 	unnamed Polygon: autoDraw = True
1316.2513 	EXP 	unnamed Polygon: autoDraw = True
1316.2637 	EXP 	unnamed Polygon: autoDraw = True
1316.2718 	EXP 	unnamed Polygon: autoDraw = True
1316.2753 	EXP 	unnamed Polygon: autoDraw = True
1316.2887 	EXP 	unnamed Polygon: autoDraw = True
1316.2969 	EXP 	unnamed Polygon: autoDraw = True
1316.3053 	EXP 	unnamed Polygon: autoDraw = False
1316.3252 	DATA 	Keypress: 1
1317.8799 	EXP 	trial_feedback: height = 0.09
1317.8799 	EXP 	trial_feedback: height = 0.09
1317.8799 	EXP 	trial_feedback: height = 0.09
1317.8799 	EXP 	trial_feedback: text = 'Miss!\n$0.00'
1317.8799 	EXP 	trial_feedback: autoDraw = True
1319.8764 	EXP 	trial_feedback: autoDraw = False
1319.8843 	EXP 	trial_feedback: autoDraw = False
1319.8843 	EXP 	exp_feedback: autoDraw = False
1326.3208 	EXP 	unnamed Polygon: autoDraw = True
1326.3208 	EXP 	unnamed Polygon: autoDraw = True
1326.3349 	EXP 	unnamed Polygon: autoDraw = True
1326.3515 	EXP 	unnamed Polygon: autoDraw = True
1326.3562 	EXP 	unnamed Polygon: autoDraw = True
1326.3677 	EXP 	unnamed Polygon: autoDraw = True
1326.3704 	EXP 	unnamed Polygon: autoDraw = True
1326.3846 	EXP 	unnamed Polygon: autoDraw = True
1326.3869 	EXP 	unnamed Polygon: autoDraw = True
1326.4018 	EXP 	unnamed Polygon: autoDraw = True
1326.4184 	EXP 	unnamed Polygon: autoDraw = True
1326.4348 	EXP 	unnamed Polygon: autoDraw = True
1326.4387 	EXP 	unnamed Polygon: autoDraw = True
1326.4516 	EXP 	unnamed Polygon: autoDraw = True
1326.4552 	EXP 	unnamed Polygon: autoDraw = True
1326.4680 	EXP 	unnamed Polygon: autoDraw = True
1326.4702 	EXP 	unnamed Polygon: autoDraw = True
1326.4851 	EXP 	unnamed Polygon: autoDraw = True
1326.5015 	EXP 	unnamed Polygon: autoDraw = True
1326.5050 	EXP 	unnamed Polygon: autoDraw = True
1326.5183 	EXP 	unnamed Polygon: autoDraw = True
1326.5208 	EXP 	unnamed Polygon: autoDraw = True
1326.5343 	EXP 	unnamed Polygon: autoDraw = True
1326.5372 	EXP 	unnamed Polygon: autoDraw = True
1326.5393 	DATA 	Keypress: 1
1326.5508 	EXP 	unnamed Polygon: autoDraw = True
1326.5537 	EXP 	unnamed Polygon: autoDraw = True
1326.5675 	EXP 	unnamed Polygon: autoDraw = True
1326.5700 	EXP 	unnamed Polygon: autoDraw = True
1326.5842 	EXP 	unnamed Polygon: autoDraw = True
1326.5865 	EXP 	unnamed Polygon: autoDraw = True
1326.6008 	EXP 	unnamed Polygon: autoDraw = True
1326.6036 	EXP 	unnamed Polygon: autoDraw = True
1326.6184 	EXP 	unnamed Polygon: autoDraw = True
1326.6208 	EXP 	unnamed Polygon: autoDraw = True
1326.6346 	EXP 	unnamed Polygon: autoDraw = True
1326.6372 	EXP 	unnamed Polygon: autoDraw = True
1326.6510 	EXP 	unnamed Polygon: autoDraw = True
1326.6552 	EXP 	unnamed Polygon: autoDraw = False
1328.0514 	EXP 	trial_feedback: height = 0.09
1328.0514 	EXP 	trial_feedback: height = 0.09
1328.0514 	EXP 	trial_feedback: height = 0.09
1328.0514 	EXP 	trial_feedback: text = 'Hit!\n$0.00'
1328.0514 	EXP 	trial_feedback: autoDraw = True
1330.0260 	EXP 	trial_feedback: autoDraw = False
1330.0428 	EXP 	trial_feedback: autoDraw = False
1330.0428 	EXP 	exp_feedback: autoDraw = False
1338.1403 	EXP 	unnamed Polygon: autoDraw = True
1338.1403 	EXP 	unnamed Polygon: autoDraw = True
1338.1460 	EXP 	unnamed Polygon: autoDraw = True
1338.1593 	EXP 	unnamed Polygon: autoDraw = True
1338.1675 	EXP 	unnamed Polygon: autoDraw = True
1338.1703 	EXP 	unnamed Polygon: autoDraw = True
1338.1843 	EXP 	unnamed Polygon: autoDraw = True
1338.1931 	EXP 	unnamed Polygon: autoDraw = True
1338.1965 	EXP 	unnamed Polygon: autoDraw = True
1338.2100 	EXP 	unnamed Polygon: autoDraw = True
1338.2182 	EXP 	unnamed Polygon: autoDraw = True
1338.2205 	EXP 	unnamed Polygon: autoDraw = True
1338.2344 	EXP 	unnamed Polygon: autoDraw = True
1338.2430 	EXP 	unnamed Polygon: autoDraw = True
1338.2465 	EXP 	unnamed Polygon: autoDraw = True
1338.2594 	EXP 	unnamed Polygon: autoDraw = True
1338.2677 	EXP 	unnamed Polygon: autoDraw = True
1338.2712 	EXP 	unnamed Polygon: autoDraw = True
1338.2847 	EXP 	unnamed Polygon: autoDraw = True
1338.2927 	EXP 	unnamed Polygon: autoDraw = True
1338.2970 	EXP 	unnamed Polygon: autoDraw = True
1338.3095 	EXP 	unnamed Polygon: autoDraw = True
1338.3177 	EXP 	unnamed Polygon: autoDraw = True
1338.3213 	EXP 	unnamed Polygon: autoDraw = True
1338.3346 	EXP 	unnamed Polygon: autoDraw = True
1338.3427 	EXP 	unnamed Polygon: autoDraw = True
1338.3460 	EXP 	unnamed Polygon: autoDraw = True
1338.3544 	EXP 	unnamed Polygon: autoDraw = False
1338.3567 	DATA 	Keypress: 1
1340.0877 	EXP 	trial_feedback: height = 0.09
1340.0877 	EXP 	trial_feedback: height = 0.09
1340.0877 	EXP 	trial_feedback: height = 0.09
1340.0877 	EXP 	trial_feedback: text = 'Miss!\n$0.00'
1340.0877 	EXP 	trial_feedback: autoDraw = True
1342.0845 	EXP 	trial_feedback: autoDraw = False
1342.0891 	EXP 	trial_feedback: autoDraw = False
1342.0891 	EXP 	exp_feedback: autoDraw = False
1350.3441 	EXP 	unnamed Polygon: autoDraw = True
1350.3441 	EXP 	unnamed Polygon: autoDraw = True
1350.3552 	EXP 	unnamed Polygon: autoDraw = True
1350.3636 	EXP 	unnamed Polygon: autoDraw = True
1350.3671 	EXP 	unnamed Polygon: autoDraw = True
1350.3730 	EXP 	unnamed Polygon: autoDraw = True
1350.3838 	EXP 	unnamed Polygon: autoDraw = True
1350.3970 	EXP 	unnamed Polygon: autoDraw = True
1350.4099 	EXP 	unnamed Polygon: autoDraw = True
1350.4219 	EXP 	unnamed Polygon: autoDraw = True
1350.4350 	EXP 	unnamed Polygon: autoDraw = True
1350.4470 	EXP 	unnamed Polygon: autoDraw = True
1350.4599 	EXP 	unnamed Polygon: autoDraw = True
1350.4720 	EXP 	unnamed Polygon: autoDraw = True
1350.4848 	EXP 	unnamed Polygon: autoDraw = True
1350.4977 	EXP 	unnamed Polygon: autoDraw = True
1350.5100 	EXP 	unnamed Polygon: autoDraw = True
1350.5228 	EXP 	unnamed Polygon: autoDraw = True
1350.5349 	EXP 	unnamed Polygon: autoDraw = True
1350.5472 	EXP 	unnamed Polygon: autoDraw = True
1350.5508 	DATA 	Keypress: 1
1350.5593 	EXP 	unnamed Polygon: autoDraw = True
1350.5719 	EXP 	unnamed Polygon: autoDraw = False
1352.1467 	EXP 	trial_feedback: height = 0.09
1352.1467 	EXP 	trial_feedback: height = 0.09
1352.1467 	EXP 	trial_feedback: height = 0.09
1352.1467 	EXP 	trial_feedback: text = 'Hit!\n$0.00'
1352.1467 	EXP 	trial_feedback: autoDraw = True
1354.1472 	EXP 	trial_feedback: autoDraw = False
1354.1472 	EXP 	exp_feedback: autoDraw = False
1362.4235 	EXP 	unnamed Polygon: autoDraw = True
1362.4235 	EXP 	unnamed Polygon: autoDraw = True
1362.4343 	EXP 	unnamed Polygon: autoDraw = True
1362.4427 	EXP 	unnamed Polygon: autoDraw = True
1362.4462 	EXP 	unnamed Polygon: autoDraw = True
1362.4529 	EXP 	unnamed Polygon: autoDraw = True
1362.4629 	EXP 	unnamed Polygon: autoDraw = True
1362.4760 	EXP 	unnamed Polygon: autoDraw = True
1362.4842 	EXP 	unnamed Polygon: autoDraw = True
1362.4862 	EXP 	unnamed Polygon: autoDraw = True
1362.5008 	EXP 	unnamed Polygon: autoDraw = True
1362.5094 	EXP 	unnamed Polygon: autoDraw = True
1362.5122 	EXP 	unnamed Polygon: autoDraw = True
1362.5266 	EXP 	unnamed Polygon: autoDraw = True
1362.5348 	EXP 	unnamed Polygon: autoDraw = True
1362.5375 	EXP 	unnamed Polygon: autoDraw = True
1362.5515 	EXP 	unnamed Polygon: autoDraw = True
1362.5593 	EXP 	unnamed Polygon: autoDraw = True
1362.5627 	EXP 	unnamed Polygon: autoDraw = True
1362.5762 	EXP 	unnamed Polygon: autoDraw = True
1362.5844 	EXP 	unnamed Polygon: autoDraw = True
1362.5876 	EXP 	unnamed Polygon: autoDraw = True
1362.6012 	EXP 	unnamed Polygon: autoDraw = True
1362.6094 	EXP 	unnamed Polygon: autoDraw = True
1362.6137 	EXP 	unnamed Polygon: autoDraw = True
1362.6262 	EXP 	unnamed Polygon: autoDraw = True
1362.6345 	EXP 	unnamed Polygon: autoDraw = True
1362.6380 	DATA 	Keypress: 1
1362.6424 	EXP 	unnamed Polygon: autoDraw = True
1362.6468 	EXP 	unnamed Polygon: autoDraw = True
1362.6594 	EXP 	unnamed Polygon: autoDraw = True
1362.6677 	EXP 	unnamed Polygon: autoDraw = True
1362.6709 	EXP 	unnamed Polygon: autoDraw = True
1362.6849 	EXP 	unnamed Polygon: autoDraw = True
1362.6930 	EXP 	unnamed Polygon: autoDraw = True
1362.6968 	EXP 	unnamed Polygon: autoDraw = True
1362.7102 	EXP 	unnamed Polygon: autoDraw = True
1362.7177 	EXP 	unnamed Polygon: autoDraw = True
1362.7204 	EXP 	unnamed Polygon: autoDraw = True
1362.7351 	EXP 	unnamed Polygon: autoDraw = True
1362.7429 	EXP 	unnamed Polygon: autoDraw = True
1362.7459 	EXP 	unnamed Polygon: autoDraw = True
1362.7596 	EXP 	unnamed Polygon: autoDraw = True
1362.7680 	EXP 	unnamed Polygon: autoDraw = False
1364.3096 	EXP 	trial_feedback: text = 'Hit!\n$0.00'
1364.3096 	EXP 	trial_feedback: autoDraw = True
1366.2967 	EXP 	trial_feedback: autoDraw = False
1366.3177 	EXP 	trial_feedback: autoDraw = False
1366.3177 	EXP 	exp_feedback: autoDraw = False
1377.6271 	DATA 	Keypress: return
1377.6272 	WARNING 	Total earnings: 19.5
