16.4680 	WARNING 	Monitor specification not found. Creating a temporary one...
16.4745 	WARNING 	Requested an unavailable screen number - using first available.
17.6027 	WARNING 	Couldn't measure a consistent frame rate!
  - Is your graphics card set to sync to vertical blank?
  - Are you running other processes on your computer?

17.6030 	EXP 	Created window1 = Window(allowGUI=True, allowStencil=False, autoLog=True, backendConf=UNKNOWN, backgroundFit=<method-wrapper '__getattribute__' of attributeSetter object at 0x17383ec50>, backgroundImage=<method-wrapper '__getattribute__' of attributeSetter object at 0x17383ecb0>, bitsMode=UNKNOWN, blendMode='avg', bpc=(8, 8, 8), color=array([-1, -1, -1]), colorSpace='rgb', depthBits=8, fullscr=False, gamma=None, gammaErrorPolicy='raise', infoMsg=UNKNOWN, lms=UNKNOWN, monitor=<psychopy.monitors.calibTools.Monitor object at 0x17381be20>, multiSample=False, name='window1', numSamples=2, pos=(464, 258), screen=2, size=array([1600, 1200]), stencilBits=0, stereo=False, title='PsychoPy', units='height', useFBO=False, useRetina=True, viewOri=0.0, viewPos=None, viewScale=None, waitBlanking=True, winType='pyglet')
17.6030 	EXP 	window1: backgroundImage = None
17.6030 	EXP 	window1: backgroundFit = 'cover'
17.6043 	EXP 	window1: Attempting to measure frame rate of screen (2) ...
17.6043 	EXP 	window1: recordFrameIntervals = False
17.6858 	EXP 	window1: recordFrameIntervals = True
18.5236 	WARNING 	Couldn't measure a consistent frame rate!
  - Is your graphics card set to sync to vertical blank?
  - Are you running other processes on your computer?

18.5484 	EXP 	Created unnamed TextStim = TextStim(__class__=<class 'psychopy.visual.text.TextStim'>, alignHoriz=method-wrapper(...), alignText='center', alignVert=method-wrapper(...), anchorHoriz='center', anchorVert='center', antialias=True, autoDraw=False, autoLog=True, bold=False, color=array([1., 1., 1.]), colorSpace='rgb', contrast=1.0, depth=0, draggable=False, flipHoriz=False, flipVert=False, font='', fontFiles=[], height=0.04, italic=False, languageStyle='LTR', name='unnamed TextStim', opacity=1.0, ori=0.0, pos=array([ 0.  , -0.25]), rgb=UNKNOWN, text='Press the button to continue.', units='height', win=Window(...), wrapWidth=1)
18.5501 	EXP 	Created unnamed TextStim = TextStim(__class__=<class 'psychopy.visual.text.TextStim'>, alignHoriz=method-wrapper(...), alignText='center', alignVert=method-wrapper(...), anchorHoriz='center', anchorVert='center', antialias=True, autoDraw=False, autoLog=True, bold=False, color=array([1., 1., 1.]), colorSpace='rgb', contrast=1.0, depth=0, draggable=False, flipHoriz=False, flipVert=False, font='', fontFiles=[], height=0.08, italic=False, languageStyle='LTR', name='unnamed TextStim', opacity=1.0, ori=0.0, pos=array([0., 0.]), rgb=UNKNOWN, text='+', units='height', win=Window(...), wrapWidth=1)
18.5539 	EXP 	Created unnamed TextStim = TextStim(__class__=<class 'psychopy.visual.text.TextStim'>, alignHoriz=method-wrapper(...), alignText='center', alignVert=method-wrapper(...), anchorHoriz='center', anchorVert='center', antialias=True, autoDraw=False, autoLog=True, bold=False, color=array([1., 1., 1.]), colorSpace='rgb', contrast=1.0, depth=0, draggable=False, flipHoriz=False, flipVert=False, font='', fontFiles=[], height=0.04, italic=False, languageStyle='LTR', name='unnamed TextStim', opacity=1.0, ori=0.0, pos=array([0., 0.]), rgb=UNKNOWN, text=str(...), units='height', win=Window(...), wrapWidth=0.8888888888888888)
18.5590 	EXP 	Created unnamed TextStim = TextStim(__class__=<class 'psychopy.visual.text.TextStim'>, alignHoriz=method-wrapper(...), alignText='center', alignVert=method-wrapper(...), anchorHoriz='center', anchorVert='center', antialias=True, autoDraw=False, autoLog=True, bold=False, color=array([1., 1., 1.]), colorSpace='rgb', contrast=1.0, depth=0, draggable=False, flipHoriz=False, flipVert=False, font='Arial', fontFiles=[], height=0.04, italic=False, languageStyle='LTR', name='unnamed TextStim', opacity=1.0, ori=0.0, pos=array([0. , 0.1]), rgb=UNKNOWN, text='Hello World', units='height', win=Window(...), wrapWidth=0.8888888888888888)
18.5658 	EXP 	Created unnamed TextStim = TextStim(__class__=<class 'psychopy.visual.text.TextStim'>, alignHoriz=method-wrapper(...), alignText='center', alignVert=method-wrapper(...), anchorHoriz='center', anchorVert='center', antialias=True, autoDraw=False, autoLog=True, bold=False, color=array([1., 1., 1.]), colorSpace='rgb', contrast=1.0, depth=0, draggable=False, flipHoriz=False, flipVert=False, font='', fontFiles=[], height=0.04, italic=False, languageStyle='LTR', name='unnamed TextStim', opacity=1.0, ori=0.0, pos=array([0., 0.]), rgb=UNKNOWN, text=str(...), units='height', win=Window(...), wrapWidth=0.8888888888888888)
18.5682 	EXP 	Created unnamed TextStim = TextStim(__class__=<class 'psychopy.visual.text.TextStim'>, alignHoriz=method-wrapper(...), alignText='center', alignVert=method-wrapper(...), anchorHoriz='center', anchorVert='center', antialias=True, autoDraw=False, autoLog=True, bold=False, color=array([1., 1., 1.]), colorSpace='rgb', contrast=1.0, depth=0, draggable=False, flipHoriz=False, flipVert=False, font='', fontFiles=[], height=0.04, italic=False, languageStyle='LTR', name='unnamed TextStim', opacity=1.0, ori=0.0, pos=array([0., 0.]), rgb=UNKNOWN, text='The task will begin momentarily. Get ready...', units='height', win=Window(...), wrapWidth=1)
18.5700 	EXP 	Created unnamed TextStim = TextStim(__class__=<class 'psychopy.visual.text.TextStim'>, alignHoriz=method-wrapper(...), alignText='center', alignVert=method-wrapper(...), anchorHoriz='center', anchorVert='center', antialias=True, autoDraw=False, autoLog=True, bold=False, color=array([1., 1., 1.]), colorSpace='rgb', contrast=1.0, depth=0, draggable=False, flipHoriz=False, flipVert=False, font='', fontFiles=[], height=0.04, italic=False, languageStyle='LTR', name='unnamed TextStim', opacity=1.0, ori=0.0, pos=array([0., 0.]), rgb=UNKNOWN, text=str(...), units='height', win=Window(...), wrapWidth=0.8888888888888888)
18.5983 	EXP 	Created unnamed ImageStim = ImageStim(__class__=<class 'psychopy.visual.image.ImageStim'>, anchor=('center', 'center'), autoLog=True, color=array([1., 1., 1.]), colorSpace='rgb', contrast=1.0, depth=0, draggable=False, flipHoriz=False, flipVert=False, image='../stimuli/reward_low.png', interpolate=False, mask=None, maskParams=None, name='unnamed ImageStim', opacity=1, ori=0.0, pos=array([0., 0.]), size=array([0.3, 0.3]), texRes=128, units='height', win=Window(...))
18.6040 	EXP 	Created unnamed ImageStim = ImageStim(__class__=<class 'psychopy.visual.image.ImageStim'>, anchor=('center', 'center'), autoLog=True, color=array([1., 1., 1.]), colorSpace='rgb', contrast=1.0, depth=0, draggable=False, flipHoriz=False, flipVert=False, image='../stimuli/reward_high.png', interpolate=False, mask=None, maskParams=None, name='unnamed ImageStim', opacity=1, ori=0.0, pos=array([0., 0.]), size=array([0.3, 0.3]), texRes=128, units='height', win=Window(...))
18.6095 	EXP 	Created unnamed ImageStim = ImageStim(__class__=<class 'psychopy.visual.image.ImageStim'>, anchor=('center', 'center'), autoLog=True, color=array([1., 1., 1.]), colorSpace='rgb', contrast=1.0, depth=0, draggable=False, flipHoriz=False, flipVert=False, image='../stimuli/reward_neut.png', interpolate=False, mask=None, maskParams=None, name='unnamed ImageStim', opacity=1, ori=0.0, pos=array([0., 0.]), size=array([0.3, 0.3]), texRes=128, units='height', win=Window(...))
18.6148 	EXP 	Created unnamed ImageStim = ImageStim(__class__=<class 'psychopy.visual.image.ImageStim'>, anchor=('center', 'center'), autoLog=True, color=array([1., 1., 1.]), colorSpace='rgb', contrast=1.0, depth=0, draggable=False, flipHoriz=False, flipVert=False, image='../stimuli/loss_low.png', interpolate=False, mask=None, maskParams=None, name='unnamed ImageStim', opacity=1, ori=0.0, pos=array([0., 0.]), size=array([0.3, 0.3]), texRes=128, units='height', win=Window(...))
18.6197 	EXP 	Created unnamed ImageStim = ImageStim(__class__=<class 'psychopy.visual.image.ImageStim'>, anchor=('center', 'center'), autoLog=True, color=array([1., 1., 1.]), colorSpace='rgb', contrast=1.0, depth=0, draggable=False, flipHoriz=False, flipVert=False, image='../stimuli/loss_high.png', interpolate=False, mask=None, maskParams=None, name='unnamed ImageStim', opacity=1, ori=0.0, pos=array([0., 0.]), size=array([0.3, 0.3]), texRes=128, units='height', win=Window(...))
18.6245 	EXP 	Created unnamed ImageStim = ImageStim(__class__=<class 'psychopy.visual.image.ImageStim'>, anchor=('center', 'center'), autoLog=True, color=array([1., 1., 1.]), colorSpace='rgb', contrast=1.0, depth=0, draggable=False, flipHoriz=False, flipVert=False, image='../stimuli/loss_neut.png', interpolate=False, mask=None, maskParams=None, name='unnamed ImageStim', opacity=1, ori=0.0, pos=array([0., 0.]), size=array([0.3, 0.3]), texRes=128, units='height', win=Window(...))
18.6265 	EXP 	Created unnamed Polygon = Polygon(__class__=<class 'psychopy.visual.polygon.Polygon'>, anchor=('center', 'center'), autoDraw=False, autoLog=True, closeShape=True, color=method-wrapper(...), colorSpace='rgb', contrast=None, depth=0, draggable=False, fillColor=array([1, 1, 1]), fillColorSpace='rgb', fillRGB=array([1, 1, 1]), interpolate=True, lineColor=array([1., 1., 1.]), lineColorSpace='rgb', lineRGB=array([1, 1, 1]), lineWidth=1.5, name='unnamed Polygon', opacity=1, ori=0.0, pos=array([0., 0.]), size=array([1., 1.]), units='height', vertices=ndarray(...), win=Window(...))
18.6293 	EXP 	Created trial_feedback = TextStim(__class__=<class 'psychopy.visual.text.TextStim'>, alignHoriz=method-wrapper(...), alignText='center', alignVert=method-wrapper(...), anchorHoriz='center', anchorVert='center', antialias=True, autoDraw=False, autoLog=True, bold=False, color=array([1., 1., 1.]), colorSpace='rgb', contrast=1.0, depth=0, draggable=False, flipHoriz=False, flipVert=False, font='Arial', fontFiles=[], height=0.09, italic=False, languageStyle='LTR', name='trial_feedback', opacity=1, ori=0, pos=array([0., 0.]), rgb=UNKNOWN, text='Trial:', units='height', win=Window(...), wrapWidth=1)
18.6315 	EXP 	Created exp_feedback = TextStim(__class__=<class 'psychopy.visual.text.TextStim'>, alignHoriz=method-wrapper(...), alignText='center', alignVert=method-wrapper(...), anchorHoriz='center', anchorVert='center', antialias=True, autoDraw=False, autoLog=True, bold=False, color=array([1., 1., 1.]), colorSpace='rgb', contrast=1.0, depth=0, draggable=False, flipHoriz=False, flipVert=False, font='Arial', fontFiles=[], height=0.09, italic=False, languageStyle='LTR', name='exp_feedback', opacity=1, ori=0, pos=array([ 0.    , -0.0625]), rgb=UNKNOWN, text='Total:', units='height', win=Window(...), wrapWidth=1)
18.6351 	EXP 	Created unnamed TextStim = TextStim(__class__=<class 'psychopy.visual.text.TextStim'>, alignHoriz=method-wrapper(...), alignText='center', alignVert=method-wrapper(...), anchorHoriz='center', anchorVert='center', antialias=True, autoDraw=False, autoLog=True, bold=False, color=array([1., 1., 1.]), colorSpace='rgb', contrast=1.0, depth=0, draggable=False, flipHoriz=False, flipVert=False, font='', fontFiles=[], height=0.04, italic=False, languageStyle='LTR', name='unnamed TextStim', opacity=1.0, ori=0.0, pos=array([0., 0.]), rgb=UNKNOWN, text=str(...), units='height', win=Window(...), wrapWidth=1)
18.6365 	EXP 	Created unnamed TextStim = TextStim(__class__=<class 'psychopy.visual.text.TextStim'>, alignHoriz=method-wrapper(...), alignText='center', alignVert=method-wrapper(...), anchorHoriz='center', anchorVert='center', antialias=True, autoDraw=False, autoLog=True, bold=False, color=array([1., 1., 1.]), colorSpace='rgb', contrast=1.0, depth=0, draggable=False, flipHoriz=False, flipVert=False, font='', fontFiles=[], height=0.04, italic=False, languageStyle='LTR', name='unnamed TextStim', opacity=1.0, ori=0.0, pos=array([0., 0.]), rgb=UNKNOWN, text='Get ready', units='height', win=Window(...), wrapWidth=1)
18.6383 	EXP 	Created unnamed TextStim = TextStim(__class__=<class 'psychopy.visual.text.TextStim'>, alignHoriz=method-wrapper(...), alignText='center', alignVert=method-wrapper(...), anchorHoriz='center', anchorVert='center', antialias=True, autoDraw=False, autoLog=True, bold=False, color=array([1., 1., 1.]), colorSpace='rgb', contrast=1.0, depth=0, draggable=False, flipHoriz=False, flipVert=False, font='', fontFiles=[], height=0.04, italic=False, languageStyle='LTR', name='unnamed TextStim', opacity=1.0, ori=0.0, pos=array([0., 0.]), rgb=UNKNOWN, text='Please wait\n\n', units='height', win=Window(...), wrapWidth=1)
18.6978 	WARNING 	t of last frame was 174.41ms (=1/5)
28.7164 	EXP 	unnamed TextStim: height = 0.04
28.7164 	EXP 	unnamed TextStim: height = 0.04
28.7164 	EXP 	unnamed TextStim: height = 0.04
28.7164 	EXP 	unnamed TextStim: text = 'Welcome!'
29.9622 	DATA 	Keypress: 1
29.9843 	WARNING 	t of last frame was 1267.83ms (=1/0)
29.9843 	EXP 	unnamed TextStim: height = 0.04
29.9843 	EXP 	unnamed TextStim: height = 0.04
29.9843 	EXP 	unnamed TextStim: height = 0.04
29.9843 	EXP 	unnamed TextStim: text = 'First you will see a cross in the middle of the screen, like this:\n\n+\n\nThis means you should focus on the screen and get ready to play. '
30.4087 	DATA 	Keypress: 1
30.4160 	EXP 	Created unnamed Polygon = Polygon(__class__=<class 'psychopy.visual.polygon.Polygon'>, anchor=('center', 'center'), autoDraw=False, autoLog=True, closeShape=True, color=method-wrapper(...), colorSpace='rgb', contrast=None, depth=0, draggable=False, fillColor=array([1, 1, 1]), fillColorSpace='rgb', fillRGB=array([1, 1, 1]), interpolate=True, lineColor=array([1., 1., 1.]), lineColorSpace='rgb', lineRGB=array([1, 1, 1]), lineWidth=1.5, name='unnamed Polygon', opacity=1, ori=0.0, pos=array([0. , 0.1]), size=array([1., 1.]), units='height', vertices=ndarray(...), win=Window(...))
30.4255 	WARNING 	t of last frame was 441.25ms (=1/2)
30.4255 	EXP 	unnamed TextStim: height = 0.04
30.4255 	EXP 	unnamed TextStim: height = 0.04
30.4255 	EXP 	unnamed TextStim: height = 0.04
30.4255 	EXP 	unnamed TextStim: text = 'Next, a small solid WHITE TRIANGLE will appear on the screen:\n\n \n\n \n\n \n\nPress the button as fast as you can when you see the solid white triangle. '
30.7417 	DATA 	Keypress: 1
30.7783 	WARNING 	t of last frame was 352.75ms (=1/2)
30.7783 	EXP 	unnamed TextStim: height = 0.04
30.7783 	EXP 	unnamed TextStim: height = 0.04
30.7783 	EXP 	unnamed TextStim: height = 0.04
30.7783 	EXP 	unnamed TextStim: text = 'Any Questions?\n\nPlease ask them now.'
30.9946 	DATA 	Keypress: 1
30.9971 	WARNING 	Multiple dropped frames have occurred - I'll stop bothering you about them!
31.2105 	DATA 	Keypress: 1
31.7825 	DATA 	Keypress: return
33.4730 	DATA 	Keypress: equal
38.4966 	EXP 	unnamed Polygon: autoDraw = True
38.4966 	EXP 	unnamed Polygon: autoDraw = True
38.5109 	EXP 	unnamed Polygon: autoDraw = True
38.5194 	EXP 	unnamed Polygon: autoDraw = True
38.5217 	EXP 	unnamed Polygon: autoDraw = True
38.5361 	EXP 	unnamed Polygon: autoDraw = True
38.5443 	EXP 	unnamed Polygon: autoDraw = True
38.5471 	EXP 	unnamed Polygon: autoDraw = True
38.5611 	EXP 	unnamed Polygon: autoDraw = True
38.5693 	EXP 	unnamed Polygon: autoDraw = True
38.5717 	EXP 	unnamed Polygon: autoDraw = True
38.5861 	EXP 	unnamed Polygon: autoDraw = True
38.5943 	EXP 	unnamed Polygon: autoDraw = True
38.5965 	EXP 	unnamed Polygon: autoDraw = True
38.6111 	EXP 	unnamed Polygon: autoDraw = True
38.6193 	EXP 	unnamed Polygon: autoDraw = True
38.6215 	EXP 	unnamed Polygon: autoDraw = True
38.6360 	EXP 	unnamed Polygon: autoDraw = True
38.6443 	EXP 	unnamed Polygon: autoDraw = True
38.6466 	EXP 	unnamed Polygon: autoDraw = True
38.6610 	EXP 	unnamed Polygon: autoDraw = True
38.6695 	EXP 	unnamed Polygon: autoDraw = True
38.6725 	EXP 	unnamed Polygon: autoDraw = True
38.6861 	EXP 	unnamed Polygon: autoDraw = True
38.6944 	EXP 	unnamed Polygon: autoDraw = True
38.6974 	EXP 	unnamed Polygon: autoDraw = True
38.7113 	EXP 	unnamed Polygon: autoDraw = True
38.7195 	EXP 	unnamed Polygon: autoDraw = True
38.7227 	EXP 	unnamed Polygon: autoDraw = True
38.7360 	EXP 	unnamed Polygon: autoDraw = True
38.7443 	EXP 	unnamed Polygon: autoDraw = True
38.7468 	EXP 	unnamed Polygon: autoDraw = True
38.7610 	EXP 	unnamed Polygon: autoDraw = True
38.7694 	EXP 	unnamed Polygon: autoDraw = True
38.7717 	EXP 	unnamed Polygon: autoDraw = True
38.7862 	EXP 	unnamed Polygon: autoDraw = True
38.7946 	EXP 	unnamed Polygon: autoDraw = True
38.7974 	EXP 	unnamed Polygon: autoDraw = True
38.8114 	EXP 	unnamed Polygon: autoDraw = True
38.8195 	EXP 	unnamed Polygon: autoDraw = True
38.8225 	EXP 	unnamed Polygon: autoDraw = True
38.8362 	EXP 	unnamed Polygon: autoDraw = True
38.8447 	EXP 	unnamed Polygon: autoDraw = True
38.8476 	DATA 	Keypress: 1
38.8501 	EXP 	unnamed Polygon: autoDraw = True
38.8611 	EXP 	unnamed Polygon: autoDraw = True
38.8695 	EXP 	unnamed Polygon: autoDraw = True
38.8721 	EXP 	unnamed Polygon: autoDraw = True
38.8861 	EXP 	unnamed Polygon: autoDraw = True
38.8944 	EXP 	unnamed Polygon: autoDraw = True
38.8972 	EXP 	unnamed Polygon: autoDraw = True
38.9113 	EXP 	unnamed Polygon: autoDraw = True
38.9197 	EXP 	unnamed Polygon: autoDraw = True
38.9225 	EXP 	unnamed Polygon: autoDraw = True
38.9362 	EXP 	unnamed Polygon: autoDraw = True
38.9445 	EXP 	unnamed Polygon: autoDraw = True
38.9475 	EXP 	unnamed Polygon: autoDraw = True
38.9611 	EXP 	unnamed Polygon: autoDraw = True
38.9694 	EXP 	unnamed Polygon: autoDraw = True
38.9734 	EXP 	unnamed Polygon: autoDraw = True
38.9861 	EXP 	unnamed Polygon: autoDraw = True
38.9944 	EXP 	unnamed Polygon: autoDraw = True
39.0006 	EXP 	unnamed Polygon: autoDraw = False
48.6787 	EXP 	unnamed Polygon: autoDraw = True
48.6787 	EXP 	unnamed Polygon: autoDraw = True
48.6944 	EXP 	unnamed Polygon: autoDraw = True
48.7028 	EXP 	unnamed Polygon: autoDraw = True
48.7049 	EXP 	unnamed Polygon: autoDraw = True
48.7195 	EXP 	unnamed Polygon: autoDraw = True
48.7279 	EXP 	unnamed Polygon: autoDraw = True
48.7303 	EXP 	unnamed Polygon: autoDraw = True
48.7447 	EXP 	unnamed Polygon: autoDraw = True
48.7529 	EXP 	unnamed Polygon: autoDraw = True
48.7558 	EXP 	unnamed Polygon: autoDraw = True
48.7696 	EXP 	unnamed Polygon: autoDraw = True
48.7778 	EXP 	unnamed Polygon: autoDraw = True
48.7808 	EXP 	unnamed Polygon: autoDraw = True
48.7946 	EXP 	unnamed Polygon: autoDraw = True
48.8029 	EXP 	unnamed Polygon: autoDraw = True
48.8058 	EXP 	unnamed Polygon: autoDraw = True
48.8197 	EXP 	unnamed Polygon: autoDraw = True
48.8278 	EXP 	unnamed Polygon: autoDraw = True
48.8306 	EXP 	unnamed Polygon: autoDraw = True
48.8446 	EXP 	unnamed Polygon: autoDraw = True
48.8527 	EXP 	unnamed Polygon: autoDraw = True
48.8555 	EXP 	unnamed Polygon: autoDraw = True
48.8695 	EXP 	unnamed Polygon: autoDraw = True
48.8778 	EXP 	unnamed Polygon: autoDraw = True
48.8807 	EXP 	unnamed Polygon: autoDraw = True
48.8944 	EXP 	unnamed Polygon: autoDraw = True
48.9027 	EXP 	unnamed Polygon: autoDraw = True
48.9050 	DATA 	Keypress: 1
48.9082 	EXP 	unnamed Polygon: autoDraw = True
48.9195 	EXP 	unnamed Polygon: autoDraw = True
48.9279 	EXP 	unnamed Polygon: autoDraw = True
48.9309 	EXP 	unnamed Polygon: autoDraw = True
48.9447 	EXP 	unnamed Polygon: autoDraw = True
48.9528 	EXP 	unnamed Polygon: autoDraw = True
48.9554 	EXP 	unnamed Polygon: autoDraw = True
48.9695 	EXP 	unnamed Polygon: autoDraw = True
48.9779 	EXP 	unnamed Polygon: autoDraw = True
48.9810 	EXP 	unnamed Polygon: autoDraw = True
48.9950 	EXP 	unnamed Polygon: autoDraw = True
49.0028 	EXP 	unnamed Polygon: autoDraw = True
49.0054 	EXP 	unnamed Polygon: autoDraw = True
49.0194 	EXP 	unnamed Polygon: autoDraw = True
49.0277 	EXP 	unnamed Polygon: autoDraw = True
49.0300 	EXP 	unnamed Polygon: autoDraw = True
49.0446 	EXP 	unnamed Polygon: autoDraw = True
49.0528 	EXP 	unnamed Polygon: autoDraw = True
49.0555 	EXP 	unnamed Polygon: autoDraw = True
49.0696 	EXP 	unnamed Polygon: autoDraw = True
49.0779 	EXP 	unnamed Polygon: autoDraw = True
49.0810 	EXP 	unnamed Polygon: autoDraw = True
49.0944 	EXP 	unnamed Polygon: autoDraw = True
49.1027 	EXP 	unnamed Polygon: autoDraw = True
49.1059 	EXP 	unnamed Polygon: autoDraw = True
49.1197 	EXP 	unnamed Polygon: autoDraw = True
49.1279 	EXP 	unnamed Polygon: autoDraw = True
49.1318 	EXP 	unnamed Polygon: autoDraw = True
49.1445 	EXP 	unnamed Polygon: autoDraw = True
49.1528 	EXP 	unnamed Polygon: autoDraw = True
49.1551 	EXP 	unnamed Polygon: autoDraw = True
49.1697 	EXP 	unnamed Polygon: autoDraw = True
49.1779 	EXP 	unnamed Polygon: autoDraw = True
49.1827 	EXP 	unnamed Polygon: autoDraw = False
58.9903 	EXP 	unnamed Polygon: autoDraw = True
58.9903 	EXP 	unnamed Polygon: autoDraw = True
59.0026 	EXP 	unnamed Polygon: autoDraw = True
59.0157 	EXP 	unnamed Polygon: autoDraw = True
59.0282 	EXP 	unnamed Polygon: autoDraw = True
59.0409 	EXP 	unnamed Polygon: autoDraw = True
59.0529 	EXP 	unnamed Polygon: autoDraw = True
59.0653 	EXP 	unnamed Polygon: autoDraw = True
59.0777 	EXP 	unnamed Polygon: autoDraw = True
59.0908 	EXP 	unnamed Polygon: autoDraw = True
59.1030 	EXP 	unnamed Polygon: autoDraw = True
59.1152 	EXP 	unnamed Polygon: autoDraw = True
59.1281 	EXP 	unnamed Polygon: autoDraw = True
59.1402 	EXP 	unnamed Polygon: autoDraw = True
59.1530 	EXP 	unnamed Polygon: autoDraw = True
59.1654 	EXP 	unnamed Polygon: autoDraw = True
59.1780 	EXP 	unnamed Polygon: autoDraw = True
59.1904 	EXP 	unnamed Polygon: autoDraw = True
59.2030 	EXP 	unnamed Polygon: autoDraw = True
59.2154 	EXP 	unnamed Polygon: autoDraw = True
59.2279 	EXP 	unnamed Polygon: autoDraw = True
59.2301 	DATA 	Keypress: 1
59.2403 	EXP 	unnamed Polygon: autoDraw = True
59.2529 	EXP 	unnamed Polygon: autoDraw = True
59.2655 	EXP 	unnamed Polygon: autoDraw = True
59.2780 	EXP 	unnamed Polygon: autoDraw = True
59.2904 	EXP 	unnamed Polygon: autoDraw = True
59.3028 	EXP 	unnamed Polygon: autoDraw = True
59.3154 	EXP 	unnamed Polygon: autoDraw = True
59.3278 	EXP 	unnamed Polygon: autoDraw = True
59.3405 	EXP 	unnamed Polygon: autoDraw = True
59.3528 	EXP 	unnamed Polygon: autoDraw = True
59.3653 	EXP 	unnamed Polygon: autoDraw = True
59.3778 	EXP 	unnamed Polygon: autoDraw = True
59.3903 	EXP 	unnamed Polygon: autoDraw = True
59.4028 	EXP 	unnamed Polygon: autoDraw = True
59.4153 	EXP 	unnamed Polygon: autoDraw = True
59.4278 	EXP 	unnamed Polygon: autoDraw = True
59.4406 	EXP 	unnamed Polygon: autoDraw = True
59.4529 	EXP 	unnamed Polygon: autoDraw = True
59.4655 	EXP 	unnamed Polygon: autoDraw = True
59.4778 	EXP 	unnamed Polygon: autoDraw = True
59.4905 	EXP 	unnamed Polygon: autoDraw = True
59.5028 	EXP 	unnamed Polygon: autoDraw = False
67.2674 	EXP 	unnamed Polygon: autoDraw = True
67.2674 	EXP 	unnamed Polygon: autoDraw = True
67.2820 	EXP 	unnamed Polygon: autoDraw = True
67.2903 	EXP 	unnamed Polygon: autoDraw = True
67.2927 	EXP 	unnamed Polygon: autoDraw = True
67.3071 	EXP 	unnamed Polygon: autoDraw = True
67.3154 	EXP 	unnamed Polygon: autoDraw = True
67.3183 	EXP 	unnamed Polygon: autoDraw = True
67.3321 	EXP 	unnamed Polygon: autoDraw = True
67.3402 	EXP 	unnamed Polygon: autoDraw = True
67.3426 	EXP 	unnamed Polygon: autoDraw = True
67.3571 	EXP 	unnamed Polygon: autoDraw = True
67.3654 	EXP 	unnamed Polygon: autoDraw = True
67.3682 	EXP 	unnamed Polygon: autoDraw = True
67.3821 	EXP 	unnamed Polygon: autoDraw = True
67.3904 	EXP 	unnamed Polygon: autoDraw = True
67.3934 	EXP 	unnamed Polygon: autoDraw = True
67.4071 	EXP 	unnamed Polygon: autoDraw = True
67.4153 	EXP 	unnamed Polygon: autoDraw = True
67.4178 	EXP 	unnamed Polygon: autoDraw = True
67.4322 	EXP 	unnamed Polygon: autoDraw = True
67.4403 	EXP 	unnamed Polygon: autoDraw = True
67.4429 	EXP 	unnamed Polygon: autoDraw = True
67.4570 	EXP 	unnamed Polygon: autoDraw = True
67.4653 	EXP 	unnamed Polygon: autoDraw = True
67.4684 	EXP 	unnamed Polygon: autoDraw = True
67.4821 	EXP 	unnamed Polygon: autoDraw = True
67.4902 	EXP 	unnamed Polygon: autoDraw = True
67.4928 	EXP 	unnamed Polygon: autoDraw = True
67.5069 	EXP 	unnamed Polygon: autoDraw = True
67.5152 	EXP 	unnamed Polygon: autoDraw = True
67.5176 	EXP 	unnamed Polygon: autoDraw = True
67.5320 	EXP 	unnamed Polygon: autoDraw = True
67.5346 	DATA 	Keypress: 1
67.5399 	EXP 	unnamed Polygon: autoDraw = True
67.5426 	EXP 	unnamed Polygon: autoDraw = True
67.5570 	EXP 	unnamed Polygon: autoDraw = True
67.5652 	EXP 	unnamed Polygon: autoDraw = True
67.5678 	EXP 	unnamed Polygon: autoDraw = True
67.5821 	EXP 	unnamed Polygon: autoDraw = True
67.5902 	EXP 	unnamed Polygon: autoDraw = True
67.5925 	EXP 	unnamed Polygon: autoDraw = True
67.6070 	EXP 	unnamed Polygon: autoDraw = True
67.6152 	EXP 	unnamed Polygon: autoDraw = True
67.6173 	EXP 	unnamed Polygon: autoDraw = True
67.6319 	EXP 	unnamed Polygon: autoDraw = True
67.6402 	EXP 	unnamed Polygon: autoDraw = True
67.6423 	EXP 	unnamed Polygon: autoDraw = True
67.6569 	EXP 	unnamed Polygon: autoDraw = True
67.6651 	EXP 	unnamed Polygon: autoDraw = True
67.6673 	EXP 	unnamed Polygon: autoDraw = True
67.6819 	EXP 	unnamed Polygon: autoDraw = True
67.6902 	EXP 	unnamed Polygon: autoDraw = True
67.6924 	EXP 	unnamed Polygon: autoDraw = True
67.7070 	EXP 	unnamed Polygon: autoDraw = True
67.7151 	EXP 	unnamed Polygon: autoDraw = True
67.7175 	EXP 	unnamed Polygon: autoDraw = True
67.7320 	EXP 	unnamed Polygon: autoDraw = True
67.7402 	EXP 	unnamed Polygon: autoDraw = True
67.7451 	EXP 	unnamed Polygon: autoDraw = False
77.4841 	EXP 	unnamed Polygon: autoDraw = True
77.4841 	EXP 	unnamed Polygon: autoDraw = True
77.4987 	EXP 	unnamed Polygon: autoDraw = True
77.5068 	EXP 	unnamed Polygon: autoDraw = True
77.5091 	EXP 	unnamed Polygon: autoDraw = True
77.5237 	EXP 	unnamed Polygon: autoDraw = True
77.5320 	EXP 	unnamed Polygon: autoDraw = True
77.5345 	EXP 	unnamed Polygon: autoDraw = True
77.5486 	EXP 	unnamed Polygon: autoDraw = True
77.5569 	EXP 	unnamed Polygon: autoDraw = True
77.5590 	EXP 	unnamed Polygon: autoDraw = True
77.5742 	EXP 	unnamed Polygon: autoDraw = True
77.5823 	EXP 	unnamed Polygon: autoDraw = True
77.5862 	EXP 	unnamed Polygon: autoDraw = True
77.5990 	EXP 	unnamed Polygon: autoDraw = True
77.6070 	EXP 	unnamed Polygon: autoDraw = True
77.6099 	EXP 	unnamed Polygon: autoDraw = True
77.6239 	EXP 	unnamed Polygon: autoDraw = True
77.6321 	EXP 	unnamed Polygon: autoDraw = True
77.6347 	EXP 	unnamed Polygon: autoDraw = True
77.6489 	EXP 	unnamed Polygon: autoDraw = True
77.6571 	EXP 	unnamed Polygon: autoDraw = True
77.6597 	EXP 	unnamed Polygon: autoDraw = True
77.6738 	EXP 	unnamed Polygon: autoDraw = True
77.6821 	EXP 	unnamed Polygon: autoDraw = True
77.6848 	EXP 	unnamed Polygon: autoDraw = True
77.6987 	EXP 	unnamed Polygon: autoDraw = True
77.7010 	DATA 	Keypress: 1
77.7070 	EXP 	unnamed Polygon: autoDraw = True
77.7095 	EXP 	unnamed Polygon: autoDraw = True
77.7238 	EXP 	unnamed Polygon: autoDraw = True
77.7321 	EXP 	unnamed Polygon: autoDraw = True
77.7354 	EXP 	unnamed Polygon: autoDraw = True
77.7488 	EXP 	unnamed Polygon: autoDraw = True
77.7569 	EXP 	unnamed Polygon: autoDraw = True
77.7596 	EXP 	unnamed Polygon: autoDraw = True
77.7738 	EXP 	unnamed Polygon: autoDraw = True
77.7821 	EXP 	unnamed Polygon: autoDraw = True
77.7861 	EXP 	unnamed Polygon: autoDraw = True
77.7987 	EXP 	unnamed Polygon: autoDraw = True
77.8069 	EXP 	unnamed Polygon: autoDraw = True
77.8099 	EXP 	unnamed Polygon: autoDraw = True
77.8237 	EXP 	unnamed Polygon: autoDraw = True
77.8319 	EXP 	unnamed Polygon: autoDraw = True
77.8346 	EXP 	unnamed Polygon: autoDraw = True
77.8486 	EXP 	unnamed Polygon: autoDraw = True
77.8571 	EXP 	unnamed Polygon: autoDraw = True
77.8600 	EXP 	unnamed Polygon: autoDraw = True
77.8738 	EXP 	unnamed Polygon: autoDraw = True
77.8820 	EXP 	unnamed Polygon: autoDraw = True
77.8850 	EXP 	unnamed Polygon: autoDraw = True
77.8988 	EXP 	unnamed Polygon: autoDraw = True
77.9069 	EXP 	unnamed Polygon: autoDraw = True
77.9099 	EXP 	unnamed Polygon: autoDraw = True
77.9237 	EXP 	unnamed Polygon: autoDraw = True
77.9320 	EXP 	unnamed Polygon: autoDraw = True
77.9352 	EXP 	unnamed Polygon: autoDraw = True
77.9487 	EXP 	unnamed Polygon: autoDraw = True
77.9569 	EXP 	unnamed Polygon: autoDraw = True
77.9598 	EXP 	unnamed Polygon: autoDraw = True
77.9736 	EXP 	unnamed Polygon: autoDraw = True
77.9819 	EXP 	unnamed Polygon: autoDraw = True
77.9870 	EXP 	unnamed Polygon: autoDraw = False
85.7936 	EXP 	unnamed Polygon: autoDraw = True
85.7936 	EXP 	unnamed Polygon: autoDraw = True
85.7965 	EXP 	unnamed Polygon: autoDraw = True
85.8112 	EXP 	unnamed Polygon: autoDraw = True
85.8195 	EXP 	unnamed Polygon: autoDraw = True
85.8218 	EXP 	unnamed Polygon: autoDraw = True
85.8363 	EXP 	unnamed Polygon: autoDraw = True
85.8447 	EXP 	unnamed Polygon: autoDraw = True
85.8475 	EXP 	unnamed Polygon: autoDraw = True
85.8613 	EXP 	unnamed Polygon: autoDraw = True
85.8695 	EXP 	unnamed Polygon: autoDraw = True
85.8724 	EXP 	unnamed Polygon: autoDraw = True
85.8863 	EXP 	unnamed Polygon: autoDraw = True
85.8947 	EXP 	unnamed Polygon: autoDraw = True
85.8974 	EXP 	unnamed Polygon: autoDraw = True
85.9114 	EXP 	unnamed Polygon: autoDraw = True
85.9195 	EXP 	unnamed Polygon: autoDraw = True
85.9222 	EXP 	unnamed Polygon: autoDraw = True
85.9363 	EXP 	unnamed Polygon: autoDraw = True
85.9446 	EXP 	unnamed Polygon: autoDraw = True
85.9473 	EXP 	unnamed Polygon: autoDraw = True
85.9614 	EXP 	unnamed Polygon: autoDraw = True
85.9696 	EXP 	unnamed Polygon: autoDraw = True
85.9721 	EXP 	unnamed Polygon: autoDraw = True
85.9864 	EXP 	unnamed Polygon: autoDraw = True
85.9947 	EXP 	unnamed Polygon: autoDraw = True
85.9973 	EXP 	unnamed Polygon: autoDraw = True
86.0113 	EXP 	unnamed Polygon: autoDraw = True
86.0196 	EXP 	unnamed Polygon: autoDraw = True
86.0221 	EXP 	unnamed Polygon: autoDraw = True
86.0364 	EXP 	unnamed Polygon: autoDraw = True
86.0446 	EXP 	unnamed Polygon: autoDraw = True
86.0471 	EXP 	unnamed Polygon: autoDraw = True
86.0614 	EXP 	unnamed Polygon: autoDraw = True
86.0697 	EXP 	unnamed Polygon: autoDraw = True
86.0723 	EXP 	unnamed Polygon: autoDraw = True
86.0862 	EXP 	unnamed Polygon: autoDraw = True
86.0946 	EXP 	unnamed Polygon: autoDraw = True
86.0972 	EXP 	unnamed Polygon: autoDraw = True
86.1114 	EXP 	unnamed Polygon: autoDraw = True
86.1196 	EXP 	unnamed Polygon: autoDraw = True
86.1224 	EXP 	unnamed Polygon: autoDraw = True
86.1364 	EXP 	unnamed Polygon: autoDraw = True
86.1446 	EXP 	unnamed Polygon: autoDraw = True
86.1476 	EXP 	unnamed Polygon: autoDraw = True
86.1500 	DATA 	Keypress: 1
86.1612 	EXP 	unnamed Polygon: autoDraw = True
86.1696 	EXP 	unnamed Polygon: autoDraw = True
86.1724 	EXP 	unnamed Polygon: autoDraw = True
86.1863 	EXP 	unnamed Polygon: autoDraw = True
86.1947 	EXP 	unnamed Polygon: autoDraw = True
86.1977 	EXP 	unnamed Polygon: autoDraw = True
86.2113 	EXP 	unnamed Polygon: autoDraw = True
86.2196 	EXP 	unnamed Polygon: autoDraw = True
86.2227 	EXP 	unnamed Polygon: autoDraw = True
86.2364 	EXP 	unnamed Polygon: autoDraw = True
86.2447 	EXP 	unnamed Polygon: autoDraw = True
86.2478 	EXP 	unnamed Polygon: autoDraw = True
86.2613 	EXP 	unnamed Polygon: autoDraw = True
86.2696 	EXP 	unnamed Polygon: autoDraw = True
86.2750 	EXP 	unnamed Polygon: autoDraw = False
93.9447 	EXP 	unnamed Polygon: autoDraw = True
93.9447 	EXP 	unnamed Polygon: autoDraw = True
93.9614 	EXP 	unnamed Polygon: autoDraw = True
93.9697 	EXP 	unnamed Polygon: autoDraw = True
93.9724 	EXP 	unnamed Polygon: autoDraw = True
93.9864 	EXP 	unnamed Polygon: autoDraw = True
93.9946 	EXP 	unnamed Polygon: autoDraw = True
93.9968 	EXP 	unnamed Polygon: autoDraw = True
94.0114 	EXP 	unnamed Polygon: autoDraw = True
94.0196 	EXP 	unnamed Polygon: autoDraw = True
94.0228 	EXP 	unnamed Polygon: autoDraw = True
94.0362 	EXP 	unnamed Polygon: autoDraw = True
94.0445 	EXP 	unnamed Polygon: autoDraw = True
94.0470 	EXP 	unnamed Polygon: autoDraw = True
94.0613 	EXP 	unnamed Polygon: autoDraw = True
94.0697 	EXP 	unnamed Polygon: autoDraw = True
94.0724 	EXP 	unnamed Polygon: autoDraw = True
94.0864 	EXP 	unnamed Polygon: autoDraw = True
94.0947 	EXP 	unnamed Polygon: autoDraw = True
94.0978 	EXP 	unnamed Polygon: autoDraw = True
94.1113 	EXP 	unnamed Polygon: autoDraw = True
94.1197 	EXP 	unnamed Polygon: autoDraw = True
94.1229 	EXP 	unnamed Polygon: autoDraw = True
94.1364 	EXP 	unnamed Polygon: autoDraw = True
94.1447 	EXP 	unnamed Polygon: autoDraw = True
94.1477 	EXP 	unnamed Polygon: autoDraw = True
94.1613 	EXP 	unnamed Polygon: autoDraw = True
94.1696 	EXP 	unnamed Polygon: autoDraw = True
94.1728 	EXP 	unnamed Polygon: autoDraw = True
94.1863 	EXP 	unnamed Polygon: autoDraw = True
94.1946 	EXP 	unnamed Polygon: autoDraw = True
94.1975 	EXP 	unnamed Polygon: autoDraw = True
94.2113 	EXP 	unnamed Polygon: autoDraw = True
94.2140 	DATA 	Keypress: 1
94.2195 	EXP 	unnamed Polygon: autoDraw = True
94.2222 	EXP 	unnamed Polygon: autoDraw = True
94.2363 	EXP 	unnamed Polygon: autoDraw = True
94.2445 	EXP 	unnamed Polygon: autoDraw = True
94.2475 	EXP 	unnamed Polygon: autoDraw = True
94.2612 	EXP 	unnamed Polygon: autoDraw = True
94.2696 	EXP 	unnamed Polygon: autoDraw = True
94.2724 	EXP 	unnamed Polygon: autoDraw = True
94.2863 	EXP 	unnamed Polygon: autoDraw = True
94.2946 	EXP 	unnamed Polygon: autoDraw = True
94.2978 	EXP 	unnamed Polygon: autoDraw = True
94.3113 	EXP 	unnamed Polygon: autoDraw = True
94.3196 	EXP 	unnamed Polygon: autoDraw = True
94.3233 	EXP 	unnamed Polygon: autoDraw = True
94.3362 	EXP 	unnamed Polygon: autoDraw = True
94.3445 	EXP 	unnamed Polygon: autoDraw = True
94.3475 	EXP 	unnamed Polygon: autoDraw = True
94.3612 	EXP 	unnamed Polygon: autoDraw = True
94.3694 	EXP 	unnamed Polygon: autoDraw = True
94.3721 	EXP 	unnamed Polygon: autoDraw = True
94.3862 	EXP 	unnamed Polygon: autoDraw = True
94.3945 	EXP 	unnamed Polygon: autoDraw = True
94.3978 	EXP 	unnamed Polygon: autoDraw = True
94.4112 	EXP 	unnamed Polygon: autoDraw = True
94.4194 	EXP 	unnamed Polygon: autoDraw = True
94.4224 	EXP 	unnamed Polygon: autoDraw = True
94.4364 	EXP 	unnamed Polygon: autoDraw = False
100.1719 	EXP 	unnamed Polygon: autoDraw = True
100.1719 	EXP 	unnamed Polygon: autoDraw = True
100.1862 	EXP 	unnamed Polygon: autoDraw = True
100.1945 	EXP 	unnamed Polygon: autoDraw = True
100.1969 	EXP 	unnamed Polygon: autoDraw = True
100.2112 	EXP 	unnamed Polygon: autoDraw = True
100.2195 	EXP 	unnamed Polygon: autoDraw = True
100.2229 	EXP 	unnamed Polygon: autoDraw = True
100.2362 	EXP 	unnamed Polygon: autoDraw = True
100.2445 	EXP 	unnamed Polygon: autoDraw = True
100.2470 	EXP 	unnamed Polygon: autoDraw = True
100.2612 	EXP 	unnamed Polygon: autoDraw = True
100.2694 	EXP 	unnamed Polygon: autoDraw = True
100.2715 	EXP 	unnamed Polygon: autoDraw = True
100.2862 	EXP 	unnamed Polygon: autoDraw = True
100.2944 	EXP 	unnamed Polygon: autoDraw = True
100.2966 	EXP 	unnamed Polygon: autoDraw = True
100.3112 	EXP 	unnamed Polygon: autoDraw = True
100.3194 	EXP 	unnamed Polygon: autoDraw = True
100.3217 	EXP 	unnamed Polygon: autoDraw = True
100.3362 	EXP 	unnamed Polygon: autoDraw = True
100.3445 	EXP 	unnamed Polygon: autoDraw = True
100.3467 	EXP 	unnamed Polygon: autoDraw = True
100.3612 	EXP 	unnamed Polygon: autoDraw = True
100.3695 	EXP 	unnamed Polygon: autoDraw = True
100.3720 	EXP 	unnamed Polygon: autoDraw = True
100.3862 	EXP 	unnamed Polygon: autoDraw = True
100.3945 	EXP 	unnamed Polygon: autoDraw = True
100.3971 	EXP 	unnamed Polygon: autoDraw = True
100.4114 	EXP 	unnamed Polygon: autoDraw = True
100.4196 	EXP 	unnamed Polygon: autoDraw = True
100.4223 	EXP 	unnamed Polygon: autoDraw = True
100.4364 	EXP 	unnamed Polygon: autoDraw = True
100.4446 	EXP 	unnamed Polygon: autoDraw = True
100.4470 	EXP 	unnamed Polygon: autoDraw = True
100.4614 	EXP 	unnamed Polygon: autoDraw = True
100.4697 	EXP 	unnamed Polygon: autoDraw = True
100.4725 	EXP 	unnamed Polygon: autoDraw = True
100.4864 	EXP 	unnamed Polygon: autoDraw = True
100.4945 	EXP 	unnamed Polygon: autoDraw = True
100.4970 	EXP 	unnamed Polygon: autoDraw = True
100.5114 	EXP 	unnamed Polygon: autoDraw = True
100.5195 	EXP 	unnamed Polygon: autoDraw = True
100.5219 	DATA 	Keypress: 1
100.5243 	EXP 	unnamed Polygon: autoDraw = True
100.5363 	EXP 	unnamed Polygon: autoDraw = True
100.5446 	EXP 	unnamed Polygon: autoDraw = True
100.5473 	EXP 	unnamed Polygon: autoDraw = True
100.5614 	EXP 	unnamed Polygon: autoDraw = True
100.5696 	EXP 	unnamed Polygon: autoDraw = True
100.5725 	EXP 	unnamed Polygon: autoDraw = True
100.5864 	EXP 	unnamed Polygon: autoDraw = True
100.5947 	EXP 	unnamed Polygon: autoDraw = True
100.5980 	EXP 	unnamed Polygon: autoDraw = True
100.6114 	EXP 	unnamed Polygon: autoDraw = True
100.6196 	EXP 	unnamed Polygon: autoDraw = True
100.6225 	EXP 	unnamed Polygon: autoDraw = True
100.6363 	EXP 	unnamed Polygon: autoDraw = True
100.6445 	EXP 	unnamed Polygon: autoDraw = True
100.6471 	EXP 	unnamed Polygon: autoDraw = True
100.6614 	EXP 	unnamed Polygon: autoDraw = True
100.6695 	EXP 	unnamed Polygon: autoDraw = True
100.6757 	EXP 	unnamed Polygon: autoDraw = False
108.3445 	EXP 	unnamed Polygon: autoDraw = True
108.3445 	EXP 	unnamed Polygon: autoDraw = True
108.3571 	EXP 	unnamed Polygon: autoDraw = True
108.3697 	EXP 	unnamed Polygon: autoDraw = True
108.3820 	EXP 	unnamed Polygon: autoDraw = True
108.3948 	EXP 	unnamed Polygon: autoDraw = True
108.4070 	EXP 	unnamed Polygon: autoDraw = True
108.4199 	EXP 	unnamed Polygon: autoDraw = True
108.4322 	EXP 	unnamed Polygon: autoDraw = True
108.4447 	EXP 	unnamed Polygon: autoDraw = True
108.4570 	EXP 	unnamed Polygon: autoDraw = True
108.4696 	EXP 	unnamed Polygon: autoDraw = True
108.4820 	EXP 	unnamed Polygon: autoDraw = True
108.4947 	EXP 	unnamed Polygon: autoDraw = True
108.5069 	EXP 	unnamed Polygon: autoDraw = True
108.5196 	EXP 	unnamed Polygon: autoDraw = True
108.5320 	EXP 	unnamed Polygon: autoDraw = True
108.5446 	EXP 	unnamed Polygon: autoDraw = True
108.5570 	EXP 	unnamed Polygon: autoDraw = True
108.5696 	EXP 	unnamed Polygon: autoDraw = True
108.5820 	EXP 	unnamed Polygon: autoDraw = True
108.5948 	EXP 	unnamed Polygon: autoDraw = True
108.6072 	EXP 	unnamed Polygon: autoDraw = True
108.6196 	EXP 	unnamed Polygon: autoDraw = True
108.6220 	DATA 	Keypress: 1
108.6322 	EXP 	unnamed Polygon: autoDraw = True
108.6448 	EXP 	unnamed Polygon: autoDraw = True
108.6570 	EXP 	unnamed Polygon: autoDraw = True
108.6697 	EXP 	unnamed Polygon: autoDraw = True
108.6820 	EXP 	unnamed Polygon: autoDraw = True
108.6946 	EXP 	unnamed Polygon: autoDraw = True
108.7071 	EXP 	unnamed Polygon: autoDraw = True
108.7196 	EXP 	unnamed Polygon: autoDraw = True
108.7321 	EXP 	unnamed Polygon: autoDraw = True
108.7445 	EXP 	unnamed Polygon: autoDraw = True
108.7573 	EXP 	unnamed Polygon: autoDraw = True
108.7697 	EXP 	unnamed Polygon: autoDraw = True
108.7820 	EXP 	unnamed Polygon: autoDraw = True
108.7945 	EXP 	unnamed Polygon: autoDraw = True
108.8073 	EXP 	unnamed Polygon: autoDraw = True
108.8195 	EXP 	unnamed Polygon: autoDraw = True
108.8323 	EXP 	unnamed Polygon: autoDraw = False
118.5571 	EXP 	unnamed Polygon: autoDraw = True
118.5571 	EXP 	unnamed Polygon: autoDraw = True
118.5654 	EXP 	unnamed Polygon: autoDraw = True
118.5681 	EXP 	unnamed Polygon: autoDraw = True
118.5821 	EXP 	unnamed Polygon: autoDraw = True
118.5904 	EXP 	unnamed Polygon: autoDraw = True
118.5928 	EXP 	unnamed Polygon: autoDraw = True
118.6073 	EXP 	unnamed Polygon: autoDraw = True
118.6156 	EXP 	unnamed Polygon: autoDraw = True
118.6179 	EXP 	unnamed Polygon: autoDraw = True
118.6323 	EXP 	unnamed Polygon: autoDraw = True
118.6404 	EXP 	unnamed Polygon: autoDraw = True
118.6431 	EXP 	unnamed Polygon: autoDraw = True
118.6573 	EXP 	unnamed Polygon: autoDraw = True
118.6655 	EXP 	unnamed Polygon: autoDraw = True
118.6685 	EXP 	unnamed Polygon: autoDraw = True
118.6824 	EXP 	unnamed Polygon: autoDraw = True
118.6904 	EXP 	unnamed Polygon: autoDraw = True
118.6935 	EXP 	unnamed Polygon: autoDraw = True
118.7072 	EXP 	unnamed Polygon: autoDraw = True
118.7156 	EXP 	unnamed Polygon: autoDraw = True
118.7180 	EXP 	unnamed Polygon: autoDraw = True
118.7322 	EXP 	unnamed Polygon: autoDraw = True
118.7403 	EXP 	unnamed Polygon: autoDraw = True
118.7443 	EXP 	unnamed Polygon: autoDraw = True
118.7575 	EXP 	unnamed Polygon: autoDraw = True
118.7656 	EXP 	unnamed Polygon: autoDraw = True
118.7694 	EXP 	unnamed Polygon: autoDraw = True
118.7823 	EXP 	unnamed Polygon: autoDraw = True
118.7904 	EXP 	unnamed Polygon: autoDraw = True
118.7942 	EXP 	unnamed Polygon: autoDraw = True
118.8074 	EXP 	unnamed Polygon: autoDraw = True
118.8095 	DATA 	Keypress: 1
118.8154 	EXP 	unnamed Polygon: autoDraw = True
118.8180 	EXP 	unnamed Polygon: autoDraw = True
118.8321 	EXP 	unnamed Polygon: autoDraw = True
118.8406 	EXP 	unnamed Polygon: autoDraw = True
118.8435 	EXP 	unnamed Polygon: autoDraw = True
118.8572 	EXP 	unnamed Polygon: autoDraw = True
118.8654 	EXP 	unnamed Polygon: autoDraw = True
118.8680 	EXP 	unnamed Polygon: autoDraw = True
118.8823 	EXP 	unnamed Polygon: autoDraw = True
118.8906 	EXP 	unnamed Polygon: autoDraw = True
118.8936 	EXP 	unnamed Polygon: autoDraw = True
118.9073 	EXP 	unnamed Polygon: autoDraw = True
118.9154 	EXP 	unnamed Polygon: autoDraw = True
118.9181 	EXP 	unnamed Polygon: autoDraw = True
118.9321 	EXP 	unnamed Polygon: autoDraw = True
118.9402 	EXP 	unnamed Polygon: autoDraw = True
118.9429 	EXP 	unnamed Polygon: autoDraw = True
118.9570 	EXP 	unnamed Polygon: autoDraw = True
118.9654 	EXP 	unnamed Polygon: autoDraw = True
118.9685 	EXP 	unnamed Polygon: autoDraw = True
118.9823 	EXP 	unnamed Polygon: autoDraw = True
118.9904 	EXP 	unnamed Polygon: autoDraw = True
118.9933 	EXP 	unnamed Polygon: autoDraw = True
119.0072 	EXP 	unnamed Polygon: autoDraw = True
119.0155 	EXP 	unnamed Polygon: autoDraw = True
119.0189 	EXP 	unnamed Polygon: autoDraw = True
119.0321 	EXP 	unnamed Polygon: autoDraw = True
119.0404 	EXP 	unnamed Polygon: autoDraw = False
128.7929 	EXP 	unnamed Polygon: autoDraw = True
128.7929 	EXP 	unnamed Polygon: autoDraw = True
128.8071 	EXP 	unnamed Polygon: autoDraw = True
128.8154 	EXP 	unnamed Polygon: autoDraw = True
128.8179 	EXP 	unnamed Polygon: autoDraw = True
128.8322 	EXP 	unnamed Polygon: autoDraw = True
128.8405 	EXP 	unnamed Polygon: autoDraw = True
128.8432 	EXP 	unnamed Polygon: autoDraw = True
128.8572 	EXP 	unnamed Polygon: autoDraw = True
128.8655 	EXP 	unnamed Polygon: autoDraw = True
128.8680 	EXP 	unnamed Polygon: autoDraw = True
128.8824 	EXP 	unnamed Polygon: autoDraw = True
128.8905 	EXP 	unnamed Polygon: autoDraw = True
128.8936 	EXP 	unnamed Polygon: autoDraw = True
128.9076 	EXP 	unnamed Polygon: autoDraw = True
128.9155 	EXP 	unnamed Polygon: autoDraw = True
128.9184 	EXP 	unnamed Polygon: autoDraw = True
128.9320 	EXP 	unnamed Polygon: autoDraw = True
128.9403 	EXP 	unnamed Polygon: autoDraw = True
128.9429 	EXP 	unnamed Polygon: autoDraw = True
128.9571 	EXP 	unnamed Polygon: autoDraw = True
128.9654 	EXP 	unnamed Polygon: autoDraw = True
128.9677 	EXP 	unnamed Polygon: autoDraw = True
128.9821 	EXP 	unnamed Polygon: autoDraw = True
128.9903 	EXP 	unnamed Polygon: autoDraw = True
128.9926 	EXP 	unnamed Polygon: autoDraw = True
129.0073 	EXP 	unnamed Polygon: autoDraw = True
129.0098 	DATA 	Keypress: 1
129.0154 	EXP 	unnamed Polygon: autoDraw = True
129.0182 	EXP 	unnamed Polygon: autoDraw = True
129.0321 	EXP 	unnamed Polygon: autoDraw = True
129.0404 	EXP 	unnamed Polygon: autoDraw = True
129.0434 	EXP 	unnamed Polygon: autoDraw = True
129.0572 	EXP 	unnamed Polygon: autoDraw = True
129.0653 	EXP 	unnamed Polygon: autoDraw = True
129.0678 	EXP 	unnamed Polygon: autoDraw = True
129.0821 	EXP 	unnamed Polygon: autoDraw = True
129.0903 	EXP 	unnamed Polygon: autoDraw = True
129.0929 	EXP 	unnamed Polygon: autoDraw = True
129.1073 	EXP 	unnamed Polygon: autoDraw = True
129.1155 	EXP 	unnamed Polygon: autoDraw = True
129.1176 	EXP 	unnamed Polygon: autoDraw = True
129.1322 	EXP 	unnamed Polygon: autoDraw = True
129.1405 	EXP 	unnamed Polygon: autoDraw = True
129.1429 	EXP 	unnamed Polygon: autoDraw = True
129.1573 	EXP 	unnamed Polygon: autoDraw = True
129.1655 	EXP 	unnamed Polygon: autoDraw = True
129.1685 	EXP 	unnamed Polygon: autoDraw = True
129.1823 	EXP 	unnamed Polygon: autoDraw = True
129.1904 	EXP 	unnamed Polygon: autoDraw = True
129.1942 	EXP 	unnamed Polygon: autoDraw = True
129.2071 	EXP 	unnamed Polygon: autoDraw = True
129.2156 	EXP 	unnamed Polygon: autoDraw = True
129.2193 	EXP 	unnamed Polygon: autoDraw = True
129.2323 	EXP 	unnamed Polygon: autoDraw = True
129.2405 	EXP 	unnamed Polygon: autoDraw = True
129.2432 	EXP 	unnamed Polygon: autoDraw = True
129.2572 	EXP 	unnamed Polygon: autoDraw = True
129.2653 	EXP 	unnamed Polygon: autoDraw = True
129.2680 	EXP 	unnamed Polygon: autoDraw = True
129.2822 	EXP 	unnamed Polygon: autoDraw = False
135.0722 	EXP 	unnamed Polygon: autoDraw = True
135.0722 	EXP 	unnamed Polygon: autoDraw = True
135.0866 	EXP 	unnamed Polygon: autoDraw = True
135.0909 	EXP 	unnamed Polygon: autoDraw = True
135.1073 	EXP 	unnamed Polygon: autoDraw = True
135.1111 	EXP 	unnamed Polygon: autoDraw = True
135.1145 	EXP 	unnamed Polygon: autoDraw = True
135.1282 	EXP 	unnamed Polygon: autoDraw = True
135.1364 	EXP 	unnamed Polygon: autoDraw = True
135.1399 	EXP 	unnamed Polygon: autoDraw = True
135.1532 	EXP 	unnamed Polygon: autoDraw = True
135.1613 	EXP 	unnamed Polygon: autoDraw = True
135.1649 	EXP 	unnamed Polygon: autoDraw = True
135.1782 	EXP 	unnamed Polygon: autoDraw = True
135.1864 	EXP 	unnamed Polygon: autoDraw = True
135.1898 	EXP 	unnamed Polygon: autoDraw = True
135.2033 	EXP 	unnamed Polygon: autoDraw = True
135.2113 	EXP 	unnamed Polygon: autoDraw = True
135.2146 	EXP 	unnamed Polygon: autoDraw = True
135.2281 	EXP 	unnamed Polygon: autoDraw = True
135.2364 	EXP 	unnamed Polygon: autoDraw = True
135.2398 	EXP 	unnamed Polygon: autoDraw = True
135.2532 	EXP 	unnamed Polygon: autoDraw = True
135.2614 	EXP 	unnamed Polygon: autoDraw = True
135.2651 	EXP 	unnamed Polygon: autoDraw = True
135.2782 	EXP 	unnamed Polygon: autoDraw = True
135.2863 	EXP 	unnamed Polygon: autoDraw = True
135.2898 	EXP 	unnamed Polygon: autoDraw = True
135.3032 	EXP 	unnamed Polygon: autoDraw = True
135.3113 	EXP 	unnamed Polygon: autoDraw = True
135.3142 	EXP 	unnamed Polygon: autoDraw = True
135.3282 	EXP 	unnamed Polygon: autoDraw = True
135.3364 	EXP 	unnamed Polygon: autoDraw = True
135.3403 	EXP 	unnamed Polygon: autoDraw = True
135.3531 	EXP 	unnamed Polygon: autoDraw = True
135.3615 	EXP 	unnamed Polygon: autoDraw = True
135.3653 	EXP 	unnamed Polygon: autoDraw = True
135.3782 	EXP 	unnamed Polygon: autoDraw = True
135.3816 	DATA 	Keypress: 1
135.3861 	EXP 	unnamed Polygon: autoDraw = True
135.3890 	EXP 	unnamed Polygon: autoDraw = True
135.4032 	EXP 	unnamed Polygon: autoDraw = True
135.4117 	EXP 	unnamed Polygon: autoDraw = True
135.4148 	EXP 	unnamed Polygon: autoDraw = True
135.4282 	EXP 	unnamed Polygon: autoDraw = True
135.4363 	EXP 	unnamed Polygon: autoDraw = True
135.4400 	EXP 	unnamed Polygon: autoDraw = True
135.4530 	EXP 	unnamed Polygon: autoDraw = True
135.4614 	EXP 	unnamed Polygon: autoDraw = True
135.4646 	EXP 	unnamed Polygon: autoDraw = True
135.4782 	EXP 	unnamed Polygon: autoDraw = True
135.4864 	EXP 	unnamed Polygon: autoDraw = True
135.4900 	EXP 	unnamed Polygon: autoDraw = True
135.5036 	EXP 	unnamed Polygon: autoDraw = True
135.5114 	EXP 	unnamed Polygon: autoDraw = True
135.5149 	EXP 	unnamed Polygon: autoDraw = True
135.5282 	EXP 	unnamed Polygon: autoDraw = True
135.5363 	EXP 	unnamed Polygon: autoDraw = True
135.5392 	EXP 	unnamed Polygon: autoDraw = True
135.5533 	EXP 	unnamed Polygon: autoDraw = True
135.5617 	EXP 	unnamed Polygon: autoDraw = False
145.2661 	EXP 	unnamed Polygon: autoDraw = True
145.2661 	EXP 	unnamed Polygon: autoDraw = True
145.2737 	EXP 	unnamed Polygon: autoDraw = True
145.2757 	EXP 	unnamed Polygon: autoDraw = True
145.2904 	EXP 	unnamed Polygon: autoDraw = True
145.2987 	EXP 	unnamed Polygon: autoDraw = True
145.3012 	EXP 	unnamed Polygon: autoDraw = True
145.3156 	EXP 	unnamed Polygon: autoDraw = True
145.3237 	EXP 	unnamed Polygon: autoDraw = True
145.3261 	EXP 	unnamed Polygon: autoDraw = True
145.3406 	EXP 	unnamed Polygon: autoDraw = True
145.3488 	EXP 	unnamed Polygon: autoDraw = True
145.3516 	EXP 	unnamed Polygon: autoDraw = True
145.3656 	EXP 	unnamed Polygon: autoDraw = True
145.3738 	EXP 	unnamed Polygon: autoDraw = True
145.3775 	EXP 	unnamed Polygon: autoDraw = True
145.3906 	EXP 	unnamed Polygon: autoDraw = True
145.3989 	EXP 	unnamed Polygon: autoDraw = True
145.4026 	EXP 	unnamed Polygon: autoDraw = True
145.4156 	EXP 	unnamed Polygon: autoDraw = True
145.4238 	EXP 	unnamed Polygon: autoDraw = True
145.4269 	EXP 	unnamed Polygon: autoDraw = True
145.4407 	EXP 	unnamed Polygon: autoDraw = True
145.4488 	EXP 	unnamed Polygon: autoDraw = True
145.4517 	EXP 	unnamed Polygon: autoDraw = True
145.4655 	EXP 	unnamed Polygon: autoDraw = True
145.4738 	EXP 	unnamed Polygon: autoDraw = True
145.4768 	EXP 	unnamed Polygon: autoDraw = True
145.4906 	EXP 	unnamed Polygon: autoDraw = True
145.4989 	EXP 	unnamed Polygon: autoDraw = True
145.5021 	DATA 	Keypress: 1
145.5047 	EXP 	unnamed Polygon: autoDraw = True
145.5155 	EXP 	unnamed Polygon: autoDraw = True
145.5238 	EXP 	unnamed Polygon: autoDraw = True
145.5265 	EXP 	unnamed Polygon: autoDraw = True
145.5405 	EXP 	unnamed Polygon: autoDraw = True
145.5488 	EXP 	unnamed Polygon: autoDraw = True
145.5516 	EXP 	unnamed Polygon: autoDraw = True
145.5655 	EXP 	unnamed Polygon: autoDraw = True
145.5739 	EXP 	unnamed Polygon: autoDraw = True
145.5770 	EXP 	unnamed Polygon: autoDraw = True
145.5904 	EXP 	unnamed Polygon: autoDraw = True
145.5988 	EXP 	unnamed Polygon: autoDraw = True
145.6015 	EXP 	unnamed Polygon: autoDraw = True
145.6155 	EXP 	unnamed Polygon: autoDraw = True
145.6238 	EXP 	unnamed Polygon: autoDraw = True
145.6268 	EXP 	unnamed Polygon: autoDraw = True
145.6405 	EXP 	unnamed Polygon: autoDraw = True
145.6487 	EXP 	unnamed Polygon: autoDraw = True
145.6513 	EXP 	unnamed Polygon: autoDraw = True
145.6655 	EXP 	unnamed Polygon: autoDraw = True
145.6738 	EXP 	unnamed Polygon: autoDraw = True
145.6769 	EXP 	unnamed Polygon: autoDraw = True
145.6906 	EXP 	unnamed Polygon: autoDraw = True
145.6988 	EXP 	unnamed Polygon: autoDraw = True
145.7016 	EXP 	unnamed Polygon: autoDraw = True
145.7155 	EXP 	unnamed Polygon: autoDraw = True
145.7239 	EXP 	unnamed Polygon: autoDraw = True
145.7295 	EXP 	unnamed Polygon: autoDraw = False
153.5135 	EXP 	unnamed Polygon: autoDraw = True
153.5135 	EXP 	unnamed Polygon: autoDraw = True
153.5280 	EXP 	unnamed Polygon: autoDraw = True
153.5325 	EXP 	unnamed Polygon: autoDraw = True
153.5488 	EXP 	unnamed Polygon: autoDraw = True
153.5528 	EXP 	unnamed Polygon: autoDraw = True
153.5551 	EXP 	unnamed Polygon: autoDraw = True
153.5696 	EXP 	unnamed Polygon: autoDraw = True
153.5779 	EXP 	unnamed Polygon: autoDraw = True
153.5805 	EXP 	unnamed Polygon: autoDraw = True
153.5947 	EXP 	unnamed Polygon: autoDraw = True
153.6029 	EXP 	unnamed Polygon: autoDraw = True
153.6059 	EXP 	unnamed Polygon: autoDraw = True
153.6197 	EXP 	unnamed Polygon: autoDraw = True
153.6279 	EXP 	unnamed Polygon: autoDraw = True
153.6304 	EXP 	unnamed Polygon: autoDraw = True
153.6448 	EXP 	unnamed Polygon: autoDraw = True
153.6530 	EXP 	unnamed Polygon: autoDraw = True
153.6559 	EXP 	unnamed Polygon: autoDraw = True
153.6699 	EXP 	unnamed Polygon: autoDraw = True
153.6779 	EXP 	unnamed Polygon: autoDraw = True
153.6804 	EXP 	unnamed Polygon: autoDraw = True
153.6946 	EXP 	unnamed Polygon: autoDraw = True
153.7032 	EXP 	unnamed Polygon: autoDraw = True
153.7058 	EXP 	unnamed Polygon: autoDraw = True
153.7197 	EXP 	unnamed Polygon: autoDraw = True
153.7279 	EXP 	unnamed Polygon: autoDraw = True
153.7304 	EXP 	unnamed Polygon: autoDraw = True
153.7446 	EXP 	unnamed Polygon: autoDraw = True
153.7529 	EXP 	unnamed Polygon: autoDraw = True
153.7558 	EXP 	unnamed Polygon: autoDraw = True
153.7696 	EXP 	unnamed Polygon: autoDraw = True
153.7780 	EXP 	unnamed Polygon: autoDraw = True
153.7810 	DATA 	Keypress: 1
153.7838 	EXP 	unnamed Polygon: autoDraw = True
153.7948 	EXP 	unnamed Polygon: autoDraw = True
153.8029 	EXP 	unnamed Polygon: autoDraw = True
153.8055 	EXP 	unnamed Polygon: autoDraw = True
153.8197 	EXP 	unnamed Polygon: autoDraw = True
153.8278 	EXP 	unnamed Polygon: autoDraw = True
153.8304 	EXP 	unnamed Polygon: autoDraw = True
153.8448 	EXP 	unnamed Polygon: autoDraw = True
153.8530 	EXP 	unnamed Polygon: autoDraw = True
153.8559 	EXP 	unnamed Polygon: autoDraw = True
153.8699 	EXP 	unnamed Polygon: autoDraw = True
153.8780 	EXP 	unnamed Polygon: autoDraw = True
153.8819 	EXP 	unnamed Polygon: autoDraw = True
153.8949 	EXP 	unnamed Polygon: autoDraw = True
153.9031 	EXP 	unnamed Polygon: autoDraw = True
153.9065 	EXP 	unnamed Polygon: autoDraw = True
153.9196 	EXP 	unnamed Polygon: autoDraw = True
153.9278 	EXP 	unnamed Polygon: autoDraw = True
153.9308 	EXP 	unnamed Polygon: autoDraw = True
153.9447 	EXP 	unnamed Polygon: autoDraw = True
153.9531 	EXP 	unnamed Polygon: autoDraw = True
153.9562 	EXP 	unnamed Polygon: autoDraw = True
153.9697 	EXP 	unnamed Polygon: autoDraw = True
153.9778 	EXP 	unnamed Polygon: autoDraw = False
163.7278 	EXP 	unnamed Polygon: autoDraw = True
163.7278 	EXP 	unnamed Polygon: autoDraw = True
163.7303 	EXP 	unnamed Polygon: autoDraw = True
163.7447 	EXP 	unnamed Polygon: autoDraw = True
163.7531 	EXP 	unnamed Polygon: autoDraw = True
163.7556 	EXP 	unnamed Polygon: autoDraw = True
163.7697 	EXP 	unnamed Polygon: autoDraw = True
163.7779 	EXP 	unnamed Polygon: autoDraw = True
163.7802 	EXP 	unnamed Polygon: autoDraw = True
163.7949 	EXP 	unnamed Polygon: autoDraw = True
163.8030 	EXP 	unnamed Polygon: autoDraw = True
163.8060 	EXP 	unnamed Polygon: autoDraw = True
163.8199 	EXP 	unnamed Polygon: autoDraw = True
163.8280 	EXP 	unnamed Polygon: autoDraw = True
163.8307 	EXP 	unnamed Polygon: autoDraw = True
163.8448 	EXP 	unnamed Polygon: autoDraw = True
163.8529 	EXP 	unnamed Polygon: autoDraw = True
163.8552 	EXP 	unnamed Polygon: autoDraw = True
163.8696 	EXP 	unnamed Polygon: autoDraw = True
163.8780 	EXP 	unnamed Polygon: autoDraw = True
163.8818 	EXP 	unnamed Polygon: autoDraw = True
163.8948 	EXP 	unnamed Polygon: autoDraw = True
163.9030 	EXP 	unnamed Polygon: autoDraw = True
163.9060 	EXP 	unnamed Polygon: autoDraw = True
163.9198 	EXP 	unnamed Polygon: autoDraw = True
163.9280 	EXP 	unnamed Polygon: autoDraw = True
163.9307 	EXP 	unnamed Polygon: autoDraw = True
163.9447 	EXP 	unnamed Polygon: autoDraw = True
163.9529 	EXP 	unnamed Polygon: autoDraw = True
163.9557 	EXP 	unnamed Polygon: autoDraw = True
163.9699 	EXP 	unnamed Polygon: autoDraw = True
163.9782 	EXP 	unnamed Polygon: autoDraw = True
163.9818 	EXP 	unnamed Polygon: autoDraw = True
163.9948 	EXP 	unnamed Polygon: autoDraw = True
163.9975 	DATA 	Keypress: 1
164.0029 	EXP 	unnamed Polygon: autoDraw = True
164.0055 	EXP 	unnamed Polygon: autoDraw = True
164.0197 	EXP 	unnamed Polygon: autoDraw = True
164.0281 	EXP 	unnamed Polygon: autoDraw = True
164.0318 	EXP 	unnamed Polygon: autoDraw = True
164.0449 	EXP 	unnamed Polygon: autoDraw = True
164.0531 	EXP 	unnamed Polygon: autoDraw = True
164.0568 	EXP 	unnamed Polygon: autoDraw = True
164.0699 	EXP 	unnamed Polygon: autoDraw = True
164.0779 	EXP 	unnamed Polygon: autoDraw = True
164.0807 	EXP 	unnamed Polygon: autoDraw = True
164.0947 	EXP 	unnamed Polygon: autoDraw = True
164.1029 	EXP 	unnamed Polygon: autoDraw = True
164.1055 	EXP 	unnamed Polygon: autoDraw = True
164.1198 	EXP 	unnamed Polygon: autoDraw = True
164.1281 	EXP 	unnamed Polygon: autoDraw = True
164.1310 	EXP 	unnamed Polygon: autoDraw = True
164.1448 	EXP 	unnamed Polygon: autoDraw = True
164.1530 	EXP 	unnamed Polygon: autoDraw = True
164.1555 	EXP 	unnamed Polygon: autoDraw = True
164.1697 	EXP 	unnamed Polygon: autoDraw = True
164.1782 	EXP 	unnamed Polygon: autoDraw = True
164.1818 	EXP 	unnamed Polygon: autoDraw = True
164.1947 	EXP 	unnamed Polygon: autoDraw = False
175.2227 	DATA 	Keypress: 1
185.2802 	EXP 	unnamed TextStim: height = 0.04
185.2802 	EXP 	unnamed TextStim: height = 0.04
185.2802 	EXP 	unnamed TextStim: height = 0.04
185.2802 	EXP 	unnamed TextStim: text = 'Instructions...\n\nYour goal is to make as much money as possible.\n\nRemember:\nWIN CIRCLES = win money\nLOSE SQUARES = lose money\n\nQUICKLY press the button with your pointer finger when you see the solid white triangle.\n\nYou will get feedback on whether you pressed the button in time and if you won or lost money.'
185.6869 	DATA 	Keypress: 1
185.6897 	EXP 	Created unnamed TextStim = TextStim(__class__=<class 'psychopy.visual.text.TextStim'>, alignHoriz=method-wrapper(...), alignText='center', alignVert=method-wrapper(...), anchorHoriz='center', anchorVert='center', antialias=True, autoDraw=False, autoLog=True, bold=False, color=array([1., 1., 1.]), colorSpace='rgb', contrast=1.0, depth=0, draggable=False, flipHoriz=False, flipVert=False, font='', fontFiles=[], height=0.08, italic=False, languageStyle='LTR', name='unnamed TextStim', opacity=1.0, ori=0.0, pos=array([-0.65,  0.15]), rgb=UNKNOWN, text='+', units='height', win=Window(...), wrapWidth=1)
185.6959 	EXP 	Created unnamed ImageStim = ImageStim(__class__=<class 'psychopy.visual.image.ImageStim'>, anchor=('center', 'center'), autoLog=True, color=array([1., 1., 1.]), colorSpace='rgb', contrast=1.0, depth=0, draggable=False, flipHoriz=False, flipVert=False, image='../stimuli/reward_high.png', interpolate=False, mask=None, maskParams=None, name='unnamed ImageStim', opacity=1, ori=0.0, pos=array([-0.35,  0.15]), size=array([0.2, 0.2]), texRes=128, units='height', win=Window(...))
185.6974 	EXP 	Created unnamed TextStim = TextStim(__class__=<class 'psychopy.visual.text.TextStim'>, alignHoriz=method-wrapper(...), alignText='center', alignVert=method-wrapper(...), anchorHoriz='center', anchorVert='center', antialias=True, autoDraw=False, autoLog=True, bold=False, color=array([1., 1., 1.]), colorSpace='rgb', contrast=1.0, depth=0, draggable=False, flipHoriz=False, flipVert=False, font='', fontFiles=[], height=0.08, italic=False, languageStyle='LTR', name='unnamed TextStim', opacity=1.0, ori=0.0, pos=array([-0.15,  0.15]), rgb=UNKNOWN, text='+', units='height', win=Window(...), wrapWidth=1)
185.6981 	EXP 	Created unnamed Polygon = Polygon(__class__=<class 'psychopy.visual.polygon.Polygon'>, anchor=('center', 'center'), autoDraw=False, autoLog=True, closeShape=True, color=method-wrapper(...), colorSpace='rgb', contrast=None, depth=0, draggable=False, fillColor=array([1, 1, 1]), fillColorSpace='rgb', fillRGB=array([1, 1, 1]), interpolate=True, lineColor=array([1., 1., 1.]), lineColorSpace='rgb', lineRGB=array([1, 1, 1]), lineWidth=1.5, name='unnamed Polygon', opacity=1, ori=0.0, pos=array([0.15, 0.15]), size=array([1., 1.]), units='height', vertices=ndarray(...), win=Window(...))
185.6991 	EXP 	Created unnamed TextStim = TextStim(__class__=<class 'psychopy.visual.text.TextStim'>, alignHoriz=method-wrapper(...), alignText='center', alignVert=method-wrapper(...), anchorHoriz='center', anchorVert='center', antialias=True, autoDraw=False, autoLog=True, bold=False, color=array([1., 1., 1.]), colorSpace='rgb', contrast=1.0, depth=0, draggable=False, flipHoriz=False, flipVert=False, font='', fontFiles=[], height=0.08, italic=False, languageStyle='LTR', name='unnamed TextStim', opacity=1.0, ori=0.0, pos=array([0.35, 0.15]), rgb=UNKNOWN, text='+', units='height', win=Window(...), wrapWidth=1)
185.7019 	EXP 	Created unnamed TextStim = TextStim(__class__=<class 'psychopy.visual.text.TextStim'>, alignHoriz=method-wrapper(...), alignText='center', alignVert=method-wrapper(...), anchorHoriz='center', anchorVert='center', antialias=True, autoDraw=False, autoLog=True, bold=False, color=array([1., 1., 1.]), colorSpace='rgb', contrast=1.0, depth=0, draggable=False, flipHoriz=False, flipVert=False, font='', fontFiles=[], height=0.08, italic=False, languageStyle='LTR', name='unnamed TextStim', opacity=1.0, ori=0.0, pos=array([0.65, 0.15]), rgb=UNKNOWN, text='Hit!\n+$5.00', units='height', win=Window(...), wrapWidth=1)
185.7020 	WARNING 	TextStim.alignHoriz is deprecated. Use alignText and anchorHoriz attributes instead
185.7043 	EXP 	Created unnamed TextStim = TextStim(__class__=<class 'psychopy.visual.text.TextStim'>, alignHoriz='center', alignText='center', alignVert=method-wrapper(...), anchorHoriz='center', anchorVert='center', antialias=True, autoDraw=False, autoLog=True, bold=False, color=array([1., 1., 1.]), colorSpace='rgb', contrast=1.0, depth=0, draggable=False, flipHoriz=False, flipVert=False, font='', fontFiles=[], height=0.04, italic=False, languageStyle='LTR', name='unnamed TextStim', opacity=1.0, ori=0.0, pos=array([-0.65, -0.15]), rgb=UNKNOWN, text='Pay attention', units='height', win=Window(...), wrapWidth=0.1)
185.7044 	WARNING 	TextStim.alignHoriz is deprecated. Use alignText and anchorHoriz attributes instead
185.7068 	EXP 	Created unnamed TextStim = TextStim(__class__=<class 'psychopy.visual.text.TextStim'>, alignHoriz='center', alignText='center', alignVert=method-wrapper(...), anchorHoriz='center', anchorVert='center', antialias=True, autoDraw=False, autoLog=True, bold=False, color=array([1., 1., 1.]), colorSpace='rgb', contrast=1.0, depth=0, draggable=False, flipHoriz=False, flipVert=False, font='', fontFiles=[], height=0.04, italic=False, languageStyle='LTR', name='unnamed TextStim', opacity=1.0, ori=0.0, pos=array([-0.35, -0.15]), rgb=UNKNOWN, text="Cue: don't respond yet", units='height', win=Window(...), wrapWidth=0.1)
185.7069 	WARNING 	TextStim.alignHoriz is deprecated. Use alignText and anchorHoriz attributes instead
185.7081 	EXP 	Created unnamed TextStim = TextStim(__class__=<class 'psychopy.visual.text.TextStim'>, alignHoriz='center', alignText='center', alignVert=method-wrapper(...), anchorHoriz='center', anchorVert='center', antialias=True, autoDraw=False, autoLog=True, bold=False, color=array([1., 1., 1.]), colorSpace='rgb', contrast=1.0, depth=0, draggable=False, flipHoriz=False, flipVert=False, font='', fontFiles=[], height=0.04, italic=False, languageStyle='LTR', name='unnamed TextStim', opacity=1.0, ori=0.0, pos=array([-0.15, -0.15]), rgb=UNKNOWN, text='Pay attention', units='height', win=Window(...), wrapWidth=0.1)
185.7081 	WARNING 	TextStim.alignHoriz is deprecated. Use alignText and anchorHoriz attributes instead
185.7106 	EXP 	Created unnamed TextStim = TextStim(__class__=<class 'psychopy.visual.text.TextStim'>, alignHoriz='center', alignText='center', alignVert=method-wrapper(...), anchorHoriz='center', anchorVert='center', antialias=True, autoDraw=False, autoLog=True, bold=False, color=array([1., 1., 1.]), colorSpace='rgb', contrast=1.0, depth=0, draggable=False, flipHoriz=False, flipVert=False, font='', fontFiles=[], height=0.04, italic=False, languageStyle='LTR', name='unnamed TextStim', opacity=1.0, ori=0.0, pos=array([ 0.15, -0.15]), rgb=UNKNOWN, text='Respond when solid triangle is on screen', units='height', win=Window(...), wrapWidth=0.1)
185.7107 	WARNING 	TextStim.alignHoriz is deprecated. Use alignText and anchorHoriz attributes instead
185.7118 	EXP 	Created unnamed TextStim = TextStim(__class__=<class 'psychopy.visual.text.TextStim'>, alignHoriz='center', alignText='center', alignVert=method-wrapper(...), anchorHoriz='center', anchorVert='center', antialias=True, autoDraw=False, autoLog=True, bold=False, color=array([1., 1., 1.]), colorSpace='rgb', contrast=1.0, depth=0, draggable=False, flipHoriz=False, flipVert=False, font='', fontFiles=[], height=0.04, italic=False, languageStyle='LTR', name='unnamed TextStim', opacity=1.0, ori=0.0, pos=array([ 0.35, -0.15]), rgb=UNKNOWN, text='Pay attention', units='height', win=Window(...), wrapWidth=0.1)
185.7119 	WARNING 	TextStim.alignHoriz is deprecated. Use alignText and anchorHoriz attributes instead
185.7131 	EXP 	Created unnamed TextStim = TextStim(__class__=<class 'psychopy.visual.text.TextStim'>, alignHoriz='center', alignText='center', alignVert=method-wrapper(...), anchorHoriz='center', anchorVert='center', antialias=True, autoDraw=False, autoLog=True, bold=False, color=array([1., 1., 1.]), colorSpace='rgb', contrast=1.0, depth=0, draggable=False, flipHoriz=False, flipVert=False, font='', fontFiles=[], height=0.04, italic=False, languageStyle='LTR', name='unnamed TextStim', opacity=1.0, ori=0.0, pos=array([ 0.65, -0.15]), rgb=UNKNOWN, text='Feedback', units='height', win=Window(...), wrapWidth=0.1)
186.0425 	DATA 	Keypress: 1
186.3901 	DATA 	Keypress: 1
186.7219 	DATA 	Keypress: 1
187.2572 	DATA 	Keypress: equal
188.0469 	DATA 	Keypress: return
188.9819 	DATA 	Keypress: equal
198.1434 	EXP 	unnamed Polygon: autoDraw = True
198.1434 	EXP 	unnamed Polygon: autoDraw = True
198.1528 	EXP 	unnamed Polygon: autoDraw = True
198.1657 	EXP 	unnamed Polygon: autoDraw = True
198.1791 	EXP 	unnamed Polygon: autoDraw = True
198.1915 	EXP 	unnamed Polygon: autoDraw = True
198.2035 	EXP 	unnamed Polygon: autoDraw = True
198.2163 	EXP 	unnamed Polygon: autoDraw = True
198.2290 	EXP 	unnamed Polygon: autoDraw = True
198.2411 	EXP 	unnamed Polygon: autoDraw = True
198.2541 	EXP 	unnamed Polygon: autoDraw = True
198.2666 	EXP 	unnamed Polygon: autoDraw = True
198.2789 	EXP 	unnamed Polygon: autoDraw = True
198.2916 	EXP 	unnamed Polygon: autoDraw = True
198.3035 	EXP 	unnamed Polygon: autoDraw = True
198.3167 	EXP 	unnamed Polygon: autoDraw = True
198.3286 	EXP 	unnamed Polygon: autoDraw = True
198.3414 	EXP 	unnamed Polygon: autoDraw = True
198.3534 	EXP 	unnamed Polygon: autoDraw = True
198.3667 	EXP 	unnamed Polygon: autoDraw = True
198.3788 	EXP 	unnamed Polygon: autoDraw = True
198.3828 	DATA 	Keypress: 1
198.3910 	EXP 	unnamed Polygon: autoDraw = True
198.4036 	EXP 	unnamed Polygon: autoDraw = True
198.4163 	EXP 	unnamed Polygon: autoDraw = True
198.4279 	EXP 	unnamed Polygon: autoDraw = False
200.0825 	EXP 	trial_feedback: height = 0.09
200.0825 	EXP 	trial_feedback: height = 0.09
200.0825 	EXP 	trial_feedback: height = 0.09
200.0825 	EXP 	trial_feedback: text = 'Hit!\n$0.00'
200.0825 	EXP 	trial_feedback: autoDraw = True
202.0667 	EXP 	trial_feedback: autoDraw = False
202.0786 	EXP 	trial_feedback: autoDraw = False
202.0786 	EXP 	exp_feedback: autoDraw = False
210.5804 	EXP 	unnamed Polygon: autoDraw = True
210.5804 	EXP 	unnamed Polygon: autoDraw = True
210.5916 	EXP 	unnamed Polygon: autoDraw = True
210.5994 	EXP 	unnamed Polygon: autoDraw = True
210.6031 	EXP 	unnamed Polygon: autoDraw = True
210.6097 	EXP 	unnamed Polygon: autoDraw = True
210.6193 	EXP 	unnamed Polygon: autoDraw = True
210.6325 	EXP 	unnamed Polygon: autoDraw = True
210.6423 	EXP 	unnamed Polygon: autoDraw = True
210.6580 	EXP 	unnamed Polygon: autoDraw = True
210.6660 	EXP 	unnamed Polygon: autoDraw = True
210.6695 	EXP 	unnamed Polygon: autoDraw = True
210.6829 	EXP 	unnamed Polygon: autoDraw = True
210.6871 	DATA 	Keypress: 1
210.7081 	EXP 	unnamed Polygon: autoDraw = True
210.7251 	EXP 	unnamed Polygon: autoDraw = True
210.7328 	EXP 	unnamed Polygon: autoDraw = True
210.7387 	EXP 	unnamed Polygon: autoDraw = True
210.7455 	EXP 	unnamed Polygon: autoDraw = True
210.7579 	EXP 	unnamed Polygon: autoDraw = True
210.7658 	EXP 	unnamed Polygon: autoDraw = True
210.7689 	EXP 	unnamed Polygon: autoDraw = True
210.7835 	EXP 	unnamed Polygon: autoDraw = True
210.7907 	EXP 	unnamed Polygon: autoDraw = True
210.7941 	EXP 	unnamed Polygon: autoDraw = True
210.8080 	EXP 	unnamed Polygon: autoDraw = True
210.8159 	EXP 	unnamed Polygon: autoDraw = True
210.8191 	EXP 	unnamed Polygon: autoDraw = True
210.8328 	EXP 	unnamed Polygon: autoDraw = True
210.8408 	EXP 	unnamed Polygon: autoDraw = True
210.8434 	EXP 	unnamed Polygon: autoDraw = True
210.8580 	EXP 	unnamed Polygon: autoDraw = False
212.2666 	EXP 	trial_feedback: text = 'Hit!\n$0.00'
212.2666 	EXP 	trial_feedback: autoDraw = True
214.2576 	EXP 	trial_feedback: autoDraw = False
214.2785 	EXP 	trial_feedback: autoDraw = False
214.2785 	EXP 	exp_feedback: autoDraw = False
222.5753 	EXP 	unnamed Polygon: autoDraw = True
222.5753 	EXP 	unnamed Polygon: autoDraw = True
222.5868 	EXP 	unnamed Polygon: autoDraw = True
222.5952 	EXP 	unnamed Polygon: autoDraw = True
222.5987 	EXP 	unnamed Polygon: autoDraw = True
222.6120 	EXP 	unnamed Polygon: autoDraw = True
222.6201 	EXP 	unnamed Polygon: autoDraw = True
222.6239 	EXP 	unnamed Polygon: autoDraw = True
222.6369 	EXP 	unnamed Polygon: autoDraw = True
222.6451 	EXP 	unnamed Polygon: autoDraw = True
222.6486 	EXP 	unnamed Polygon: autoDraw = True
222.6620 	EXP 	unnamed Polygon: autoDraw = True
222.6701 	EXP 	unnamed Polygon: autoDraw = True
222.6739 	EXP 	unnamed Polygon: autoDraw = True
222.6870 	EXP 	unnamed Polygon: autoDraw = True
222.6951 	EXP 	unnamed Polygon: autoDraw = True
222.6999 	EXP 	unnamed Polygon: autoDraw = True
222.7120 	EXP 	unnamed Polygon: autoDraw = True
222.7202 	EXP 	unnamed Polygon: autoDraw = True
222.7248 	EXP 	unnamed Polygon: autoDraw = True
222.7371 	EXP 	unnamed Polygon: autoDraw = True
222.7451 	EXP 	unnamed Polygon: autoDraw = True
222.7499 	EXP 	unnamed Polygon: autoDraw = True
222.7621 	EXP 	unnamed Polygon: autoDraw = True
222.7702 	EXP 	unnamed Polygon: autoDraw = True
222.7747 	EXP 	unnamed Polygon: autoDraw = True
222.7871 	EXP 	unnamed Polygon: autoDraw = True
222.7953 	EXP 	unnamed Polygon: autoDraw = True
222.7996 	DATA 	Keypress: 1
222.8051 	EXP 	unnamed Polygon: autoDraw = True
222.8203 	EXP 	unnamed Polygon: autoDraw = True
222.8283 	EXP 	unnamed Polygon: autoDraw = False
224.3236 	EXP 	trial_feedback: text = 'Hit!\n$0.00'
224.3236 	EXP 	trial_feedback: autoDraw = True
226.3202 	EXP 	trial_feedback: autoDraw = False
226.3371 	EXP 	trial_feedback: autoDraw = False
226.3371 	EXP 	exp_feedback: autoDraw = False
236.7342 	EXP 	unnamed Polygon: autoDraw = True
236.7342 	EXP 	unnamed Polygon: autoDraw = True
236.7450 	EXP 	unnamed Polygon: autoDraw = True
236.7540 	EXP 	unnamed Polygon: autoDraw = True
236.7574 	EXP 	unnamed Polygon: autoDraw = True
236.7637 	EXP 	unnamed Polygon: autoDraw = True
236.7740 	EXP 	unnamed Polygon: autoDraw = True
236.7867 	EXP 	unnamed Polygon: autoDraw = True
236.7963 	EXP 	unnamed Polygon: autoDraw = True
236.8123 	EXP 	unnamed Polygon: autoDraw = True
236.8202 	EXP 	unnamed Polygon: autoDraw = True
236.8222 	EXP 	unnamed Polygon: autoDraw = True
236.8374 	EXP 	unnamed Polygon: autoDraw = True
236.8450 	EXP 	unnamed Polygon: autoDraw = True
236.8479 	EXP 	unnamed Polygon: autoDraw = True
236.8627 	EXP 	unnamed Polygon: autoDraw = True
236.8702 	EXP 	unnamed Polygon: autoDraw = True
236.8738 	EXP 	unnamed Polygon: autoDraw = True
236.8870 	EXP 	unnamed Polygon: autoDraw = True
236.8951 	EXP 	unnamed Polygon: autoDraw = True
236.8990 	EXP 	unnamed Polygon: autoDraw = True
236.9124 	EXP 	unnamed Polygon: autoDraw = True
236.9202 	EXP 	unnamed Polygon: autoDraw = True
236.9232 	EXP 	unnamed Polygon: autoDraw = True
236.9371 	EXP 	unnamed Polygon: autoDraw = True
236.9452 	EXP 	unnamed Polygon: autoDraw = True
236.9484 	EXP 	unnamed Polygon: autoDraw = True
236.9621 	EXP 	unnamed Polygon: autoDraw = True
236.9659 	DATA 	Keypress: 1
236.9695 	EXP 	unnamed Polygon: autoDraw = True
236.9730 	EXP 	unnamed Polygon: autoDraw = True
236.9866 	EXP 	unnamed Polygon: autoDraw = True
236.9962 	EXP 	unnamed Polygon: autoDraw = True
237.0117 	EXP 	unnamed Polygon: autoDraw = False
238.3996 	EXP 	trial_feedback: text = 'Hit!\n$0.00'
238.3996 	EXP 	trial_feedback: autoDraw = True
240.4035 	EXP 	trial_feedback: autoDraw = False
240.4035 	EXP 	exp_feedback: autoDraw = False
248.8120 	EXP 	unnamed Polygon: autoDraw = True
248.8120 	EXP 	unnamed Polygon: autoDraw = True
248.8202 	EXP 	unnamed Polygon: autoDraw = True
248.8231 	EXP 	unnamed Polygon: autoDraw = True
248.8368 	EXP 	unnamed Polygon: autoDraw = True
248.8452 	EXP 	unnamed Polygon: autoDraw = True
248.8483 	EXP 	unnamed Polygon: autoDraw = True
248.8621 	EXP 	unnamed Polygon: autoDraw = True
248.8702 	EXP 	unnamed Polygon: autoDraw = True
248.8737 	EXP 	unnamed Polygon: autoDraw = True
248.8870 	EXP 	unnamed Polygon: autoDraw = True
248.8951 	EXP 	unnamed Polygon: autoDraw = True
248.8985 	EXP 	unnamed Polygon: autoDraw = True
248.9120 	EXP 	unnamed Polygon: autoDraw = True
248.9204 	EXP 	unnamed Polygon: autoDraw = True
248.9246 	EXP 	unnamed Polygon: autoDraw = True
248.9371 	EXP 	unnamed Polygon: autoDraw = True
248.9453 	EXP 	unnamed Polygon: autoDraw = True
248.9496 	EXP 	unnamed Polygon: autoDraw = True
248.9620 	EXP 	unnamed Polygon: autoDraw = True
248.9702 	EXP 	unnamed Polygon: autoDraw = True
248.9741 	EXP 	unnamed Polygon: autoDraw = True
248.9873 	EXP 	unnamed Polygon: autoDraw = True
248.9953 	EXP 	unnamed Polygon: autoDraw = True
249.0002 	EXP 	unnamed Polygon: autoDraw = True
249.0120 	EXP 	unnamed Polygon: autoDraw = True
249.0200 	EXP 	unnamed Polygon: autoDraw = True
249.0239 	EXP 	unnamed Polygon: autoDraw = True
249.0371 	EXP 	unnamed Polygon: autoDraw = True
249.0408 	DATA 	Keypress: 1
249.0451 	EXP 	unnamed Polygon: autoDraw = True
249.0488 	EXP 	unnamed Polygon: autoDraw = True
249.0621 	EXP 	unnamed Polygon: autoDraw = True
249.0702 	EXP 	unnamed Polygon: autoDraw = True
249.0738 	EXP 	unnamed Polygon: autoDraw = True
249.0872 	EXP 	unnamed Polygon: autoDraw = True
249.0951 	EXP 	unnamed Polygon: autoDraw = False
250.4738 	EXP 	trial_feedback: text = 'Hit!\n$0.00'
250.4738 	EXP 	trial_feedback: autoDraw = True
252.4701 	EXP 	trial_feedback: autoDraw = False
252.4870 	EXP 	trial_feedback: autoDraw = False
252.4870 	EXP 	exp_feedback: autoDraw = False
258.6168 	EXP 	unnamed Polygon: autoDraw = True
258.6168 	EXP 	unnamed Polygon: autoDraw = True
258.6284 	EXP 	unnamed Polygon: autoDraw = True
258.6366 	EXP 	unnamed Polygon: autoDraw = True
258.6393 	EXP 	unnamed Polygon: autoDraw = True
258.6534 	EXP 	unnamed Polygon: autoDraw = True
258.6616 	EXP 	unnamed Polygon: autoDraw = True
258.6647 	EXP 	unnamed Polygon: autoDraw = True
258.6784 	EXP 	unnamed Polygon: autoDraw = True
258.6866 	EXP 	unnamed Polygon: autoDraw = True
258.6891 	EXP 	unnamed Polygon: autoDraw = True
258.7038 	EXP 	unnamed Polygon: autoDraw = True
258.7123 	EXP 	unnamed Polygon: autoDraw = True
258.7146 	EXP 	unnamed Polygon: autoDraw = True
258.7286 	EXP 	unnamed Polygon: autoDraw = True
258.7366 	EXP 	unnamed Polygon: autoDraw = True
258.7401 	EXP 	unnamed Polygon: autoDraw = True
258.7536 	EXP 	unnamed Polygon: autoDraw = True
258.7619 	EXP 	unnamed Polygon: autoDraw = True
258.7650 	EXP 	unnamed Polygon: autoDraw = True
258.7792 	EXP 	unnamed Polygon: autoDraw = True
258.7869 	EXP 	unnamed Polygon: autoDraw = True
258.7895 	EXP 	unnamed Polygon: autoDraw = True
258.8041 	EXP 	unnamed Polygon: autoDraw = True
258.8124 	EXP 	unnamed Polygon: autoDraw = True
258.8148 	EXP 	unnamed Polygon: autoDraw = True
258.8288 	EXP 	unnamed Polygon: autoDraw = True
258.8369 	EXP 	unnamed Polygon: autoDraw = True
258.8409 	EXP 	unnamed Polygon: autoDraw = True
258.8538 	EXP 	unnamed Polygon: autoDraw = True
258.8619 	EXP 	unnamed Polygon: autoDraw = True
258.8694 	EXP 	unnamed Polygon: autoDraw = False
258.9469 	DATA 	Keypress: 1
260.4949 	EXP 	trial_feedback: height = 0.09
260.4949 	EXP 	trial_feedback: height = 0.09
260.4949 	EXP 	trial_feedback: height = 0.09
260.4949 	EXP 	trial_feedback: text = 'Miss!\n$0.00'
260.4949 	EXP 	trial_feedback: autoDraw = True
262.4779 	EXP 	trial_feedback: autoDraw = False
262.4993 	EXP 	trial_feedback: autoDraw = False
262.4993 	EXP 	exp_feedback: autoDraw = False
272.4199 	DATA 	Keypress: 1
272.8948 	DATA 	Keypress: 1
273.0126 	EXP 	unnamed Polygon: autoDraw = True
273.0126 	EXP 	unnamed Polygon: autoDraw = True
273.0244 	EXP 	unnamed Polygon: autoDraw = True
273.0325 	EXP 	unnamed Polygon: autoDraw = True
273.0356 	EXP 	unnamed Polygon: autoDraw = True
273.0413 	EXP 	unnamed Polygon: autoDraw = True
273.0529 	EXP 	unnamed Polygon: autoDraw = True
273.0658 	EXP 	unnamed Polygon: autoDraw = True
273.0745 	EXP 	unnamed Polygon: autoDraw = True
273.0789 	EXP 	unnamed Polygon: autoDraw = True
273.0914 	EXP 	unnamed Polygon: autoDraw = True
273.0996 	EXP 	unnamed Polygon: autoDraw = True
273.1033 	EXP 	unnamed Polygon: autoDraw = True
273.1168 	EXP 	unnamed Polygon: autoDraw = True
273.1245 	EXP 	unnamed Polygon: autoDraw = True
273.1278 	EXP 	unnamed Polygon: autoDraw = True
273.1415 	EXP 	unnamed Polygon: autoDraw = True
273.1492 	EXP 	unnamed Polygon: autoDraw = True
273.1519 	EXP 	unnamed Polygon: autoDraw = True
273.1663 	EXP 	unnamed Polygon: autoDraw = True
273.1744 	EXP 	unnamed Polygon: autoDraw = True
273.1775 	EXP 	unnamed Polygon: autoDraw = True
273.1913 	EXP 	unnamed Polygon: autoDraw = True
273.1993 	EXP 	unnamed Polygon: autoDraw = True
273.2027 	EXP 	unnamed Polygon: autoDraw = True
273.2162 	EXP 	unnamed Polygon: autoDraw = True
273.2244 	EXP 	unnamed Polygon: autoDraw = True
273.2277 	EXP 	unnamed Polygon: autoDraw = True
273.2413 	EXP 	unnamed Polygon: autoDraw = True
273.2494 	EXP 	unnamed Polygon: autoDraw = True
273.2528 	EXP 	unnamed Polygon: autoDraw = True
273.2662 	EXP 	unnamed Polygon: autoDraw = True
273.2743 	EXP 	unnamed Polygon: autoDraw = False
274.5170 	EXP 	trial_feedback: height = 0.09
274.5170 	EXP 	trial_feedback: height = 0.09
274.5170 	EXP 	trial_feedback: height = 0.09
274.5170 	EXP 	trial_feedback: text = 'Miss!\n-$5.00'
274.5170 	EXP 	trial_feedback: autoDraw = True
276.5039 	EXP 	trial_feedback: autoDraw = False
276.5243 	EXP 	trial_feedback: autoDraw = False
276.5243 	EXP 	exp_feedback: autoDraw = False
286.6247 	EXP 	unnamed Polygon: autoDraw = True
286.6247 	EXP 	unnamed Polygon: autoDraw = True
286.6372 	EXP 	unnamed Polygon: autoDraw = True
286.6453 	EXP 	unnamed Polygon: autoDraw = True
286.6479 	EXP 	unnamed Polygon: autoDraw = True
286.6538 	EXP 	unnamed Polygon: autoDraw = True
286.6655 	EXP 	unnamed Polygon: autoDraw = True
286.6786 	EXP 	unnamed Polygon: autoDraw = True
286.6906 	EXP 	unnamed Polygon: autoDraw = True
286.7038 	EXP 	unnamed Polygon: autoDraw = True
286.7166 	EXP 	unnamed Polygon: autoDraw = True
286.7285 	EXP 	unnamed Polygon: autoDraw = True
286.7415 	EXP 	unnamed Polygon: autoDraw = True
286.7536 	EXP 	unnamed Polygon: autoDraw = True
286.7667 	EXP 	unnamed Polygon: autoDraw = True
286.7788 	EXP 	unnamed Polygon: autoDraw = True
286.7916 	EXP 	unnamed Polygon: autoDraw = True
286.8043 	EXP 	unnamed Polygon: autoDraw = True
286.8168 	EXP 	unnamed Polygon: autoDraw = True
286.8289 	EXP 	unnamed Polygon: autoDraw = True
286.8421 	EXP 	unnamed Polygon: autoDraw = True
286.8467 	DATA 	Keypress: 1
286.8537 	EXP 	unnamed Polygon: autoDraw = True
286.8660 	EXP 	unnamed Polygon: autoDraw = True
286.8792 	EXP 	unnamed Polygon: autoDraw = True
286.8910 	EXP 	unnamed Polygon: autoDraw = True
286.9035 	EXP 	unnamed Polygon: autoDraw = False
288.6156 	EXP 	trial_feedback: height = 0.09
288.6156 	EXP 	trial_feedback: height = 0.09
288.6156 	EXP 	trial_feedback: height = 0.09
288.6156 	EXP 	trial_feedback: text = 'Hit!\n$0.00'
288.6156 	EXP 	trial_feedback: autoDraw = True
290.5988 	EXP 	trial_feedback: autoDraw = False
290.6159 	EXP 	trial_feedback: autoDraw = False
290.6159 	EXP 	exp_feedback: autoDraw = False
300.9907 	DATA 	Keypress: 1
301.0732 	EXP 	unnamed Polygon: autoDraw = True
301.0732 	EXP 	unnamed Polygon: autoDraw = True
301.0867 	EXP 	unnamed Polygon: autoDraw = True
301.0950 	EXP 	unnamed Polygon: autoDraw = True
301.0975 	EXP 	unnamed Polygon: autoDraw = True
301.1117 	EXP 	unnamed Polygon: autoDraw = True
301.1200 	EXP 	unnamed Polygon: autoDraw = True
301.1223 	EXP 	unnamed Polygon: autoDraw = True
301.1368 	EXP 	unnamed Polygon: autoDraw = True
301.1450 	EXP 	unnamed Polygon: autoDraw = True
301.1477 	EXP 	unnamed Polygon: autoDraw = True
301.1621 	EXP 	unnamed Polygon: autoDraw = True
301.1702 	EXP 	unnamed Polygon: autoDraw = True
301.1734 	EXP 	unnamed Polygon: autoDraw = True
301.1870 	EXP 	unnamed Polygon: autoDraw = True
301.1953 	EXP 	unnamed Polygon: autoDraw = True
301.1987 	EXP 	unnamed Polygon: autoDraw = True
301.2121 	EXP 	unnamed Polygon: autoDraw = True
301.2203 	EXP 	unnamed Polygon: autoDraw = True
301.2250 	EXP 	unnamed Polygon: autoDraw = True
301.2372 	EXP 	unnamed Polygon: autoDraw = True
301.2453 	EXP 	unnamed Polygon: autoDraw = True
301.2490 	EXP 	unnamed Polygon: autoDraw = True
301.2620 	EXP 	unnamed Polygon: autoDraw = True
301.2703 	EXP 	unnamed Polygon: autoDraw = True
301.2747 	EXP 	unnamed Polygon: autoDraw = True
301.2872 	EXP 	unnamed Polygon: autoDraw = True
301.2953 	EXP 	unnamed Polygon: autoDraw = True
301.2996 	EXP 	unnamed Polygon: autoDraw = True
301.3121 	EXP 	unnamed Polygon: autoDraw = True
301.3203 	EXP 	unnamed Polygon: autoDraw = True
301.3246 	EXP 	unnamed Polygon: autoDraw = True
301.3371 	EXP 	unnamed Polygon: autoDraw = True
301.3452 	EXP 	unnamed Polygon: autoDraw = True
301.3533 	EXP 	unnamed Polygon: autoDraw = False
302.6413 	EXP 	trial_feedback: height = 0.09
302.6413 	EXP 	trial_feedback: height = 0.09
302.6413 	EXP 	trial_feedback: height = 0.09
302.6413 	EXP 	trial_feedback: text = 'Miss!\n$0.00'
302.6413 	EXP 	trial_feedback: autoDraw = True
304.6371 	EXP 	trial_feedback: autoDraw = False
304.6415 	EXP 	trial_feedback: autoDraw = False
304.6415 	EXP 	exp_feedback: autoDraw = False
312.7609 	EXP 	unnamed Polygon: autoDraw = True
312.7609 	EXP 	unnamed Polygon: autoDraw = True
312.7646 	EXP 	unnamed Polygon: autoDraw = True
312.7786 	EXP 	unnamed Polygon: autoDraw = True
312.7863 	EXP 	unnamed Polygon: autoDraw = True
312.7996 	EXP 	unnamed Polygon: autoDraw = True
312.8078 	EXP 	unnamed Polygon: autoDraw = True
312.8106 	EXP 	unnamed Polygon: autoDraw = True
312.8249 	EXP 	unnamed Polygon: autoDraw = True
312.8326 	EXP 	unnamed Polygon: autoDraw = True
312.8359 	EXP 	unnamed Polygon: autoDraw = True
312.8495 	EXP 	unnamed Polygon: autoDraw = True
312.8576 	EXP 	unnamed Polygon: autoDraw = True
312.8622 	EXP 	unnamed Polygon: autoDraw = True
312.8747 	EXP 	unnamed Polygon: autoDraw = True
312.8828 	EXP 	unnamed Polygon: autoDraw = True
312.8864 	EXP 	unnamed Polygon: autoDraw = True
312.8996 	EXP 	unnamed Polygon: autoDraw = True
312.9079 	EXP 	unnamed Polygon: autoDraw = True
312.9122 	EXP 	unnamed Polygon: autoDraw = True
312.9246 	EXP 	unnamed Polygon: autoDraw = True
312.9326 	EXP 	unnamed Polygon: autoDraw = True
312.9363 	EXP 	unnamed Polygon: autoDraw = True
312.9496 	EXP 	unnamed Polygon: autoDraw = True
312.9578 	EXP 	unnamed Polygon: autoDraw = True
312.9623 	EXP 	unnamed Polygon: autoDraw = True
312.9745 	EXP 	unnamed Polygon: autoDraw = True
312.9783 	DATA 	Keypress: 1
312.9820 	EXP 	unnamed Polygon: autoDraw = True
312.9869 	EXP 	unnamed Polygon: autoDraw = True
312.9992 	EXP 	unnamed Polygon: autoDraw = True
313.0074 	EXP 	unnamed Polygon: autoDraw = True
313.0115 	EXP 	unnamed Polygon: autoDraw = False
314.7247 	EXP 	trial_feedback: height = 0.09
314.7247 	EXP 	trial_feedback: height = 0.09
314.7247 	EXP 	trial_feedback: height = 0.09
314.7247 	EXP 	trial_feedback: text = 'Hit!\n$0.00'
314.7247 	EXP 	trial_feedback: autoDraw = True
316.7077 	EXP 	trial_feedback: autoDraw = False
316.7113 	EXP 	trial_feedback: autoDraw = False
316.7113 	EXP 	exp_feedback: autoDraw = False
324.8550 	EXP 	unnamed Polygon: autoDraw = True
324.8550 	EXP 	unnamed Polygon: autoDraw = True
324.8606 	EXP 	unnamed Polygon: autoDraw = True
324.8743 	EXP 	unnamed Polygon: autoDraw = True
324.8827 	EXP 	unnamed Polygon: autoDraw = True
324.8850 	EXP 	unnamed Polygon: autoDraw = True
324.8996 	EXP 	unnamed Polygon: autoDraw = True
324.9078 	EXP 	unnamed Polygon: autoDraw = True
324.9112 	EXP 	unnamed Polygon: autoDraw = True
324.9246 	EXP 	unnamed Polygon: autoDraw = True
324.9328 	EXP 	unnamed Polygon: autoDraw = True
324.9364 	EXP 	unnamed Polygon: autoDraw = True
324.9496 	EXP 	unnamed Polygon: autoDraw = True
324.9579 	EXP 	unnamed Polygon: autoDraw = True
324.9613 	EXP 	unnamed Polygon: autoDraw = True
324.9746 	EXP 	unnamed Polygon: autoDraw = True
324.9828 	EXP 	unnamed Polygon: autoDraw = True
324.9861 	EXP 	unnamed Polygon: autoDraw = True
324.9996 	EXP 	unnamed Polygon: autoDraw = True
325.0079 	EXP 	unnamed Polygon: autoDraw = True
325.0112 	EXP 	unnamed Polygon: autoDraw = True
325.0247 	EXP 	unnamed Polygon: autoDraw = True
325.0328 	EXP 	unnamed Polygon: autoDraw = True
325.0363 	EXP 	unnamed Polygon: autoDraw = True
325.0497 	EXP 	unnamed Polygon: autoDraw = True
325.0578 	EXP 	unnamed Polygon: autoDraw = True
325.0622 	EXP 	unnamed Polygon: autoDraw = True
325.0745 	EXP 	unnamed Polygon: autoDraw = True
325.0782 	DATA 	Keypress: 1
325.0824 	EXP 	unnamed Polygon: autoDraw = True
325.0864 	EXP 	unnamed Polygon: autoDraw = True
325.0996 	EXP 	unnamed Polygon: autoDraw = True
325.1078 	EXP 	unnamed Polygon: autoDraw = True
325.1121 	EXP 	unnamed Polygon: autoDraw = True
325.1246 	EXP 	unnamed Polygon: autoDraw = True
325.1499 	EXP 	unnamed Polygon: autoDraw = False
326.7958 	EXP 	trial_feedback: text = 'Hit!\n$0.00'
326.7958 	EXP 	trial_feedback: autoDraw = True
328.7912 	EXP 	trial_feedback: autoDraw = False
328.8079 	EXP 	trial_feedback: autoDraw = False
328.8079 	EXP 	exp_feedback: autoDraw = False
335.0338 	EXP 	unnamed Polygon: autoDraw = True
335.0338 	EXP 	unnamed Polygon: autoDraw = True
335.0411 	EXP 	unnamed Polygon: autoDraw = True
335.0443 	EXP 	unnamed Polygon: autoDraw = True
335.0579 	EXP 	unnamed Polygon: autoDraw = True
335.0659 	EXP 	unnamed Polygon: autoDraw = True
335.0684 	EXP 	unnamed Polygon: autoDraw = True
335.0823 	EXP 	unnamed Polygon: autoDraw = True
335.0916 	EXP 	unnamed Polygon: autoDraw = True
335.0946 	EXP 	unnamed Polygon: autoDraw = True
335.1080 	EXP 	unnamed Polygon: autoDraw = True
335.1161 	EXP 	unnamed Polygon: autoDraw = True
335.1193 	EXP 	unnamed Polygon: autoDraw = True
335.1329 	EXP 	unnamed Polygon: autoDraw = True
335.1412 	EXP 	unnamed Polygon: autoDraw = True
335.1446 	EXP 	unnamed Polygon: autoDraw = True
335.1579 	EXP 	unnamed Polygon: autoDraw = True
335.1661 	EXP 	unnamed Polygon: autoDraw = True
335.1697 	EXP 	unnamed Polygon: autoDraw = True
335.1830 	EXP 	unnamed Polygon: autoDraw = True
335.1913 	EXP 	unnamed Polygon: autoDraw = True
335.1956 	EXP 	unnamed Polygon: autoDraw = True
335.2080 	EXP 	unnamed Polygon: autoDraw = True
335.2161 	EXP 	unnamed Polygon: autoDraw = True
335.2207 	EXP 	unnamed Polygon: autoDraw = True
335.2330 	EXP 	unnamed Polygon: autoDraw = True
335.2411 	EXP 	unnamed Polygon: autoDraw = True
335.2461 	EXP 	unnamed Polygon: autoDraw = True
335.2579 	EXP 	unnamed Polygon: autoDraw = True
335.2601 	DATA 	Keypress: 1
335.2658 	EXP 	unnamed Polygon: autoDraw = True
335.2685 	EXP 	unnamed Polygon: autoDraw = True
335.2824 	EXP 	unnamed Polygon: autoDraw = True
335.2906 	EXP 	unnamed Polygon: autoDraw = False
336.8657 	EXP 	trial_feedback: text = 'Hit!\n$0.00'
336.8657 	EXP 	trial_feedback: autoDraw = True
338.8622 	EXP 	trial_feedback: autoDraw = False
338.8662 	EXP 	trial_feedback: autoDraw = False
338.8662 	EXP 	exp_feedback: autoDraw = False
346.7746 	DATA 	Keypress: 1
346.9011 	EXP 	unnamed Polygon: autoDraw = True
346.9011 	EXP 	unnamed Polygon: autoDraw = True
346.9075 	EXP 	unnamed Polygon: autoDraw = True
346.9114 	EXP 	unnamed Polygon: autoDraw = True
346.9243 	EXP 	unnamed Polygon: autoDraw = True
346.9325 	EXP 	unnamed Polygon: autoDraw = True
346.9355 	EXP 	unnamed Polygon: autoDraw = True
346.9493 	EXP 	unnamed Polygon: autoDraw = True
346.9576 	EXP 	unnamed Polygon: autoDraw = True
346.9603 	EXP 	unnamed Polygon: autoDraw = True
346.9743 	EXP 	unnamed Polygon: autoDraw = True
346.9829 	EXP 	unnamed Polygon: autoDraw = True
346.9861 	EXP 	unnamed Polygon: autoDraw = True
347.0021 	EXP 	unnamed Polygon: autoDraw = True
347.0078 	EXP 	unnamed Polygon: autoDraw = True
347.0118 	EXP 	unnamed Polygon: autoDraw = True
347.0243 	EXP 	unnamed Polygon: autoDraw = True
347.0326 	EXP 	unnamed Polygon: autoDraw = True
347.0360 	EXP 	unnamed Polygon: autoDraw = True
347.0502 	EXP 	unnamed Polygon: autoDraw = True
347.0576 	EXP 	unnamed Polygon: autoDraw = True
347.0611 	EXP 	unnamed Polygon: autoDraw = True
347.0750 	EXP 	unnamed Polygon: autoDraw = True
347.0830 	EXP 	unnamed Polygon: autoDraw = True
347.0864 	EXP 	unnamed Polygon: autoDraw = True
347.0998 	EXP 	unnamed Polygon: autoDraw = True
347.1079 	EXP 	unnamed Polygon: autoDraw = True
347.1110 	EXP 	unnamed Polygon: autoDraw = True
347.1253 	EXP 	unnamed Polygon: autoDraw = True
347.1327 	EXP 	unnamed Polygon: autoDraw = True
347.1395 	EXP 	unnamed Polygon: autoDraw = False
348.9081 	EXP 	trial_feedback: height = 0.09
348.9081 	EXP 	trial_feedback: height = 0.09
348.9081 	EXP 	trial_feedback: height = 0.09
348.9081 	EXP 	trial_feedback: text = 'Miss!\n$0.00'
348.9081 	EXP 	trial_feedback: autoDraw = True
350.8829 	EXP 	trial_feedback: autoDraw = False
350.8997 	EXP 	trial_feedback: autoDraw = False
350.8997 	EXP 	exp_feedback: autoDraw = False
357.4171 	EXP 	unnamed Polygon: autoDraw = True
357.4171 	EXP 	unnamed Polygon: autoDraw = True
357.4287 	EXP 	unnamed Polygon: autoDraw = True
357.4370 	EXP 	unnamed Polygon: autoDraw = True
357.4398 	EXP 	unnamed Polygon: autoDraw = True
357.4539 	EXP 	unnamed Polygon: autoDraw = True
357.4620 	EXP 	unnamed Polygon: autoDraw = True
357.4649 	EXP 	unnamed Polygon: autoDraw = True
357.4788 	EXP 	unnamed Polygon: autoDraw = True
357.4870 	EXP 	unnamed Polygon: autoDraw = True
357.4905 	EXP 	unnamed Polygon: autoDraw = True
357.5039 	EXP 	unnamed Polygon: autoDraw = True
357.5119 	EXP 	unnamed Polygon: autoDraw = True
357.5163 	EXP 	unnamed Polygon: autoDraw = True
357.5288 	EXP 	unnamed Polygon: autoDraw = True
357.5370 	EXP 	unnamed Polygon: autoDraw = True
357.5406 	EXP 	unnamed Polygon: autoDraw = True
357.5538 	EXP 	unnamed Polygon: autoDraw = True
357.5621 	EXP 	unnamed Polygon: autoDraw = True
357.5660 	EXP 	unnamed Polygon: autoDraw = True
357.5789 	EXP 	unnamed Polygon: autoDraw = True
357.5870 	EXP 	unnamed Polygon: autoDraw = True
357.5910 	EXP 	unnamed Polygon: autoDraw = True
357.6038 	EXP 	unnamed Polygon: autoDraw = True
357.6120 	EXP 	unnamed Polygon: autoDraw = True
357.6156 	EXP 	unnamed Polygon: autoDraw = True
357.6288 	EXP 	unnamed Polygon: autoDraw = True
357.6371 	EXP 	unnamed Polygon: autoDraw = True
357.6411 	EXP 	unnamed Polygon: autoDraw = True
357.6491 	EXP 	unnamed Polygon: autoDraw = False
357.6656 	DATA 	Keypress: 1
358.9567 	EXP 	trial_feedback: height = 0.09
358.9567 	EXP 	trial_feedback: height = 0.09
358.9567 	EXP 	trial_feedback: height = 0.09
358.9567 	EXP 	trial_feedback: text = 'Miss!\n-$1.50'
358.9567 	EXP 	trial_feedback: autoDraw = True
360.9451 	EXP 	trial_feedback: autoDraw = False
360.9618 	EXP 	trial_feedback: autoDraw = False
360.9618 	EXP 	exp_feedback: autoDraw = False
367.3417 	EXP 	unnamed Polygon: autoDraw = True
367.3417 	EXP 	unnamed Polygon: autoDraw = True
367.3540 	EXP 	unnamed Polygon: autoDraw = True
367.3620 	EXP 	unnamed Polygon: autoDraw = True
367.3653 	EXP 	unnamed Polygon: autoDraw = True
367.3792 	EXP 	unnamed Polygon: autoDraw = True
367.3869 	EXP 	unnamed Polygon: autoDraw = True
367.3910 	EXP 	unnamed Polygon: autoDraw = True
367.4038 	EXP 	unnamed Polygon: autoDraw = True
367.4119 	EXP 	unnamed Polygon: autoDraw = True
367.4163 	EXP 	unnamed Polygon: autoDraw = True
367.4289 	EXP 	unnamed Polygon: autoDraw = True
367.4370 	EXP 	unnamed Polygon: autoDraw = True
367.4405 	EXP 	unnamed Polygon: autoDraw = True
367.4537 	EXP 	unnamed Polygon: autoDraw = True
367.4620 	EXP 	unnamed Polygon: autoDraw = True
367.4656 	EXP 	unnamed Polygon: autoDraw = True
367.4789 	EXP 	unnamed Polygon: autoDraw = True
367.4870 	EXP 	unnamed Polygon: autoDraw = True
367.4916 	EXP 	unnamed Polygon: autoDraw = True
367.5038 	EXP 	unnamed Polygon: autoDraw = True
367.5123 	EXP 	unnamed Polygon: autoDraw = True
367.5162 	EXP 	unnamed Polygon: autoDraw = True
367.5288 	EXP 	unnamed Polygon: autoDraw = True
367.5371 	EXP 	unnamed Polygon: autoDraw = True
367.5408 	EXP 	unnamed Polygon: autoDraw = True
367.5539 	EXP 	unnamed Polygon: autoDraw = True
367.5617 	EXP 	unnamed Polygon: autoDraw = False
367.5904 	DATA 	Keypress: 1
368.9709 	EXP 	trial_feedback: text = 'Miss!\n-$1.50'
368.9709 	EXP 	trial_feedback: autoDraw = True
370.9703 	EXP 	trial_feedback: autoDraw = False
370.9740 	EXP 	trial_feedback: autoDraw = False
370.9740 	EXP 	exp_feedback: autoDraw = False
376.7824 	DATA 	Keypress: 1
377.0752 	EXP 	unnamed Polygon: autoDraw = True
377.0752 	EXP 	unnamed Polygon: autoDraw = True
377.0871 	EXP 	unnamed Polygon: autoDraw = True
377.0953 	EXP 	unnamed Polygon: autoDraw = True
377.0981 	EXP 	unnamed Polygon: autoDraw = True
377.1029 	EXP 	unnamed Polygon: autoDraw = True
377.1162 	EXP 	unnamed Polygon: autoDraw = True
377.1202 	EXP 	unnamed Polygon: autoDraw = True
377.1371 	EXP 	unnamed Polygon: autoDraw = True
377.1410 	EXP 	unnamed Polygon: autoDraw = True
377.1453 	EXP 	unnamed Polygon: autoDraw = True
377.1578 	EXP 	unnamed Polygon: autoDraw = True
377.1661 	EXP 	unnamed Polygon: autoDraw = True
377.1704 	EXP 	unnamed Polygon: autoDraw = True
377.1829 	EXP 	unnamed Polygon: autoDraw = True
377.1911 	EXP 	unnamed Polygon: autoDraw = True
377.1945 	EXP 	unnamed Polygon: autoDraw = True
377.2081 	EXP 	unnamed Polygon: autoDraw = True
377.2161 	EXP 	unnamed Polygon: autoDraw = True
377.2196 	EXP 	unnamed Polygon: autoDraw = True
377.2330 	EXP 	unnamed Polygon: autoDraw = True
377.2412 	EXP 	unnamed Polygon: autoDraw = True
377.2448 	EXP 	unnamed Polygon: autoDraw = True
377.2579 	EXP 	unnamed Polygon: autoDraw = True
377.2661 	EXP 	unnamed Polygon: autoDraw = True
377.2694 	EXP 	unnamed Polygon: autoDraw = True
377.2829 	EXP 	unnamed Polygon: autoDraw = True
377.2910 	EXP 	unnamed Polygon: autoDraw = True
377.2945 	EXP 	unnamed Polygon: autoDraw = True
377.3078 	EXP 	unnamed Polygon: autoDraw = True
377.3161 	EXP 	unnamed Polygon: autoDraw = True
377.3195 	EXP 	unnamed Polygon: autoDraw = True
377.3281 	EXP 	unnamed Polygon: autoDraw = False
378.9877 	EXP 	trial_feedback: height = 0.09
378.9877 	EXP 	trial_feedback: height = 0.09
378.9877 	EXP 	trial_feedback: height = 0.09
378.9877 	EXP 	trial_feedback: text = 'Miss!\n$0.00'
378.9877 	EXP 	trial_feedback: autoDraw = True
380.9747 	EXP 	trial_feedback: autoDraw = False
380.9914 	EXP 	trial_feedback: autoDraw = False
380.9914 	EXP 	exp_feedback: autoDraw = False
386.6825 	DATA 	Keypress: 1
387.5048 	EXP 	unnamed Polygon: autoDraw = True
387.5048 	EXP 	unnamed Polygon: autoDraw = True
387.5120 	EXP 	unnamed Polygon: autoDraw = True
387.5152 	EXP 	unnamed Polygon: autoDraw = True
387.5285 	EXP 	unnamed Polygon: autoDraw = True
387.5368 	EXP 	unnamed Polygon: autoDraw = True
387.5396 	EXP 	unnamed Polygon: autoDraw = True
387.5539 	EXP 	unnamed Polygon: autoDraw = True
387.5619 	EXP 	unnamed Polygon: autoDraw = True
387.5649 	EXP 	unnamed Polygon: autoDraw = True
387.5789 	EXP 	unnamed Polygon: autoDraw = True
387.5869 	EXP 	unnamed Polygon: autoDraw = True
387.5901 	EXP 	unnamed Polygon: autoDraw = True
387.6040 	EXP 	unnamed Polygon: autoDraw = True
387.6121 	EXP 	unnamed Polygon: autoDraw = True
387.6154 	EXP 	unnamed Polygon: autoDraw = True
387.6288 	EXP 	unnamed Polygon: autoDraw = True
387.6370 	EXP 	unnamed Polygon: autoDraw = True
387.6404 	EXP 	unnamed Polygon: autoDraw = True
387.6539 	EXP 	unnamed Polygon: autoDraw = True
387.6620 	EXP 	unnamed Polygon: autoDraw = True
387.6667 	EXP 	unnamed Polygon: autoDraw = True
387.6792 	EXP 	unnamed Polygon: autoDraw = True
387.6871 	EXP 	unnamed Polygon: autoDraw = True
387.6915 	EXP 	unnamed Polygon: autoDraw = True
387.7039 	EXP 	unnamed Polygon: autoDraw = True
387.7121 	EXP 	unnamed Polygon: autoDraw = True
387.7159 	EXP 	unnamed Polygon: autoDraw = True
387.7289 	EXP 	unnamed Polygon: autoDraw = True
387.7369 	EXP 	unnamed Polygon: autoDraw = False
388.9966 	EXP 	trial_feedback: height = 0.09
388.9966 	EXP 	trial_feedback: height = 0.09
388.9966 	EXP 	trial_feedback: height = 0.09
388.9966 	EXP 	trial_feedback: text = 'Miss!\n-$1.50'
388.9966 	EXP 	trial_feedback: autoDraw = True
390.9870 	EXP 	trial_feedback: autoDraw = False
391.0038 	EXP 	trial_feedback: autoDraw = False
391.0038 	EXP 	exp_feedback: autoDraw = False
401.0704 	EXP 	unnamed Polygon: autoDraw = True
401.0704 	EXP 	unnamed Polygon: autoDraw = True
401.0785 	EXP 	unnamed Polygon: autoDraw = True
401.0812 	EXP 	unnamed Polygon: autoDraw = True
401.0952 	EXP 	unnamed Polygon: autoDraw = True
401.1035 	EXP 	unnamed Polygon: autoDraw = True
401.1057 	EXP 	unnamed Polygon: autoDraw = True
401.1205 	EXP 	unnamed Polygon: autoDraw = True
401.1291 	EXP 	unnamed Polygon: autoDraw = True
401.1315 	EXP 	unnamed Polygon: autoDraw = True
401.1457 	EXP 	unnamed Polygon: autoDraw = True
401.1541 	EXP 	unnamed Polygon: autoDraw = True
401.1567 	EXP 	unnamed Polygon: autoDraw = True
401.1704 	EXP 	unnamed Polygon: autoDraw = True
401.1788 	EXP 	unnamed Polygon: autoDraw = True
401.1831 	EXP 	unnamed Polygon: autoDraw = True
401.1957 	EXP 	unnamed Polygon: autoDraw = True
401.2037 	EXP 	unnamed Polygon: autoDraw = True
401.2065 	EXP 	unnamed Polygon: autoDraw = True
401.2205 	EXP 	unnamed Polygon: autoDraw = True
401.2226 	DATA 	Keypress: 1
401.2285 	EXP 	unnamed Polygon: autoDraw = True
401.2314 	EXP 	unnamed Polygon: autoDraw = True
401.2452 	EXP 	unnamed Polygon: autoDraw = True
401.2538 	EXP 	unnamed Polygon: autoDraw = True
401.2567 	EXP 	unnamed Polygon: autoDraw = True
401.2710 	EXP 	unnamed Polygon: autoDraw = True
401.2790 	EXP 	unnamed Polygon: autoDraw = True
401.2820 	EXP 	unnamed Polygon: autoDraw = True
401.2955 	EXP 	unnamed Polygon: autoDraw = True
401.3036 	EXP 	unnamed Polygon: autoDraw = True
401.3063 	EXP 	unnamed Polygon: autoDraw = True
401.3210 	EXP 	unnamed Polygon: autoDraw = True
401.3286 	EXP 	unnamed Polygon: autoDraw = True
401.3320 	EXP 	unnamed Polygon: autoDraw = True
401.3455 	EXP 	unnamed Polygon: autoDraw = True
401.3531 	EXP 	unnamed Polygon: autoDraw = False
403.1580 	EXP 	trial_feedback: height = 0.09
403.1580 	EXP 	trial_feedback: height = 0.09
403.1580 	EXP 	trial_feedback: height = 0.09
403.1580 	EXP 	trial_feedback: text = 'Hit!\n+$1.50'
403.1580 	EXP 	trial_feedback: autoDraw = True
405.1454 	EXP 	trial_feedback: autoDraw = False
405.1622 	EXP 	trial_feedback: autoDraw = False
405.1622 	EXP 	exp_feedback: autoDraw = False
414.7991 	DATA 	Keypress: 1
415.2187 	EXP 	unnamed Polygon: autoDraw = True
415.2187 	EXP 	unnamed Polygon: autoDraw = True
415.2229 	EXP 	unnamed Polygon: autoDraw = True
415.2368 	EXP 	unnamed Polygon: autoDraw = True
415.2450 	EXP 	unnamed Polygon: autoDraw = True
415.2475 	EXP 	unnamed Polygon: autoDraw = True
415.2628 	EXP 	unnamed Polygon: autoDraw = True
415.2702 	EXP 	unnamed Polygon: autoDraw = True
415.2731 	EXP 	unnamed Polygon: autoDraw = True
415.2868 	EXP 	unnamed Polygon: autoDraw = True
415.2967 	EXP 	unnamed Polygon: autoDraw = True
415.3123 	EXP 	unnamed Polygon: autoDraw = True
415.3204 	EXP 	unnamed Polygon: autoDraw = True
415.3239 	EXP 	unnamed Polygon: autoDraw = True
415.3372 	EXP 	unnamed Polygon: autoDraw = True
415.3453 	EXP 	unnamed Polygon: autoDraw = True
415.3487 	EXP 	unnamed Polygon: autoDraw = True
415.3622 	EXP 	unnamed Polygon: autoDraw = True
415.3705 	EXP 	unnamed Polygon: autoDraw = True
415.3748 	EXP 	unnamed Polygon: autoDraw = True
415.3873 	EXP 	unnamed Polygon: autoDraw = True
415.3954 	EXP 	unnamed Polygon: autoDraw = True
415.3998 	EXP 	unnamed Polygon: autoDraw = True
415.4122 	EXP 	unnamed Polygon: autoDraw = True
415.4204 	EXP 	unnamed Polygon: autoDraw = True
415.4248 	EXP 	unnamed Polygon: autoDraw = True
415.4372 	EXP 	unnamed Polygon: autoDraw = True
415.4453 	EXP 	unnamed Polygon: autoDraw = True
415.4496 	EXP 	unnamed Polygon: autoDraw = True
415.4622 	EXP 	unnamed Polygon: autoDraw = True
415.4703 	EXP 	unnamed Polygon: autoDraw = True
415.4744 	EXP 	unnamed Polygon: autoDraw = True
415.4872 	EXP 	unnamed Polygon: autoDraw = True
415.4954 	EXP 	unnamed Polygon: autoDraw = True
415.4990 	EXP 	unnamed Polygon: autoDraw = True
415.5122 	EXP 	unnamed Polygon: autoDraw = True
415.5203 	EXP 	unnamed Polygon: autoDraw = False
417.1819 	EXP 	trial_feedback: height = 0.09
417.1819 	EXP 	trial_feedback: height = 0.09
417.1819 	EXP 	trial_feedback: height = 0.09
417.1819 	EXP 	trial_feedback: text = 'Miss!\n$0.00'
417.1819 	EXP 	trial_feedback: autoDraw = True
419.1705 	EXP 	trial_feedback: autoDraw = False
419.1830 	EXP 	trial_feedback: autoDraw = False
419.1830 	EXP 	exp_feedback: autoDraw = False
424.4985 	DATA 	Keypress: 1
425.2170 	EXP 	unnamed Polygon: autoDraw = True
425.2170 	EXP 	unnamed Polygon: autoDraw = True
425.2286 	EXP 	unnamed Polygon: autoDraw = True
425.2369 	EXP 	unnamed Polygon: autoDraw = True
425.2399 	EXP 	unnamed Polygon: autoDraw = True
425.2478 	EXP 	unnamed Polygon: autoDraw = True
425.2572 	EXP 	unnamed Polygon: autoDraw = True
425.2702 	EXP 	unnamed Polygon: autoDraw = True
425.2785 	EXP 	unnamed Polygon: autoDraw = True
425.2806 	EXP 	unnamed Polygon: autoDraw = True
425.2961 	EXP 	unnamed Polygon: autoDraw = True
425.3035 	EXP 	unnamed Polygon: autoDraw = True
425.3061 	EXP 	unnamed Polygon: autoDraw = True
425.3213 	EXP 	unnamed Polygon: autoDraw = True
425.3287 	EXP 	unnamed Polygon: autoDraw = True
425.3322 	EXP 	unnamed Polygon: autoDraw = True
425.3462 	EXP 	unnamed Polygon: autoDraw = True
425.3536 	EXP 	unnamed Polygon: autoDraw = True
425.3571 	EXP 	unnamed Polygon: autoDraw = True
425.3705 	EXP 	unnamed Polygon: autoDraw = True
425.3786 	EXP 	unnamed Polygon: autoDraw = True
425.3819 	EXP 	unnamed Polygon: autoDraw = True
425.3955 	EXP 	unnamed Polygon: autoDraw = True
425.4038 	EXP 	unnamed Polygon: autoDraw = True
425.4081 	EXP 	unnamed Polygon: autoDraw = True
425.4205 	EXP 	unnamed Polygon: autoDraw = True
425.4238 	DATA 	Keypress: 1
425.4280 	EXP 	unnamed Polygon: autoDraw = True
425.4315 	EXP 	unnamed Polygon: autoDraw = True
425.4461 	EXP 	unnamed Polygon: autoDraw = True
425.4539 	EXP 	unnamed Polygon: autoDraw = True
425.4570 	EXP 	unnamed Polygon: autoDraw = True
425.4710 	EXP 	unnamed Polygon: autoDraw = True
425.4784 	EXP 	unnamed Polygon: autoDraw = False
427.2623 	EXP 	trial_feedback: text = 'Miss!\n$0.00'
427.2623 	EXP 	trial_feedback: autoDraw = True
429.2621 	EXP 	trial_feedback: autoDraw = False
429.2660 	EXP 	trial_feedback: autoDraw = False
429.2660 	EXP 	exp_feedback: autoDraw = False
438.5160 	DATA 	Keypress: 1
439.4270 	EXP 	unnamed Polygon: autoDraw = True
439.4270 	EXP 	unnamed Polygon: autoDraw = True
439.4315 	EXP 	unnamed Polygon: autoDraw = True
439.4452 	EXP 	unnamed Polygon: autoDraw = True
439.4546 	EXP 	unnamed Polygon: autoDraw = True
439.4711 	EXP 	unnamed Polygon: autoDraw = True
439.4789 	EXP 	unnamed Polygon: autoDraw = True
439.4813 	EXP 	unnamed Polygon: autoDraw = True
439.4952 	EXP 	unnamed Polygon: autoDraw = True
439.5044 	EXP 	unnamed Polygon: autoDraw = True
439.5071 	EXP 	unnamed Polygon: autoDraw = True
439.5211 	EXP 	unnamed Polygon: autoDraw = True
439.5292 	EXP 	unnamed Polygon: autoDraw = True
439.5311 	EXP 	unnamed Polygon: autoDraw = True
439.5461 	EXP 	unnamed Polygon: autoDraw = True
439.5535 	EXP 	unnamed Polygon: autoDraw = True
439.5559 	EXP 	unnamed Polygon: autoDraw = True
439.5711 	EXP 	unnamed Polygon: autoDraw = True
439.5793 	EXP 	unnamed Polygon: autoDraw = True
439.5814 	EXP 	unnamed Polygon: autoDraw = True
439.5954 	EXP 	unnamed Polygon: autoDraw = True
439.5994 	DATA 	Keypress: 1
439.6030 	EXP 	unnamed Polygon: autoDraw = True
439.6062 	EXP 	unnamed Polygon: autoDraw = True
439.6203 	EXP 	unnamed Polygon: autoDraw = True
439.6284 	EXP 	unnamed Polygon: autoDraw = True
439.6308 	EXP 	unnamed Polygon: autoDraw = True
439.6452 	EXP 	unnamed Polygon: autoDraw = True
439.6549 	EXP 	unnamed Polygon: autoDraw = True
439.6714 	EXP 	unnamed Polygon: autoDraw = True
439.6781 	EXP 	unnamed Polygon: autoDraw = False
441.3957 	EXP 	trial_feedback: height = 0.09
441.3957 	EXP 	trial_feedback: height = 0.09
441.3957 	EXP 	trial_feedback: height = 0.09
441.3957 	EXP 	trial_feedback: text = 'Miss!\n-$5.00'
441.3957 	EXP 	trial_feedback: autoDraw = True
443.3707 	EXP 	trial_feedback: autoDraw = False
443.3747 	EXP 	trial_feedback: autoDraw = False
443.3747 	EXP 	exp_feedback: autoDraw = False
451.5801 	DATA 	Keypress: 1
451.6156 	EXP 	unnamed Polygon: autoDraw = True
451.6156 	EXP 	unnamed Polygon: autoDraw = True
451.6285 	EXP 	unnamed Polygon: autoDraw = True
451.6368 	EXP 	unnamed Polygon: autoDraw = True
451.6399 	EXP 	unnamed Polygon: autoDraw = True
451.6535 	EXP 	unnamed Polygon: autoDraw = True
451.6618 	EXP 	unnamed Polygon: autoDraw = True
451.6647 	EXP 	unnamed Polygon: autoDraw = True
451.6785 	EXP 	unnamed Polygon: autoDraw = True
451.6884 	EXP 	unnamed Polygon: autoDraw = True
451.6918 	EXP 	unnamed Polygon: autoDraw = True
451.7046 	EXP 	unnamed Polygon: autoDraw = True
451.7126 	EXP 	unnamed Polygon: autoDraw = True
451.7152 	EXP 	unnamed Polygon: autoDraw = True
451.7298 	EXP 	unnamed Polygon: autoDraw = True
451.7369 	EXP 	unnamed Polygon: autoDraw = True
451.7406 	EXP 	unnamed Polygon: autoDraw = True
451.7545 	EXP 	unnamed Polygon: autoDraw = True
451.7626 	EXP 	unnamed Polygon: autoDraw = True
451.7653 	EXP 	unnamed Polygon: autoDraw = True
451.7797 	EXP 	unnamed Polygon: autoDraw = True
451.7868 	EXP 	unnamed Polygon: autoDraw = True
451.7901 	EXP 	unnamed Polygon: autoDraw = True
451.8035 	EXP 	unnamed Polygon: autoDraw = True
451.8130 	EXP 	unnamed Polygon: autoDraw = True
451.8154 	EXP 	unnamed Polygon: autoDraw = True
451.8285 	EXP 	unnamed Polygon: autoDraw = True
451.8302 	DATA 	Keypress: 1
451.8368 	EXP 	unnamed Polygon: autoDraw = True
451.8400 	EXP 	unnamed Polygon: autoDraw = True
451.8537 	EXP 	unnamed Polygon: autoDraw = True
451.8618 	EXP 	unnamed Polygon: autoDraw = True
451.8653 	EXP 	unnamed Polygon: autoDraw = False
452.2323 	DATA 	Keypress: 1
453.4486 	EXP 	trial_feedback: height = 0.09
453.4486 	EXP 	trial_feedback: height = 0.09
453.4486 	EXP 	trial_feedback: height = 0.09
453.4486 	EXP 	trial_feedback: text = 'Miss!\n-$1.50'
453.4486 	EXP 	trial_feedback: autoDraw = True
454.9915 	DATA 	Keypress: 1
455.4454 	EXP 	trial_feedback: autoDraw = False
455.4493 	EXP 	trial_feedback: autoDraw = False
455.4493 	EXP 	exp_feedback: autoDraw = False
458.3238 	DATA 	Keypress: escape
458.3244 	WARNING 	Escape pressed, exiting early!
458.3245 	WARNING 	Total earnings: -14.5
